iso_o,country,year,GDP_pc,employment,lfp,hci,undernourishment,mortality,primary_enroll,secondary_enroll,tertiary_enroll,maternal_death_risk,mmr,DPT_immunization,population_growth,nourishment,infant_survival,maternal_survival,literacy_rate,gini,region,electoral_dem_index,government_effec_index,political_corruption_index,gii,lfp_f,parliament_seat_f,hdi,life_exp,mean_schooling,coef_human_inequality,inequality_edu,inequality_income,inequality_le,idealpoint,session
AFG,Afghanistan,2000,308.318,42.885,37.344,,,110.1,,,,10.166,1900.0,24.0,1.212,,88.99,-90.0,,,,,,,,,,,,,,,,,-0.6501927,55.0
AFG,Afghanistan,2001,277.118,42.817,37.259,,45.8,107.0,,,,9.43,,33.0,0.762,54.2,89.3,,,,,,,,,,,,,,,,,,-0.8711521,56.0
AFG,Afghanistan,2002,338.14,42.846,37.215,,43.5,103.8,,,,8.726,,36.0,5.252,56.5,89.62,,,,,,,,,,,,,,,,,,-0.6843409,57.0
AFG,Afghanistan,2003,346.072,42.85,37.213,,38.7,100.6,,,1.374,8.285,,41.0,6.145,61.3,89.94,,,,,,,,,,,,,,,,,,-0.8554319,58.0
AFG,Afghanistan,2004,338.637,42.881,37.26,,34.6,97.2,,,1.391,7.969,,50.0,3.576,65.4,90.28,,,,,,,,,,,,,,,,,,-0.7468017,59.0
AFG,Afghanistan,2005,363.64,42.866,37.354,,30.6,93.7,,,,7.322,,58.0,3.519,69.4,90.63,,,,,,,,,,,,,,,,,,-0.8227382,60.0
AFG,Afghanistan,2006,367.758,42.893,37.49,,26.6,90.1,,,,6.922,,58.0,4.093,73.4,90.99,,,,,,,,,,,,,,,,,,-0.3832843,61.0
AFG,Afghanistan,2007,410.758,42.966,37.674,,22.7,86.7,,26.56,,6.625,,63.0,1.893,77.3,91.33,,,,,,,,,,,,,,,,,,-0.5820513,62.0
AFG,Afghanistan,2008,417.647,43.004,37.892,,19.7,83.3,,,,5.928,,64.0,2.187,80.3,91.67,,,,,,,,0.69,43.79,25.872,0.446,59.708,1.743,,,,,-0.6729501,63.0
AFG,Afghanistan,2009,488.831,43.097,38.122,,17.6,80.0,,,3.938,5.663,,63.0,3.646,82.4,92.0,,,,,,,,0.696,36.85,25.926,0.458,60.248,1.816,,,,,-0.7258732,64.0
AFG,Afghanistan,2010,542.871,43.159,38.356,,17.7,76.9,,,,5.38,,66.0,2.935,82.3,92.31,,,,,,,,0.704,29.9,27.635,0.465,60.702,1.89,35.846,44.823,28.638,34.075,-0.8528496,65.0
AFG,Afghanistan,2011,525.427,43.213,38.576,,18.6,74.0,,,3.687,4.928,,68.0,3.692,81.4,92.6,,31.0,,,0.358,-1.474,0.958,0.716,22.96,27.635,0.474,61.25,1.937,35.562,44.823,28.638,33.224,-0.6806129,66.0
AFG,Afghanistan,2012,568.929,43.258,38.789,,19.7,71.3,,,,4.701,,67.0,4.048,80.3,92.87,,,,,,,,0.731,16.02,27.635,0.484,61.735,1.984,34.842,44.823,27.406,32.298,-0.8073142,67.0
AFG,Afghanistan,2013,580.604,43.301,38.889,,19.4,68.7,,46.191,,4.445,,64.0,3.418,80.6,93.13,,,,,,,,0.708,20.9,27.635,0.492,62.188,2.031,34.616,44.823,27.406,31.618,-0.8148747,68.0
AFG,Afghanistan,2014,575.146,43.368,38.99,,19.3,66.4,,46.058,8.398,4.211,,62.0,3.633,80.7,93.36,,,,,,,,0.687,25.78,27.635,0.497,62.26,2.077,34.468,44.823,27.406,31.174,-0.8797969,69.0
AFG,Afghanistan,2015,565.57,42.906,39.09,,19.9,64.2,,45.433,,4.076,,64.0,3.12,80.1,93.58,,33.75384,,,0.353,-1.396,0.904,0.683,24.25,27.445,0.496,62.27,2.124,34.562,45.365,27.406,30.916,-0.8046697,70.0
AFG,Afghanistan,2016,563.872,42.457,39.19,,20.4,62.3,,46.658,,3.776,,66.0,2.536,79.6,93.77,,,,,,,,0.682,22.71,27.445,0.495,62.646,2.269,34.311,45.365,27.406,30.163,-0.6814403,71.0
AFG,Afghanistan,2017,562.77,42.014,39.29,,21.3,60.4,,48.443,,3.47,,64.0,2.808,78.7,93.96,,,,,,,,0.679,21.17,27.445,0.496,62.406,2.413,34.537,45.365,29.225,29.02,-0.9248004,72.0
AFG,Afghanistan,2018,553.125,40.466,39.386,,22.6,58.6,,50.141,9.996,3.246,,68.0,2.911,77.4,94.14,,,,,,,,0.677,19.61,27.445,0.498,62.443,2.557,34.333,45.365,29.225,28.41,-0.9563029,73.0
AFG,Afghanistan,2019,557.862,38.913,39.439,,25.1,56.9,,,,3.043,,65.0,2.984,74.9,94.31,,,,,,,,0.676,18.05,27.244,0.507,62.941,2.701,34.222,45.365,29.225,28.075,-0.6050895,74.0
AFG,Afghanistan,2020,527.835,36.71,33.983,90.391,27.5,55.3,,,10.854,3.136,,61.0,3.154,72.5,94.47,,,,,,,,0.674,16.5,27.215,0.501,61.454,2.846,34.0,45.365,29.225,27.408,,
ALB,Albania,1990,1682.881,,58.3,,,27.2,,,8.012,0.097,,94.0,1.799,,97.28,,,,,,,,,,,,,,,,,,-0.8380346,45.0
ALB,Albania,1991,1218.964,61.273,67.062,,,26.0,,,8.638,0.089,,78.0,-0.603,,97.4,,,,,,,,,,,,,,,,,,1.004268,46.0
ALB,Albania,1992,1138.238,48.547,69.002,,,25.0,,,9.125,0.081,,94.0,-0.606,,97.5,,,,,,,,,,,,,,,,,,1.002396,47.0
ALB,Albania,1993,1254.679,50.736,66.256,,,24.0,,,11.017,0.071,,96.0,-0.61,,97.6,,,,,,,,,,,,,,,,,,0.9246984,48.0
ALB,Albania,1994,1367.221,52.725,63.871,,,23.1,,,10.443,0.066,,99.0,-0.614,,97.69,,,,,,,,,,,,,,,,,,1.073869,49.0
ALB,Albania,1995,1558.966,55.276,60.315,,,22.2,,,10.079,0.06,,97.0,-0.618,,97.78,,,,,,,,,,,,,,,,,,0.9374337,50.0
ALB,Albania,1996,1683.77,54.626,57.869,,,21.3,,,11.026,0.055,,98.0,-0.622,,97.87,,,,,,,,,,,,,,,,,,1.221558,51.0
ALB,Albania,1997,1495.9,53.996,60.745,,,20.5,,,12.808,0.053,,99.0,-0.625,,97.95,,,,,,,,,,,,,,,,,,1.162756,52.0
ALB,Albania,1998,1630.439,50.942,58.344,,,19.6,,,13.631,0.043,,96.0,-0.629,,98.04,,,,,,,,,,,,,,,,,,1.201323,53.0
ALB,Albania,1999,1841.808,49.13,55.097,,,18.7,96.794,,14.77,0.037,,97.0,-0.633,,98.13,,,,,,,,0.307,43.4,5.161,0.671,74.568,8.469,,,,,1.055072,54.0
ALB,Albania,2000,1991.914,49.528,53.296,,,17.9,95.383,66.691,15.387,0.033,,97.0,-0.637,,98.21,,,,,,,,0.291,44.3,5.161,0.682,74.826,8.751,,,,,1.329377,55.0
ALB,Albania,2001,2188.919,48.965,51.196,,4.8,17.0,93.866,68.41,15.482,0.029,,97.0,-0.938,95.2,98.3,,99.0,,,0.44,,0.729,0.237,46.79,5.714,0.691,75.083,8.82,,,,,1.37253,56.0
ALB,Albania,2002,2297.109,48.945,50.117,,5.9,16.1,,,16.39,0.026,,98.0,-0.3,94.1,98.39,,,,,,,,0.262,49.28,5.714,0.697,75.299,8.886,,,,,1.143233,57.0
ALB,Albania,2003,2428.689,48.611,47.175,,7.3,15.3,91.699,,16.366,0.025,,97.0,-0.374,92.7,98.47,,,,,,,,0.278,27.17,5.714,0.705,75.557,8.951,,,,,1.274235,58.0
ALB,Albania,2004,2567.298,48.121,44.247,,8.5,14.4,90.923,,19.13,0.022,,97.0,-0.418,91.5,98.56,,,,,,,,0.266,27.28,6.429,0.71,75.951,9.017,,,,,1.23019,59.0
ALB,Albania,2005,2712.87,47.419,41.354,,8.8,13.5,,,22.389,0.02,,98.0,-0.512,91.2,98.65,,,,,,,,0.26,27.3,7.143,0.723,76.427,9.083,,,,,1.529308,60.0
ALB,Albania,2006,2894.36,46.704,38.513,,8.7,12.7,,,26.21,0.017,,97.0,-0.631,91.3,98.73,,,,,,,,0.252,27.31,7.143,0.732,76.994,9.149,,,,,1.069607,61.0
ALB,Albania,2007,3105.88,45.61,35.744,,8.2,11.9,,,30.232,0.015,,98.0,-0.756,91.8,98.81,,,,,,,,0.253,36.73,7.143,0.742,77.691,9.214,,,,,0.8551519,62.0
ALB,Albania,2008,3345.982,46.245,33.064,,7.3,11.1,86.787,,31.684,0.014,,99.0,-0.767,92.7,98.89,,96.0,0.2998467087745666,Europe,0.552,-0.367,0.756,0.245,45.66,7.143,0.749,78.248,9.28,,,,,0.9777622,63.0
ALB,Albania,2009,3459.247,47.473,34.629,,6.1,10.4,85.341,,32.924,0.014,,98.0,-0.674,93.9,98.96,,,,,,,,0.192,46.13,16.429,0.756,78.509,9.453,,,,,0.7303449,64.0
ALB,Albania,2010,3579.824,47.426,33.604,153.581,5.4,9.7,85.956,,43.328,0.014,,99.0,-0.496,94.6,99.03,,,,,,,,0.192,46.86,16.429,0.769,78.414,9.627,13.419,11.9,19.834,8.522,0.9314152,65.0
ALB,Albania,2011,3677.895,51.857,44.1,,4.9,9.0,86.991,,49.4,0.014,,99.0,-0.269,95.1,99.1,,97.0,,,0.55,-0.202,0.767,0.194,52.49,15.714,0.781,78.303,9.8,13.274,11.9,19.834,8.087,1.022846,66.0
ALB,Albania,2012,3771.848,49.371,36.163,,4.6,8.5,89.532,,58.621,0.015,,99.0,-1.543,95.4,99.15,,97.0,0.2896048426628113,Europe,0.547,-0.269,0.765,0.197,48.84,15.714,0.79,78.084,10.03,13.014,11.9,19.411,7.731,0.986051,67.0
ALB,Albania,2013,3895.9,44.101,27.531,,4.6,8.0,91.906,84.396,63.844,0.016,,99.0,-1.543,95.4,99.2,,,,,,,,0.194,43.95,17.857,0.793,77.995,10.019,12.909,11.9,19.411,7.416,0.9761347,68.0
ALB,Albania,2014,4045.119,43.775,28.934,,4.6,7.8,93.784,86.391,65.551,0.015,,99.0,-1.543,95.4,99.22,,,,,,,,0.19,43.98,20.0,0.797,78.029,10.009,14.636,11.9,24.867,7.143,0.9525911,69.0
ALB,Albania,2015,4199.539,45.955,31.266,168.921,4.5,7.6,94.178,87.388,61.961,0.014,,99.0,-1.543,95.5,99.24,,,,,,,,0.179,47.04,20.714,0.797,78.358,9.998,13.842,11.9,22.723,6.903,0.9787904,70.0
ALB,Albania,2016,4431.556,48.477,31.629,,4.4,7.6,94.057,86.481,58.488,0.012,,99.0,-1.543,95.6,99.24,,,,,,,,0.162,49.73,22.857,0.797,78.643,9.987,14.204,11.9,23.995,6.715,1.042432,71.0
ALB,Albania,2017,4648.231,50.152,31.585,,4.3,7.7,95.539,86.673,58.018,0.011,,99.0,-1.543,95.7,99.23,,98.81623,0.3305566310882568,Europe,0.537,0.099,0.763,0.145,49.57,27.857,0.798,78.9,9.977,14.035,12.333,23.21,6.561,1.076573,72.0
ALB,Albania,2018,4893.824,52.0,35.672,,4.3,7.8,94.53,86.608,56.08,0.01,,99.0,-1.543,95.7,99.22,,,,,,,,0.138,51.32,27.857,0.801,79.238,10.025,13.717,12.333,22.351,6.467,1.111865,73.0
ALB,Albania,2019,5072.436,53.392,36.596,,4.3,8.0,,,61.409,0.01,,99.0,-1.543,95.7,99.2,,,,,,,,0.131,52.87,29.508,0.805,79.467,10.073,13.321,12.333,21.177,6.452,1.179234,74.0
ALB,Albania,2020,4980.617,52.458,35.654,196.012,5.4,8.1,,,61.585,0.009,,98.0,-1.543,94.6,99.19,,,,,,,,0.125,54.46,29.508,0.794,77.824,10.121,12.793,12.333,19.734,6.31,,
DZA,Algeria,1990,3605.687,,41.052,,,39.8,85.87,,10.071,0.848,,89.0,2.479,,96.02,,,,,,,,,,,,,,,,,,-0.9230485,45.0
DZA,Algeria,1991,3478.51,36.384,41.227,,,39.6,87.608,,10.802,0.813,,89.0,2.384,,96.04,,,,,,,,,,,,,,,,,,-1.135616,46.0
DZA,Algeria,1992,3455.929,34.633,41.151,,,39.6,88.707,,10.946,0.783,,88.0,2.435,,96.04,,,,,,,,,,,,,,,,,,-0.8394349,47.0
DZA,Algeria,1993,3302.92,33.778,41.32,,,39.5,88.223,,10.863,0.754,,88.0,2.406,,96.05,,,,,,,,,,,,,,,,,,-0.76815,48.0
DZA,Algeria,1994,3201.569,33.067,41.43,,,39.2,88.169,,10.431,0.727,,87.0,2.213,,96.08,,,,,,,,,,,,,,,,,,-0.9207851,49.0
DZA,Algeria,1995,3255.187,31.082,41.248,,,38.8,88.392,52.544,10.235,0.616,,88.0,2.069,,96.12,,,,,,,,0.673,11.82,3.158,0.608,67.691,4.833,,,,,-0.8889423,50.0
DZA,Algeria,1996,3322.955,32.599,41.076,,,38.2,87.919,53.066,11.604,0.512,,88.0,1.958,,96.18,,,,,,,,0.661,11.82,3.158,0.615,68.219,4.988,,,,,-0.967434,51.0
DZA,Algeria,1997,3297.466,33.601,40.136,,,37.4,87.364,52.932,,0.42,,89.0,1.864,,96.26,,,,,,,,0.643,7.37,3.158,0.624,68.859,5.143,,,,,-0.9245128,52.0
DZA,Algeria,1998,3410.883,32.712,39.186,,,36.6,,,,0.358,,85.0,1.593,,96.34,,,,,,,,0.627,7.13,3.817,0.634,69.327,5.299,,,,,-0.8037876,53.0
DZA,Algeria,1999,3471.492,31.778,38.214,,,35.7,88.622,,13.6,0.323,117.41,83.0,1.389,,96.43,88.259,,,,,,,0.624,6.89,3.817,0.643,70.088,5.454,,,,,-0.9133278,54.0
DZA,Algeria,2000,3553.324,31.094,37.243,,,34.7,89.398,,,0.297,,86.0,1.4,,96.53,,,,,,,,0.61,6.65,4.008,0.651,70.576,5.609,,,,,-1.208519,55.0
DZA,Algeria,2001,3610.006,32.043,36.272,,7.3,33.6,91.257,,15.295,0.267,,89.0,1.373,92.7,96.64,,,,,,,,0.597,7.46,4.008,0.659,71.025,5.683,,,,,-1.277721,56.0
DZA,Algeria,2002,3754.661,32.504,35.304,,6.7,32.4,92.174,,16.975,0.233,,86.0,1.33,93.3,96.76,,70.0,,,0.327,-0.614,0.657,0.564,8.27,6.004,0.669,71.644,5.757,,,,,-1.200872,57.0
DZA,Algeria,2003,3945.898,33.304,34.341,,6.4,31.3,92.406,,18.212,0.234,,87.0,1.33,93.6,96.87,,,,,,,,0.559,9.08,6.004,0.677,71.906,5.832,,,,,-1.035609,58.0
DZA,Algeria,2004,4066.282,35.821,33.385,,6.4,30.1,92.864,,18.871,0.215,,86.0,1.396,93.6,96.99,,,,,,,,0.554,9.89,5.253,0.685,72.536,5.906,,,,,-1.071617,59.0
DZA,Algeria,2005,4223.603,36.729,32.437,,6.1,29.0,93.098,,20.71,0.213,,88.0,1.463,93.9,97.1,,,,,,,,0.552,10.71,5.253,0.692,72.836,5.98,,,,,-0.8866336,60.0
DZA,Algeria,2006,4279.615,37.94,31.499,,5.8,27.9,93.202,,21.346,0.214,,95.0,1.541,94.2,97.21,,73.0,,,0.333,-0.438,0.657,0.546,11.52,5.253,0.698,73.116,6.17,,,,,-1.31281,61.0
DZA,Algeria,2007,4339.251,37.223,30.576,,5.3,26.9,95.249,,23.596,0.219,,95.0,1.669,94.7,97.31,,,,,,,,0.528,12.33,6.476,0.704,73.346,6.23,,,,,-1.238219,62.0
DZA,Algeria,2008,4367.565,38.26,29.67,,5.0,25.9,96.363,,,0.227,,93.0,1.819,95.0,97.41,,75.0,,,0.329,-0.603,0.657,0.521,13.14,6.476,0.711,73.618,6.29,,,,,-1.308692,63.0
DZA,Algeria,2009,4336.101,38.779,28.777,,4.7,25.1,97.442,,30.501,0.229,,95.0,1.916,95.3,97.49,,,,,,,,0.513,13.95,7.048,0.714,73.871,6.053,,,,,-1.221234,64.0
DZA,Algeria,2010,4456.61,39.174,28.375,156.029,4.1,24.4,97.234,,30.734,0.231,,95.0,1.947,95.9,97.56,,,,,,,,0.508,14.16,7.048,0.718,74.144,5.817,,,,15.203,-1.146093,65.0
DZA,Algeria,2011,4501.354,39.006,27.858,,3.7,23.8,97.594,,32.387,0.231,,95.0,1.957,96.3,97.62,,,,,,,,0.496,14.98,7.238,0.718,74.383,5.58,,,,15.062,-1.267447,66.0
DZA,Algeria,2012,4518.44,38.38,27.342,,3.1,23.2,97.314,,33.557,0.242,,95.0,1.993,96.9,97.68,,,,,,,,0.407,15.8,25.828,0.723,74.609,5.76,21.766,33.69,16.809,14.799,-0.9889404,67.0
DZA,Algeria,2013,4543.234,38.663,26.809,,2.9,22.7,,,35.439,0.242,,95.0,2.02,97.1,97.73,,,,,,,,0.403,16.6,25.828,0.727,74.809,5.94,21.687,33.69,16.809,14.562,-0.9828093,68.0
DZA,Algeria,2014,4634.101,38.255,26.259,,2.7,22.3,,,36.043,0.249,,95.0,2.038,97.3,97.77,,,,,,,,0.399,15.58,25.743,0.732,74.992,6.12,21.557,33.69,16.809,14.174,-0.9599086,69.0
DZA,Algeria,2015,4685.059,37.701,25.435,158.491,2.6,21.9,97.548,,38.244,0.247,75.9,95.0,2.056,97.4,97.81,92.41,,,,,,,0.397,16.3,25.743,0.737,75.159,6.3,21.488,33.69,16.809,13.964,-1.257947,70.0
DZA,Algeria,2016,4768.731,38.015,24.807,,2.6,21.6,97.591,,43.904,0.243,,91.0,2.056,97.4,97.84,,,,,,,,0.392,16.94,25.785,0.743,75.31,6.48,21.413,33.69,16.809,13.74,-1.381376,71.0
DZA,Algeria,2017,4742.901,37.246,24.786,,2.5,21.3,97.588,,49.178,0.238,,91.0,2.032,97.5,97.87,,,,,,,,0.397,17.13,21.322,0.746,75.431,6.66,21.338,33.69,16.809,13.517,-0.9843284,72.0
DZA,Algeria,2018,4717.004,37.16,24.765,,2.5,21.0,97.635,,52.882,0.226,,91.0,1.938,97.5,97.9,,,,,,,,0.383,17.34,21.322,0.749,75.555,6.84,21.121,33.283,16.809,13.27,-1.014332,73.0
DZA,Algeria,2019,4672.664,37.011,24.765,,2.5,20.7,,,53.865,0.215,,88.0,1.84,97.5,97.93,,,,,,,,0.385,17.45,21.549,0.753,75.682,7.02,21.033,33.283,16.809,13.008,-0.9998716,74.0
DZA,Algeria,2020,4363.685,32.686,21.716,153.046,2.5,20.4,,,53.375,0.275,,84.0,1.712,97.5,97.96,,,,,,,,0.383,17.53,21.061,0.742,73.257,7.216,20.932,33.283,16.809,12.705,,
ASM,American Samoa,2002,13054.636,,,,,,,,,,,,0.016,,,,,,,,,,,,,,,,,,,,,
ASM,American Samoa,2003,13201.735,,,,,,,,,,,,-0.16,,,,,,,,,,,,,,,,,,,,,
ASM,American Samoa,2004,13291.536,,,,,,,,,,,,-0.269,,,,,,,,,,,,,,,,,,,,,
ASM,American Samoa,2005,13284.279,,,,,,,,,,,,-0.354,,,,,,,,,,,,,,,,,,,,,
ASM,American Samoa,2006,12794.757,,,,,,,,,,,,-0.43,,,,,,,,,,,,,,,,,,,,,
ASM,American Samoa,2007,13092.311,,,,,,,,,,,,-0.464,,,,,,,,,,,,,,,,,,,,,
ASM,American Samoa,2008,12809.463,,,,,,,,,,,,-0.509,,,,,,,,,,,,,,,,,,,,,
ASM,American Samoa,2009,12342.058,,,,,,,,,,,,-0.539,,,,,,,,,,,,,,,,,,,,,
ASM,American Samoa,2010,12446.309,,,,,,,,,,,,-0.542,,,,,,,,,,,,,,,,,,,,,
ASM,American Samoa,2011,12521.81,,,,,,,,,,,,-0.605,,,,,,,,,,,,,,,,,,,,,
ASM,American Samoa,2012,12068.267,,,,,,,,,,,,-0.742,,,,,,,,,,,,,,,,,,,,,
ASM,American Samoa,2013,11871.794,,,,,,,,,,,,-0.89,,,,,,,,,,,,,,,,,,,,,
ASM,American Samoa,2014,12203.089,,,,,,,,,,,,-1.005,,,,,,,,,,,,,,,,,,,,,
ASM,American Samoa,2015,12727.41,,,,,,,,,,,,-1.106,,,,,,,,,,,,,,,,,,,,,
ASM,American Samoa,2016,12665.283,,,,,,,,,,,,-1.204,,,,,,,,,,,,,,,,,,,,,
ASM,American Samoa,2017,11930.777,,,,,,,,,,,,-1.269,,,,,,,,,,,,,,,,,,,,,
ASM,American Samoa,2018,12412.602,,,,,,,,,,,,-1.323,,,,,,,,,,,,,,,,,,,,,
ASM,American Samoa,2019,12524.016,,,,,,,,,,,,-1.383,,,,,,,,,,,,,,,,,,,,,
ASM,American Samoa,2020,13194.275,,,,,,,,,,,,-0.896,,,,,,,,,,,,,,,,,,,,,
AND,Andorra,1990,31143.162,,,,,9.1,,,,0.024,,,3.831,,99.09,,,,,,,,,,,,,,,,,,,
AND,Andorra,1991,29642.32,,,,,8.8,,,,0.025,,,7.453,,99.12,,,,,,,,,,,,,,,,,,,
AND,Andorra,1992,28161.956,,,,,8.6,,,,0.025,,,6.048,,99.14,,,,,,,,,,,,,,,,,,,
AND,Andorra,1993,26518.246,,,,,8.4,,,,0.023,,,4.977,,99.16,,,,,,,,,,,,,,,,,,1.549045,48.0
AND,Andorra,1994,26587.151,,,,,8.2,,,,0.022,,,2.096,,99.18,,,,,,,,,,,,,,,,,,1.255199,49.0
AND,Andorra,1995,27619.519,,,,,7.9,,,,0.022,,,-1.089,,99.21,,,,,,,,,,,,,,,,,,1.096006,50.0
AND,Andorra,1996,28871.23,,,,,7.6,,,,0.022,,,0.113,,99.24,,,,,,,,,,,,,,,,,,1.305192,51.0
AND,Andorra,1997,31140.704,,,,,7.4,,,,0.018,,90.0,1.113,,99.26,,,,,,,,,,,,,,,,,,1.427423,52.0
AND,Andorra,1998,31800.379,,,,,7.1,,,,0.018,,89.0,1.049,,99.29,,,,,,,,,,,,,,,,,,1.180688,53.0
AND,Andorra,1999,32938.659,,,,,6.8,,,,0.019,,90.0,0.5,,99.32,,,,,,,,,,,,,,,,,,1.110983,54.0
AND,Andorra,2000,34113.833,,,,,6.6,,,,0.019,,98.0,-0.038,,99.34,,,,,,,,,,,,,,,,,,1.076209,55.0
AND,Andorra,2001,36790.121,,,,,6.3,,,,0.018,,96.0,0.254,,99.37,,,,,,,,,,,,,,,,,,1.07443,56.0
AND,Andorra,2002,38084.502,,,,,6.1,,,7.311,0.017,,97.0,0.988,,99.39,,,,,,,,,,,,,,,,,,0.9113879,57.0
AND,Andorra,2003,39620.339,,,,,5.8,,,8.829,0.014,,99.0,4.383,,99.42,,,,,,,,,,,,,,,,,,0.9106262,58.0
AND,Andorra,2004,40054.34,,,,,5.6,,,8.75,0.014,,99.0,6.732,,99.44,,,,,,,,,,,,,,,,,,0.9038878,59.0
AND,Andorra,2005,40528.194,,,,,5.4,,,8.415,0.015,,98.0,4.081,,99.46,,,,,,,,,,,,,,,,,,0.8641847,60.0
AND,Andorra,2006,41322.072,,,,,5.1,,,9.894,0.013,,93.0,2.757,,99.49,,,,,,,,,,,,,,,,,,1.067123,61.0
AND,Andorra,2007,40789.178,,,,,4.9,,,,0.014,,96.0,2.839,,99.51,,,,,,,,,,,,,,,,,,0.8936177,62.0
AND,Andorra,2008,37775.144,,,,,4.7,,,10.986,0.014,,99.0,1.957,,99.53,,,,,,,,,,,,,,,,,,0.975883,63.0
AND,Andorra,2009,35604.401,,,,,4.4,,,,0.014,,99.0,0.47,,99.56,,,,,,,,,,,,,,,,,,0.8920383,64.0
AND,Andorra,2010,36277.281,,,,,4.2,,,,0.015,,99.0,-3.867,,99.58,,,,,,,,,,,,,,,,,,0.9348663,65.0
AND,Andorra,2011,37637.505,,,,,4.1,,,,0.013,,99.0,-3.689,,99.59,,,,,,,,,,,,,,,,,,0.8938173,66.0
AND,Andorra,2012,36206.995,,,,,3.9,,,12.87,0.013,,99.0,-1.228,,99.61,,,,,,,,,,,,,,,,,,0.9481221,67.0
AND,Andorra,2013,35684.186,,,,,3.7,,,14.541,0.01,,96.0,-2.158,,99.63,,,,,,,,,,,,,,,,,,0.9010341,68.0
AND,Andorra,2014,37300.642,,,,,3.5,,,13.54,0.01,,97.0,-1.957,,99.65,,,,,,,,,,,,,,,,,,0.963119,69.0
AND,Andorra,2015,38654.953,,,,,3.4,,,13.821,0.011,,97.0,-2.142,,99.66,,,,,,,,,,,,,,,,,,0.9159758,70.0
AND,Andorra,2016,40085.039,,,,,3.2,,,15.201,0.01,,98.0,0.01,,99.68,,,,,,,,,,,,,,,,,,0.942688,71.0
AND,Andorra,2017,39361.081,,,,,3.1,,,15.666,0.01,,99.0,2.168,,99.69,,,,,,,,,,,,,,,,,,0.797743,72.0
AND,Andorra,2018,39242.163,,,,,2.9,,,15.713,0.009,,99.0,1.879,,99.71,,,,,,,,,,,,,,,,,,0.860788,73.0
AND,Andorra,2019,39346.294,,,,,2.8,,,15.435,0.009,,99.0,1.731,,99.72,,,,,,,,,,,,,,,,,,0.7878079,74.0
AND,Andorra,2020,34536.666,,,,,2.7,,,15.261,0.041,,99.0,1.178,,99.73,,,,,,,,,,,,,,,,,,,
AGO,Angola,1990,2675.052,,57.308,,,122.3,,,0.595,5.553,,24.0,3.392,,87.77,,,,,,,,,,,,,,,,,,-1.182792,45.0
AGO,Angola,1991,2612.332,64.307,57.592,,,122.5,,,0.605,5.267,,26.0,3.359,,87.75,,,,,,,,,,,,,,,,,,-1.000884,46.0
AGO,Angola,1992,2380.583,64.226,57.855,,,122.9,,,0.573,5.519,,21.0,3.274,,87.71,,,,,,,,,,,,,,,,,,-0.8960445,47.0
AGO,Angola,1993,1752.723,63.88,58.097,,,123.1,,,,5.362,,30.0,3.196,,87.69,,,,,,,,,,,,,,,,,,-0.7234785,48.0
AGO,Angola,1994,1719.543,63.899,58.303,,,123.3,,,,5.084,,27.0,3.242,,87.67,,,,,,,,,,,,,,,,,,-0.2715189,49.0
AGO,Angola,1995,1912.518,64.271,58.399,,,123.2,,,,4.822,,24.0,3.34,,87.68,,,,,,,,,,,,,,,,,,-0.6194934,50.0
AGO,Angola,1996,2099.35,64.892,58.402,,,122.6,,,,4.637,,28.0,3.382,,87.74,,,,,,,,,,,,,,,,,,-0.680864,51.0
AGO,Angola,1997,2176.878,64.973,58.345,,,121.5,,,,4.42,,41.0,3.396,,87.85,,,,,,,,,,,,,,,,,,-0.6714261,52.0
AGO,Angola,1998,2203.987,64.787,58.244,,,119.8,45.347,,0.614,4.407,,47.0,3.347,,88.02,,,,,,,,,,,,,,,,,,-0.3352677,53.0
AGO,Angola,1999,2179.064,64.579,58.135,,,117.6,,,0.555,4.17,,21.0,3.295,,88.24,,,,,,,,,,,,,,,,,,-0.721085,54.0
AGO,Angola,2000,2172.463,64.484,58.003,,,115.0,,,,3.989,,31.0,3.312,,88.5,,,,,,,,,,,,,,,,,,-0.343301,55.0
AGO,Angola,2001,2189.174,64.451,57.855,,67.8,111.9,,,,3.798,,42.0,3.354,32.2,88.81,,67.0,,,0.155,,0.809,,,,,,,,,,,-0.2678223,56.0
AGO,Angola,2002,2404.978,64.617,57.704,,63.6,108.1,,,0.784,3.629,,47.0,3.407,36.4,89.19,,,,,,,,,,,,,,,,,,-0.6925892,57.0
AGO,Angola,2003,2403.404,64.59,57.555,,57.5,104.0,,,2.876,3.25,,46.0,3.493,42.5,89.6,,,,,,,,,,,,,,,,,,-0.3360916,58.0
AGO,Angola,2004,2583.324,64.677,57.418,,50.6,99.3,,,2.146,3.012,,47.0,3.594,49.4,90.07,,,,,,,,,,,,,,,,,,-0.5126712,59.0
AGO,Angola,2005,2843.397,64.679,57.312,,42.9,94.4,,,2.639,2.788,,47.0,3.646,57.1,90.56,,,,,,,,,,,,,,,,,,-0.4977494,60.0
AGO,Angola,2006,3065.056,64.804,57.239,,36.0,89.1,,,2.56,2.629,,44.0,3.685,64.0,91.09,,,,,,,,,,,,,,,,,,-0.4391352,61.0
AGO,Angola,2007,3336.363,64.842,57.192,,29.8,83.8,,,,2.41,,43.0,3.743,70.2,91.62,,,,,,,,,,,,,,,,,,-0.2874437,62.0
AGO,Angola,2008,3559.195,64.775,57.186,,24.4,78.7,75.374,9.154,,2.23,,45.0,3.778,75.6,92.13,,,,,,,,,,,,,,,,,,-0.5786835,63.0
AGO,Angola,2009,3494.807,64.6,57.212,,19.7,73.7,74.653,9.63,,2.08,,47.0,3.802,80.3,92.63,,,,,,,,,,,,,,,,,,-0.6381627,64.0
AGO,Angola,2010,3540.792,64.438,57.237,,16.2,68.9,75.802,11.291,,1.909,,49.0,3.851,83.8,93.11,,,,,,,,0.556,75.66,38.636,0.528,57.242,3.828,,,46.404,39.838,-0.6932979,65.0
AGO,Angola,2011,3528.168,64.35,57.634,,14.8,64.4,78.024,,6.44,1.773,,50.0,3.888,85.2,93.56,,,,,,,,0.549,85.57,38.182,0.545,58.093,3.869,,,46.404,38.193,-0.6906241,66.0
AGO,Angola,2012,3682.352,64.296,57.232,,14.0,60.4,,,,1.626,,52.0,3.884,86.0,93.96,,,,,,,,0.55,69.39,34.091,0.557,58.916,3.909,,,46.404,36.715,-0.7199454,67.0
AGO,Angola,2013,3716.297,64.119,56.828,,13.5,56.7,,,9.223,1.549,,54.0,3.85,86.5,94.33,,,,,,,,0.551,53.2,34.091,0.567,59.705,3.95,,,46.404,35.525,-0.7389381,68.0
AGO,Angola,2014,3746.816,63.952,56.423,,13.2,53.6,,,,1.507,,55.0,3.733,86.8,94.64,,66.0,,,0.292,-1.056,0.861,0.553,37.02,36.818,0.577,60.396,3.99,,,46.404,34.334,-0.7296353,69.0
AGO,Angola,2015,3641.729,63.638,56.018,102.096,14.2,51.1,,,8.783,1.42,,57.0,3.605,85.8,94.89,,66.23586,,,0.292,-0.928,0.861,0.549,44.22,36.818,0.603,61.042,5.316,37.958,34.171,46.404,33.299,-1.084181,70.0
AGO,Angola,2016,3454.033,63.321,55.612,,15.2,48.9,,,9.783,1.325,,59.0,3.576,84.8,95.11,,,,,,,,0.544,51.42,36.818,0.609,61.619,5.417,37.642,34.171,46.404,32.352,-0.9155285,71.0
AGO,Angola,2017,3328.898,63.045,55.204,,15.4,47.0,,,,1.224,,58.0,3.541,84.6,95.3,,,,,,,,0.547,58.62,30.455,0.61,62.122,5.521,37.353,34.171,46.404,31.485,-0.5886751,72.0
AGO,Angola,2018,3196.79,62.812,54.797,,15.9,45.3,,,,1.145,,67.0,3.453,84.1,95.47,,,,,,,,0.539,65.82,30.455,0.611,62.622,5.627,37.104,34.171,46.404,30.737,-0.6000848,73.0
AGO,Angola,2019,3083.975,62.644,54.388,,18.2,43.8,,,,1.094,,64.0,3.388,81.8,95.62,,,,,,,,0.536,73.03,30.0,0.611,63.051,5.735,40.707,34.171,58.066,29.883,-0.6145431,74.0
AGO,Angola,2020,2864.161,61.078,51.727,120.712,20.8,42.3,,,,1.048,,59.0,3.268,79.2,95.77,,,,,,,,0.533,73.88,30.0,0.61,63.116,5.844,40.473,34.171,58.066,29.181,,
ATG,Antigua and Barbuda,1990,13166.524,,,,,11.1,,,,0.105,,99.0,-0.41,,98.89,,,,,,,,,,,,,,,,,,-0.05777225,45.0
ATG,Antigua and Barbuda,1991,13385.011,,,,,11.4,,,,0.093,,94.0,0.508,,98.86,,,,,,,,,,,,,,,,,,-0.1369033,46.0
ATG,Antigua and Barbuda,1992,13326.273,,,,,11.7,,,,0.091,,99.0,1.592,,98.83,,,,,,,,,,,,,,,,,,-0.1787148,47.0
ATG,Antigua and Barbuda,1993,13776.826,,,,,12.1,,,,0.086,,99.0,1.82,,98.79,,,,,,,,,,,,,,,,,,-0.1164742,48.0
ATG,Antigua and Barbuda,1994,14420.469,,,,,12.3,,,,0.083,,99.0,1.897,,98.77,,,,,,,,,,,,,,,,,,-0.143539,49.0
ATG,Antigua and Barbuda,1995,13519.529,,,,,12.6,,,,0.086,0.0,99.0,1.994,,98.74,100.0,,,,,,,,,,,,,,,,,0.2657992,50.0
ATG,Antigua and Barbuda,1996,14117.868,,,,,12.7,,,,0.086,0.0,99.0,2.065,,98.73,100.0,,,,,,,,,,,,,,,,,-0.1541222,51.0
ATG,Antigua and Barbuda,1997,14588.308,,,,,12.7,,,,0.082,,99.0,2.049,,98.73,,,,,,,,,,,,,,,,,,-0.310223,52.0
ATG,Antigua and Barbuda,1998,14991.78,,,,,12.6,,,,0.07,0.0,99.0,1.895,,98.74,100.0,,,,,,,,,,,,,,,,,-0.3823566,53.0
ATG,Antigua and Barbuda,1999,15282.973,,,,,12.4,,,,0.067,0.0,99.0,1.717,,98.76,100.0,,,,,,,,,,,,,,,,,-0.4737151,54.0
ATG,Antigua and Barbuda,2000,15961.092,,,,,12.2,,70.693,,0.08,,95.0,1.677,,98.78,,,,,,,,,,,,,,,,,,-0.6207323,55.0
ATG,Antigua and Barbuda,2001,15003.439,,,,,11.9,,,,0.069,,97.0,1.533,,98.81,,99.0,,,,,,,,,,,,,,,,-0.7353673,56.0
ATG,Antigua and Barbuda,2002,14968.07,,,,,11.6,,,,0.066,,98.0,1.258,,98.84,,,,,,,,,,,,,,,,,,-0.4495151,57.0
ATG,Antigua and Barbuda,2003,15703.935,,,,,11.3,,,,0.059,,99.0,1.1,,98.87,,,,,,,,,,,,,,,,,,-0.5386446,58.0
ATG,Antigua and Barbuda,2004,16433.413,,,,,11.0,,,,0.058,0.0,97.0,1.066,,98.9,100.0,,,,,,,,,,,,,,,,,-0.4458223,59.0
ATG,Antigua and Barbuda,2005,17301.213,,,,,10.8,,,,0.054,0.0,99.0,1.127,,98.92,100.0,,,,,,,,,,,,,,,,,-0.5941437,60.0
ATG,Antigua and Barbuda,2006,19259.649,,,,,10.5,,,,0.052,0.0,99.0,1.24,,98.95,100.0,,,,,,,,,,,,,,,,,-0.5787251,61.0
ATG,Antigua and Barbuda,2007,20770.269,,,,,10.2,97.356,,,0.054,,99.0,1.355,,98.98,,,,,,,,,,,,,,,,,,-0.6053744,62.0
ATG,Antigua and Barbuda,2008,20464.786,,,,,10.0,96.646,,,0.057,0.0,99.0,1.468,,99.0,100.0,,,,,,,,,,,,,,,,,-0.5220365,63.0
ATG,Antigua and Barbuda,2009,17746.701,,,,,9.7,95.563,92.487,14.893,0.057,,99.0,1.509,,99.03,,,,,,,,,,,,,,,,,,-0.4858501,64.0
ATG,Antigua and Barbuda,2010,16135.397,,,,,9.5,95.102,,16.695,0.049,,98.0,1.353,,99.05,,,,,,,,,,,,,,,,,,-0.5698028,65.0
ATG,Antigua and Barbuda,2011,15633.909,,,,,9.3,95.538,,15.106,0.047,0.0,99.0,1.179,,99.07,100.0,,,,,,,,,,,,,,,,,-0.5599641,66.0
ATG,Antigua and Barbuda,2012,15989.39,,,,,9.1,94.109,,25.116,0.044,0.0,98.0,1.069,,99.09,100.0,,,,,,,,,,,,,,,,,-0.5667605,67.0
ATG,Antigua and Barbuda,2013,15748.195,,,,,8.9,,,,0.043,0.0,99.0,0.917,,99.11,100.0,,,,,,,,,,,,,,,,,-0.6511031,68.0
ATG,Antigua and Barbuda,2014,15967.285,,,,,8.8,91.889,83.364,,0.042,0.0,99.0,0.793,,99.12,100.0,,,,,,,,,,,,,,,,,-0.6836069,69.0
ATG,Antigua and Barbuda,2015,16077.634,,,,,8.6,94.165,86.001,,0.04,173.0,99.0,0.723,,99.14,82.7,,,,,,,,,,,,,,,,,-0.5599048,70.0
ATG,Antigua and Barbuda,2016,16635.895,,,,,8.4,,,,0.035,0.0,92.0,0.624,,99.16,100.0,,,,,,,,,,,,,,,,,-0.5154441,71.0
ATG,Antigua and Barbuda,2017,16992.933,,,,,8.3,94.194,87.74,,0.04,0.0,95.0,0.553,,99.17,100.0,,,,,,,,,,,,,,,,,-0.4843233,72.0
ATG,Antigua and Barbuda,2018,18042.16,,,,,8.2,95.695,88.79,,0.037,,95.0,0.505,,99.18,,,,,,,,,,,,,,,,,,-0.2288551,73.0
ATG,Antigua and Barbuda,2019,18525.259,,,,,8.0,,,,0.041,,99.0,0.481,,99.2,,,,,,,,,,,,,,,,,,-0.5670338,74.0
ATG,Antigua and Barbuda,2020,14950.894,,,191.815,,7.8,,,,0.048,0.0,96.0,0.526,,99.22,100.0,,,,,,,,,,,,,,,,,,
ARG,Argentina,1990,8115.094,,48.262,,,24.8,,,,0.194,,87.0,1.492,,97.52,,,,,,,,0.489,29.11,22.796,0.733,71.615,8.123,,,,,-0.4667145,45.0
ARG,Argentina,1991,8729.823,56.707,47.963,,,24.5,96.176,,38.33,0.189,,80.0,1.438,,97.55,,96.0,,,0.829,,0.629,0.452,39.6,22.796,0.739,72.02,8.19,,,,,0.8480273,46.0
ARG,Argentina,1992,9293.187,56.855,47.706,,,23.8,,,,0.182,,81.0,1.384,,97.62,,,,,,,,0.45,35.2,22.796,0.743,72.096,8.258,,,,,0.8353381,47.0
ARG,Argentina,1993,9920.674,55.284,47.437,,,22.9,,,,0.172,,81.0,1.354,,97.71,,,,,,,,0.442,37.9,22.796,0.748,72.303,8.326,,,,,0.8712077,48.0
ARG,Argentina,1994,10359.893,54.716,47.257,,,22.0,,,37.39,0.17,,82.0,1.34,,97.8,,,,,,,,0.444,36.8,22.796,0.753,72.732,8.394,,,,,0.9277739,49.0
ARG,Argentina,1995,9934.108,49.947,47.428,,,20.9,,,,0.162,44.0,85.0,1.31,,97.91,95.6,,,,,,,0.442,41.33,22.796,0.754,72.864,8.462,,,,,1.499396,50.0
ARG,Argentina,1996,10352.14,51.392,47.257,,,19.9,,,,0.154,46.9,83.0,1.257,,98.01,95.31,,,,,,,0.429,44.5,22.796,0.76,73.056,8.53,,,,,0.7122028,51.0
ARG,Argentina,1997,11056.688,53.474,46.986,,,18.9,100.0,,,0.152,38.3,88.0,1.215,,98.11,96.17,,,,,,,0.429,44.5,22.796,0.768,73.407,8.598,,,,,0.574825,52.0
ARG,Argentina,1998,11348.202,55.104,46.878,,,18.1,99.316,74.409,47.986,0.143,38.1,84.0,1.176,,98.19,96.19,,,,,,,0.425,45.5,22.796,0.772,73.412,8.666,,,,,0.3692465,53.0
ARG,Argentina,1999,10838.32,53.755,47.065,,,17.3,99.165,76.266,49.511,0.143,41.1,86.0,1.153,,98.27,95.89,,,,,,,0.421,46.8,22.796,0.783,73.683,8.734,,,,,0.386894,54.0
ARG,Argentina,2000,10631.65,52.968,47.144,,,16.7,98.929,78.488,54.084,0.142,34.9,83.0,1.133,,98.33,96.51,,,,,,,0.426,44.11,21.277,0.789,73.91,8.802,,,,,0.3258871,55.0
ARG,Argentina,2001,10051.945,50.973,47.374,,3.0,16.2,99.003,78.95,58.47,0.145,43.5,83.0,1.098,97.0,98.38,95.65,97.0,,,0.835,,0.46,0.425,43.2,21.277,0.795,74.154,8.87,,,,,0.326717,56.0
ARG,Argentina,2002,8861.562,48.366,47.894,,3.7,15.8,98.959,78.811,61.723,0.141,46.1,93.0,1.069,96.3,98.42,95.39,,,,,,,0.396,45.6,31.307,0.795,74.312,9.395,,,,,0.35083,57.0
ARG,Argentina,2003,9545.532,51.661,47.587,,4.3,15.4,98.874,78.514,64.03,0.143,43.6,96.0,1.033,95.7,98.46,95.64,,,,,,,0.397,48.97,31.307,0.804,74.307,9.92,,,,,0.2907241,58.0
ARG,Argentina,2004,10302.447,53.567,47.273,,3.9,14.9,98.579,78.537,64.589,0.136,40.1,98.0,1.014,96.1,98.51,95.99,,,,,,,0.39,50.31,33.639,0.808,74.871,10.01,,,,,0.1767017,59.0
ARG,Argentina,2005,11099.751,54.434,45.255,,3.6,14.4,98.814,77.935,63.489,0.134,39.2,98.0,1.027,96.4,98.56,96.08,,,,,,,0.375,49.48,37.386,0.812,75.231,10.1,,,,,0.1655031,60.0
ARG,Argentina,2006,11870.279,55.567,45.505,,3.3,14.0,98.854,77.809,66.944,0.138,47.8,91.0,1.028,96.7,98.6,95.22,,,,,,,0.375,50.1,36.778,0.822,75.279,10.19,,,,,0.08503169,61.0
ARG,Argentina,2007,12811.902,55.937,44.022,,3.2,13.6,99.14,77.685,66.667,0.141,43.7,91.0,0.991,96.8,98.64,95.63,,,,,,,0.374,48.9,39.755,0.825,74.783,10.3,,,,,0.04683636,62.0
ARG,Argentina,2008,13197.357,55.692,42.549,,3.2,13.2,99.133,78.653,68.561,0.139,39.7,93.0,1.013,96.8,98.68,96.03,,,,,,,0.373,48.42,39.755,0.833,75.428,10.41,,,,,0.06740707,63.0
ARG,Argentina,2009,12285.378,55.526,42.375,,3.4,12.8,99.097,80.565,70.693,0.143,55.0,94.0,1.06,96.6,98.72,94.5,,,,,,,0.37,49.13,37.805,0.835,75.577,10.54,,,,,-0.042263,64.0
ARG,Argentina,2010,13387.155,55.544,41.047,183.599,3.7,12.4,98.732,82.099,73.804,0.127,43.8,94.0,1.056,96.3,98.76,95.62,,,,,,,0.37,48.05,37.805,0.844,75.68,10.6,13.901,6.914,24.918,9.871,0.02869836,65.0
ARG,Argentina,2011,14040.619,56.297,40.912,,3.7,11.9,98.917,83.523,77.01,0.112,39.8,91.0,1.065,96.3,98.81,96.02,,,,,,,0.364,48.24,37.69,0.852,76.1,10.7,13.639,6.831,24.416,9.668,-0.05484361,66.0
ARG,Argentina,2012,13754.425,56.005,40.511,,3.6,11.4,99.051,85.894,78.147,0.109,34.9,91.0,1.028,96.4,98.86,96.51,,,,,,,0.353,48.38,37.69,0.85,75.802,10.79,12.803,6.431,22.493,9.486,-0.1049896,67.0
ARG,Argentina,2013,13946.095,55.705,40.085,,3.2,10.9,99.113,87.098,78.568,0.105,32.5,94.0,0.993,96.8,98.91,96.75,,,,,,,0.352,47.96,37.082,0.852,75.829,10.89,12.708,6.513,22.407,9.203,-0.1284686,68.0
ARG,Argentina,2014,13456.132,55.123,38.585,,2.9,10.4,99.445,87.632,81.073,0.099,37.3,94.0,1.032,97.1,98.96,96.27,,,,,,,0.347,47.71,37.082,0.855,76.268,10.91,12.632,6.192,22.719,8.985,-0.1539602,69.0
ARG,Argentina,2015,13679.626,54.744,38.707,186.483,2.9,10.0,99.496,88.44,83.756,0.087,38.7,94.0,1.047,97.1,99.0,96.13,,,,,,,0.338,47.81,37.082,0.859,76.6,10.92,12.589,6.331,22.719,8.718,-0.1640691,70.0
ARG,Argentina,2016,13265.886,54.247,38.828,,3.2,9.7,99.102,89.885,86.674,0.084,33.7,92.0,0.969,96.8,99.03,96.63,,,,,,,0.333,47.91,37.082,0.857,76.105,10.93,12.552,6.152,22.96,8.545,-0.1283548,71.0
ARG,Argentina,2017,13520.113,53.899,38.951,,3.5,9.4,99.184,90.796,89.33,0.079,28.7,88.0,0.881,96.5,99.06,97.13,,,,,,,0.321,48.01,38.906,0.861,76.543,11.015,12.364,6.208,22.518,8.365,-0.1010567,72.0
ARG,Argentina,2018,13058.329,54.101,39.404,,3.7,9.2,,,91.085,0.075,37.5,86.0,0.823,96.3,99.08,96.25,,,,,,,0.301,49.52,39.514,0.861,76.77,11.1,12.493,5.952,23.33,8.198,-0.01580158,73.0
ARG,Argentina,2019,12706.398,54.355,39.003,,3.6,8.9,,,95.193,0.064,30.1,83.0,0.711,96.4,99.11,96.99,,,,,,,0.283,50.3,39.877,0.861,76.847,11.12,12.482,5.787,23.666,7.992,-0.07608085,74.0
ARG,Argentina,2020,11393.051,49.602,33.091,194.669,3.5,8.7,,,99.37,0.059,41.4,74.0,0.485,96.5,99.13,95.86,,,,,,,0.285,46.81,40.729,0.851,75.878,11.14,12.38,5.694,23.68,7.765,,
ARM,Armenia,1990,1644.022,,45.59,,,45.5,,,22.024,0.136,,,3.117,,95.45,,,,,,,,,,,,,,,,,,,
ARM,Armenia,1991,1426.828,64.672,45.608,,,43.5,,,23.578,0.129,,,1.726,,95.65,,,,,,,,,,,,,,,,,,0.3714436,46.0
ARM,Armenia,1992,840.205,64.367,45.631,,,41.5,,,22.934,0.132,,85.0,-1.172,,95.85,,,,,,,,,,,,,,,,,,0.3663063,47.0
ARM,Armenia,1993,792.568,61.603,45.649,,,39.6,,,22.564,0.113,,85.0,-3.375,,96.04,,,,,,,,,,,,,,,,,,0.6101111,48.0
ARM,Armenia,1994,857.394,60.227,45.645,,,37.8,,,19.163,0.101,,86.0,-2.603,,96.22,,,,,,,,,,,,,,,,,,0.6911055,49.0
ARM,Armenia,1995,932.358,59.627,45.629,,,35.9,,,19.506,0.095,,98.0,-1.709,,96.41,,,,,,,,0.468,61.51,6.316,0.631,68.813,10.133,,,,,0.7292818,50.0
ARM,Armenia,1996,995.728,57.479,45.625,,,34.2,,,16.689,0.091,,86.0,-0.876,,96.58,,,,,,,,0.465,61.51,6.316,0.635,69.198,10.205,,,,,0.7094179,51.0
ARM,Armenia,1997,1039.08,56.088,45.627,,,32.5,,,21.864,0.08,,88.0,-0.995,,96.75,,,,,,,,0.447,54.32,6.316,0.644,69.592,10.276,,,,,0.8405943,52.0
ARM,Armenia,1998,1128.099,56.637,45.593,,,30.9,,,31.583,0.07,,82.0,-1.174,,96.91,,,,,,,,0.439,47.97,6.316,0.655,70.005,10.348,,,,,0.539925,53.0
ARM,Armenia,1999,1180.453,55.315,45.536,,,29.3,,,32.285,0.056,,91.0,-1.29,,97.07,,,,,,,,0.47,41.63,3.053,0.661,70.418,10.42,,,,,0.3670586,54.0
ARM,Armenia,2000,1229.215,55.238,45.484,,,27.8,,,32.531,0.053,,93.0,1.685,,97.22,,,,,,,,0.452,35.28,3.053,0.667,70.812,10.492,,,,,0.2504417,55.0
ARM,Armenia,2001,1351.121,55.082,45.457,,28.6,26.4,,,31.341,0.049,,94.0,-0.289,71.4,97.36,,99.0,0.3536435961723327,Asia,0.417,,0.865,0.447,36.3,3.053,0.672,71.174,10.49,,,,,0.2441685,56.0
ARM,Armenia,2002,1535.205,54.849,45.457,,26.9,25.0,84.489,,33.962,0.047,,94.0,-0.374,73.1,97.5,,,,,,,,0.446,37.31,3.053,0.682,71.486,10.56,,,,,0.2701772,57.0
ARM,Armenia,2003,1759.647,54.636,45.458,,23.5,23.7,82.676,,35.066,0.048,,94.0,-0.542,76.5,97.63,,,,,,,,0.414,38.33,4.58,0.692,71.734,10.63,,,,,0.2815539,58.0
ARM,Armenia,2004,1955.223,54.455,45.458,,18.4,22.5,,,35.836,0.048,,91.0,-0.555,81.6,97.75,,,,,,,,0.406,39.35,5.344,0.7,71.926,10.7,,,,,0.235841,59.0
ARM,Armenia,2005,2240.093,54.336,45.458,,14.8,21.3,81.052,86.533,37.709,0.046,,90.0,-0.586,85.2,97.87,,,,,,,,0.397,40.36,5.344,0.711,72.082,10.77,,,,,0.1562714,60.0
ARM,Armenia,2006,2551.435,54.305,45.46,,10.9,20.1,83.449,88.927,41.59,0.045,,87.0,-0.615,89.1,97.99,,,,,,,,0.399,41.38,5.344,0.725,72.219,10.84,,,,,0.06358332,61.0
ARM,Armenia,2007,2919.373,54.415,45.462,,7.7,19.1,87.875,91.635,44.456,0.045,,88.0,-0.632,92.3,98.09,,,,,,,,0.357,42.4,9.16,0.739,72.359,10.91,,,,,0.0360965,62.0
ARM,Armenia,2008,3141.332,50.108,44.232,,5.1,18.1,,86.109,46.524,0.045,,89.0,-0.655,94.9,98.19,,,,,,,,0.348,48.62,8.397,0.743,72.519,10.98,,,,,0.05378523,63.0
ARM,Armenia,2009,2716.974,49.952,46.81,,3.2,17.2,,92.321,49.09,0.045,,93.0,-0.686,96.8,98.28,,,,,,,,0.346,51.0,9.16,0.741,72.714,11.05,,,,,0.08811201,64.0
ARM,Armenia,2010,2796.081,49.862,46.268,,2.5,16.4,,92.51,50.584,0.044,,94.0,-0.694,97.5,98.36,,,,,,,,0.352,52.2,9.16,0.747,72.938,11.12,10.381,3.685,16.322,11.137,0.08245448,65.0
ARM,Armenia,2011,2943.837,50.142,45.355,,2.5,15.6,95.154,87.741,51.295,0.044,,95.0,-0.557,97.5,98.44,,100.0,0.2935294508934021,Asia,0.334,-0.115,0.852,0.351,53.43,8.397,0.752,73.185,11.19,10.127,3.685,15.976,10.719,0.07806513,66.0
ARM,Armenia,2012,3159.759,50.772,44.166,,2.5,14.8,96.412,,44.486,0.044,,95.0,-0.126,97.5,98.52,,,,,,,,0.326,53.95,10.687,0.761,73.44,11.285,10.08,3.685,16.227,10.327,0.1178574,67.0
ARM,Armenia,2013,3266.299,51.339,43.655,,2.5,14.1,95.003,,44.835,0.044,,95.0,-0.069,97.5,98.59,,,,,,,,0.314,53.88,10.687,0.766,73.713,11.38,10.218,3.685,17.037,9.932,0.05270522,68.0
ARM,Armenia,2014,3393.093,50.761,43.084,,2.5,13.4,93.767,,47.715,0.043,,93.0,-0.272,97.5,98.66,,,,,,,,0.309,55.17,10.687,0.772,73.98,11.475,10.298,3.685,17.652,9.557,0.07816032,69.0
ARM,Armenia,2015,3512.394,50.3,42.59,189.904,2.5,12.8,92.695,,48.731,0.041,,94.0,-0.306,97.5,98.72,,,,,,,,0.301,54.17,10.687,0.777,74.229,11.57,10.178,2.935,18.388,9.211,0.1507185,70.0
ARM,Armenia,2016,3533.885,50.783,42.56,,2.5,12.2,92.24,,54.343,0.039,,94.0,-0.41,97.5,98.78,,100.0,0.3254794776439667,Asia,0.349,-0.312,0.845,0.296,52.37,10.687,0.783,74.494,11.69,10.105,2.935,18.53,8.851,0.1827492,71.0
ARM,Armenia,2017,3815.375,50.581,41.449,,2.5,11.7,91.946,,55.507,0.036,,94.0,-0.432,97.5,98.83,,100.0,0.336218386888504,Asia,0.382,-0.251,0.812,0.254,52.76,18.095,0.785,74.744,11.19,10.105,2.935,18.952,8.427,0.160938,72.0
ARM,Armenia,2018,4027.834,49.697,40.688,,2.5,11.2,90.723,,57.459,0.035,,92.0,-0.35,97.5,98.88,,,,,,,,0.242,59.44,18.095,0.789,74.978,11.237,10.291,2.935,19.828,8.111,0.191972,73.0
ARM,Armenia,2019,4343.458,48.002,38.642,,2.5,10.7,,,53.594,0.035,,92.0,-0.219,97.5,98.93,,,,,,,,0.216,55.9,23.485,0.796,75.193,11.283,9.086,2.935,16.52,7.804,0.1698894,74.0
ARM,Armenia,2020,4032.09,50.125,38.775,216.286,2.5,10.2,,,52.333,0.064,,91.0,-0.034,97.5,98.98,,100.0,0.2513160407543182,Asia,0.779,-0.305,0.303,0.207,59.91,23.485,0.761,68.89,11.33,8.843,2.935,13.188,10.407,,
ABW,Aruba,1990,24763.654,,,,,,,,,,,,3.751,,,,,,,,,,,,,,,,,,,,,
ABW,Aruba,1991,25460.363,,,,,,,,,,,,4.887,,,,,,,,,,,,,,,,,,,,,
ABW,Aruba,1992,25743.446,,,,,,,,,,,,4.61,,,,,,,,,,,,,,,,,,,,,
ABW,Aruba,1993,25870.153,,,,,,,,,,,,6.562,,,,,,,,,,,,,,,,,,,,,
ABW,Aruba,1994,26581.977,,,,,,,,,,,,5.17,,,,,,,,,,,,,,,,,,,,,
ABW,Aruba,1995,26504.186,,,,,,,,,,,,2.808,,,,,,,,,,,,,,,,,,,,,
ABW,Aruba,1996,25779.598,,,,,,,,,,,,3.951,,,,,,,,,,,,,,,,,,,,,
ABW,Aruba,1997,26547.417,,,,,,,,,,,,3.875,,,,,,,,,,,,,,,,,,,,,
ABW,Aruba,1998,26418.088,,,,,,,,,,,,2.461,,,,,,,,,,,,,,,,,,,,,
ABW,Aruba,1999,26384.811,,,,,,97.829,77.815,25.634,,0.0,,1.356,,,100.0,,,,,,,,,,,,,,,,,,
ABW,Aruba,2000,28104.895,,,,,,98.086,76.832,28.33,,0.0,,1.031,,,100.0,97.0,,,,,,,,,,,,,,,,,
ABW,Aruba,2001,29007.739,,,,,,94.539,72.413,28.86,,0.0,,0.935,,,100.0,,,,,,,,,,,,,,,,,,
ABW,Aruba,2002,28535.464,,,,,,95.318,76.808,28.582,,0.0,,0.692,,,100.0,,,,,,,,,,,,,,,,,,
ABW,Aruba,2003,28525.808,,,,,,93.931,72.36,30.378,,0.0,,1.138,,,100.0,,,,,,,,,,,,,,,,,,
ABW,Aruba,2004,29959.775,,,,,,94.635,73.445,30.353,,83.8,,2.135,,,91.62,,,,,,,,,,,,,,,,,,
ABW,Aruba,2005,29081.707,,,,,,97.805,75.125,36.204,,0.0,,2.591,,,100.0,,,,,,,,,,,,,,,,,,
ABW,Aruba,2006,28885.912,,,,,,98.638,,34.227,,0.0,,1.797,,,100.0,,,,,,,,,,,,,,,,,,
ABW,Aruba,2007,29556.838,,,,,,98.861,80.528,34.897,,0.0,,0.747,,,100.0,,,,,,,,,,,,,,,,,,
ABW,Aruba,2008,29870.665,,,,,,99.058,74.482,35.097,,0.0,,0.763,,,100.0,,,,,,,,,,,,,,,,,,
ABW,Aruba,2009,26204.06,,,,,,95.892,77.724,34.431,,0.0,,0.678,,,100.0,,,,,,,,,,,,,,,,,,
ABW,Aruba,2010,25429.218,,,,,,98.92,,36.063,,0.0,,0.23,,,100.0,97.0,,,,,,,,,,,,,,,,,
ABW,Aruba,2011,26093.054,,,,,,,76.946,37.865,,160.9,,0.737,,,83.91,,,,,,,,,,,,,,,,,,
ABW,Aruba,2012,25444.734,,,,,,,,38.864,,0.0,,1.47,,,100.0,,,,,,,,,,,,,,,,,,
ABW,Aruba,2013,26680.141,,,,,,,,17.126,,0.0,,1.492,,,100.0,,,,,,,,,,,,,,,,,,
ABW,Aruba,2014,26773.823,,,,,,99.235,,17.752,,0.0,,1.066,,,100.0,,,,,,,,,,,,,,,,,,
ABW,Aruba,2015,27458.22,,,,,,,,16.731,,0.0,,1.024,,,100.0,,,,,,,,,,,,,,,,,,
ABW,Aruba,2016,27587.25,,,,,,,,17.142,,158.9,,0.758,,,84.11,,,,,,,,,,,,,,,,,,
ABW,Aruba,2017,28548.89,,,,,,,,,,83.2,,0.007,,,91.68,,,,,,,,,,,,,,,,,,
ABW,Aruba,2018,29419.209,,,,,,,,,,0.0,,0.159,,,100.0,,,,,,,,,,,,,,,,,,
ABW,Aruba,2019,29699.181,,,,,,,,,,0.0,,0.271,,,100.0,,,,,,,,,,,,,,,,,,
ABW,Aruba,2020,22729.89,,,,,,,,,,,,-0.566,,,,,,,,,,,,,,,,,,,,,
AUS,Australia,1990,36975.42,,72.124,,,7.6,97.974,,,0.016,,95.0,1.48,,99.24,,,,,,,,0.188,52.25,20.536,0.867,77.041,11.225,,,,,1.003118,45.0
AUS,Australia,1991,36366.696,57.218,69.675,,,7.1,97.389,,,0.016,,93.0,1.275,,99.29,,,,,,,,0.187,51.99,20.536,0.868,77.481,11.247,,,,,1.153275,46.0
AUS,Australia,1992,36117.545,56.24,69.402,,,6.7,97.156,,,0.016,,91.0,1.12,,99.33,,,,,,,,0.187,51.96,20.536,0.868,77.473,11.269,,,,,1.143964,47.0
AUS,Australia,1993,37246.004,55.787,68.742,,,6.3,96.739,87.304,,0.015,,90.0,0.89,,99.37,,,,,,,,0.183,51.72,20.536,0.872,78.006,11.292,,,,,0.8413013,48.0
AUS,Australia,1994,38356.769,56.943,70.588,,,6.0,96.434,87.276,,0.015,,88.0,0.963,,99.4,,,,,,,,0.181,52.61,20.536,0.873,77.852,11.314,,,,,0.9787957,49.0
AUS,Australia,1995,39407.565,58.283,71.65,,,5.8,94.996,87.427,,0.014,,86.0,1.114,,99.42,,,,,,,,0.178,53.61,20.536,0.882,78.257,11.336,,,,,1.302343,50.0
AUS,Australia,1996,40437.094,58.233,71.675,,,5.6,95.401,89.09,,0.013,,86.0,1.214,,99.44,,,,,,,,0.177,53.8,20.536,0.884,78.344,11.326,,,,,0.8443162,51.0
AUS,Australia,1997,41569.165,57.967,70.074,,,5.4,94.984,,,0.013,,77.0,1.082,,99.46,,,,,,,,0.174,53.6,20.536,0.887,78.626,11.316,,,,,0.9375139,52.0
AUS,Australia,1998,43081.72,58.281,69.881,,,5.3,94.756,,,0.012,,82.0,0.997,,99.47,,,,,,,,0.171,53.65,20.536,0.891,79.02,11.306,,,,,1.018113,53.0
AUS,Australia,1999,44755.66,58.582,69.934,,,5.2,94.435,,,0.011,,88.0,1.094,,99.48,,,,,,,,0.158,53.64,24.664,0.893,79.277,11.296,,,,,0.9263673,54.0
AUS,Australia,2000,45979.077,59.303,70.19,,,5.1,94.398,,,0.01,,90.0,1.144,,99.49,,,,,,,,0.153,54.52,25.0,0.897,79.621,11.285,,,,,0.9228434,55.0
AUS,Australia,2001,46314.624,59.164,70.678,,2.5,5.0,93.857,,,0.009,,92.0,1.284,97.5,99.5,,,,,,,,0.152,55.07,25.0,0.9,80.006,11.342,,,,,1.073645,56.0
AUS,Australia,2002,47599.408,59.459,69.982,,2.5,4.9,93.859,,,0.009,,92.0,1.138,97.5,99.51,,,,,,,,0.146,55.27,26.549,0.902,80.052,11.398,,,,,1.213395,57.0
AUS,Australia,2003,48509.663,59.935,70.227,,2.5,4.9,94.853,,,0.008,,93.0,1.15,97.5,99.51,,,,,,,,0.141,55.94,26.549,0.906,80.44,11.454,,,,,1.243435,58.0
AUS,Australia,2004,50018.59,60.144,70.144,,2.5,4.8,95.226,,,0.008,,92.0,1.069,97.5,99.52,,,,,,,,0.137,55.71,28.319,0.91,80.733,11.51,,,,,1.43152,59.0
AUS,Australia,2005,50972.641,61.26,70.815,,2.5,4.8,95.507,,,0.008,,92.0,1.217,97.5,99.52,,,,,,,,0.137,56.99,28.319,0.914,81.092,11.55,,,,,1.44674,60.0
AUS,Australia,2006,51682.893,61.747,70.807,,2.5,4.7,95.638,,,0.008,,92.0,1.349,97.5,99.53,,,,,,,,0.135,57.55,28.319,0.917,81.258,11.64,,,,,1.596844,61.0
AUS,Australia,2007,52671.326,62.415,70.764,,2.5,4.5,96.418,,,0.009,,92.0,1.825,97.5,99.55,,,,,,,,0.136,58.1,29.646,0.919,81.232,11.71,,,,,1.396527,62.0
AUS,Australia,2008,53497.275,62.783,70.752,,2.5,4.4,96.54,,,0.009,,92.0,2.004,97.5,99.56,,,,,,,,0.14,58.56,29.646,0.924,81.427,11.94,,,,,1.441677,63.0
AUS,Australia,2009,53430.527,61.856,69.106,,2.5,4.2,96.681,,,0.009,,92.0,2.061,97.5,99.58,,,,,,,,0.137,58.77,30.088,0.927,81.728,11.99,,,,,1.266906,64.0
AUS,Australia,2010,53768.35,62.066,68.431,258.427,2.5,4.0,96.988,,,0.009,,92.0,1.556,97.5,99.6,,,,,,,,0.137,58.64,28.319,0.929,82.013,12.03,9.599,5.93,18.793,4.074,1.316942,65.0
AUS,Australia,2011,54296.232,62.184,68.142,,2.5,3.8,97.57,,,0.01,,92.0,1.39,97.5,99.62,,,,,,,,0.132,58.89,29.204,0.933,82.091,12.12,9.539,5.93,18.793,3.896,1.285516,66.0
AUS,Australia,2012,55465.446,61.836,67.522,,2.5,3.6,97.881,,,0.01,,92.0,1.746,97.5,99.64,,,,,,,,0.131,58.79,29.204,0.938,82.297,12.3,9.449,5.93,18.793,3.624,1.337682,67.0
AUS,Australia,2013,55966.151,61.343,66.824,,2.5,3.5,97.389,,,0.01,,91.0,1.721,97.5,99.65,,,,,,,,0.122,58.71,31.111,0.935,82.551,12.02,9.5,5.93,18.793,3.778,1.372586,68.0
AUS,Australia,2014,56571.806,60.849,66.563,,2.5,3.4,97.04,,,0.01,,92.0,1.492,97.5,99.66,,,,,,,,0.116,58.67,30.088,0.937,82.518,12.17,9.059,5.114,18.445,3.618,1.43135,69.0
AUS,Australia,2015,56970.361,61.135,67.266,262.479,2.5,3.3,96.982,93.238,119.679,0.01,,93.0,1.439,97.5,99.67,,,,,,,,0.109,59.12,30.531,0.938,82.605,12.25,9.022,5.114,18.445,3.507,1.240165,70.0
AUS,Australia,2016,57633.0,61.242,66.788,,2.5,3.2,96.65,92.77,119.683,0.01,,94.0,1.562,97.5,99.68,,,,,,,,0.101,59.35,31.416,0.939,82.801,12.35,8.575,4.502,17.778,3.445,1.285554,71.0
AUS,Australia,2017,57991.771,61.599,66.896,,2.5,3.2,96.381,92.284,109.993,0.009,,95.0,1.647,97.5,99.68,,,,,,,,0.094,59.86,32.743,0.94,82.718,12.32,8.628,4.502,17.778,3.603,1.246109,72.0
AUS,Australia,2018,58772.706,62.286,67.649,,2.5,3.2,,,103.322,0.009,,95.0,1.496,97.5,99.68,,,,,,,,0.091,60.52,32.743,0.945,83.258,12.46,8.749,4.306,18.49,3.453,1.508994,73.0
AUS,Australia,2019,59181.3,62.689,67.692,,2.5,3.2,,,109.76,0.008,,95.0,1.477,97.5,99.68,,,,,,,,0.079,60.97,36.564,0.947,83.241,12.56,8.777,4.306,18.49,3.537,1.453818,74.0
AUS,Australia,2020,58377.767,60.87,65.532,264.645,2.5,3.2,,,110.139,0.008,,95.0,1.233,97.5,99.68,,,,,,,,0.072,60.21,36.726,0.95,83.664,12.64,8.739,4.306,18.49,3.422,,
AUT,Austria,1990,31167.186,,63.264,,,8.0,,,,0.017,,90.0,0.762,,99.2,,,,,,,,0.195,43.03,24.696,0.832,75.739,10.2,,,,,0.8842456,45.0
AUT,Austria,1991,31919.557,54.168,63.572,,,7.5,,,,0.017,,90.0,0.998,,99.25,,,,,,,,0.198,43.53,24.696,0.835,75.792,10.29,,,,,1.054925,46.0
AUT,Austria,1992,32231.122,54.896,64.297,,,7.1,,,,0.015,,90.0,1.101,,99.29,,,,,,,,0.195,44.83,24.696,0.841,75.992,10.381,,,,,1.132504,47.0
AUT,Austria,1993,32134.83,54.759,61.644,,,6.6,,,,0.015,,90.0,0.825,,99.34,,,,,,,,0.19,45.3,24.696,0.845,76.225,10.471,,,,,1.140166,48.0
AUT,Austria,1994,32780.342,56.619,62.32,,,6.1,,,,0.014,,90.0,0.385,,99.39,,,,,,,,0.174,48.65,24.696,0.851,76.541,10.562,,,,,1.154515,49.0
AUT,Austria,1995,33603.428,56.326,61.782,,,5.7,,,,0.012,,90.0,0.153,,99.43,,,,,,,,0.163,49.37,24.696,0.856,76.775,10.653,,,,,1.100963,50.0
AUT,Austria,1996,34301.656,55.309,59.678,,,5.3,,,,0.011,,90.0,0.135,,99.47,,,,,,,,0.156,48.81,24.696,0.861,77.026,10.744,,,,,1.114221,51.0
AUT,Austria,1997,34998.032,55.097,58.471,,,5.0,,,,0.009,,90.0,0.113,,99.5,,,,,,,,0.148,48.7,24.696,0.865,77.428,10.834,,,,,1.282366,52.0
AUT,Austria,1998,36180.749,55.202,58.623,,,4.8,,,,0.008,,82.0,0.11,,99.52,,,,,,,,0.143,49.33,24.696,0.87,77.782,10.925,,,,,1.158523,53.0
AUT,Austria,1999,37468.87,55.823,58.475,,,4.6,90.24,88.474,,0.008,,74.0,0.195,,99.54,,,,,,,,0.141,49.51,24.696,0.874,77.955,11.016,,,,,1.034461,54.0
AUT,Austria,2000,38571.086,55.69,56.195,,,4.5,91.25,88.428,,0.008,,81.0,0.24,,99.55,,,,,,,,0.142,49.4,25.101,0.879,78.235,11.106,,,,,1.063943,55.0
AUT,Austria,2001,38929.754,55.572,54.804,,2.5,4.5,90.31,,,0.007,,84.0,0.383,97.5,99.55,,,,,,,,0.141,49.37,25.101,0.883,78.718,11.197,,,,,1.034351,56.0
AUT,Austria,2002,39313.723,55.843,55.866,,2.5,4.4,88.372,88.408,,0.007,,83.0,0.492,97.5,99.56,,,,,,,,0.14,50.62,25.101,0.887,78.846,11.288,,,,,0.9005674,57.0
AUT,Austria,2003,39569.289,55.921,54.816,,2.5,4.3,87.472,88.462,,0.007,,84.0,0.487,97.5,99.57,,,,,,,,0.124,50.8,30.612,0.889,78.849,11.379,,,,,0.9418495,58.0
AUT,Austria,2004,40333.331,54.203,55.744,,2.5,4.2,87.7,88.603,,0.007,,83.0,0.62,97.5,99.58,,,,,,,,0.121,50.63,32.245,0.895,79.362,11.469,,,,,0.9474942,59.0
AUT,Austria,2005,40989.013,54.764,56.969,,2.5,4.1,87.839,89.184,,0.007,,86.0,0.681,97.5,99.59,,,,,,,,0.115,51.44,32.245,0.898,79.52,11.56,,,,,0.9811674,60.0
AUT,Austria,2006,42120.156,55.447,56.834,,2.5,4.0,88.245,89.268,,0.007,,83.0,0.495,97.5,99.6,,,,,,,,0.112,52.13,31.02,0.902,79.965,11.545,,,,,0.8533605,61.0
AUT,Austria,2007,43568.83,56.506,58.38,,2.5,3.9,88.168,88.212,63.802,0.006,,85.0,0.324,97.5,99.61,,,,,,,,0.108,52.97,30.738,0.905,80.166,11.53,,,,,0.7633217,62.0
AUT,Austria,2008,44063.864,57.153,58.609,,2.5,3.8,87.761,88.168,66.198,0.006,,83.0,0.313,97.5,99.62,,,,,,,,0.115,53.49,26.639,0.907,80.363,11.47,,,,,0.7910883,63.0
AUT,Austria,2009,42372.476,56.703,58.479,,2.5,3.7,87.441,87.94,67.992,0.007,,83.0,0.262,97.5,99.63,,,,,,,,0.107,54.17,28.279,0.907,80.206,11.67,,,,,0.8412792,64.0
AUT,Austria,2010,43035.407,56.952,57.222,233.459,2.5,3.6,87.367,86.794,75.04,0.007,,86.0,0.24,97.5,99.64,,,,,,,,0.105,54.27,28.279,0.912,80.463,11.71,8.247,4.73,15.927,4.085,0.7488402,65.0
AUT,Austria,2011,44146.196,57.131,58.012,,2.5,3.5,87.159,86.616,77.263,0.007,,89.0,0.337,97.5,99.65,,,,,,,,0.097,54.6,28.689,0.915,80.828,11.71,7.417,3.777,14.657,3.817,0.8030242,66.0
AUT,Austria,2012,44221.46,57.252,58.159,,2.5,3.4,88.392,86.141,79.547,0.007,,92.0,0.456,97.5,99.66,,,,,,,,0.094,55.1,28.689,0.916,80.841,11.75,7.501,3.524,15.422,3.558,0.7333455,67.0
AUT,Austria,2013,43851.368,57.122,57.747,,2.5,3.3,88.383,86.222,80.962,0.007,,95.0,0.589,97.5,99.67,,,,,,,,0.083,55.37,32.245,0.915,81.078,11.79,7.697,4.335,15.271,3.485,0.7590561,68.0
AUT,Austria,2014,43838.835,56.758,57.08,,2.5,3.2,88.704,86.551,81.02,0.008,,98.0,0.782,97.5,99.68,,,,,,,,0.081,55.41,31.429,0.919,81.39,12.01,7.278,3.168,15.194,3.473,0.8356908,69.0
AUT,Austria,2015,43915.228,56.73,56.506,248.48,2.5,3.1,88.594,86.712,82.256,0.008,,93.0,1.121,97.5,99.69,,,,,,,,0.083,55.46,30.328,0.919,81.159,12.08,7.146,3.106,14.907,3.424,0.6849744,70.0
AUT,Austria,2016,44362.67,57.015,56.663,,2.5,3.0,88.842,87.373,82.85,0.008,,87.0,1.081,97.5,99.7,,,,,,,,0.081,56.01,30.328,0.921,81.592,12.11,7.269,3.059,15.301,3.446,0.7135777,71.0
AUT,Austria,2017,45056.639,57.292,54.941,,2.5,3.0,88.617,87.001,83.839,0.008,,90.0,0.695,97.5,99.7,,,,,,,,0.071,56.01,33.607,0.922,81.639,12.16,7.374,3.0,15.848,3.275,0.7189434,72.0
AUT,Austria,2018,45951.582,57.914,55.829,,2.5,3.0,,,85.87,0.009,,85.0,0.487,97.5,99.7,,,,,,,,0.06,56.06,34.836,0.925,81.686,12.21,6.853,2.917,14.503,3.138,0.8124237,73.0
AUT,Austria,2019,46550.562,58.121,55.506,,2.5,2.9,,,86.323,0.008,,88.0,0.445,97.5,99.71,,,,,,,,0.052,56.15,38.525,0.928,81.907,12.26,7.198,2.855,15.384,3.354,0.8485334,74.0
AUT,Austria,2020,43428.698,57.224,55.572,251.539,2.5,2.9,,,88.707,0.007,,85.0,0.415,97.5,99.71,,,,,,,,0.048,55.9,38.525,0.925,81.804,12.311,6.985,2.522,15.022,3.41,,
AZE,Azerbaijan,1990,2866.411,,46.103,,,75.5,,,,0.143,,,1.384,,92.45,,,,,,,,,,,,,,,,,,,
AZE,Azerbaijan,1991,2808.727,69.104,46.506,,,75.9,96.171,,,0.146,,,1.33,,92.41,,,,,,,,,,,,,,,,,,0.2557727,46.0
AZE,Azerbaijan,1992,2141.34,71.001,51.88,,,76.4,96.149,,,0.178,,58.0,1.512,,92.36,,,,,,,,,,,,,,,,,,0.2599855,47.0
AZE,Azerbaijan,1993,1621.918,72.117,58.02,,,76.7,91.32,,,0.163,,66.0,1.516,,92.33,,,,,,,,0.416,46.82,12.0,,61.426,,,,,,0.2537439,48.0
AZE,Azerbaijan,1994,1284.956,73.623,63.467,,,76.4,83.265,,,0.152,,69.0,1.348,,92.36,,,,,,,,0.409,45.76,12.0,,60.277,,,,,,0.2815713,49.0
AZE,Azerbaijan,1995,1120.309,74.699,66.7,,,75.5,84.663,,,0.148,,74.0,1.156,,92.45,,,,,,,,0.393,44.7,12.0,0.618,61.931,10.103,,,,,0.3215983,50.0
AZE,Azerbaijan,1996,1123.448,73.986,66.592,,,73.7,93.508,,,0.12,,74.0,1.012,,92.63,,,,,,,,0.389,43.64,12.0,0.622,62.66,10.142,,,,,0.3182845,51.0
AZE,Azerbaijan,1997,1177.197,72.677,65.442,,,71.1,90.127,,,0.124,,70.0,0.965,,92.89,,,,,,,,0.389,44.68,12.0,0.626,62.953,10.181,,,,,0.2153476,52.0
AZE,Azerbaijan,1998,1282.684,70.999,63.356,,,67.8,88.726,,,0.102,,73.0,0.949,,93.22,,,,,,,,0.383,44.23,12.0,0.636,63.75,10.22,,,,,0.06434087,53.0
AZE,Azerbaijan,1999,1365.566,69.607,61.858,,,64.0,92.141,,,0.088,,75.0,0.878,,93.6,,99.0,,,0.24,,0.953,0.375,57.16,12.0,0.646,64.733,10.26,,,,,0.2031303,54.0
AZE,Azerbaijan,2000,1504.731,67.753,59.578,,,59.9,88.24,,,0.077,,76.0,0.822,,94.01,,,,,,,,0.358,72.7,12.0,0.652,65.377,10.3,,,,,0.03352318,55.0
AZE,Azerbaijan,2001,1640.937,66.459,55.945,,17.8,55.7,85.383,,,0.07,,77.0,0.775,82.2,94.43,,,,,,,,0.358,70.7,10.484,0.66,66.043,10.34,,,,,-0.01615171,56.0
AZE,Azerbaijan,2002,1782.473,65.205,53.126,,14.4,51.7,84.826,,,0.061,,76.0,0.746,85.6,94.83,,,,,,,,0.356,68.8,10.484,0.669,66.769,10.38,,,,,-0.03232746,57.0
AZE,Azerbaijan,2003,1949.606,64.066,51.226,,11.4,47.9,83.285,,,0.062,,77.0,0.758,88.6,95.21,,,,,,,,0.353,67.0,10.484,0.676,67.036,10.42,,,,,-0.08608311,58.0
AZE,Azerbaijan,2004,2111.453,62.538,47.135,,8.2,44.5,84.212,,,0.074,,77.0,0.875,91.8,95.55,,,,,,,,0.367,65.4,10.484,0.682,67.488,10.46,,,,,-0.1085571,59.0
AZE,Azerbaijan,2005,2674.369,61.711,47.692,,5.3,41.4,83.869,,,0.074,,75.0,1.022,94.7,95.86,,,,,,,,0.354,64.1,13.043,0.692,67.71,10.5,,,,,-0.2028047,60.0
AZE,Azerbaijan,2006,3556.832,60.511,44.009,,3.1,38.6,83.154,,19.789,0.064,,78.0,1.099,96.9,96.14,,,,,,,,0.358,62.54,11.29,0.711,68.489,10.54,,,,,-0.1968196,61.0
AZE,Azerbaijan,2007,4412.203,57.876,39.46,,2.5,36.1,83.375,,19.365,0.062,,79.0,1.134,97.5,96.39,,100.0,,,0.216,-0.802,0.957,0.348,61.58,11.382,0.72,68.659,10.58,,,,,-0.1618724,62.0
AZE,Azerbaijan,2008,4778.125,57.259,36.008,,2.5,33.7,83.89,,19.048,0.055,,81.0,2.1,97.5,96.63,,,,,,,,0.346,61.23,11.382,0.731,69.355,10.59,,,,,-0.3560677,63.0
AZE,Azerbaijan,2009,5118.434,57.482,35.438,,2.5,31.6,85.174,,19.058,0.051,,81.0,2.076,97.5,96.84,,100.0,,,0.212,-0.665,0.956,0.346,61.78,11.382,0.74,69.874,10.59,,,,,-0.2367694,64.0
AZE,Azerbaijan,2010,5300.11,57.437,33.583,175.531,2.5,29.5,84.446,,19.26,0.053,,81.0,1.19,97.5,97.05,,100.0,,,0.211,-0.813,0.951,0.333,61.96,16.0,0.744,70.309,10.61,11.983,3.441,13.656,18.851,-0.2354247,65.0
AZE,Azerbaijan,2011,5149.207,57.873,33.294,,2.5,27.5,86.613,,19.647,0.053,,82.0,1.303,97.5,97.25,,100.0,,,0.209,-0.772,0.951,0.332,61.5,16.0,0.746,70.565,10.61,11.673,3.442,13.656,17.921,-0.5094977,66.0
AZE,Azerbaijan,2012,5193.175,58.398,33.336,,2.5,25.7,89.105,,20.438,0.058,,79.0,1.329,97.5,97.43,,100.0,,,0.207,-0.791,0.948,0.339,61.4,16.0,0.751,71.08,10.61,11.375,3.412,13.656,17.058,-0.5261523,67.0
AZE,Azerbaijan,2013,5425.996,58.82,34.235,,2.5,24.1,93.507,,21.44,0.05,,78.0,1.293,97.5,97.59,,100.0,,,0.202,-0.451,0.947,0.342,61.4,15.574,0.757,71.485,10.57,11.134,3.503,13.656,16.243,-0.5389317,68.0
AZE,Azerbaijan,2014,5508.603,59.68,35.907,,2.5,22.5,94.667,,23.16,0.047,,78.0,1.248,97.5,97.75,,100.0,,,0.195,-0.313,0.947,0.346,62.0,15.574,0.766,71.93,10.57,10.905,3.488,13.656,15.571,-0.6133885,69.0
AZE,Azerbaijan,2015,5500.504,60.386,37.504,190.796,2.5,21.1,94.143,,25.483,0.043,,79.0,1.191,97.5,97.89,,100.0,,,0.194,-0.259,0.947,0.341,62.4,16.935,0.771,72.349,10.57,7.488,4.023,3.588,14.852,-0.7971052,70.0
AZE,Azerbaijan,2016,5272.718,61.419,40.068,,2.5,19.8,94.929,,27.237,0.043,,78.0,1.118,97.5,98.02,,100.0,,,0.199,-0.159,0.942,0.328,62.8,16.8,0.772,72.568,10.65,7.209,4.036,3.588,14.003,-0.7247828,71.0
AZE,Azerbaijan,2017,5229.253,61.787,41.907,,2.5,18.7,93.748,,28.467,0.041,,76.0,0.981,97.5,98.13,,100.0,,,0.199,-0.171,0.944,0.323,62.9,16.8,0.774,72.694,10.64,6.988,4.057,3.588,13.318,-0.7989149,72.0
AZE,Azerbaijan,2018,5261.929,62.195,43.545,,2.5,17.6,92.425,88.533,28.972,0.037,,74.0,0.866,97.5,98.24,,,,,,,,0.32,63.1,16.8,0.775,73.016,10.64,7.504,4.078,5.703,12.731,-0.7281908,73.0
AZE,Azerbaijan,2019,5346.953,61.966,43.325,,2.5,16.6,,,32.922,0.037,,74.0,0.847,97.5,98.34,,100.0,,,0.193,-0.128,0.924,0.314,63.3,16.807,0.78,73.29,10.64,7.334,4.045,5.703,12.254,-0.7188778,74.0
AZE,Azerbaijan,2020,5087.5,62.356,46.249,197.144,2.5,15.6,,,36.385,0.034,,56.0,0.684,97.5,98.44,,,,,,,,0.332,64.0,17.355,0.757,70.312,10.748,7.343,4.045,5.703,12.281,,
BHS,Bahamas; The,1990,30995.483,,57.76,,,19.7,,,,0.166,,86.0,1.743,,98.03,,,,,,,,,,,,,,,,,,0.03842761,45.0
BHS,Bahamas; The,1991,29192.994,63.468,57.789,,,18.7,,,,0.169,,92.0,1.72,,98.13,,,,,,,,,,,,,,,,,,-0.2482562,46.0
BHS,Bahamas; The,1992,27565.978,61.971,57.816,,,17.9,88.528,89.249,,0.183,,92.0,1.834,,98.21,,,,,,,,,,,,,,,,,,-0.2832835,47.0
BHS,Bahamas; The,1993,27137.178,63.886,57.841,,,17.0,88.867,89.53,,0.174,,91.0,1.875,,98.3,,,,,,,,,,,,,,,,,,-0.1487027,48.0
BHS,Bahamas; The,1994,27503.635,63.431,57.864,,,16.2,92.606,85.9,,0.16,,91.0,1.759,,98.38,,,,,,,,,,,,,,,,,,0.050565,49.0
BHS,Bahamas; The,1995,28236.375,65.816,57.924,,,15.5,,,14.843,0.153,64.0,87.0,1.656,,98.45,93.6,,,,,,,,,,,,,,,,,0.2576074,50.0
BHS,Bahamas; The,1996,28967.048,65.504,57.984,,,14.8,,,,0.146,0.0,85.0,1.582,,98.52,100.0,,,,,,,,,,,,,,,,,0.01433122,51.0
BHS,Bahamas; The,1997,28902.572,66.893,58.044,,,14.3,,,,0.134,0.0,86.0,1.502,,98.57,100.0,,,,,,,,,,,,,,,,,-0.1061515,52.0
BHS,Bahamas; The,1998,29837.438,68.565,58.103,,,13.9,,,,0.125,17.0,89.0,1.426,,98.61,98.3,,,,,,,,,,,,,,,,,-0.1860995,53.0
BHS,Bahamas; The,1999,31544.354,68.784,58.163,,,13.7,90.546,70.711,,0.113,19.0,82.0,1.337,,98.63,98.1,,,,,,,,,,,,,,,,,-0.2042185,54.0
BHS,Bahamas; The,2000,32424.727,69.067,58.219,,,13.7,,,,0.103,38.0,99.0,1.312,,98.63,96.2,,,,,,,,,,,,,,,,,-0.3217911,55.0
BHS,Bahamas; The,2001,32870.092,69.265,58.278,,,13.9,,,,0.094,187.0,99.0,1.228,,98.61,81.3,,,,,,,,,,,,,,,,,-0.2034418,56.0
BHS,Bahamas; The,2002,33374.603,67.636,58.339,,,14.1,,,,0.088,,94.0,1.146,,98.59,,,,,,,,,,,,,,,,,,-0.3216035,57.0
BHS,Bahamas; The,2003,32559.312,66.276,58.395,,,14.3,,,,0.107,40.0,92.0,1.2,,98.57,96.0,,,,,,,,,,,,,,,,,-0.2975226,58.0
BHS,Bahamas; The,2004,32444.074,66.706,58.449,,,14.4,88.807,79.431,,0.128,39.0,93.0,1.233,,98.56,96.1,,,,,,,,,,,,,,,,,-0.4600855,59.0
BHS,Bahamas; The,2005,33144.788,66.647,58.505,,,14.5,90.239,82.126,,0.129,90.0,93.0,1.203,,98.55,91.0,,,,,,,,,,,,,,,,,-0.5334513,60.0
BHS,Bahamas; The,2006,33541.851,68.557,58.558,,,14.4,86.02,83.143,,0.137,0.0,95.0,1.295,,98.56,100.0,,,,,,,,,,,,,,,,,-0.1751756,61.0
BHS,Bahamas; The,2007,33549.336,68.233,58.607,,,14.2,86.933,85.493,,0.144,68.0,95.0,1.413,,98.58,93.2,,,,,,,,,,,,,,,,,-0.1686313,62.0
BHS,Bahamas; The,2008,32331.825,67.941,58.66,,,14.0,85.772,84.049,,0.144,55.0,93.0,1.345,,98.6,94.5,,,,,,,,,,,,,,,,,-0.2513563,63.0
BHS,Bahamas; The,2009,30581.334,63.384,58.714,,,13.7,81.815,81.545,,0.15,131.0,96.0,1.301,,98.63,86.9,,,,,,,,,,,,,,,,,-0.4109356,64.0
BHS,Bahamas; The,2010,30657.432,63.185,58.767,,,13.4,80.422,79.758,,0.13,99.0,99.0,1.278,,98.66,90.1,,,,,,,,,,,,,,,,,-0.3343833,65.0
BHS,Bahamas; The,2011,30492.674,63.09,58.822,,,13.1,85.583,74.736,,0.118,0.0,98.0,1.15,,98.69,100.0,,,,,,,,,,,,,,,,,-0.3061167,66.0
BHS,Bahamas; The,2012,31553.492,63.451,58.88,,,12.8,79.93,75.717,,0.111,62.0,98.0,1.001,,98.72,93.8,,,,,,,,,,,,,,,,,-0.3362766,67.0
BHS,Bahamas; The,2013,30368.263,61.872,58.939,,,12.6,74.729,68.506,,0.114,68.0,97.0,0.924,,98.74,93.2,,,,,,,,,,,,,,,,,-0.2996793,68.0
BHS,Bahamas; The,2014,30658.534,63.669,58.998,,,12.4,75.443,72.627,,0.116,64.0,96.0,0.879,,98.76,93.6,,,,,,,,,,,,,,,,,-0.3258674,69.0
BHS,Bahamas; The,2015,30719.405,65.065,59.056,,,12.3,79.815,58.914,,0.116,65.8,95.0,0.794,,98.77,93.42,,,,,,,,,,,,,,,,,-0.4497947,70.0
BHS,Bahamas; The,2016,30152.162,64.63,59.113,,,12.2,75.357,66.655,,0.103,22.9,94.0,0.701,,98.78,97.71,,,,,,,,,,,,,,,,,-0.4671765,71.0
BHS,Bahamas; The,2017,30974.748,66.891,59.17,,,12.1,,65.137,,0.1,114.9,94.0,0.624,,98.79,88.51,,,,,,,,,,,,,,,,,-0.5099566,72.0
BHS,Bahamas; The,2018,31537.242,66.868,59.227,,,12.0,74.227,62.496,,0.103,23.3,90.0,0.57,,98.8,97.67,,,,,,,,,,,,,,,,,-0.2997456,73.0
BHS,Bahamas; The,2019,31117.63,67.455,59.284,,,15.7,,,,0.101,118.5,89.0,0.497,,98.43,88.15,,,,,,,,,,,,,,,,,-0.3206178,74.0
BHS,Bahamas; The,2020,24791.67,59.901,52.742,,,11.8,,,,0.105,92.7,83.0,0.301,,98.82,90.73,,,,,,,,,,,,,,,,,,
BHR,Bahrain,1990,18345.838,,45.497,,,20.0,,,,0.149,,94.0,3.452,,98.0,,,,,,,,,,,,,,,,,,-0.5528303,45.0
BHR,Bahrain,1991,20882.506,65.708,44.38,,,19.7,99.411,,16.276,0.14,,99.0,-2.308,,98.03,,84.0,,,0.049,,,,,,,,,,,,,-0.6688763,46.0
BHR,Bahrain,1992,21701.222,65.727,44.129,,,19.1,97.01,84.703,17.68,0.136,,94.0,2.63,,98.09,,,,,,,,,,,,,,,,,,-0.6089068,47.0
BHR,Bahrain,1993,23858.193,65.457,44.017,,,18.2,98.023,,18.325,0.126,,94.0,2.631,,98.18,,,,,,,,,,,,,,,,,,-0.6757287,48.0
BHR,Bahrain,1994,23180.332,65.048,43.839,,,16.9,97.934,90.474,16.907,0.117,,96.0,2.632,,98.31,,,,,,,,,,,,,,,,,,-0.6769445,49.0
BHR,Bahrain,1995,23465.713,64.746,43.573,,,15.6,99.114,91.905,15.665,0.104,,95.0,2.631,,98.44,,,,,,,,,,,,,,,,,,-0.7374936,50.0
BHR,Bahrain,1996,23795.209,64.466,43.215,,,14.2,99.858,,15.313,0.095,,96.0,2.633,,98.58,,,,,,,,,,,,,,,,,,-0.7081419,51.0
BHR,Bahrain,1997,23893.134,64.408,42.783,,,13.0,99.601,85.398,,0.088,,98.0,2.635,,98.7,,,,,,,,,,,,,,,,,,-0.6445833,52.0
BHR,Bahrain,1998,24386.592,64.438,42.307,,,11.9,96.968,85.414,,0.083,,98.0,2.635,,98.81,,,,,,,,,,,,,,,,,,-0.8498543,53.0
BHR,Bahrain,1999,24773.846,64.563,41.819,,,11.1,96.875,84.768,19.253,0.081,,97.0,2.635,,98.89,,,,,,,,,,,,,,,,,,-0.683884,54.0
BHR,Bahrain,2000,25407.969,64.799,41.337,,,10.5,95.775,88.151,,0.074,,97.0,2.637,,98.95,,,,,,,,,,,,,,,,,,-0.9169152,55.0
BHR,Bahrain,2001,25106.287,64.789,41.167,,,10.1,93.015,88.957,,0.064,,99.0,3.655,,98.99,,87.0,,,0.111,,,,,,,,,,,,,-0.8746135,56.0
BHR,Bahrain,2002,24149.016,64.497,41.222,,,9.7,93.1,86.039,,0.061,,98.0,7.181,,99.03,,,,,,,,,,,,,,,,,,-1.119419,57.0
BHR,Bahrain,2003,23857.64,64.257,41.129,,,9.4,92.384,85.763,25.12,0.06,,97.0,7.32,,99.06,,,,,,,,0.353,37.1,7.5,0.799,75.486,8.271,,,,,-1.283683,58.0
BHR,Bahrain,2004,23688.112,64.216,40.868,,,9.1,91.6,86.781,,0.058,,98.0,7.461,,99.09,,,,,,,,0.357,37.2,7.5,0.795,75.787,8.237,,,,,-1.211469,59.0
BHR,Bahrain,2005,23439.67,65.024,41.179,,,8.8,89.108,87.796,19.014,0.055,,98.0,7.604,,99.12,,,,,,,,0.36,26.38,7.5,0.791,76.125,8.202,,,,,-1.076799,60.0
BHR,Bahrain,2006,23095.018,66.04,41.378,,,8.5,90.509,88.178,17.536,0.05,,98.0,7.748,,99.15,,,,,,,,0.291,39.13,13.75,0.795,76.51,8.168,,,,,-0.8715615,61.0
BHR,Bahrain,2007,23112.489,67.268,41.449,,,8.1,,,,0.045,,97.0,7.892,,99.19,,,,,,,,0.266,40.27,13.75,0.8,76.952,8.133,,,,,-0.8460291,62.0
BHR,Bahrain,2008,23127.215,68.605,41.404,,,7.8,,84.733,,0.042,,97.0,5.994,,99.22,,,,,,,,0.261,41.41,13.75,0.804,77.457,8.099,,,,,-1.02646,63.0
BHR,Bahrain,2009,22206.937,69.948,41.272,,,7.4,,85.12,,0.039,,98.0,6.569,,99.26,,,,,,,,0.26,42.54,13.75,0.804,78.016,8.064,,,,,-0.9902037,64.0
BHR,Bahrain,2010,22224.074,70.934,41.309,192.834,,7.1,,86.117,,0.039,,99.0,4.166,,99.29,,,,,,,,0.253,43.68,15.0,0.81,78.593,8.03,,22.156,,6.163,-0.9349005,65.0
BHR,Bahrain,2011,23288.045,70.327,39.404,,,6.8,90.226,87.54,46.308,0.039,,99.0,-2.767,,99.32,,,,,,,,0.241,42.54,18.75,0.817,79.141,8.245,,22.156,,6.036,-0.7312963,66.0
BHR,Bahrain,2012,23894.88,70.727,40.481,,,6.6,91.197,84.058,47.681,0.038,,99.0,1.16,,99.34,,,,,,,,0.238,42.79,18.75,0.833,79.622,8.46,,22.156,,5.871,-0.9716075,67.0
BHR,Bahrain,2013,24271.628,70.702,41.327,,,6.5,92.262,85.361,44.127,0.037,,99.0,3.593,,99.35,,,,,,,,0.236,43.04,18.75,0.846,79.998,8.675,,22.156,,5.761,-0.7130605,68.0
BHR,Bahrain,2014,24135.499,70.355,42.14,,,6.4,94.3,88.295,44.787,0.036,,99.0,4.781,,99.36,,,,,,,,0.233,43.29,17.5,0.847,80.214,8.89,,22.156,,5.65,-0.8235633,69.0
BHR,Bahrain,2015,23734.055,70.528,43.182,208.872,,6.3,96.456,91.096,45.644,0.036,,98.0,4.154,,99.37,,,,,,,,0.244,43.54,15.0,0.868,80.338,9.105,,22.156,,5.544,-0.7896152,70.0
BHR,Bahrain,2016,23715.279,71.12,43.205,,,6.3,96.265,93.075,46.763,0.035,24.138,99.0,3.823,,99.37,97.5862,,,,,,,0.237,43.75,15.0,0.871,80.407,9.32,,17.211,,5.444,-0.740791,71.0
BHR,Bahrain,2017,23606.887,71.534,43.182,,,6.3,97.279,92.358,48.728,0.034,14.577,97.0,5.293,,99.37,98.5423,,,,,,,0.235,42.61,15.0,0.874,80.407,9.59,,15.659,,5.341,-0.6262674,72.0
BHR,Bahrain,2018,24059.784,71.214,42.951,,,6.4,96.715,90.193,50.263,0.033,20.263,99.0,0.131,,99.36,97.9737,,,,,,,0.204,41.91,18.75,0.886,80.412,10.5,,12.492,,5.236,-0.6055145,73.0
BHR,Bahrain,2019,24873.664,70.545,42.7,,,6.5,,,52.905,0.033,16.119,99.0,-1.295,,99.35,98.3881,,,,,,,0.191,41.78,18.75,0.894,80.471,10.75,,12.492,,5.131,-0.5853142,74.0
BHR,Bahrain,2020,23586.931,68.004,41.19,236.812,,6.6,,,54.408,0.013,11.085,98.0,-0.782,,99.34,98.8915,,,,,,,0.189,41.17,18.75,0.885,78.683,11.0,,8.825,,5.991,,
BGD,Bangladesh,1990,473.445,,44.353,,,96.2,74.923,,4.36,4.161,,69.0,1.99,,90.38,,,,,,,,0.7,62.57,9.091,0.397,55.822,3.297,,,,,-0.7468242,45.0
BGD,Bangladesh,1991,480.673,55.666,44.702,,,92.5,,,,3.976,,74.0,1.911,,90.75,,35.0,0.2757080495357513,Asia,0.49,,0.79,0.696,62.57,9.091,0.395,53.781,3.402,,,,,-0.9535872,46.0
BGD,Bangladesh,1992,497.371,55.795,45.101,,,88.9,,,,3.579,,66.0,1.885,,91.11,,,,,,,,0.69,61.23,9.091,0.411,56.592,3.506,,,,,-0.9514957,47.0
BGD,Bangladesh,1993,511.194,55.897,45.511,,,85.2,,,,3.288,,74.0,1.863,,91.48,,,,,,,,0.688,59.89,9.091,0.419,57.073,3.611,,,,,-0.6476452,48.0
BGD,Bangladesh,1994,521.323,56.015,45.942,,,81.5,,,,3.057,,84.0,1.854,,91.85,,,,,,,,0.685,58.54,9.091,0.426,57.64,3.715,,,,,-0.7834461,49.0
BGD,Bangladesh,1995,537.932,56.129,46.381,,,77.8,,,,2.793,,69.0,1.858,,92.22,,,,,,,,0.683,57.2,9.091,0.434,58.244,3.82,,,,,-0.8160225,50.0
BGD,Bangladesh,1996,552.077,56.242,46.803,,,74.2,,,,2.571,,77.0,1.828,,92.58,,,,,,,,0.682,55.86,9.091,0.442,58.94,3.912,,,,,-0.8410662,51.0
BGD,Bangladesh,1997,566.271,56.277,47.169,,,70.5,,,,2.43,,78.0,1.853,,92.95,,,,,,,,0.67,55.86,9.091,0.451,59.671,4.005,,,,,-0.850992,52.0
BGD,Bangladesh,1998,584.448,56.289,47.453,,,66.9,,41.96,,2.255,,77.0,1.888,,93.31,,,,,,,,0.659,55.87,9.091,0.459,60.429,4.098,,,,,-0.7874874,53.0
BGD,Bangladesh,1999,600.232,56.283,47.663,,,63.3,,45.101,5.286,2.084,,80.0,1.9,,93.67,,,,,,,,0.65,55.87,9.091,0.468,61.244,4.191,,,,,-0.8300186,54.0
BGD,Bangladesh,2000,620.56,56.261,47.787,,,59.8,,46.451,5.252,1.932,,82.0,1.827,,94.02,,,,,,,,0.648,55.87,9.091,0.477,62.049,4.284,,,,,-0.8359936,55.0
BGD,Bangladesh,2001,641.289,56.105,47.776,,15.5,56.6,,47.724,6.172,1.793,,85.0,1.667,84.5,94.34,,47.0,,,0.504,,0.806,0.657,45.94,9.091,0.486,62.836,4.4,,,,,-0.6624331,56.0
BGD,Bangladesh,2002,655.672,55.899,47.645,,14.6,53.6,,48.859,5.916,1.641,,83.0,1.543,85.4,94.64,,,,,,,,0.728,36.0,2.0,0.494,63.591,4.48,,,,,-0.9027473,57.0
BGD,Bangladesh,2003,676.826,55.674,47.443,,14.8,50.9,,48.623,5.991,1.487,,87.0,1.455,85.2,94.91,,,,,,,,0.745,26.07,2.0,0.503,64.288,4.56,,,,,-0.9581609,58.0
BGD,Bangladesh,2004,702.656,55.646,47.202,,14.7,48.4,,45.275,5.557,1.341,,99.0,1.362,85.3,95.16,,,,,,,,0.739,27.04,2.0,0.511,64.912,4.64,,,,,-1.128422,59.0
BGD,Bangladesh,2005,739.204,55.65,46.933,,15.1,46.0,93.69,43.944,6.135,1.197,,93.0,1.261,84.9,95.4,,,,,,,,0.654,28.02,14.783,0.52,65.509,4.72,,,,,-1.002969,60.0
BGD,Bangladesh,2006,779.42,55.986,46.615,,15.4,43.9,93.431,44.603,7.07,1.077,,94.0,1.161,84.6,95.61,,,,,,,,0.646,28.99,15.072,0.527,66.048,4.8,,,,,-0.9693828,61.0
BGD,Bangladesh,2007,825.508,55.861,46.586,,16.1,41.9,,45.41,7.663,0.987,,94.0,1.076,83.9,95.81,,,,,,,,0.645,30.61,15.072,0.534,66.458,4.88,,,,,-0.9724156,62.0
BGD,Bangladesh,2008,866.458,55.705,46.556,,16.9,40.1,92.567,,8.623,0.881,,96.0,0.998,83.1,95.99,,,,,,,,0.673,32.24,6.333,0.538,67.047,4.96,,,,,-0.8231814,63.0
BGD,Bangladesh,2009,901.73,55.528,46.52,,17.9,38.4,92.541,46.34,10.494,0.798,194.0,97.0,0.932,82.1,96.16,80.6,,,,,,,0.615,33.86,18.551,0.551,67.527,5.04,,,,,-0.8328125,64.0
BGD,Bangladesh,2010,943.664,56.597,46.474,,18.2,36.9,90.532,47.651,,0.713,,94.0,0.877,81.8,96.31,,,,,,,,0.603,35.49,18.551,0.561,68.009,5.12,31.138,39.4,30.75,23.265,-0.9948321,65.0
BGD,Bangladesh,2011,995.58,55.941,46.121,,18.0,35.4,,47.292,13.266,0.644,,96.0,0.909,82.0,96.46,,59.0,,,0.416,-0.772,0.914,0.597,34.85,19.714,0.572,68.499,5.2,30.573,38.558,30.75,22.41,-1.03734,66.0
BGD,Bangladesh,2012,1050.391,55.3,45.74,,17.3,34.1,,49.665,13.421,0.593,,94.0,0.958,82.7,96.59,,58.0,,,0.411,-0.808,0.914,0.583,34.21,19.714,0.583,68.989,5.3,30.737,39.666,30.75,21.795,-0.8611052,67.0
BGD,Bangladesh,2013,1103.157,54.649,45.324,,16.7,32.7,,54.274,13.49,0.552,,96.0,0.938,83.3,96.73,,61.0,,,0.377,-0.797,0.899,0.578,33.57,19.714,0.589,69.487,5.06,30.541,39.666,30.75,21.206,-0.9936264,68.0
BGD,Bangladesh,2014,1159.408,54.308,42.917,,15.6,31.4,,,13.578,0.509,,97.0,0.911,84.4,96.86,,61.0,,,0.281,-0.775,0.898,0.569,33.44,19.828,0.6,70.016,5.19,29.499,37.309,30.75,20.44,-1.056299,69.0
BGD,Bangladesh,2015,1224.386,53.972,40.47,128.523,15.2,30.0,,59.136,15.574,0.474,195.862,98.0,0.894,84.8,97.0,80.41380000000001,65.0,,,0.271,-0.753,0.885,0.563,33.32,20.0,0.621,70.543,5.99,29.318,37.309,30.75,19.896,-0.9643864,70.0
BGD,Bangladesh,2016,1299.831,53.65,38.04,,14.4,28.6,,65.22,17.399,0.442,,98.0,0.892,85.6,97.14,,73.0,0.3238527178764343,Asia,0.269,-0.707,0.888,0.557,33.19,20.0,0.632,71.075,6.11,30.738,37.309,35.719,19.185,-0.942107,71.0
BGD,Bangladesh,2017,1373.754,55.778,40.47,,13.4,27.4,,63.741,18.518,0.408,172.0,98.0,0.851,86.6,97.26,82.8,73.0,,,0.264,-0.752,0.895,0.541,36.35,20.286,0.633,71.606,6.27,29.989,35.556,35.719,18.692,-0.7343761,72.0
BGD,Bangladesh,2018,1462.251,56.3,42.639,,12.0,26.3,,66.55,19.571,0.383,169.0,98.0,0.821,88.0,97.37,83.1,74.0,,,0.254,-0.763,0.9,0.532,37.75,20.286,0.646,72.122,6.39,29.771,35.556,35.719,18.036,-0.5797803,73.0
BGD,Bangladesh,2019,1564.208,56.791,44.59,,10.9,25.4,,,22.709,0.359,165.0,98.0,0.846,89.1,97.46,83.5,75.0,,,0.251,-0.754,0.901,0.52,39.15,20.63,0.656,72.625,6.55,30.157,37.312,35.719,17.44,-0.6124473,74.0
BGD,Bangladesh,2020,1604.666,56.459,47.082,137.704,10.8,24.9,,,22.692,0.35,163.0,97.0,0.836,89.2,97.51,83.7,75.0,,,0.258,-0.78,0.896,0.5,40.55,20.917,0.663,71.421,7.1,29.882,37.312,35.719,16.616,,
BRB,Barbados,1990,19382.869,,65.083,,,16.2,97.588,78.878,18.155,0.113,,91.0,0.183,,98.38,,,,,,,,0.385,60.18,18.367,0.73,73.463,8.369,,,,,-0.1438393,45.0
BRB,Barbados,1991,18570.149,52.875,63.584,,,15.5,,,28.367,0.114,,82.0,0.305,,98.45,,,,,,,,0.386,58.21,18.367,0.732,73.543,8.499,,,,,-0.2644809,46.0
BRB,Barbados,1992,17452.883,52.166,62.053,,,14.8,89.723,,29.55,0.112,,90.0,0.344,,98.52,,,,,,,,0.388,59.27,18.367,0.732,73.61,8.63,,,,,-0.3244161,47.0
BRB,Barbados,1993,17540.078,51.483,62.3,,,14.2,,,27.239,0.097,,86.0,0.292,,98.58,,,,,,,,0.372,60.13,18.367,0.735,73.739,8.76,,,,,-0.1500953,48.0
BRB,Barbados,1994,17852.214,52.94,62.518,,,13.7,,,,0.092,,90.0,0.227,,98.63,,,,,,,,0.367,60.99,18.367,0.74,73.755,8.891,,,,,-0.1713475,49.0
BRB,Barbados,1995,18182.637,55.989,64.759,,,13.4,,,,0.087,,93.0,0.16,,98.66,,,,,,,,0.364,62.78,18.367,0.744,73.88,9.021,,,,,0.1346116,50.0
BRB,Barbados,1996,18888.005,58.764,64.512,,,13.1,,,,0.081,,85.0,0.093,,98.69,,,,,,,,0.364,61.45,18.367,0.748,74.065,9.015,,,,,0.03757464,51.0
BRB,Barbados,1997,19775.174,58.946,62.004,,,12.9,,,,0.078,,96.0,0.041,,98.71,,,,,,,,0.364,62.22,18.367,0.752,73.988,9.009,,,,,-0.2139817,52.0
BRB,Barbados,1998,20509.045,60.576,61.184,,,12.8,,,,0.068,,93.0,0.017,,98.72,,,,,,,,0.361,62.51,18.367,0.754,74.465,9.002,,,,,-0.1521818,53.0
BRB,Barbados,1999,20571.33,61.884,60.357,,,12.9,97.117,94.9,36.057,0.07,,87.0,0.031,,98.71,,,,,,,,0.357,62.79,20.408,0.756,74.587,8.996,,,,,-0.2424805,54.0
BRB,Barbados,2000,21523.399,62.866,59.522,,,13.0,95.493,91.899,41.925,0.078,,93.0,-0.173,,98.7,,,,,,,,0.368,63.08,20.408,0.762,74.58,8.99,,,,,-0.3582671,55.0
BRB,Barbados,2001,20985.283,62.625,58.673,,6.8,13.1,94.591,86.517,41.207,0.078,,84.0,0.138,93.2,98.69,,,,,,,,0.368,63.36,20.408,0.763,74.707,9.096,,,,,-0.4192935,56.0
BRB,Barbados,2002,21012.56,62.326,57.814,,6.4,13.3,91.897,87.648,,0.07,,87.0,0.654,93.6,98.67,,,,,,,,0.357,63.65,20.408,0.767,74.82,9.201,,,,,-0.3293487,57.0
BRB,Barbados,2003,21338.172,61.886,56.955,,6.0,13.4,91.581,89.499,,0.071,,89.0,0.614,94.0,98.66,,,,,,,,0.359,63.93,17.647,0.771,74.865,9.307,,,,,-0.4597344,58.0
BRB,Barbados,2004,21516.166,63.439,57.212,,5.3,13.5,90.456,93.051,,0.065,0.0,93.0,0.571,94.7,98.65,100.0,,,,,,,0.349,64.38,17.647,0.775,75.15,9.413,,,,,-0.4821337,59.0
BRB,Barbados,2005,22250.026,63.615,56.611,,4.7,13.5,90.235,92.196,,0.064,0.0,92.0,0.525,95.3,98.65,100.0,,,,,,,0.342,63.93,17.647,0.779,74.96,9.518,,,,,-0.6255348,60.0
BRB,Barbados,2006,23487.442,63.697,56.012,,4.1,13.4,92.057,91.75,,0.064,,84.0,0.481,95.9,98.66,,,,,,,,0.338,63.48,17.647,0.783,75.049,9.545,,,,,-0.5798251,61.0
BRB,Barbados,2007,23862.135,64.461,55.416,,3.6,13.2,94.745,92.115,60.239,0.061,0.0,93.0,0.475,96.4,98.68,100.0,,,,,,,0.336,63.04,17.647,0.79,75.263,9.572,,,,,-0.6157154,62.0
BRB,Barbados,2008,23887.729,63.783,54.814,,3.1,13.1,96.741,88.22,,0.061,,85.0,0.524,96.9,98.69,,,,,,,,0.375,62.59,13.725,0.794,75.3,9.599,,,,,-0.6058159,63.0
BRB,Barbados,2009,22572.593,62.232,54.204,,2.6,12.9,93.719,84.398,74.206,0.061,,93.0,0.515,97.4,98.71,,,,,,,,0.354,62.14,19.608,0.798,75.458,9.626,,,,,-0.624671,64.0
BRB,Barbados,2010,21982.184,61.533,53.596,,2.5,12.7,94.954,85.187,69.595,0.062,58.0,86.0,0.408,97.5,98.73,94.2,,,,,,,0.356,61.9,19.608,0.797,75.488,9.653,,,48.984,9.514,-0.6033708,65.0
BRB,Barbados,2011,21842.864,60.96,52.992,,2.5,12.5,93.446,88.835,66.946,0.06,60.2,91.0,0.325,97.5,98.75,93.98,,,,,,,0.353,63.04,19.608,0.794,75.599,9.661,,,48.984,9.392,-0.3660458,66.0
BRB,Barbados,2012,21036.3,59.738,47.241,,2.5,12.4,,,70.029,0.057,30.6,87.0,0.289,97.5,98.76,96.94,,,,,,,0.352,61.04,19.608,0.797,75.737,9.669,21.264,5.547,48.984,9.262,-0.402702,67.0
BRB,Barbados,2013,20609.608,60.404,47.494,,2.5,12.2,,,73.181,0.057,33.7,91.0,0.262,97.5,98.78,96.63,,,,,,,0.342,62.0,21.569,0.798,75.816,9.678,21.223,5.547,48.984,9.138,-0.48529,68.0
BRB,Barbados,2014,20713.767,58.266,46.594,,2.5,12.0,92.545,99.281,71.268,0.055,0.0,94.0,0.246,97.5,98.8,100.0,,,,,,,0.337,60.53,21.569,0.799,75.926,9.686,21.176,5.547,48.984,8.998,-0.448099,69.0
BRB,Barbados,2015,20424.209,59.018,42.067,,2.5,11.8,93.766,98.127,57.281,0.053,34.8,97.0,0.23,97.5,98.82,96.52,,,,,,,0.341,60.81,19.608,0.8,76.055,9.694,21.093,5.547,48.984,8.748,-0.4520012,70.0
BRB,Barbados,2016,20684.78,60.616,43.749,,2.5,11.5,95.429,95.963,52.053,0.052,1.15,97.0,0.218,97.5,98.85,99.885,,,,,,,0.34,61.87,19.608,0.803,76.168,9.734,21.038,5.547,48.984,8.584,-0.3536546,71.0
BRB,Barbados,2017,20788.705,60.463,41.279,,2.5,11.2,94.993,95.941,51.011,0.052,0.0,90.0,0.205,97.5,98.88,100.0,,,,,,,0.34,60.52,19.608,0.804,76.237,9.773,20.989,5.547,48.984,8.435,-0.4253488,72.0
BRB,Barbados,2018,20483.955,60.246,44.207,,2.5,10.9,96.693,93.631,45.875,0.053,40.5,95.0,0.193,97.5,98.91,95.95,,,,,,,0.322,59.48,27.451,0.806,76.378,9.812,20.921,5.547,48.984,8.232,-0.3203876,73.0
BRB,Barbados,2019,20494.387,59.465,44.4,,2.8,10.5,,,48.935,0.052,78.1,90.0,0.177,97.2,98.95,92.19,,,,,,,0.316,59.05,29.412,0.808,76.495,9.852,20.858,5.547,48.984,8.044,-0.2690231,74.0
BRB,Barbados,2020,17519.837,56.424,42.885,,3.4,10.2,,,52.972,0.055,83.7,85.0,0.174,96.6,98.98,91.63,,,,,,,0.302,57.64,29.412,0.803,76.647,9.891,20.798,5.547,48.984,7.864,,
BLR,Belarus,1990,2888.813,,42.404,,,12.1,,,48.921,0.056,,,0.19,,98.79,,,,,,,,,,,,,,,,,,-0.1373823,45.0
BLR,Belarus,1991,2852.831,58.736,42.575,,,12.1,,,47.979,0.051,,,0.046,,98.79,,,,,,,,,,,,,,,,,,0.4962562,46.0
BLR,Belarus,1992,2573.3,57.308,44.022,,,12.2,,,44.389,0.048,,90.0,0.22,,98.78,,,,,,,,,,,,,,,,,,0.4609397,47.0
BLR,Belarus,1993,2372.485,54.103,45.224,,,12.3,,,43.463,0.043,,91.0,0.221,,98.77,,,,,,,,,,,,,,,,,,0.4555716,48.0
BLR,Belarus,1994,2097.382,51.757,47.103,,,12.4,,,41.382,0.04,,92.0,-0.118,,98.76,,,,,,,,,,,,,,,,,,0.5787313,49.0
BLR,Belarus,1995,1885.361,49.086,48.787,,,12.4,88.164,,40.579,0.035,,96.0,-0.324,,98.76,,,,,,,,,,,,,,,,,,0.5327814,50.0
BLR,Belarus,1996,1944.687,44.866,48.299,,,12.2,,,44.467,0.032,,98.0,-0.337,,98.78,,,,,,,,,,,,,,,,,,0.5747407,51.0
BLR,Belarus,1997,2175.404,48.748,46.55,,,11.9,,,44.791,0.028,,98.0,-0.416,,98.81,,,,,,,,,,,,,,,,,,0.4116437,52.0
BLR,Belarus,1998,2368.783,50.398,45.284,,,11.4,,,48.639,0.028,,99.0,-0.45,,98.86,,,,,,,,,,,,,,,,,,0.1154391,53.0
BLR,Belarus,1999,2460.369,51.189,44.743,,,10.7,,,51.917,0.024,,99.0,-0.45,,98.93,,100.0,0.3173814713954925,Europe,0.328,,0.37,,,,,,,,,,,-0.03688272,54.0
BLR,Belarus,2000,2615.364,52.069,44.921,,,9.9,,,54.511,0.021,,99.0,-0.471,,99.01,,,,,,,,,,,,,,,,,,-0.585666,55.0
BLR,Belarus,2001,2753.034,52.881,45.101,,2.7,9.2,95.591,,56.589,0.018,,99.0,-0.513,97.3,99.08,,,,,,,,0.255,52.9,18.354,0.731,68.435,10.47,,,,,-0.1047435,56.0
BLR,Belarus,2002,2910.399,53.584,45.282,,3.7,8.5,92.537,,58.972,0.016,,99.0,-0.637,96.3,99.15,,,,,,,,0.224,52.98,18.354,0.738,68.298,10.557,,,,,-0.09726496,57.0
BLR,Belarus,2003,3137.263,54.224,45.465,,4.4,7.8,93.071,,61.658,0.014,,50.0,-0.7,95.6,99.22,,,,,,,,0.207,53.06,18.354,0.747,68.429,10.645,,,,,-0.08131863,58.0
BLR,Belarus,2004,3520.405,54.829,45.649,,4.5,7.2,91.54,,62.959,0.012,,99.0,-0.682,95.5,99.28,,,,,,,,0.155,53.14,30.12,0.758,68.688,10.734,,,,,-0.2748064,59.0
BLR,Belarus,2005,3877.717,55.439,45.832,,3.4,6.7,89.61,,65.46,0.01,,99.0,-0.683,96.6,99.33,,,,,,,,0.153,53.22,29.762,0.767,68.982,10.824,,,,,-0.2220488,60.0
BLR,Belarus,2006,4291.686,56.115,46.017,,2.5,6.1,89.712,,68.314,0.008,,99.0,-0.612,97.5,99.39,,,,,,,,0.15,53.3,29.762,0.777,69.436,10.914,,,,,-0.4644531,61.0
BLR,Belarus,2007,4682.207,56.816,46.203,,2.5,5.6,89.592,,71.105,0.007,,95.0,-0.459,97.5,99.44,,,,,,,,0.151,53.55,29.762,0.786,69.986,11.005,,,,,-0.531923,62.0
BLR,Belarus,2008,5177.645,57.655,46.389,,2.5,5.1,,,71.316,0.005,,97.0,-0.345,97.5,99.49,,,,,,,,0.147,54.92,32.53,0.796,70.349,11.097,,,,,-0.5844126,63.0
BLR,Belarus,2009,5200.774,58.528,46.575,,2.5,4.6,,,75.368,0.005,,96.0,-0.246,97.5,99.54,,100.0,0.2768930494785309,Europe,0.228,-1.21,0.358,0.157,55.2,32.143,0.798,70.409,11.19,,,,,-0.4310423,64.0
BLR,Belarus,2010,5616.094,59.024,46.759,,2.5,4.2,91.05,94.91,80.117,0.004,,98.0,-0.219,97.5,99.58,,,,,,,,0.149,60.25,32.143,0.803,70.501,11.285,,,15.837,5.916,-0.3249927,65.0
BLR,Belarus,2011,5941.69,59.486,46.941,,2.5,3.9,90.7,95.194,87.337,0.003,,98.0,-0.234,97.5,99.61,,,,,,,,0.146,65.3,32.143,0.812,71.068,11.38,,,14.89,5.618,-0.5677059,66.0
BLR,Belarus,2012,6052.637,59.871,47.122,,2.5,3.7,93.981,96.372,93.473,0.003,,98.0,-0.157,97.5,99.63,,,,,,,,0.152,70.35,29.518,0.818,71.8,11.475,7.776,3.678,14.304,5.346,-0.3602454,67.0
BLR,Belarus,2013,6115.433,60.146,47.304,,2.5,3.5,93.234,97.401,95.498,0.003,,98.0,-0.038,97.5,99.65,,,,,,,,0.147,75.4,29.518,0.821,72.681,11.57,7.69,3.678,14.351,5.041,-0.3224689,68.0
BLR,Belarus,2014,6212.917,60.351,47.487,,2.5,3.3,93.114,98.063,94.316,0.002,,97.0,0.056,97.5,99.67,,,,,,,,0.138,80.45,29.518,0.825,73.245,11.665,7.728,3.678,14.734,4.773,-0.3120558,69.0
BLR,Belarus,2015,5967.056,60.49,47.668,,2.5,3.1,93.966,98.508,93.789,0.002,,99.0,0.133,97.5,99.69,,,,,,,,0.128,85.5,29.167,0.825,73.761,11.76,7.309,3.678,13.719,4.53,-0.1868652,70.0
BLR,Belarus,2016,5811.202,60.62,47.849,,2.5,2.9,96.082,97.608,91.521,0.002,,98.0,0.088,97.5,99.71,,,,,,,,0.119,66.91,33.929,0.825,74.153,11.855,7.15,3.678,13.466,4.305,-0.3234352,71.0
BLR,Belarus,2017,5964.897,60.838,48.374,,2.5,2.8,95.617,96.376,89.471,0.002,,97.0,-0.11,97.5,99.72,,,,,,,,0.109,67.13,33.133,0.828,74.362,11.95,7.089,3.678,13.452,4.138,-0.2269929,72.0
BLR,Belarus,2018,6165.913,61.344,45.97,,2.5,2.6,94.929,95.639,84.71,0.002,,97.0,-0.214,97.5,99.74,,,,,,,,0.102,66.22,33.133,0.827,74.334,12.045,7.009,3.678,13.339,4.008,-0.2337321,73.0
BLR,Belarus,2019,6267.735,61.575,44.821,,2.5,2.4,,,81.292,0.001,1.142,98.0,-0.202,97.5,99.76,99.8858,100.0,0.2527784705162048,Europe,0.26,-0.174,0.331,0.096,66.34,34.94,0.826,74.255,12.14,6.692,2.772,13.391,3.912,-0.1747415,74.0
BLR,Belarus,2020,6251.989,61.437,44.761,249.15,2.5,2.2,,,79.9,0.002,,97.0,-0.423,97.5,99.78,,,,,,,,0.094,65.68,34.706,0.815,72.269,12.237,6.435,2.772,12.701,3.833,,
BEL,Belgium,1990,29609.621,,35.581,,,8.3,,,,0.014,,93.0,0.298,,99.17,,,,,,,,0.18,36.55,15.837,0.824,76.059,9.405,,,,,1.866262,45.0
BEL,Belgium,1991,30040.551,45.757,36.505,,,8.0,96.534,,,0.014,,92.0,0.372,,99.2,,,,,,,,0.179,38.01,15.837,0.829,76.199,9.545,,,,,1.76086,46.0
BEL,Belgium,1992,30376.875,46.204,36.224,,,7.7,95.094,,,0.014,,95.0,0.406,,99.23,,,,,,,,0.175,38.9,15.837,0.845,76.358,9.686,,,,,1.59658,47.0
BEL,Belgium,1993,29967.394,45.616,34.441,,,7.3,97.666,95.984,,0.013,,97.0,0.391,,99.27,,,,,,,,0.167,39.58,15.837,0.86,76.363,9.826,,,,,1.580296,48.0
BEL,Belgium,1994,30839.241,45.384,35.198,,,6.8,97.042,97.97,,0.013,,96.0,0.308,,99.32,,,,,,,,0.16,40.17,15.837,0.868,76.716,9.967,,,,,1.56479,49.0
BEL,Belgium,1995,31508.623,45.73,33.878,,,6.4,97.078,99.042,,0.013,,94.0,0.209,,99.36,,,,,,,,0.157,40.53,15.837,0.875,76.84,10.107,,,,,1.801425,50.0
BEL,Belgium,1996,31862.669,45.62,32.768,,,5.9,97.54,97.671,,0.013,,95.0,0.195,,99.41,,,,,,,,0.158,40.55,15.837,0.881,77.185,10.194,,,,,1.606744,51.0
BEL,Belgium,1997,32991.501,45.969,32.033,,,5.6,,,,0.012,,87.0,0.242,,99.44,,,,,,,,0.156,41.0,15.837,0.884,77.403,10.281,,,,,1.553618,52.0
BEL,Belgium,1998,33566.988,46.014,32.634,,,5.3,,,,0.012,,79.0,0.214,,99.47,,,,,,,,0.156,41.66,15.837,0.886,77.476,10.368,,,,,1.306505,53.0
BEL,Belgium,1999,34676.605,47.384,32.869,,,5.0,98.896,93.581,,0.011,,87.0,0.229,,99.5,,,,,,,,0.128,43.17,24.887,0.889,77.648,10.455,,,,,1.239354,54.0
BEL,Belgium,2000,35878.315,48.802,35.73,,,4.8,98.899,93.234,,0.011,,95.0,0.243,,99.52,,,,,,,,0.132,43.65,24.887,0.894,77.768,10.542,,,,,1.247023,55.0
BEL,Belgium,2001,36148.288,47.653,33.612,,2.5,4.7,98.943,94.118,56.715,0.011,,95.0,0.344,97.5,99.53,,,,,,,,0.135,41.87,24.887,0.899,78.082,10.639,,,,,1.20448,56.0
BEL,Belgium,2002,36600.863,47.57,33.834,,2.5,4.5,98.679,94.644,58.11,0.01,,95.0,0.448,97.5,99.55,,,,,,,,0.129,42.57,24.887,0.901,78.168,10.736,,,,,1.198265,57.0
BEL,Belgium,2003,36826.27,47.319,33.506,,2.5,4.4,97.711,96.348,59.612,0.01,,95.0,0.419,97.5,99.56,,,,,,,,0.108,42.95,34.389,0.903,78.32,10.833,,,,,1.207499,58.0
BEL,Belgium,2004,37976.697,48.122,34.025,,2.5,4.2,96.109,97.69,62.041,0.01,,95.0,0.433,97.5,99.58,,,,,,,,0.103,44.25,35.747,0.909,78.96,10.93,,,,,1.051887,59.0
BEL,Belgium,2005,38645.261,48.796,35.016,,2.5,4.1,95.746,97.547,62.82,0.01,,97.0,0.55,97.5,99.59,,,,,,,,0.101,45.69,35.747,0.911,79.053,11.027,,,,,1.08029,60.0
BEL,Belgium,2006,39371.086,48.73,34.695,,2.5,4.0,96.059,97.987,63.372,0.01,,98.0,0.66,97.5,99.6,,,,,,,,0.1,45.82,35.747,0.913,79.389,11.05,,,,,0.9754718,61.0
BEL,Belgium,2007,40520.084,49.654,33.866,,2.5,3.9,96.982,96.359,62.462,0.01,,98.0,0.734,97.5,99.61,,,,,,,,0.098,46.53,36.199,0.916,79.528,11.115,,,,,1.002966,62.0
BEL,Belgium,2008,40380.908,49.949,33.402,,2.5,3.8,97.564,94.634,62.764,0.01,,99.0,0.79,97.5,99.62,,,,,,,,0.098,46.91,36.199,0.917,79.579,11.18,,,,,0.9353601,63.0
BEL,Belgium,2009,39293.638,49.282,32.444,,2.5,3.8,97.482,93.467,64.98,0.009,,98.0,0.805,97.5,99.62,,,,,,,,0.093,46.95,38.914,0.919,79.849,11.32,,,,,1.046524,64.0
BEL,Belgium,2010,39991.565,49.67,32.514,237.618,2.5,3.7,97.255,92.69,66.858,0.009,,98.0,0.914,97.5,99.63,,,,,,,,0.09,47.71,38.914,0.921,80.04,11.42,9.201,10.515,13.107,3.98,1.082809,65.0
BEL,Belgium,2011,40236.96,49.491,31.989,,2.5,3.6,97.381,92.565,67.703,0.009,,98.0,1.301,97.5,99.64,,,,,,,,0.087,47.03,38.914,0.923,80.366,11.47,8.499,8.524,13.117,3.855,1.124795,66.0
BEL,Belgium,2012,40074.493,49.306,31.491,,2.5,3.5,97.692,93.153,69.749,0.008,,99.0,0.62,97.5,99.65,,,,,,,,0.082,47.1,38.914,0.923,80.26,11.5,8.692,9.045,13.04,3.991,1.025943,67.0
BEL,Belgium,2013,40007.9,49.1,30.995,,2.5,3.5,97.7,93.639,71.784,0.008,,99.0,0.471,97.5,99.65,,,,,,,,0.073,47.77,38.914,0.925,80.467,11.54,8.143,8.052,12.581,3.795,1.030816,68.0
BEL,Belgium,2014,40533.914,49.008,30.198,,2.5,3.4,97.644,93.833,74.04,0.008,,99.0,0.444,97.5,99.66,,,,,,,,0.066,48.08,42.381,0.93,81.08,11.64,8.299,8.618,12.57,3.708,0.9882055,69.0
BEL,Belgium,2015,40893.805,48.842,30.012,239.736,2.5,3.4,98.067,93.653,76.424,0.007,,99.0,0.579,97.5,99.66,,,,,,,,0.062,48.01,42.381,0.933,80.889,11.89,7.819,7.372,12.486,3.6,1.115788,70.0
BEL,Belgium,2016,41172.886,49.001,28.471,,2.5,3.4,98.294,94.118,77.244,0.007,,98.0,0.506,97.5,99.66,,,,,,,,0.058,47.78,42.381,0.936,81.265,11.99,7.977,7.93,12.47,3.531,1.145972,71.0
BEL,Belgium,2017,41619.329,49.554,28.098,,2.5,3.4,98.765,94.947,80.774,0.007,,98.0,0.385,97.5,99.66,,,,,,,,0.056,48.72,41.429,0.94,81.362,12.24,7.931,7.604,12.455,3.734,1.056523,72.0
BEL,Belgium,2018,42208.363,50.48,29.639,,2.5,3.3,,,79.124,0.007,,98.0,0.455,97.5,99.67,,,,,,,,0.052,49.52,41.429,0.942,81.481,12.31,8.015,8.111,12.16,3.772,1.100111,73.0
BEL,Belgium,2019,43006.404,51.005,30.989,,2.5,3.3,,,79.304,0.006,,97.0,0.54,97.5,99.67,,,,,,,,0.047,49.83,43.333,0.945,81.835,12.38,7.352,6.577,11.809,3.672,1.115106,74.0
BEL,Belgium,2020,40769.022,50.422,28.44,245.562,2.5,3.2,,,79.5,0.006,,98.0,0.431,97.5,99.68,,,,,,,,0.044,49.33,42.381,0.939,80.798,12.534,7.021,5.876,11.807,3.38,,
BLZ,Belize,1990,4112.595,,47.927,,,30.9,,,,0.417,,91.0,2.192,,96.91,,,,,,,,,,,,,,,,,,-0.0133243,45.0
BLZ,Belize,1991,4499.58,50.302,47.42,,,29.1,,,,0.391,,82.0,2.142,,97.09,,70.0,,,,,,,,,,,,,,,,-0.2472762,46.0
BLZ,Belize,1992,4967.927,50.603,46.863,,,27.5,,,,0.368,,74.0,2.086,,97.25,,,,,,,,,,,,,,,,,,-0.2840066,47.0
BLZ,Belize,1993,5166.829,50.652,46.64,,,26.1,,,,0.344,,85.0,2.031,,97.39,,,,,,,,,,,,,,,,,,0.04322219,48.0
BLZ,Belize,1994,5056.952,49.846,46.765,,,24.8,,,,0.323,,88.0,2.13,,97.52,,,,,,,,0.54,34.84,10.811,0.643,69.585,6.136,,,,,0.05222612,49.0
BLZ,Belize,1995,4967.962,49.903,46.753,,,23.7,,,,0.317,,83.0,2.504,,97.63,,,,,,,,0.532,27.92,10.811,0.647,69.484,6.309,,,,,0.0753474,50.0
BLZ,Belize,1996,4875.657,49.952,46.738,,,22.7,,,,0.312,,85.0,2.975,,97.73,,,,,,,,0.526,21.0,10.811,0.65,69.363,6.481,,,,,-0.01067433,51.0
BLZ,Belize,1997,4915.34,51.431,46.72,,,21.9,,,,0.317,,86.0,3.337,,97.81,,,,,,,,0.523,38.6,10.811,0.654,69.183,6.653,,,,,-0.2050787,52.0
BLZ,Belize,1998,4931.455,50.3,46.717,,,21.1,,,,0.325,117.84,87.0,3.492,,97.89,88.216,,,,,,,0.527,39.6,10.811,0.657,68.906,6.825,,,,,-0.4695921,53.0
BLZ,Belize,1999,5213.566,51.686,46.631,,,20.3,97.744,55.275,,0.314,28.12,87.0,3.442,,97.97,97.188,,,,,,,0.514,39.6,13.514,0.664,68.976,6.997,,,,,-0.4126379,54.0
BLZ,Belize,2000,5663.646,53.086,46.584,,,19.6,94.829,58.591,,0.308,68.371,91.0,3.267,,98.04,93.1629,,,,,,,0.508,37.63,13.514,0.671,68.911,7.169,,,,,-0.3660217,55.0
BLZ,Belize,2001,5764.991,54.36,46.534,,5.7,19.0,91.963,60.154,15.196,0.29,55.44,96.0,3.099,94.3,98.1,94.456,,,,,,,0.505,35.67,13.514,0.676,68.944,7.341,,,,,-0.3069086,56.0
BLZ,Belize,2002,5895.152,53.996,46.485,,5.4,18.4,,,17.095,0.252,92.678,89.0,3.026,94.6,98.16,90.7322,,,,,,,0.492,33.7,13.514,0.686,69.528,7.514,,,,,-0.399817,57.0
BLZ,Belize,2003,6274.474,54.03,46.437,,5.2,17.9,92.114,68.071,16.294,0.238,40.448,96.0,2.99,94.8,98.21,95.9552,,,,,,,0.509,31.73,9.302,0.696,69.819,7.686,,,,,-0.563743,58.0
BLZ,Belize,2004,6383.074,54.097,46.39,,5.1,17.5,93.302,,15.691,0.217,63.857,97.0,2.954,94.9,98.25,93.6143,,,,,,,0.493,29.77,11.905,0.703,70.152,7.858,,,,,-0.5054473,59.0
BLZ,Belize,2005,6337.124,54.113,46.345,,5.0,17.1,92.967,65.006,16.142,0.203,134.102,96.0,2.917,95.0,98.29,86.5898,,,,,,,0.483,27.8,11.905,0.7,70.335,8.03,,,,,-0.487796,60.0
BLZ,Belize,2006,6435.588,55.252,46.3,,4.9,16.8,93.629,64.727,16.942,0.177,69.599,98.0,2.871,95.1,98.32,93.0401,,,,,,,0.468,31.5,11.905,0.713,70.535,8.522,,,,,-0.3743724,61.0
BLZ,Belize,2007,6465.829,56.006,46.257,,4.9,16.5,93.387,64.165,17.925,0.157,85.288,96.0,2.816,95.1,98.35,91.4712,,,,,,,0.445,35.19,13.953,0.718,70.652,9.014,,,,,-0.321771,62.0
BLZ,Belize,2008,6187.959,56.426,46.214,,4.8,16.2,93.815,63.373,18.785,0.14,42.457,94.0,2.752,95.2,98.38,95.7543,,,,,,,0.438,38.89,11.111,0.72,70.665,9.506,,,,,-0.3090666,63.0
BLZ,Belize,2009,5997.684,56.556,46.172,,4.7,15.9,94.921,63.709,22.056,0.125,53.908,97.0,2.675,95.3,98.41,94.6092,,,,,,,0.423,42.58,11.111,0.724,70.806,9.998,,,,,-0.3898874,64.0
BLZ,Belize,2010,5937.754,56.717,46.131,158.065,4.9,15.5,95.416,63.646,21.566,0.109,96.819,96.0,2.412,95.1,98.45,90.3181,,,,,,,0.406,46.28,11.111,0.727,70.875,10.49,,,,11.444,-0.5595818,65.0
BLZ,Belize,2011,5802.243,56.925,46.091,,5.1,15.1,95.149,65.339,21.546,0.104,0.0,95.0,2.178,94.9,98.49,100.0,,,,,,,0.409,49.97,11.111,0.725,70.975,10.177,,15.854,,11.225,-0.3247061,66.0
BLZ,Belize,2012,5902.742,57.169,46.052,,5.5,14.7,96.654,67.454,24.027,0.106,70.097,98.0,2.151,94.5,98.53,92.9903,,,,,,,0.384,53.67,13.333,0.727,71.134,9.863,,15.854,,10.98,-0.4721802,67.0
BLZ,Belize,2013,6013.079,57.402,46.013,,6.0,14.2,95.743,69.131,24.005,0.108,13.797,95.0,2.134,94.0,98.58,98.6203,,,,,,,0.401,46.55,13.333,0.724,71.276,9.55,,15.854,,10.694,-0.4796642,68.0
BLZ,Belize,2014,6116.496,58.258,47.94,,6.4,13.6,96.359,69.226,24.015,0.113,54.757,95.0,2.113,93.6,98.64,94.5243,,,,,,,0.413,47.49,13.333,0.721,71.437,9.237,,15.854,,10.377,-0.4092519,69.0
BLZ,Belize,2015,6154.623,59.031,47.155,,6.5,13.1,96.204,69.397,23.435,0.12,107.498,94.0,2.101,93.5,98.69,89.2502,90.91604,,,,,,0.429,47.93,13.333,0.721,71.647,8.923,,14.813,,10.046,-0.4940328,70.0
BLZ,Belize,2016,6012.213,59.752,46.374,,6.1,12.6,96.116,72.09,24.476,0.128,84.507,95.0,2.322,93.9,98.74,91.5493,,,,,,,0.44,49.21,13.333,0.727,71.843,8.909,,14.813,,9.697,-0.3880317,71.0
BLZ,Belize,2017,5767.619,59.81,46.93,,5.8,12.1,96.182,70.344,24.732,0.138,134.372,88.0,2.303,94.2,98.79,86.5628,,,,,,,0.464,48.81,11.111,0.722,72.062,8.894,,14.813,,9.264,-0.4835317,72.0
BLZ,Belize,2018,5707.611,61.005,49.51,,5.3,11.7,95.942,71.149,24.588,0.147,115.311,96.0,1.865,94.7,98.83,88.4689,,,,,,,0.466,53.0,11.111,0.723,72.322,8.879,,14.813,,8.913,-0.3513934,73.0
BLZ,Belize,2019,5864.146,63.413,54.027,,5.0,11.4,,,25.139,0.136,137.571,98.0,1.463,95.0,98.86,86.2429,,,,,,,0.461,57.19,11.111,0.725,72.577,8.865,,14.813,,8.572,-0.2188956,74.0
BLZ,Belize,2020,5006.485,48.795,49.732,,5.0,11.1,,,25.942,0.186,57.208,79.0,1.283,95.0,98.89,94.2792,,,,,,,0.469,59.81,13.333,0.713,71.58,8.85,,14.813,,8.546,,
BEN,Benin,1990,749.46,,66.23,,,97.9,39.506,,1.968,4.332,,74.0,3.073,,90.21,,,,,,,,0.7,56.6,7.229,0.351,53.02,1.453,,,,,-0.6028351,45.0
BEN,Benin,1991,757.403,70.979,66.26,,,96.0,,,2.256,4.139,,69.0,3.085,,90.4,,,,,,,,0.697,56.6,7.229,0.358,53.441,1.529,,,,,-0.2215123,46.0
BEN,Benin,1992,756.081,71.07,66.26,,,94.0,49.213,,2.134,3.856,,73.0,3.09,,90.6,,27.0,,,0.601,,0.587,0.687,57.55,7.229,0.363,54.137,1.61,,,,,-0.1750078,47.0
BEN,Benin,1993,765.48,71.042,65.479,,,92.0,53.214,,1.942,3.538,,75.0,4.437,,90.8,,,,,,,,0.68,58.52,7.229,0.371,54.612,1.695,,,,,-0.3939834,48.0
BEN,Benin,1994,752.278,71.031,64.69,,,90.1,54.48,,1.898,3.74,,81.0,3.74,,90.99,,,,,,,,0.673,59.49,7.229,0.375,54.988,1.78,,,,,-0.4865765,49.0
BEN,Benin,1995,781.065,71.098,63.892,,,88.3,56.892,,1.974,3.545,,67.0,2.114,,91.17,,,,,,,,0.665,60.46,7.229,0.383,55.366,1.865,,,,,-0.3057551,50.0
BEN,Benin,1996,793.795,71.1,63.086,,,86.6,59.118,,1.991,3.443,,66.0,2.617,,91.34,,,,,,,,0.655,61.43,7.229,0.389,55.648,1.95,,,,,-0.6517278,51.0
BEN,Benin,1997,814.901,71.164,62.273,,,84.9,62.479,,2.433,3.292,,66.0,2.952,,91.51,,,,,,,,0.652,62.88,7.229,0.396,55.986,2.035,,,,,-0.6974277,52.0
BEN,Benin,1998,821.46,71.161,61.452,,,83.2,,,,3.202,,70.0,3.083,,91.68,,,,,,,,0.652,64.34,7.229,0.401,56.154,2.12,,,,,-0.8255971,53.0
BEN,Benin,1999,838.977,71.191,60.625,,,81.4,,,3.097,3.097,,74.0,3.094,,91.86,,,,,,,,0.658,65.79,6.024,0.407,56.336,2.205,,,,,-0.8746097,54.0
BEN,Benin,2000,861.213,71.212,59.791,,,79.7,,17.444,3.496,3.018,,78.0,3.077,,92.03,,,,,,,,0.655,67.25,6.024,0.415,56.594,2.29,,,,,-0.6972756,55.0
BEN,Benin,2001,879.854,71.242,58.951,,14.3,77.8,,18.88,4.2,2.994,,76.0,3.054,85.7,92.22,,,,,,,,0.657,68.7,6.024,0.426,56.654,2.375,,,,,-0.4995407,56.0
BEN,Benin,2002,893.137,71.255,58.107,,12.8,76.0,,,4.928,2.977,,75.0,3.04,87.2,92.4,,35.0,,,0.606,-0.576,0.643,0.668,65.6,6.024,0.435,56.851,2.46,,,,,-0.7930788,57.0
BEN,Benin,2003,896.147,71.228,56.454,,11.2,74.2,83.416,,5.432,2.953,,73.0,3.049,88.8,92.58,,,,,,,,0.659,78.3,6.024,0.442,57.092,2.473,,,,,-0.6650701,58.0
BEN,Benin,2004,907.624,71.212,54.787,,10.4,72.5,86.697,,5.479,2.924,,72.0,3.062,89.6,92.75,,,,,,,,0.652,77.78,7.229,0.449,57.346,2.485,,,,,-0.4240589,59.0
BEN,Benin,2005,893.915,71.176,53.109,,9.2,70.9,81.925,,5.411,2.807,,70.0,3.221,90.8,92.91,,,,,,,,0.65,77.25,7.229,0.456,57.738,2.498,,,,,-0.5776236,60.0
BEN,Benin,2006,900.621,71.17,51.426,,8.9,69.3,84.669,,6.203,2.791,,74.0,3.121,91.1,93.07,,,,,,,,0.649,76.73,7.229,0.462,57.966,2.511,,,,,-0.5116935,61.0
BEN,Benin,2007,926.74,71.174,49.74,,8.5,67.9,,,7.431,2.718,,82.0,2.955,91.5,93.21,,,,,,,,0.628,76.21,10.843,0.469,58.249,2.523,,,,,-0.4495506,62.0
BEN,Benin,2008,943.203,71.194,48.055,,8.2,66.4,90.136,,7.342,3.0,,75.0,3.02,91.8,93.36,,,,,,,,0.629,75.69,10.843,0.475,58.099,2.536,,,,,-0.4368647,63.0
BEN,Benin,2009,936.566,71.169,46.376,,8.7,65.1,94.232,,9.346,3.143,,79.0,2.999,91.3,93.49,,,,,,,,0.635,75.16,10.843,0.48,58.258,2.549,,,,,-0.2862631,64.0
BEN,Benin,2010,928.247,71.118,44.707,124.281,9.1,63.7,94.923,,12.608,3.161,,76.0,2.984,90.9,93.63,,,,,,,,0.637,74.64,10.843,0.485,58.387,2.561,,,,38.279,-0.1624868,65.0
BEN,Benin,2011,927.716,69.977,43.051,,9.6,62.4,94.809,,11.809,3.182,,75.0,2.978,90.4,93.76,,,,,,,,0.652,69.7,8.434,0.49,58.462,2.574,,44.792,,37.773,-0.4193507,66.0
BEN,Benin,2012,943.919,70.518,43.688,,9.4,61.0,95.506,,12.861,3.203,,80.0,2.968,90.6,93.9,,,,,,,,0.653,70.28,8.434,0.497,58.559,2.587,,44.792,,37.458,-0.5148047,67.0
BEN,Benin,2013,982.399,71.109,44.327,,9.2,59.7,,43.428,14.775,3.14,,77.0,2.949,90.8,94.03,,,,,,,,0.652,70.86,8.434,0.506,58.863,2.6,,44.792,,36.92,-0.587107,68.0
BEN,Benin,2014,1014.433,71.687,44.969,,9.2,58.3,96.361,,14.692,3.111,,74.0,2.955,90.8,94.17,,,,,,,,0.653,71.45,8.434,0.509,59.008,2.612,,43.656,,36.419,-0.5060726,69.0
BEN,Benin,2015,1002.419,72.132,45.613,119.703,9.1,57.0,,46.58,12.485,3.089,,74.0,2.954,90.9,94.3,,,,,,,,0.659,72.03,7.229,0.511,59.123,2.625,,43.656,,36.102,-0.5175331,70.0
BEN,Benin,2016,1006.039,72.563,46.258,,9.7,55.7,,,11.953,3.043,,78.0,2.925,90.3,94.43,,,,,,,,0.659,72.61,7.229,0.51,59.283,2.638,,43.656,,35.578,-0.589483,71.0
BEN,Benin,2017,1032.905,73.058,46.905,,10.5,54.4,97.034,,11.338,2.928,391.0,76.0,2.881,89.5,94.56,60.9,38.87121,,,0.714,-0.698,0.318,0.656,73.19,7.229,0.507,59.528,2.65,,43.694,,35.034,-0.5806126,72.0
BEN,Benin,2018,1071.505,73.642,47.553,,11.4,53.1,97.211,,11.574,2.826,,74.0,2.814,88.6,94.69,,,,,,,,0.645,73.77,7.229,0.507,59.71,2.842,,43.694,,34.669,-0.4734953,73.0
BEN,Benin,2019,1114.173,74.183,48.201,,11.8,51.8,,,10.391,2.691,,72.0,2.735,88.2,94.82,,48.99828,,,0.456,-0.491,0.378,0.636,74.36,7.229,0.507,59.888,3.034,39.018,43.694,39.26,34.1,-0.5276611,74.0
BEN,Benin,2020,1126.654,73.645,49.264,123.5,11.7,50.4,,,10.381,2.671,,70.0,2.663,88.3,94.96,,,,,,,,0.638,74.48,7.229,0.504,60.154,3.114,38.84,43.694,39.26,33.567,,
BMU,Bermuda,1990,89089.735,,,,,,,,,,,,0.75,,,,,,,,,,,,,,,,,,,,,
BMU,Bermuda,1991,85311.049,,,,,,,,,,,,0.736,,,,,,,,,,,,,,,,,,,,,
BMU,Bermuda,1992,84642.608,,,,,,,,,,,,0.727,,,,,,,,,,,,,,,,,,,,,
BMU,Bermuda,1993,86582.834,,,,,,,,,,,,0.698,,,,,,,,,,,,,,,,,,,,,
BMU,Bermuda,1994,86545.782,,,,,,,,,,,,0.641,,,,,,,,,,,,,,,,,,,,,
BMU,Bermuda,1995,89849.125,,,,,,,,,,,,0.559,,,,,,,,,,,,,,,,,,,,,
BMU,Bermuda,1996,91743.296,,,,,,,,,,,,0.481,,,,,,,,,,,,,,,,,,,,,
BMU,Bermuda,1997,95383.023,,,,,,,,,,117.8,,0.607,,,88.22,,,,,,,,,,,,,,,,,,
BMU,Bermuda,1998,98347.909,,,,,,,,,,0.0,,0.765,,,100.0,,,,,,,,,,,,,,,,,,
BMU,Bermuda,1999,100867.915,,,,,,,,,,0.0,,0.797,,,100.0,,,,,,,,,,,,,,,,,,
BMU,Bermuda,2000,109502.763,,,,,,,,,,0.0,,0.695,,,100.0,,,,,,,,,,,,,,,,,,
BMU,Bermuda,2001,116809.925,,,,,,,,,,0.0,,0.514,,,100.0,,,,,,,,,,,,,,,,,,
BMU,Bermuda,2002,114574.434,,,,,,,,,,0.0,,0.444,,,100.0,,,,,,,,,,,,,,,,,,
BMU,Bermuda,2003,118018.832,,,,,,,,,,0.0,,0.392,,,100.0,,,,,,,,,,,,,,,,,,
BMU,Bermuda,2004,120432.121,,,,,,,,,,0.0,,0.271,,,100.0,,,,,,,,,,,,,,,,,,
BMU,Bermuda,2005,122143.8,,,,,,96.993,,,,0.0,,0.249,,,100.0,,,,,,,,,,,,,,,,,,
BMU,Bermuda,2006,128662.932,,,,,,,,32.552,,125.3,,0.196,,,87.47,,,,,,,,,,,,,,,,,,
BMU,Bermuda,2007,132595.483,,,,,,,,29.232,,0.0,,0.28,,,100.0,,,,,,,,,,,,,,,,,,
BMU,Bermuda,2008,129525.177,,,,,,,,29.992,,0.0,,0.459,,,100.0,,,,,,,,,,,,,,,,,,
BMU,Bermuda,2009,121727.585,,,,,,,,38.371,,0.0,,0.418,,,100.0,,,,,,,,,,,,,,,,,,
BMU,Bermuda,2010,118382.909,,,,,,,58.196,36.55,,0.0,,0.251,,,100.0,,,,,,,,,,,,,,,,,,
BMU,Bermuda,2011,113937.836,,,,,,93.46,72.768,37.828,,0.0,,0.013,,,100.0,,,,,,,,,,,,,,,,,,
BMU,Bermuda,2012,108040.576,,,,,,92.714,,36.915,,0.0,,-0.137,,,100.0,,,,,,,,,,,,,,,,,,
BMU,Bermuda,2013,107860.395,,,,,,,,35.2,,0.0,,-0.113,,,100.0,,,,,,,,,,,,,,,,,,
BMU,Bermuda,2014,103941.983,,,,,,,,33.333,,0.0,,-0.071,,,100.0,,,,,,,,,,,,,,,,,,
BMU,Bermuda,2015,104855.367,,,,,,,,30.617,,0.0,,-0.102,,,100.0,,,,,,,,,,,,,,,,,,
BMU,Bermuda,2016,104190.877,,,,,,,,,,0.0,,-0.024,,,100.0,,,,,,,,,,,,,,,,,,
BMU,Bermuda,2017,107734.608,,,,,,,,21.809,,0.0,,0.203,,,100.0,,,,,,,,,,,,,,,,,,
BMU,Bermuda,2018,106843.164,,,,,,,,22.341,,0.0,,0.397,,,100.0,,,,,,,,,,,,,,,,,,
BMU,Bermuda,2019,106709.881,,,,,,,,,,0.0,,0.431,,,100.0,,,,,,,,,,,,,,,,,,
BMU,Bermuda,2020,98999.508,,,,,,,,,,0.0,,0.428,,,100.0,,,,,,,,,,,,,,,,,,
BTN,Bhutan,1990,812.671,,53.757,,,95.8,,,,3.734,,96.0,2.701,,90.42,,,,,,,,,,,,,,,,,,-0.6554038,45.0
BTN,Bhutan,1991,795.192,69.512,53.511,,,92.0,,,,3.498,,91.0,1.766,,90.8,,,,,,,,,,,,,,,,,,-0.7751889,46.0
BTN,Bhutan,1992,863.464,69.429,53.28,,,88.3,,,,3.486,,86.0,-3.739,,91.17,,,,,,,,,,,,,,,,,,-0.5313059,47.0
BTN,Bhutan,1993,917.291,69.34,53.063,,,84.8,,,,2.834,380.0,79.0,-4.08,,91.52,62.0,,,,,,,,,,,,,,,,,-0.6511054,48.0
BTN,Bhutan,1994,963.017,69.292,52.876,,,81.2,,,,2.589,,86.0,-0.032,,91.88,,,,,,,,,,,,,,,,,,-0.7275606,49.0
BTN,Bhutan,1995,1043.387,69.245,52.702,,,77.6,,,,2.276,,87.0,-1.181,,92.24,,,,,,,,,,,,,,,,,,-0.6247666,50.0
BTN,Bhutan,1996,1099.858,69.21,52.545,,,74.0,,,,1.92,,87.0,0.145,,92.6,,,,,,,,,,,,,,,,,,-0.4361336,51.0
BTN,Bhutan,1997,1138.399,69.179,52.407,,,70.5,,,,1.668,,87.0,1.79,,92.95,,,,,,,,,,,,,,,,,,-0.660135,52.0
BTN,Bhutan,1998,1182.988,69.16,52.297,,,66.8,53.682,17.793,,1.437,,86.0,1.904,,93.32,,,,,,,,,,,,,,,,,,-0.6990673,53.0
BTN,Bhutan,1999,1248.616,69.068,51.918,,,63.4,54.57,19.618,2.69,1.244,255.64,90.0,2.282,,93.66,74.436,,,,,,,,,,,,,,,,,-0.7220557,54.0
BTN,Bhutan,2000,1259.624,68.723,51.284,,,60.1,57.28,22.067,,1.094,,92.0,2.422,,93.99,,,,,,,,,,,,,,,,,,-0.91798,55.0
BTN,Bhutan,2001,1321.099,68.408,50.707,,,56.7,59.908,24.159,,0.917,,88.0,2.307,,94.33,,,,,,,,,,,,,,,,,,-0.6616139,56.0
BTN,Bhutan,2002,1427.257,68.322,50.182,,,53.5,,,,0.781,,86.0,2.205,,94.65,,,,,,,,,,,,,,,,,,-0.5703661,57.0
BTN,Bhutan,2003,1506.415,68.27,49.707,,,50.3,,,,0.666,,95.0,2.1,,94.97,,,,,,,,,,,,,,,,,,-0.2311799,58.0
BTN,Bhutan,2004,1552.739,67.737,49.306,,,47.2,,,,0.585,,89.0,2.0,,95.28,,,,,,,,,,,,,,,,,,-0.5670807,59.0
BTN,Bhutan,2005,1632.022,67.318,49.065,,,44.1,69.579,33.865,4.872,0.518,,95.0,1.725,,95.59,,53.0,,,0.103,0.362,0.137,,,,,,,,,,,-0.5003432,60.0
BTN,Bhutan,2006,1701.119,67.356,48.988,,,41.2,73.535,36.801,5.122,0.455,,95.0,1.341,,95.88,,,,,,,,,,,,,,,,,,-0.5393005,61.0
BTN,Bhutan,2007,1952.257,67.031,48.947,,,38.4,,,5.546,0.399,,95.0,1.162,,96.16,,,,,,,,,,,,,,,,,,-0.3714845,62.0
BTN,Bhutan,2008,2017.76,66.985,48.837,,,35.9,79.444,44.057,6.582,0.343,145.7,96.0,1.13,,96.41,85.43,,,,,,,,,,,,,,,,,-0.4403858,63.0
BTN,Bhutan,2009,2148.565,66.94,48.619,,,33.6,84.178,45.841,6.297,0.301,,93.0,1.107,,96.64,,,,,,,,,,,,,,,,,,-0.5528499,64.0
BTN,Bhutan,2010,2378.728,65.887,40.372,,,31.4,86.28,50.07,6.577,0.253,,91.0,1.095,,96.86,,,,,,,,0.442,63.87,13.889,0.593,68.765,2.36,34.512,44.811,38.73,19.996,-0.4550465,65.0
BTN,Bhutan,2011,2552.489,65.233,37.957,,,29.5,87.89,51.617,7.705,0.218,,95.0,1.098,,97.05,,,,,,,,0.413,62.84,13.889,0.603,69.28,2.289,34.234,44.811,38.73,19.162,-0.5838889,66.0
BTN,Bhutan,2012,2654.748,63.08,32.305,,,27.9,90.243,55.067,7.608,0.189,,97.0,1.108,,97.21,,55.0,0.3880932629108429,Asia,0.605,0.543,0.09,0.392,63.23,13.889,0.609,69.759,2.22,32.991,41.617,39.129,18.226,-0.5218309,67.0
BTN,Bhutan,2013,2671.075,63.426,29.398,,,26.5,88.337,58.169,10.363,0.168,,97.0,1.108,,97.35,,,,,,,,0.43,58.9,6.944,0.616,70.161,2.588,32.791,41.617,39.129,17.626,-0.6230218,68.0
BTN,Bhutan,2014,2797.819,60.963,26.898,,,25.4,,61.735,,0.15,,99.0,1.079,,97.46,,,,,,,,0.404,54.84,8.333,0.626,70.504,2.956,32.568,41.617,39.129,16.959,-0.5849986,69.0
BTN,Bhutan,2015,2954.041,61.593,29.56,,,24.4,88.173,63.708,,0.133,,99.0,1.015,,97.56,,,,,,,,0.385,55.94,8.333,0.637,70.797,3.324,32.38,41.617,39.129,16.393,-0.4413026,70.0
BTN,Bhutan,2016,3173.368,61.257,28.401,,,23.4,87.53,64.542,,0.116,,98.0,0.974,,97.66,,,,,,,,0.363,55.78,8.333,0.647,71.119,3.692,32.253,41.617,39.129,16.013,-0.5176847,71.0
BTN,Bhutan,2017,3211.809,60.882,27.258,,,22.6,87.426,67.065,14.835,0.098,,98.0,0.861,,97.74,,67.0,0.3744140863418579,Asia,0.578,0.564,0.107,0.347,55.63,8.333,0.656,71.413,4.06,33.9,48.227,37.96,15.512,-0.6473983,72.0
BTN,Bhutan,2018,3300.55,60.506,26.133,,,21.8,88.026,70.199,14.93,0.087,,97.0,0.716,,97.82,,,,,,,,0.277,55.47,15.278,0.667,71.711,4.581,33.732,48.227,37.96,15.009,-0.5294576,73.0
BTN,Bhutan,2019,3467.386,64.559,26.64,,,21.1,,,15.942,0.078,,97.0,0.664,,97.89,,,,,,,,0.265,61.15,15.278,0.68,72.005,5.17,33.571,48.227,37.96,14.526,-0.5527983,74.0
BTN,Bhutan,2020,3092.124,64.415,27.223,151.419,,20.3,,,16.865,0.079,,95.0,0.675,,97.97,,,,,,,,0.266,63.52,15.278,0.688,72.253,5.836,33.485,48.227,37.96,14.269,,
BOL,Bolivia,1990,1679.408,,53.392,,,90.0,,,,1.92,,41.0,2.103,,91.0,,,,,,,,,,,,,,,,,,-0.5343746,45.0
BOL,Bolivia,1991,1731.395,67.294,53.268,,,87.0,,,,1.825,390.0,43.0,2.084,,91.3,61.0,,,,,,,,,,,,,,,,,-0.2469853,46.0
BOL,Bolivia,1992,1724.363,67.185,53.285,,,84.0,,,,1.708,,45.0,2.04,,91.6,,80.0,,,0.707,,0.696,,,,,,,,,,,0.1359603,47.0
BOL,Bolivia,1993,1762.668,67.4,53.196,,,81.1,,,,1.583,,52.0,1.984,,91.89,,,,,,,,,,,,,,,,,,-0.1368234,48.0
BOL,Bolivia,1994,1809.571,67.65,53.09,,,78.1,,,,1.476,,58.0,1.936,,92.19,,,,,,,,,,,,,,,,,,-0.1392257,49.0
BOL,Bolivia,1995,1858.782,68.218,52.981,,,75.1,,,,1.391,,64.0,1.889,,92.49,,,,,,,,,,,,,,,,,,-0.1514171,50.0
BOL,Bolivia,1996,1904.287,68.67,52.884,,,72.1,,,,1.339,,61.0,1.85,,92.79,,,,,,,,,,,,,,,,,,-0.1184861,51.0
BOL,Bolivia,1997,1962.864,69.19,52.761,,,69.0,,,,1.275,,58.0,1.806,,93.1,,,,,,,,,,,,,,,,,,-0.006966012,52.0
BOL,Bolivia,1998,2025.503,68.996,52.276,,,65.9,94.725,,,1.225,,61.0,1.766,,93.41,,,,,,,,,,,,,,,,,,-0.2285111,53.0
BOL,Bolivia,1999,1998.945,68.705,51.789,,,62.7,94.759,,,1.185,,77.0,1.746,,93.73,,,,,,,,,,,,,,,,,,-0.1755383,54.0
BOL,Bolivia,2000,2014.19,68.441,51.303,,,59.6,95.148,62.387,,1.139,,75.0,1.717,,94.04,,,,,,,,,,,,,,,,,,-0.1345662,55.0
BOL,Bolivia,2001,2013.846,68.146,50.816,,26.6,56.6,94.891,65.135,,1.069,,71.0,1.687,73.4,94.34,,87.0,0.5736684203147888,South America,0.744,,0.716,,,,,,,,,,,-0.1749082,56.0
BOL,Bolivia,2002,2029.67,67.993,50.329,,25.8,53.7,95.161,69.462,,0.994,,77.0,1.672,74.2,94.63,,,,,,,,,,,,,,,,,,-0.1856228,57.0
BOL,Bolivia,2003,2050.071,67.791,49.841,,26.6,50.9,95.229,72.044,,0.952,229.0,88.0,1.675,73.4,94.91,77.1,,,,,,,,,,,,,,,,,-0.1914416,58.0
BOL,Bolivia,2004,2099.991,67.65,49.353,,27.2,48.2,94.824,74.148,,0.909,,84.0,1.683,72.8,95.18,,,,,,,,,,,,,,,,,,-0.1633278,59.0
BOL,Bolivia,2005,2156.187,67.494,48.866,,27.6,45.7,94.966,74.684,,0.862,,85.0,1.686,72.4,95.43,,,,,,,,,,,,,,,,,,-0.1450234,60.0
BOL,Bolivia,2006,2221.427,67.341,48.379,,26.0,43.3,95.071,74.053,,0.834,,83.0,1.705,74.0,95.67,,,,,,,,,,,,,,,,,,-0.27367,61.0
BOL,Bolivia,2007,2283.427,67.145,47.892,,24.5,41.0,94.895,73.166,,0.772,,84.0,1.711,75.5,95.9,,91.0,0.5453250408172607,South America,0.719,-0.575,0.698,,,,,,,,,,,-0.4420803,62.0
BOL,Bolivia,2008,2383.25,66.983,47.405,,23.0,38.8,94.086,72.1,,0.722,,88.0,1.688,77.0,96.12,,91.0,0.5081493854522705,South America,0.716,-0.63,0.698,,,,,,,,,,,-0.4954683,63.0
BOL,Bolivia,2009,2422.576,66.558,46.919,,21.4,36.8,93.522,72.783,,0.675,,93.0,1.665,78.6,96.32,,91.0,0.4922029674053192,South America,0.712,-0.604,0.698,,,,,,,,,,,-0.8228366,64.0
BOL,Bolivia,2010,2481.407,66.638,46.434,,19.9,34.9,90.897,72.783,,0.631,,91.0,1.644,80.1,96.51,,,,,,,,,,,,,,,,,,-0.9167784,65.0
BOL,Bolivia,2011,2568.521,66.708,45.949,,18.8,33.2,88.242,72.385,,0.59,160.0,95.0,1.623,81.2,96.68,84.0,92.0,0.4608036279678345,South America,0.681,-0.469,0.724,,,,,,,,,,,-1.334442,66.0
BOL,Bolivia,2012,2657.239,66.664,45.465,,18.1,31.5,86.633,73.57,,0.557,,93.0,1.6,81.9,96.85,,94.0,0.4657996892929077,South America,0.674,-0.36,0.724,,,,,,,,,,,-1.584804,67.0
BOL,Bolivia,2013,2793.515,66.239,44.982,,18.0,29.9,86.317,75.207,,0.53,,86.0,1.574,82.0,97.01,,,,,,,,,,,,,,,,,,-1.724511,68.0
BOL,Bolivia,2014,2900.902,66.347,44.5,,17.2,28.4,86.319,75.866,,0.505,,85.0,1.545,82.8,97.16,,,,,,,,,,,,,,,,,,-1.144616,69.0
BOL,Bolivia,2015,2996.013,65.437,44.019,,16.1,27.1,87.317,76.688,,0.482,,89.0,1.517,83.9,97.29,,92.0,0.4673164486885071,South America,0.617,-0.676,0.662,,,,,,,,,,,-1.450792,70.0
BOL,Bolivia,2016,3077.571,65.003,43.539,,14.9,25.9,88.814,76.94,,0.461,,87.0,1.49,85.1,97.41,,,,,,,,,,,,,,,,,,-1.586382,71.0
BOL,Bolivia,2017,3160.164,66.125,44.533,,14.2,24.8,90.878,76.19,,0.445,,84.0,1.461,85.8,97.52,,,,,,,,,,,,,,,,,,-1.761384,72.0
BOL,Bolivia,2018,3204.537,69.272,49.605,,13.7,23.9,92.851,76.554,,0.43,,83.0,1.433,86.3,97.61,,,,,,,,,,,,,,,,,,-1.298739,73.0
BOL,Bolivia,2019,3207.387,71.428,53.7,,13.6,23.0,,,,0.421,,75.0,1.407,86.4,97.7,,,,,,,,,,,,,,,,,,-0.8665992,74.0
BOL,Bolivia,2020,2765.093,66.553,54.267,,16.0,22.2,,,,0.574,,68.0,1.234,84.0,97.78,,94.0,0.4364543855190277,South America,0.331,-0.726,0.652,,,,,,,,,,,,
BIH,Bosnia and Herzegovina,1990,791.444,,34.249,,,16.1,,,,0.044,,,0.33,,98.39,,,,,,,,,,,,,,,,,,,
BIH,Bosnia and Herzegovina,1991,715.9,45.244,35.273,,,14.9,,,,0.041,,,0.218,,98.51,,89.0,,,0.163,,,,,,,,,,,,,-0.2112146,46.0
BIH,Bosnia and Herzegovina,1992,705.207,44.911,36.261,,,30.6,,,,0.054,,58.0,-5.148,,96.94,,,,,,,,,,,,,,,,,,-0.2139934,47.0
BIH,Bosnia and Herzegovina,1993,748.15,44.065,36.815,,,30.5,,,,0.04,,38.0,-8.117,,96.95,,,,,,,,,,,,,,,,,,-0.03880099,48.0
BIH,Bosnia and Herzegovina,1994,871.398,43.359,37.268,,,12.3,,,,0.033,,82.0,-4.695,,98.77,,,,,,,,,,,,,,,,,,0.10774,49.0
BIH,Bosnia and Herzegovina,1995,1013.224,42.556,37.362,,,14.0,,,,0.025,,55.0,-0.265,,98.6,,,,,,,,,,,,,,,,,,0.6088958,50.0
BIH,Bosnia and Herzegovina,1996,1498.006,41.912,36.941,,,10.9,,,,0.023,,67.0,4.208,,98.91,,,,,,,,,,,,,,,,,,0.5784478,51.0
BIH,Bosnia and Herzegovina,1997,1974.057,41.336,36.509,,,10.2,,,,0.023,,79.0,3.623,,98.98,,,,,,,,,,,,,,,,,,,
BIH,Bosnia and Herzegovina,1998,2262.033,40.68,36.161,,,9.6,,,,0.02,,89.0,1.755,,99.04,,,,,,,,,,,,,,,,,,,
BIH,Bosnia and Herzegovina,1999,2452.852,40.077,35.854,,,8.9,,,,0.016,,90.0,0.996,,99.11,,,,,,,,,,,,,,,,,,0.7628884,54.0
BIH,Bosnia and Herzegovina,2000,2567.341,39.373,35.174,,,8.3,,,15.395,0.014,,85.0,0.711,,99.17,,97.0,,,0.638,-1.057,0.706,,,,,,,,,,,0.6782253,55.0
BIH,Bosnia and Herzegovina,2001,2617.182,38.683,34.699,,3.6,7.8,,,16.782,0.012,,91.0,0.472,96.4,99.22,,,,,,,,,,,,,,,,,,1.111222,56.0
BIH,Bosnia and Herzegovina,2002,2743.139,38.034,33.913,,3.3,7.3,,,17.036,0.012,,80.0,0.205,96.7,99.27,,,,,,,,,,,,,,,,,,1.07499,57.0
BIH,Bosnia and Herzegovina,2003,2855.683,37.348,33.341,,2.8,6.9,,,18.859,0.011,,87.0,-0.227,97.2,99.31,,,,,,,,,,,,,,,,,,0.9143723,58.0
BIH,Bosnia and Herzegovina,2004,3063.835,36.743,32.762,,2.5,6.6,,,21.127,0.011,,84.0,-0.902,97.5,99.34,,,,,,,,,,,,,,,,,,0.945541,59.0
BIH,Bosnia and Herzegovina,2005,3217.813,36.067,32.206,,2.5,6.4,,,24.159,0.01,,93.0,-1.08,97.5,99.36,,,,,,,,,,,,,,,,,,0.9769972,60.0
BIH,Bosnia and Herzegovina,2006,3419.759,35.498,31.479,,2.5,6.3,,,27.038,0.01,,87.0,-0.814,97.5,99.37,,,,,,,,,,,,,,,,,,0.8758914,61.0
BIH,Bosnia and Herzegovina,2007,3665.09,36.521,30.902,,2.5,6.2,,,30.717,0.009,,95.0,-1.234,97.5,99.38,,,,,,,,,,,,,,,,,,0.9469535,62.0
BIH,Bosnia and Herzegovina,2008,3929.033,39.35,30.565,,2.5,6.1,,,34.474,0.009,,91.0,-1.655,97.5,99.39,,,,,,,,,,,,,,,,,,0.9681684,63.0
BIH,Bosnia and Herzegovina,2009,3877.535,38.962,30.794,,2.5,6.0,,,36.958,0.009,,90.0,-1.731,97.5,99.4,,,,,,,,,,,,,,,,,,0.7119902,64.0
BIH,Bosnia and Herzegovina,2010,3981.21,37.183,30.246,173.831,2.5,6.0,,,38.533,0.009,,89.0,-1.777,97.5,99.4,,,,,,,,,,,,,,,,,,0.646107,65.0
BIH,Bosnia and Herzegovina,2011,4094.253,36.868,30.349,,2.5,5.9,,,41.977,0.008,,88.0,-1.845,97.5,99.41,,,,,,,,,,,,,,,,,,0.841829,66.0
BIH,Bosnia and Herzegovina,2012,4139.917,36.484,30.165,,2.5,5.9,,,44.702,0.008,,92.0,-1.934,97.5,99.41,,,,,,,,,,,,,,,,,,0.853349,67.0
BIH,Bosnia and Herzegovina,2013,4306.732,36.517,29.834,,2.5,5.9,,,51.36,0.007,,89.0,-1.628,97.5,99.41,,97.0,,,0.563,-0.433,0.672,,,,,,,,,,,0.8378324,68.0
BIH,Bosnia and Herzegovina,2014,4412.676,36.288,29.759,,2.5,5.9,,,54.166,0.007,,86.0,-1.283,97.5,99.41,,,,,,,,,,,,,,,,,,0.8659928,69.0
BIH,Bosnia and Herzegovina,2015,4662.259,36.054,29.771,173.147,2.5,5.9,,,55.534,0.007,,82.0,-1.307,97.5,99.41,,,,,,,,,,,,,,,,,,0.7997115,70.0
BIH,Bosnia and Herzegovina,2016,4876.535,37.015,29.7,,2.5,5.9,,,56.955,0.007,,78.0,-1.303,97.5,99.41,,,,,,,,0.169,32.06,19.298,0.776,77.124,9.69,16.157,16.974,26.502,4.996,0.8025581,71.0
BIH,Bosnia and Herzegovina,2017,5099.816,39.266,29.321,,2.5,6.0,,,54.529,0.008,,75.0,-1.284,97.5,99.4,,,,,,,,0.167,32.28,19.298,0.78,77.385,9.75,16.614,18.366,26.502,4.974,0.8178028,72.0
BIH,Bosnia and Herzegovina,2018,5360.252,40.089,29.115,,2.5,5.9,,,49.799,0.008,,73.0,-1.223,97.5,99.41,,,,,,,,0.17,31.37,19.298,0.785,77.942,9.81,15.401,14.789,26.502,4.912,0.7831373,73.0
BIH,Bosnia and Herzegovina,2019,5583.297,41.139,28.788,,2.5,5.9,,,46.668,0.008,,80.0,-1.232,97.5,99.41,,,,,,,,0.153,32.79,21.053,0.788,77.394,10.175,16.485,18.12,26.502,4.833,0.784837,74.0
BIH,Bosnia and Herzegovina,2020,5490.754,39.936,27.993,187.803,2.5,5.8,,,43.804,0.009,,78.0,-1.39,97.5,99.42,,,,,,,,0.144,36.71,24.561,0.783,76.04,10.54,14.109,10.922,26.502,4.904,,
BWA,Botswana,1990,4039.465,,48.892,,,38.9,91.564,31.774,,1.318,,92.0,2.75,,96.11,,,,,,,,0.595,41.68,8.511,0.59,60.104,5.52,,,,,-0.06080922,45.0
BWA,Botswana,1991,4224.099,53.731,48.302,,,39.3,93.739,39.681,4.357,1.208,,93.0,2.724,,96.07,,69.0,,,0.687,,0.138,0.59,41.68,8.511,0.59,58.911,5.758,,,,,-0.42123,46.0
BWA,Botswana,1992,4226.74,51.99,47.615,,,40.3,93.094,40.161,,1.087,,94.0,2.813,,95.97,,,,,,,,0.581,44.62,8.511,0.589,58.19,5.996,,,,,-0.4384536,47.0
BWA,Botswana,1993,4186.145,50.317,46.8,,,41.5,92.691,43.788,5.166,0.918,,94.0,2.863,,95.85,,,,,,,,0.568,47.56,8.511,0.588,57.316,6.234,,,,,-0.2385222,48.0
BWA,Botswana,1994,4219.441,48.583,45.836,,,42.6,92.67,43.106,5.623,0.699,,94.0,2.771,,95.74,,,,,,,,0.559,50.5,8.511,0.58,55.97,6.472,,,,,-0.3962938,49.0
BWA,Botswana,1995,4399.139,48.176,44.756,,,41.3,83.126,43.088,5.286,0.532,,95.0,2.624,,95.87,,,,,,,,0.546,48.11,8.511,0.583,54.713,6.71,,,,,-0.33753,50.0
BWA,Botswana,1996,4543.211,47.746,43.611,,,41.5,83.618,,5.661,0.435,,96.0,2.444,,95.85,,,,,,,,0.541,45.71,8.511,0.584,54.284,6.89,,,,,-0.4133408,51.0
BWA,Botswana,1997,4809.444,47.748,42.437,,,41.6,,,,0.394,,96.0,2.303,,95.84,,,,,,,,0.538,46.69,8.511,0.587,53.594,7.07,,,,,-0.4915024,52.0
BWA,Botswana,1998,4724.937,47.579,41.297,,,41.7,84.555,62.074,5.961,0.391,,98.0,2.215,,95.83,,,,,,,,0.54,47.67,8.511,0.588,52.968,7.25,,,,,-0.5365322,53.0
BWA,Botswana,1999,5070.948,48.556,40.144,,,42.4,85.066,56.641,6.253,0.4,,97.0,2.161,,95.76,,,,,,,,0.538,48.11,8.511,0.592,52.499,7.43,,,,,-0.5237979,54.0
BWA,Botswana,2000,5062.643,49.294,39.002,,,42.5,85.933,59.256,6.981,0.411,,97.0,2.132,,95.75,,,,,,,,0.5,48.54,17.021,0.594,52.263,7.61,,,,,-0.5728299,55.0
BWA,Botswana,2001,4971.964,47.914,39.485,,28.1,42.3,87.258,,7.487,0.413,,97.0,2.058,71.9,95.77,,,,,,,,0.499,46.17,17.021,0.595,52.21,7.744,,,,,-0.4677758,56.0
BWA,Botswana,2002,5175.477,46.451,39.973,,28.5,42.4,87.328,58.091,7.803,0.411,,97.0,1.881,71.5,95.76,,,,,,,,0.493,47.48,17.021,0.594,52.373,7.878,,,,,-0.5070965,57.0
BWA,Botswana,2003,5320.44,45.107,40.465,,29.0,43.3,87.475,59.785,9.08,0.413,,96.0,1.76,71.0,95.67,,81.0,,,0.701,0.619,0.146,0.493,48.79,17.021,0.602,52.851,8.012,,,,,-0.4679788,58.0
BWA,Botswana,2004,5369.425,46.497,40.959,,28.1,44.5,88.409,,9.569,0.436,,96.0,1.753,71.9,95.55,,,,,,,,0.517,50.11,11.111,0.608,53.573,8.146,,,,,-0.4852541,59.0
BWA,Botswana,2005,5514.217,47.82,41.457,,26.9,43.0,87.658,,9.231,0.488,157.7,96.0,1.795,73.1,95.7,84.23,,,,,,,0.517,51.42,11.111,0.616,54.386,8.28,,,,,-0.4849948,60.0
BWA,Botswana,2006,5865.0,49.243,41.958,,26.6,43.8,88.635,,10.07,0.61,139.79,96.0,1.865,73.4,95.62,86.021,,,,,,,0.519,52.73,11.111,0.627,55.112,8.398,,,,,-0.4318689,61.0
BWA,Botswana,2007,6085.635,50.523,41.103,,26.3,47.1,87.271,,10.223,0.612,183.47,96.0,1.938,73.7,95.29,81.65299999999999,,,,,,,0.518,53.74,11.111,0.64,56.735,8.516,,,,,-0.4545063,62.0
BWA,Botswana,2008,6158.616,51.717,40.25,,26.0,49.0,85.99,,14.266,0.61,195.73,96.0,2.008,74.0,95.1,80.42699999999999,,,,,,,0.518,54.75,11.111,0.645,57.661,8.634,,,,,-0.1673907,63.0
BWA,Botswana,2009,5179.414,52.547,39.401,,24.8,49.3,85.555,,21.987,0.657,189.57,96.0,2.066,75.2,95.07,81.043,,,,,,,0.522,55.76,7.937,0.644,58.297,8.752,,,,,-0.2601216,64.0
BWA,Botswana,2010,5584.503,49.171,38.505,143.135,23.3,50.5,,,19.54,0.711,163.0,95.0,2.109,76.7,94.95,83.7,,,,,,,0.509,52.87,7.937,0.652,59.137,8.87,,,53.306,26.415,-0.3744233,65.0
BWA,Botswana,2011,5850.079,49.638,38.183,,22.0,52.0,,,17.513,0.832,188.86,95.0,1.969,78.0,94.8,81.114,,,,,,,0.53,56.32,7.937,0.661,59.715,9.1,,,53.306,25.773,-0.3145963,66.0
BWA,Botswana,2012,5742.919,50.21,37.864,,21.3,48.8,87.756,,21.666,0.89,147.9,95.0,1.678,78.7,95.12,85.21,,,,,,,0.538,59.77,7.937,0.667,60.384,9.33,,,53.306,25.223,-0.4634553,67.0
BWA,Botswana,2013,6284.977,50.399,37.548,,20.8,47.6,88.027,,26.337,0.677,182.6,95.0,1.509,79.2,95.24,81.74000000000001,,,,,,,0.498,63.22,7.937,0.676,61.217,9.56,,,53.306,24.602,-0.421287,68.0
BWA,Botswana,2014,6547.123,50.472,37.23,,20.1,48.4,87.657,,24.836,0.645,151.6,95.0,1.454,79.9,95.16,84.84,,,,,,,0.502,62.49,9.524,0.685,62.167,9.79,,,53.306,24.052,-0.4764662,69.0
BWA,Botswana,2015,6141.204,50.428,36.912,151.135,20.3,47.2,,,26.869,0.427,127.0,95.0,1.428,79.7,95.28,87.3,,,,,,,0.505,61.76,9.524,0.69,63.215,10.02,33.301,23.277,53.306,23.32,-0.4800039,70.0
BWA,Botswana,2016,6490.835,50.389,36.593,,20.9,46.7,,,22.661,0.219,156.6,95.0,1.42,79.1,95.33,84.34,,,,,,,0.48,61.03,9.524,0.696,64.32,10.1,30.45,23.277,45.482,22.59,-0.4188447,71.0
BWA,Botswana,2017,6662.576,50.419,36.273,,22.1,44.3,,,21.476,0.14,143.2,95.0,1.42,77.9,95.57,85.68,,,,,,,0.459,60.29,9.524,0.704,65.42,10.18,30.279,23.277,45.482,22.078,-0.3974874,72.0
BWA,Botswana,2018,6843.846,50.697,35.953,,22.1,43.2,,,,0.299,133.7,95.0,1.419,77.9,95.68,86.63,,,,,,,0.492,59.56,9.524,0.71,66.371,10.26,30.083,23.277,45.482,21.491,-0.3304924,73.0
BWA,Botswana,2019,6951.732,50.724,35.634,,22.8,42.3,,,21.497,0.3,166.3,95.0,1.423,77.2,95.77,83.37,,,,,,,0.466,58.83,10.769,0.718,67.167,10.34,29.944,23.277,45.482,21.073,-0.3806424,74.0
BWA,Botswana,2020,6254.248,48.415,34.957,151.586,22.8,41.5,,,22.402,0.291,130.5,95.0,1.439,77.2,95.85,86.95,,,,,,,0.497,60.91,10.769,0.718,67.643,10.42,29.688,23.277,45.482,20.307,,
BRA,Brazil,1990,6149.867,,64.073,,,52.0,,,,0.428,,66.0,1.786,,94.8,,,,,,,,0.582,44.95,6.734,0.641,65.862,3.685,,,,,-0.4928587,45.0
BRA,Brazil,1991,6107.648,60.263,64.086,,,49.8,,,,0.38,,78.0,1.716,,95.02,,,,,,,,0.577,44.02,6.734,0.645,66.203,3.831,,,,,-0.4712324,46.0
BRA,Brazil,1992,5973.982,60.377,63.792,,,47.4,,,,0.336,,71.0,1.667,,95.26,,,,,,,,0.561,53.18,6.734,0.648,66.539,3.977,,,,,-0.4069801,47.0
BRA,Brazil,1993,6167.46,61.293,63.474,,,44.9,,,,0.315,,75.0,1.62,,95.51,,,,,,,,0.557,52.53,6.734,0.654,66.892,4.123,,,,,-0.2149074,48.0
BRA,Brazil,1994,6427.168,61.146,63.133,,,42.4,,,,0.294,,74.0,1.563,,95.76,,,,,,,,0.553,51.38,6.734,0.659,67.293,4.269,,,,,-0.2384811,49.0
BRA,Brazil,1995,6596.335,61.006,62.77,,,39.8,,,,0.276,115.7,81.0,1.539,,96.02,88.43,,,,,,,0.543,50.24,6.734,0.666,67.701,4.415,,,,,-0.1562145,50.0
BRA,Brazil,1996,6640.726,58.811,60.284,,,37.4,,,,0.254,103.2,77.0,1.514,,96.26,89.68,,,,,,,0.536,49.0,6.734,0.671,68.108,4.586,,,,,-0.1373476,51.0
BRA,Brazil,1997,6764.858,58.954,61.144,,,35.1,,,,0.236,109.7,79.0,1.487,,96.49,89.03,,,,,,,0.53,50.04,6.734,0.676,68.505,4.758,,,,,-0.1487877,52.0
BRA,Brazil,1998,6687.494,58.332,60.956,,,33.0,,,,0.209,110.2,93.0,1.488,,96.7,88.98,,,,,,,0.522,50.77,6.734,0.68,68.848,4.929,,,,,-0.09260805,53.0
BRA,Brazil,1999,6621.636,58.297,61.443,,,31.0,96.914,,,0.18,92.3,94.0,1.457,,96.9,90.77,,,,,,,0.514,52.06,5.892,0.684,69.211,5.101,,,,,-0.007998766,54.0
BRA,Brazil,2000,6817.783,58.641,61.108,,,29.1,,,,0.158,73.3,98.0,1.375,,97.09,92.67,86.0,,,0.857,0.043,0.506,0.506,53.22,5.892,0.69,69.584,5.272,,,,,0.03071504,55.0
BRA,Brazil,2001,6823.033,59.002,60.762,,10.5,27.3,98.034,,,0.147,70.9,98.0,1.303,89.5,97.27,92.91,,,,,,,0.495,54.39,6.745,0.694,69.98,5.449,,,,,0.00327721,56.0
BRA,Brazil,2002,6944.623,59.848,62.158,,9.1,25.5,95.73,,,0.14,75.9,99.0,1.241,90.9,97.45,92.41,,,,,,,0.494,55.91,6.745,0.7,70.396,5.626,,,,,0.01329164,57.0
BRA,Brazil,2003,6941.44,59.427,61.66,,7.6,23.9,93.18,,,0.136,73.0,99.0,1.18,92.4,97.61,92.7,,,,,,,0.471,56.02,9.091,0.705,70.884,5.803,,,,,-0.05308343,58.0
BRA,Brazil,2004,7258.781,60.579,62.693,,6.3,22.4,94.423,,,0.138,76.1,99.0,1.13,93.7,97.76,92.39,89.0,0.5647182464599609,South America,0.856,-0.092,0.548,0.47,56.95,9.091,0.712,71.361,5.98,,,,,-0.06880718,59.0
BRA,Brazil,2005,7409.568,60.87,64.12,,5.7,21.0,94.853,,,0.139,74.7,99.0,1.096,94.3,97.9,92.53,,,,,,,0.467,58.11,9.091,0.718,71.832,6.15,,,,,-0.1500387,60.0
BRA,Brazil,2006,7622.039,61.143,62.792,,5.1,19.7,,,,0.136,77.2,99.0,1.058,94.9,98.03,92.28,90.0,0.5564221143722534,South America,0.874,-0.391,0.495,0.466,57.83,9.259,0.725,72.296,6.32,,,,,-0.1164917,61.0
BRA,Brazil,2007,8003.253,61.05,62.389,,4.5,18.6,91.589,73.182,,0.133,77.0,99.0,1.012,95.5,98.14,92.3,90.0,0.5491916537284851,South America,0.869,-0.29,0.495,0.463,57.58,9.428,0.732,72.73,6.5,,,,,-0.1903014,62.0
BRA,Brazil,2008,8330.764,61.619,61.812,,4.0,17.6,97.549,,,0.127,68.1,99.0,0.958,96.0,98.24,93.19,90.0,0.5403758883476257,South America,0.869,-0.148,0.495,0.46,57.21,9.428,0.739,73.111,6.67,,,,,-0.1914079,63.0
BRA,Brazil,2009,8246.096,61.052,61.426,,3.5,16.7,95.528,78.799,,0.121,72.4,99.0,0.896,96.5,98.33,92.76,90.0,0.5368199944496155,South America,0.869,-0.151,0.495,0.456,57.71,9.259,0.742,73.457,6.77,,,,,-0.3499405,64.0
BRA,Brazil,2010,8792.633,60.575,59.446,179.955,3.0,16.0,,,,0.114,68.9,99.0,0.841,97.0,98.4,93.11,90.0,,,0.872,-0.087,0.495,0.447,56.2,9.596,0.748,73.779,6.88,23.578,21.083,37.473,12.177,-0.4674454,65.0
BRA,Brazil,2011,9067.992,59.954,57.425,,2.7,15.3,95.007,77.958,,0.106,61.8,99.0,0.814,97.3,98.47,93.82,91.0,0.5294176936149597,South America,0.876,-0.152,0.494,0.446,54.69,9.596,0.753,74.047,7.01,23.656,22.422,36.68,11.866,-0.5357967,66.0
BRA,Brazil,2012,9167.498,59.738,57.114,,2.5,14.8,98.076,76.4,43.834,0.101,59.3,95.0,0.812,97.5,98.52,94.07,91.0,0.5343539118766785,South America,0.872,-0.161,0.494,0.441,52.47,9.596,0.758,74.335,7.22,29.136,39.189,36.68,11.538,-0.5803872,67.0
BRA,Brazil,2013,9366.738,59.766,55.994,,2.5,14.4,93.769,82.046,44.997,0.102,62.1,97.0,0.811,97.5,98.56,93.79,91.0,0.5268340110778809,South America,0.876,-0.118,0.494,0.445,52.45,9.596,0.762,74.609,7.29,28.354,38.568,35.215,11.28,-0.5961423,68.0
BRA,Brazil,2014,9338.342,59.714,55.128,,2.5,14.0,94.841,81.925,47.813,0.106,63.8,93.0,0.806,97.5,98.6,93.62,92.0,0.520297110080719,South America,0.877,-0.175,0.507,0.441,52.38,10.438,0.765,74.823,7.38,27.813,37.162,35.215,11.061,-0.6677435,69.0
BRA,Brazil,2015,8936.196,58.787,54.966,186.882,2.5,13.7,94.731,81.689,49.081,0.105,62.0,96.0,0.792,97.5,98.63,93.8,92.0,0.519265353679657,South America,0.863,-0.255,0.507,0.436,53.03,10.774,0.764,75.106,7.51,27.327,35.939,35.215,10.826,-0.5676011,70.0
BRA,Brazil,2016,8577.843,56.845,55.18,,2.5,14.6,95.471,82.328,48.967,0.102,64.4,89.0,0.762,97.5,98.54,93.56,93.0,0.5336719155311584,South America,0.782,-0.248,0.535,0.432,53.28,10.774,0.765,75.081,7.73,23.223,17.906,41.075,10.687,-0.5337768,71.0
BRA,Brazil,2017,8628.252,56.271,56.041,,2.5,13.3,96.299,81.729,50.733,0.098,64.5,83.0,0.728,97.5,98.67,93.55,93.0,0.5332115888595581,South America,0.778,-0.317,0.535,0.422,54.15,11.279,0.77,75.383,7.85,23.191,16.511,42.52,10.541,-0.2968818,72.0
BRA,Brazil,2018,8722.335,56.549,56.147,,2.5,13.1,,,52.057,0.1,59.1,87.0,0.683,97.5,98.69,94.09,93.0,0.5388841032981873,South America,0.753,-0.52,0.535,0.401,54.43,14.983,0.774,75.633,7.98,22.947,15.539,43.017,10.285,-0.04315897,73.0
BRA,Brazil,2019,8771.44,57.142,57.047,,2.5,13.0,,,53.622,0.101,57.9,70.0,0.652,97.5,98.7,94.21,,,,,,,0.398,55.2,14.983,0.776,75.809,8.126,22.632,15.147,42.69,10.057,0.3209859,74.0
BRA,Brazil,2020,8435.01,52.195,51.435,186.396,2.8,12.8,,,55.529,0.128,74.7,77.0,0.579,97.2,98.72,92.53,,,,,,,0.411,50.25,14.31,0.77,74.506,8.274,21.14,13.803,39.775,9.842,,
BRN,Brunei Darussalam,1990,44179.828,,47.866,,,10.3,,,,0.249,,93.0,2.872,,98.97,,,,,,,,,,,,,,,,,,-0.5349136,45.0
BRN,Brunei Darussalam,1991,44201.139,63.238,47.394,,,10.2,89.859,67.867,,0.234,,95.0,2.821,,98.98,,,,,,,,,,,,,,,,,,-0.9457799,46.0
BRN,Brunei Darussalam,1992,41672.371,63.545,47.603,,,10.2,91.669,64.052,5.497,0.215,,96.0,2.721,,98.98,,,,,,,,,,,,,,,,,,-0.8762826,47.0
BRN,Brunei Darussalam,1993,40342.05,63.801,47.822,,,10.1,94.306,65.111,5.811,0.195,,99.0,2.609,,98.99,,,,,,,,,,,,,,,,,,-0.9291922,48.0
BRN,Brunei Darussalam,1994,39721.435,64.008,48.052,,,10.0,94.424,66.435,6.157,0.181,,99.0,2.538,,99.0,,,,,,,,,,,,,,,,,,-0.8449204,49.0
BRN,Brunei Darussalam,1995,39274.498,64.187,48.289,,,9.7,97.983,,,0.164,,99.0,2.47,,99.03,,,,,,,,,,,,,,,,,,-0.9581053,50.0
BRN,Brunei Darussalam,1996,38331.658,64.303,48.521,,,9.5,,,,0.151,,99.0,2.403,,99.05,,,,,,,,,,,,,,,,,,-0.7598371,51.0
BRN,Brunei Darussalam,1997,39820.211,64.422,48.746,,,9.1,,,,0.14,,99.0,2.341,,99.09,,,,,,,,,,,,,,,,,,-0.6829524,52.0
BRN,Brunei Darussalam,1998,36331.181,64.47,48.973,,,8.8,,,10.633,0.131,,97.0,2.281,,99.12,,,,,,,,,,,,,,,,,,-0.8435711,53.0
BRN,Brunei Darussalam,1999,37045.934,64.574,49.203,,,8.6,,,13.025,0.123,,92.0,2.224,,99.14,,,,,,,,,,,,,,,,,,-0.8771919,54.0
BRN,Brunei Darussalam,2000,37509.598,64.623,49.436,,,8.3,,,13.496,0.114,,99.0,2.172,,99.17,,,,,,,,,,,,,,,,,,-0.8651316,55.0
BRN,Brunei Darussalam,2001,37269.31,64.702,49.672,,,8.1,,,14.668,0.106,,97.0,2.098,,99.19,,,,,,,,,,,,,,,,,,-0.9916943,56.0
BRN,Brunei Darussalam,2002,37976.263,64.496,49.025,,,8.0,,,14.115,0.101,,94.0,2.006,,99.2,,,,,,,,,,,,,,,,,,-0.8080824,57.0
BRN,Brunei Darussalam,2003,38595.169,64.269,48.381,,,7.9,,,14.257,0.095,,92.0,1.904,,99.21,,,,,,,,,,,,,,,,,,-1.183856,58.0
BRN,Brunei Darussalam,2004,37948.659,64.018,47.732,,,7.8,,,15.171,0.088,,92.0,1.794,,99.22,,,,,,,,,,,,,,,,,,-0.7775941,59.0
BRN,Brunei Darussalam,2005,37312.278,63.743,47.077,,,7.8,,88.249,15.25,0.082,,94.0,1.687,,99.22,,,,,,,,,,,,,,,,,,-0.9764973,60.0
BRN,Brunei Darussalam,2006,38229.357,63.475,46.419,,,7.8,,89.344,15.207,0.078,,97.0,1.589,,99.22,,,,,,,,,,,,,,,,,,-0.9578211,61.0
BRN,Brunei Darussalam,2007,36174.517,63.091,45.772,,,7.9,,87.68,15.485,0.074,,99.0,1.689,,99.21,,,,,,,,,,,,,,,,,,-0.6129482,62.0
BRN,Brunei Darussalam,2008,34126.694,62.677,45.135,,,8.0,,87.525,15.739,0.073,,98.0,1.849,,99.2,,,,,,,,,,,,,,,,,,-0.5879683,63.0
BRN,Brunei Darussalam,2009,32855.602,62.36,44.494,,,8.0,93.18,89.114,16.566,0.073,,99.0,1.877,,99.2,,,,,,,,,,,,,,,,,,-0.8986147,64.0
BRN,Brunei Darussalam,2010,33121.318,62.24,43.848,,,8.1,,90.154,15.333,0.074,,95.0,1.899,,99.19,,,,,,,,,,,,,,,,,,-0.9992294,65.0
BRN,Brunei Darussalam,2011,33754.364,62.178,43.206,,,8.2,,91.165,17.424,0.076,,97.0,1.783,,99.18,,,,,,,,,,,,,,,,,,-0.9469778,66.0
BRN,Brunei Darussalam,2012,33544.539,62.02,42.58,,,8.3,92.7,93.348,22.073,0.077,,95.0,1.533,,99.17,,,,,,,,,,,,,,,,,,-0.8864694,67.0
BRN,Brunei Darussalam,2013,32381.074,61.744,41.963,,,8.4,93.514,91.378,23.465,0.076,,99.0,1.382,,99.16,,,,,,,,,,,,,,,,,,-0.9862823,68.0
BRN,Brunei Darussalam,2014,31148.73,61.421,41.346,,,8.5,92.534,87.45,30.08,0.075,,99.0,1.34,,99.15,,,,,,,,,,,,,,,,,,-1.037055,69.0
BRN,Brunei Darussalam,2015,30625.129,60.623,40.728,,,8.5,92.485,85.063,28.664,0.073,,99.0,1.302,,99.15,,,,,,,,,,,,,,,,,,-1.049026,70.0
BRN,Brunei Darussalam,2016,29492.415,59.836,40.108,,,8.6,93.751,83.796,28.664,0.072,,99.0,1.26,,99.14,,,,,,,,0.312,57.22,6.452,0.838,74.905,9.06,11.375,14.918,12.124,7.084,-0.9164218,71.0
BRN,Brunei Darussalam,2017,29524.659,59.117,39.484,,,8.6,93.533,84.046,31.243,0.07,,99.0,1.211,,99.14,,,,,,,,0.286,56.5,9.091,0.837,74.943,9.1,10.457,12.172,12.124,7.074,-0.9267896,72.0
BRN,Brunei Darussalam,2018,29200.195,60.653,40.567,,,8.6,93.147,82.645,27.929,0.068,,99.0,1.157,,99.14,,,,,,,,0.286,57.31,9.091,0.837,74.992,9.14,10.13,11.21,12.124,7.057,-0.9243476,73.0
BRN,Brunei Darussalam,2019,29996.241,60.517,39.011,,,8.5,,,27.772,0.065,,99.0,1.106,,99.15,,,,,,,,0.286,54.66,9.091,0.835,75.049,9.18,10.129,11.231,12.124,7.032,-0.8108705,74.0
BRN,Brunei Darussalam,2020,30015.959,59.215,38.341,203.341,,8.5,,,27.469,0.065,,99.0,1.061,,99.15,,,,,,,,0.276,55.15,9.091,0.836,75.114,9.22,10.013,10.912,12.124,7.004,,
BGR,Bulgaria,1990,4425.5,,28.731,,,14.6,,,,0.041,,99.0,-1.804,,98.54,,,,,,,,0.362,55.24,10.833,0.706,71.321,6.811,,,,,0.9407728,45.0
BGR,Bulgaria,1991,4092.079,44.578,29.668,,,15.0,,,,0.036,,99.0,-0.99,,98.5,,,,,,,,0.364,55.24,10.833,0.706,71.194,7.085,,,,,1.39452,46.0
BGR,Bulgaria,1992,3835.454,42.405,30.486,,,15.3,,,,0.034,,98.0,-1.074,,98.47,,,,,,,,0.356,53.82,10.833,0.709,71.178,7.37,,,,,1.436113,47.0
BGR,Bulgaria,1993,3808.943,41.724,30.579,,,15.4,,,,0.03,,98.0,-0.798,,98.46,,,,,,,,0.355,52.44,10.833,0.711,71.185,7.667,,,,,1.510443,48.0
BGR,Bulgaria,1994,3891.382,43.418,30.308,,,15.4,,,,0.029,,93.0,-0.34,,98.46,,,,,,,,0.36,51.05,10.833,0.713,70.861,7.963,,,,,1.276595,49.0
BGR,Bulgaria,1995,4021.995,44.144,29.896,,,15.5,,,,0.025,,96.0,-0.445,,98.45,,,,,,,,0.355,49.67,10.833,0.709,70.962,8.26,,,,,1.126157,50.0
BGR,Bulgaria,1996,4253.235,43.263,29.213,,,15.7,93.935,84.365,,0.024,,95.0,-0.516,,98.43,,,,,,,,0.334,48.28,10.833,0.718,70.836,8.557,,,,,1.340107,51.0
BGR,Bulgaria,1997,3675.181,43.161,31.072,,,15.7,95.004,84.298,,0.023,,94.0,-0.609,,98.43,,,,,,,,0.338,46.9,10.833,0.713,70.314,8.853,,,,,1.424457,52.0
BGR,Bulgaria,1998,3839.977,43.715,30.498,,,15.4,95.138,84.478,,0.02,,95.0,-0.667,,98.46,,,,,,,,0.328,46.15,10.833,0.723,70.873,9.15,,,,,1.213249,53.0
BGR,Bulgaria,1999,3537.345,43.108,31.605,,,14.9,95.596,85.224,,0.022,,96.0,-0.561,,98.51,,,,,,,,0.344,45.4,10.833,0.728,71.561,9.447,,,,,1.145708,54.0
BGR,Bulgaria,2000,3717.929,41.851,30.934,,,14.3,95.275,86.448,,0.021,,93.0,-0.494,,98.57,,,,,,,,0.336,44.66,10.833,0.733,71.575,9.743,,,,,1.053171,55.0
BGR,Bulgaria,2001,3937.702,41.219,34.758,,4.9,13.8,95.544,87.274,41.041,0.018,,94.0,-1.991,95.1,98.62,,98.0,,,0.692,,0.387,0.268,46.44,26.25,0.742,71.879,10.04,,,,,1.135669,56.0
BGR,Bulgaria,2002,4260.405,41.731,31.921,,5.2,13.2,93.969,87.631,41.429,0.016,,93.0,-2.171,94.8,98.68,,,,,,,,0.254,46.04,26.25,0.753,72.128,10.116,,,,,1.178843,57.0
BGR,Bulgaria,2003,4519.184,43.272,29.313,,5.6,12.5,94.307,84.918,42.854,0.015,,96.0,-0.792,94.4,98.75,,,,,,,,0.245,44.78,26.25,0.762,72.373,10.192,,,,,1.204306,58.0
BGR,Bulgaria,2004,4849.871,44.781,29.571,,6.0,11.8,95.468,85.789,43.694,0.015,,95.0,-0.755,94.0,98.82,,,,,,,,0.239,45.44,26.25,0.769,72.575,10.268,,,,,1.026114,59.0
BGR,Bulgaria,2005,5231.338,45.075,27.922,,6.1,11.0,94.185,85.898,46.225,0.015,,96.0,-0.753,93.9,98.9,,,,,,,,0.24,44.4,22.083,0.775,72.559,10.344,,,,,0.9086033,60.0
BGR,Bulgaria,2006,5629.801,47.358,28.906,,6.3,10.4,95.187,85.107,47.795,0.014,,95.0,-0.76,93.7,98.96,,,,,,,,0.231,46.35,22.083,0.779,72.69,10.42,,,,,1.003013,61.0
BGR,Bulgaria,2007,6048.742,49.864,28.924,,5.9,9.9,97.781,84.918,51.24,0.013,,95.0,-0.735,94.1,99.01,,,,,,,,0.224,47.46,21.667,0.785,73.008,10.54,,,,,0.9388188,62.0
BGR,Bulgaria,2008,6464.722,51.785,30.15,,5.8,9.6,98.046,84.195,52.65,0.013,,95.0,-0.702,94.2,99.04,,,,,,,,0.226,48.32,21.667,0.791,73.338,10.59,,,,,0.9778247,63.0
BGR,Bulgaria,2009,6288.725,50.412,29.553,,5.4,9.3,97.743,83.439,55.008,0.013,,94.0,-0.644,94.6,99.07,,,,,,,,0.233,47.52,20.833,0.793,73.681,10.64,,,,,0.9531417,64.0
BGR,Bulgaria,2010,6428.717,48.003,31.167,207.067,5.3,9.1,97.957,83.956,58.355,0.012,,94.0,-0.658,94.7,99.09,,,,,,,,0.228,47.77,20.833,0.799,73.814,10.72,11.117,7.307,18.523,7.52,1.043852,65.0
BGR,Bulgaria,2011,6605.309,46.633,29.462,,5.2,8.7,97.976,85.724,59.825,0.011,,95.0,-0.641,94.8,99.13,,98.0,0.3427497744560241,Europe,0.672,-0.071,0.504,0.223,47.2,20.833,0.803,74.169,10.78,11.579,7.12,20.615,7.001,1.039589,66.0
BGR,Bulgaria,2012,6693.428,46.65,30.447,,4.8,8.3,95.726,86.737,62.162,0.009,,95.0,-0.579,95.2,99.17,,,,,,,,0.218,47.83,22.917,0.807,74.337,10.9,11.097,6.692,19.871,6.728,0.9664227,67.0
BGR,Bulgaria,2013,6792.735,46.957,29.66,,4.2,7.8,93.907,90.04,68.201,0.009,,95.0,-2.017,95.8,99.22,,,,,,,,0.213,48.56,24.583,0.815,74.828,11.01,11.477,6.616,21.257,6.558,0.9743189,68.0
BGR,Bulgaria,2014,6941.019,47.801,27.229,,4.2,7.3,92.614,91.023,72.982,0.009,,88.0,-1.215,95.8,99.27,,,,,,,,0.224,48.62,20.0,0.819,74.466,11.05,11.758,6.433,22.263,6.577,1.019879,69.0
BGR,Bulgaria,2015,7268.654,49.252,25.974,213.658,4.1,6.8,90.406,91.229,78.3,0.009,,91.0,-1.271,95.9,99.32,,,,,,,,0.218,48.56,20.417,0.824,74.621,11.19,11.744,6.779,22.533,5.921,0.9979336,70.0
BGR,Bulgaria,2016,7586.504,49.272,23.9,,4.2,6.4,87.582,90.105,80.64,0.009,,92.0,-1.298,95.8,99.36,,,,,,,,0.217,47.66,20.417,0.827,74.827,11.23,12.483,6.527,25.075,5.846,1.081691,71.0
BGR,Bulgaria,2017,7898.707,51.99,26.311,,3.4,6.1,86.445,89.058,81.225,0.008,,92.0,-1.324,96.6,99.39,,,,,,,,0.207,49.52,23.75,0.829,74.798,11.24,12.817,6.329,26.336,5.785,1.055064,72.0
BGR,Bulgaria,2018,8194.374,52.434,23.702,,3.1,5.8,,,83.135,0.008,,92.0,-1.371,96.9,99.42,,,,,,,,0.209,49.22,23.75,0.832,74.933,11.297,12.289,6.099,25.225,5.541,1.036302,73.0
BGR,Bulgaria,2019,8626.134,54.309,23.979,,3.0,5.5,,,84.75,0.008,,93.0,-1.412,97.0,99.45,,,,,,,,0.205,50.28,25.833,0.835,75.087,11.353,12.507,6.21,25.92,5.391,1.166354,74.0
BGR,Bulgaria,2020,8440.083,53.063,21.795,221.455,2.8,5.4,,,85.533,0.01,,91.0,-1.003,97.2,99.46,,,,,,,,0.2,49.2,26.667,0.826,73.599,11.41,12.061,5.932,25.212,5.039,,
BFA,Burkina Faso,1990,332.153,,78.745,,,102.9,,,0.744,4.843,,66.0,2.635,,89.71,,,,,,,,,,,,,,,,,,-0.8256088,45.0
BFA,Burkina Faso,1991,353.207,81.859,78.973,,,102.5,27.182,,0.695,4.659,,53.0,2.536,,89.75,,14.0,,,0.193,,0.717,,,,,,,,,,,-0.7692276,46.0
BFA,Burkina Faso,1992,345.402,81.635,78.535,,,102.3,27.704,6.675,0.929,4.437,,39.0,2.467,,89.77,,,,,,,,,,,,,,,,,,-0.6194412,47.0
BFA,Burkina Faso,1993,348.581,81.505,78.09,,,102.0,28.687,6.861,1.084,4.235,,39.0,2.487,,89.8,,,,,,,,,,,,,,,,,,-0.8054119,48.0
BFA,Burkina Faso,1994,344.371,81.179,77.639,,,101.4,29.913,6.865,1.057,4.047,,36.0,2.522,,89.86,,,,,,,,,,,,,,,,,,-0.8310764,49.0
BFA,Burkina Faso,1995,354.841,81.02,77.182,,,100.6,31.535,,1.1,3.907,,34.0,2.564,,89.94,,,,,,,,,,,,,,,,,,-0.7761361,50.0
BFA,Burkina Faso,1996,383.974,80.891,76.719,,,99.2,,,1.057,3.753,,37.0,2.559,,90.08,,13.0,,,0.472,-0.929,0.545,,,,,,,,,,,-0.3852542,51.0
BFA,Burkina Faso,1997,397.839,80.716,76.249,,,97.7,,,0.969,3.747,,39.0,2.578,,90.23,,,,,,,,,,,,,,,,,,-0.7443763,52.0
BFA,Burkina Faso,1998,415.274,80.488,75.774,,,96.0,34.98,,,3.463,,15.0,2.764,,90.4,,,,,,,,,,,,,,,,,,-0.7457864,53.0
BFA,Burkina Faso,1999,433.105,80.189,75.293,,,94.2,35.49,8.638,0.984,3.308,,15.0,2.93,,90.58,,,,,,,,0.647,78.95,10.453,,50.463,,,,,,-0.9875242,54.0
BFA,Burkina Faso,2000,428.31,79.869,74.805,,,92.4,36.334,,,3.161,,45.0,2.984,,90.76,,,,,,,,0.644,80.05,10.453,,50.808,,,,,,-0.7722388,55.0
BFA,Burkina Faso,2001,442.914,79.609,74.312,,22.4,90.5,37.263,7.98,1.114,3.061,,62.0,3.051,77.6,90.95,,,,,,,,0.639,81.16,10.989,,51.188,,,,,,-0.8569531,56.0
BFA,Burkina Faso,2002,448.129,79.303,73.813,,20.4,88.3,36.721,,1.341,2.992,,69.0,3.09,79.6,91.17,,,,,,,,0.633,82.27,11.712,,51.447,,,,,,-0.8434085,57.0
BFA,Burkina Faso,2003,468.263,79.156,73.308,,18.5,85.9,38.652,9.487,1.505,2.912,,79.0,3.118,81.5,91.41,,22.0,0.4325115084648132,Africa,0.513,-0.813,0.532,0.629,83.38,11.712,,51.959,,,,,,-0.7918179,58.0
BFA,Burkina Faso,2004,474.086,78.372,72.796,,17.4,83.2,41.149,10.555,,2.8,,79.0,3.145,82.6,91.68,,,,,,,,0.624,84.49,11.712,,52.6,,,,,,-0.5542341,59.0
BFA,Burkina Faso,2005,499.193,77.734,72.278,,17.0,80.3,45.748,11.395,2.143,2.713,,82.0,3.147,83.0,91.97,,24.0,,,0.518,-0.605,0.532,0.619,85.6,11.712,0.333,53.271,1.344,,,,,-0.4672435,60.0
BFA,Burkina Faso,2006,514.113,77.783,71.755,,16.5,77.1,48.747,12.21,2.258,2.711,,86.0,3.12,83.5,92.29,,22.0,,,0.546,-0.801,0.532,0.633,61.1,11.712,0.34,53.784,1.32,,,,,-0.6158342,61.0
BFA,Burkina Faso,2007,519.261,77.861,71.224,,15.9,73.9,54.034,12.921,2.405,2.642,,89.0,3.033,84.1,92.61,,28.0,,,0.54,-0.77,0.532,0.604,85.0,15.315,0.344,54.377,0.98,,,,,-0.6324989,62.0
BFA,Burkina Faso,2008,533.471,77.477,70.688,,15.4,71.0,59.97,14.773,2.93,2.493,,93.0,2.938,84.6,92.9,,,,,,,,0.601,81.17,15.315,0.357,55.199,1.024,,,,,-0.4491333,63.0
BFA,Burkina Faso,2009,533.47,77.075,70.146,,15.0,68.2,62.793,15.822,3.267,2.422,,92.0,2.919,85.0,93.18,,,,,,,,0.6,77.35,15.315,0.366,55.791,1.069,,,,,-0.3774479,64.0
BFA,Burkina Faso,2010,561.847,76.847,69.598,96.176,15.0,65.7,59.913,16.483,3.349,2.322,,91.0,2.926,85.0,93.43,,,,,,,,0.599,73.52,15.315,0.377,56.343,1.113,39.841,38.648,40.437,40.437,-0.6505832,65.0
BFA,Burkina Faso,2011,581.604,76.538,69.044,,14.6,63.5,64.891,18.461,3.919,2.212,,91.0,2.957,85.4,93.65,,,,,,,,0.596,69.7,15.315,0.389,57.001,1.157,39.472,38.648,40.437,39.331,-0.4940769,66.0
BFA,Burkina Faso,2012,600.731,76.292,68.485,,14.1,61.6,65.683,19.745,4.338,2.125,330.0,90.0,3.017,85.9,93.84,67.0,,,,,,,0.593,65.87,15.748,0.398,57.457,1.201,39.216,38.648,40.437,38.565,-0.3717298,67.0
BFA,Burkina Faso,2013,616.741,75.898,67.92,,13.5,59.8,66.591,21.662,4.573,2.017,,88.0,3.001,86.5,94.02,,,,,,,,0.595,62.04,15.748,0.405,57.903,1.246,38.97,38.648,40.437,37.827,-0.6146154,68.0
BFA,Burkina Faso,2014,624.577,75.506,67.351,,13.4,58.0,67.798,,4.895,1.884,,91.0,2.973,86.6,94.2,,35.0,0.3530122637748718,Africa,0.575,-0.591,0.437,0.592,58.22,15.748,0.409,58.331,1.29,36.958,38.648,35.282,36.944,-0.5528141,69.0
BFA,Burkina Faso,2015,630.125,75.102,66.775,103.549,13.6,56.3,69.39,26.534,4.904,1.76,,91.0,2.962,86.4,94.37,,,,,,,,0.61,53.15,9.449,0.419,58.778,1.447,36.729,38.648,35.282,36.257,-0.5703765,70.0
BFA,Burkina Faso,2016,648.42,74.767,66.195,,14.0,54.7,75.209,28.105,5.405,1.632,,91.0,2.925,86.0,94.53,,,,,,,,0.606,48.08,9.449,0.427,59.173,1.605,36.451,38.648,35.282,35.424,-0.5733454,71.0
BFA,Burkina Faso,2017,669.276,74.479,65.611,,14.0,53.1,76.424,29.142,5.834,1.506,,91.0,2.853,86.0,94.69,,,,,,,,0.593,43.02,11.024,0.438,59.578,1.762,36.235,38.648,35.282,34.776,-0.5721485,72.0
BFA,Burkina Faso,2018,694.493,74.215,65.021,,14.5,51.6,78.645,31.001,6.318,1.374,,91.0,2.697,85.5,94.84,,39.0,0.4301673173904419,Africa,0.672,-0.644,0.402,0.589,37.95,11.024,0.449,59.972,1.92,35.965,38.648,35.282,33.966,-0.559356,73.0
BFA,Burkina Faso,2019,717.022,74.13,64.427,,14.3,50.2,,,6.905,1.25,,91.0,2.53,85.7,94.98,,30.0,,,0.657,-0.778,0.453,0.571,72.78,13.386,0.453,60.184,2.1,38.502,38.648,43.381,33.476,-0.4926328,74.0
BFA,Burkina Faso,2020,713.842,71.738,62.136,114.686,14.9,48.7,,,7.643,1.446,,91.0,2.435,85.1,95.13,,,,,,,,0.606,70.52,6.299,0.453,60.454,2.183,38.203,38.648,43.381,32.581,,
BDI,Burundi,1990,373.245,,81.531,,,92.6,,,0.681,9.424,,86.0,2.086,,90.74,,37.0,,,0.089,,0.421,,,,,,,,,,,-0.8105036,45.0
BDI,Burundi,1991,383.87,86.734,80.345,,,93.9,,,0.756,9.314,,83.0,2.069,,90.61,,,,,,,,,,,,,,,,,,-0.681574,46.0
BDI,Burundi,1992,377.518,86.208,79.102,,,95.1,,,0.786,8.799,,80.0,2.674,,90.49,,,,,,,,,,,,,,,,,,-0.3682164,47.0
BDI,Burundi,1993,365.282,85.522,77.792,,,100.9,49.061,5.052,0.829,11.124,,63.0,-3.148,,89.91,,,,,,,,,,,,,,,,,,-0.5102794,48.0
BDI,Burundi,1994,349.016,84.786,76.431,,,96.3,,,,6.274,,48.0,0.65,,90.37,,,,,,,,,,,,,,,,,,-0.7602404,49.0
BDI,Burundi,1995,302.702,84.192,75.019,,,96.3,,,,7.674,,73.0,5.986,,90.37,,,,,,,,,,,,,,,,,,-0.8330773,50.0
BDI,Burundi,1996,278.293,83.391,73.539,,,95.8,,,,7.393,,73.0,0.069,,90.42,,,,,,,,,,,,,,,,,,-0.5518343,51.0
BDI,Burundi,1997,273.89,82.478,72.003,,,94.7,,,,6.287,,74.0,-0.008,,90.53,,,,,,,,,,,,,,,,,,-0.3897005,52.0
BDI,Burundi,1998,281.471,81.559,70.415,,,93.0,,,0.865,5.396,,65.0,1.91,,90.7,,,,,,,,0.621,86.04,11.864,0.303,46.678,1.891,,,,,-0.3621553,53.0
BDI,Burundi,1999,272.031,80.834,69.729,,,91.0,,,0.917,5.053,,79.0,2.396,,90.9,,,,,,,,0.65,84.85,5.983,0.306,47.627,1.945,,,,,,
BDI,Burundi,2000,264.154,80.062,69.034,,,88.6,41.297,,1.055,4.856,,80.0,2.078,,91.14,,59.0,,,0.185,-1.412,0.498,0.609,83.66,14.407,0.308,47.617,1.999,,,,,-0.6747651,55.0
BDI,Burundi,2001,262.914,79.277,68.331,,,86.1,50.135,,1.031,4.511,,81.0,2.506,,91.39,,,,,,,,0.605,82.47,14.407,0.311,48.509,2.053,,,,,-0.6199863,56.0
BDI,Burundi,2002,266.968,78.474,67.62,,,83.3,49.386,,1.601,4.271,,81.0,2.82,,91.67,,,,,,,,0.603,81.28,14.407,0.324,49.924,2.107,,,,,-0.7570069,57.0
BDI,Burundi,2003,255.501,77.678,66.899,,,80.4,52.81,,,4.066,,82.0,3.159,,91.96,,,,,,,,0.592,80.09,18.534,0.332,50.997,2.161,,,,,-0.4641731,58.0
BDI,Burundi,2004,258.05,76.826,66.172,,,77.1,54.411,,2.101,3.999,,83.0,3.728,,92.29,,,,,,,,0.588,78.9,18.534,0.344,52.217,2.214,,,,,-0.1329136,59.0
BDI,Burundi,2005,250.879,75.95,65.436,,,73.4,57.654,,2.135,4.049,,87.0,3.714,,92.66,,,,,,,,0.556,77.72,31.737,0.352,53.053,2.268,,,,,-0.4313759,60.0
BDI,Burundi,2006,255.106,74.981,64.692,,,69.5,74.357,,2.166,4.002,,92.0,3.602,,93.05,,,,,,,,0.552,76.53,31.737,0.376,53.962,2.322,,,,,-0.0092493,61.0
BDI,Burundi,2007,254.312,75.809,63.21,,,65.6,81.84,,2.266,3.927,,99.0,3.698,,93.44,,,,,,,,0.547,73.34,31.737,0.389,54.832,2.376,,,,,-0.08950886,62.0
BDI,Burundi,2008,256.012,76.607,61.705,,,61.8,92.388,,2.498,3.802,,92.0,4.126,,93.82,,48.0,,,0.404,-1.136,0.856,0.539,70.15,31.737,0.401,55.581,2.43,,,,,-0.2206294,63.0
BDI,Burundi,2009,252.582,76.891,60.181,,,58.3,90.49,13.091,2.678,3.653,,94.0,5.066,,94.17,,,,,,,,0.542,71.76,31.737,0.409,56.422,2.363,,,,,-0.2637453,64.0
BDI,Burundi,2010,253.309,77.156,58.637,107.395,,55.0,95.374,15.176,3.055,3.715,,96.0,4.681,,94.5,,,,,,,,0.536,73.38,36.054,0.416,57.088,2.297,36.611,40.97,33.377,35.487,-0.3174179,65.0
BDI,Burundi,2011,254.242,77.307,57.075,,,51.9,,16.887,,3.566,,96.0,3.578,,94.81,,,,,,,,0.533,74.99,34.932,0.42,57.804,2.23,,,33.377,34.317,-0.2516505,66.0
BDI,Burundi,2012,256.18,77.448,55.501,,,49.0,,18.422,2.921,3.376,,96.0,3.569,,95.1,,,,,,,,0.53,76.6,34.932,0.425,58.501,2.163,34.427,36.868,33.377,33.037,-0.1392239,67.0
BDI,Burundi,2013,259.311,77.59,53.917,,,46.3,,21.401,3.703,3.23,,96.0,3.592,,95.37,,,,,,,,0.526,78.22,34.932,0.428,59.179,2.097,34.085,36.868,33.377,32.009,-0.5917001,68.0
BDI,Burundi,2014,261.297,77.697,52.326,,,44.0,,25.951,4.469,3.061,,95.0,3.394,,95.6,,62.0,,,0.271,-1.151,0.892,0.522,79.83,34.932,0.431,59.764,2.03,35.831,36.868,39.519,31.106,-0.6278445,69.0
BDI,Burundi,2015,254.403,78.337,53.059,128.968,,41.8,,28.899,5.259,3.016,,94.0,2.269,,95.82,,,,,,,,0.514,79.57,37.805,0.432,60.107,2.287,35.523,36.868,39.519,30.182,-1.181365,70.0
BDI,Burundi,2016,258.062,78.843,53.819,,,40.0,,32.185,3.979,2.773,334.0,94.0,1.722,,96.0,66.6,65.68774,,,0.165,-1.484,0.947,0.51,79.31,37.805,0.436,60.789,2.543,36.121,39.488,39.519,29.357,-1.476744,71.0
BDI,Burundi,2017,261.726,79.093,54.079,,,38.4,94.876,28.305,4.305,2.59,,91.0,2.35,,96.16,,68.0,,,0.157,-1.382,0.946,0.507,79.04,37.805,0.434,61.345,2.8,35.811,39.488,39.519,28.428,-1.586666,72.0
BDI,Burundi,2018,267.509,79.126,53.867,,,37.0,92.805,27.523,4.553,2.398,,90.0,3.019,,96.3,,,,,,,,0.507,78.78,38.75,0.434,61.806,2.955,35.604,39.488,39.519,27.806,-1.173786,73.0
BDI,Burundi,2019,270.411,78.909,53.399,,,35.6,,,,2.269,,93.0,3.284,,96.44,,,,,,,,0.501,78.52,38.75,0.435,62.18,3.119,35.355,39.488,39.519,27.06,-1.120243,74.0
BDI,Burundi,2020,263.464,77.737,56.157,114.467,,34.5,,,,2.175,,93.0,2.909,,96.55,,,,,,,,0.503,78.25,38.889,0.435,62.569,3.292,35.14,39.488,39.519,26.415,,
CPV,Cabo Verde,1990,835.121,,63.495,,,42.1,99.203,,,1.675,,88.0,2.052,,95.79,,,,,,,,,,,,,,,,,,-0.5351368,45.0
CPV,Cabo Verde,1991,826.681,52.428,62.286,,,41.3,,,,1.542,,87.0,2.41,,95.87,,,,,,,,,,,,,,,,,,-0.5402683,46.0
CPV,Cabo Verde,1992,896.519,52.261,61.06,,,41.3,,,,1.391,,88.0,2.27,,95.87,,,,,,,,,,,,,,,,,,-0.3436459,47.0
CPV,Cabo Verde,1993,953.861,52.126,59.819,,,41.7,,,,1.239,,89.0,2.15,,95.83,,,,,,,,,,,,,,,,,,-0.4757925,48.0
CPV,Cabo Verde,1994,1113.938,52.101,58.566,,,42.0,99.148,24.118,,1.079,,89.0,2.035,,95.8,,,,,,,,,,,,,,,,,,-0.4107281,49.0
CPV,Cabo Verde,1995,1248.281,51.903,57.302,,,41.8,,,,0.934,,88.0,1.902,,95.82,,,,,,,,,,,,,,,,,,-0.637419,50.0
CPV,Cabo Verde,1996,1365.498,51.697,56.028,,,40.6,,,,0.759,,88.0,1.773,,95.94,,,,,,,,,,,,,,,,,,-0.5962744,51.0
CPV,Cabo Verde,1997,1492.018,51.368,54.745,,,38.4,,,,0.636,,87.0,1.682,,96.16,,,,,,,,,,,,,,,,,,-0.5767878,52.0
CPV,Cabo Verde,1998,1652.111,51.111,53.457,,,35.5,99.829,,,0.556,,88.0,1.601,,96.45,,,,,,,,,,,,,,,,,,-0.6848202,53.0
CPV,Cabo Verde,1999,1809.806,50.871,52.163,,,32.3,,,1.547,0.482,,89.0,1.52,,96.77,,,,,,,,,,,,,,,,,,-0.7418042,54.0
CPV,Cabo Verde,2000,2037.317,50.668,50.867,,,29.4,99.052,,1.777,0.415,,90.0,1.511,,97.06,,,,,,,,,,,,,,,,,,-0.4741961,55.0
CPV,Cabo Verde,2001,2051.217,50.309,49.569,,16.2,27.0,97.283,,1.545,0.363,,90.0,1.527,83.8,97.3,,,,,,,,,,,,,,,,,,-0.6968727,56.0
CPV,Cabo Verde,2002,2127.709,49.999,48.272,,16.1,25.3,95.917,57.243,3.767,0.314,,91.0,1.456,83.9,97.47,,,,,,,,,,,,,,,,,,-0.6246714,57.0
CPV,Cabo Verde,2003,2186.895,49.638,46.976,,14.8,24.3,95.579,57.628,4.453,0.277,,92.0,1.348,85.2,97.57,,,,,,,,,,,,,,,,,,-0.6792977,58.0
CPV,Cabo Verde,2004,2379.796,49.491,45.683,,13.0,23.9,94.567,57.09,5.891,0.247,,93.0,1.257,87.0,97.61,,,,,,,,,,,,,,,,,,-0.5613416,59.0
CPV,Cabo Verde,2005,2514.168,49.268,44.395,,12.7,23.9,95.314,60.345,7.338,0.218,,95.0,1.191,87.3,97.61,,,,,,,,,,,,,,,,,,-0.4944888,60.0
CPV,Cabo Verde,2006,2683.839,49.07,43.113,,13.1,24.1,96.31,60.584,8.332,0.206,,96.0,1.15,86.9,97.59,,,,,,,,,,,,,,,,,,-0.2841708,61.0
CPV,Cabo Verde,2007,3056.971,48.885,41.839,,14.1,24.3,96.65,62.502,9.428,0.187,,98.0,1.107,85.9,97.57,,,,,,,,,,,,,,,,,,-0.4284092,62.0
CPV,Cabo Verde,2008,3238.442,48.644,40.574,,15.0,24.4,96.15,,11.645,0.167,,99.0,1.036,85.0,97.56,,,,,,,,,,,,,,,,,,-0.2518211,63.0
CPV,Cabo Verde,2009,3159.587,48.293,39.322,,15.2,24.3,95.435,65.282,14.585,0.148,,99.0,0.95,84.8,97.57,,,,,,,,,,,,,,,,,,-0.4866102,64.0
CPV,Cabo Verde,2010,3194.617,52.812,38.873,,14.7,23.8,94.47,65.494,17.24,0.15,,99.0,0.717,85.3,97.62,,,,,,,,,,,,,,,,,,-0.3648455,65.0
CPV,Cabo Verde,2011,3309.201,52.651,38.423,,14.1,22.9,93.214,,19.817,0.135,,90.0,0.326,85.9,97.71,,,,,,,,,,,,,,,,,,-0.3165443,66.0
CPV,Cabo Verde,2012,3341.742,52.546,37.977,,14.6,21.8,93.655,69.361,19.895,0.116,,94.0,0.099,85.4,97.82,,,,,,,,,,,,,,,,,,-0.4282476,67.0
CPV,Cabo Verde,2013,3361.094,52.404,37.533,,15.3,20.5,93.094,70.656,22.247,0.109,,93.0,0.053,84.7,97.95,,,,,,,,,,,,,,,,,,-0.5180001,68.0
CPV,Cabo Verde,2014,3383.842,52.24,37.091,,16.3,19.0,93.201,71.031,23.27,0.103,,95.0,0.02,83.7,98.1,,,,,,,,,,,,,,,,,,-0.4161799,69.0
CPV,Cabo Verde,2015,3415.063,52.109,36.651,,16.6,17.6,93.244,71.745,22.524,0.097,,93.0,0.013,83.4,98.24,,,,,,,,0.363,59.36,20.833,0.658,74.096,5.86,27.923,27.389,45.383,10.998,-0.490906,70.0
CPV,Cabo Verde,2016,3560.14,52.02,36.213,,16.5,16.2,92.594,71.599,23.693,0.092,,96.0,0.031,83.5,98.38,,,,,,,,0.352,55.76,23.611,0.661,74.35,5.897,27.72,27.389,45.383,10.387,-0.4566692,71.0
CPV,Cabo Verde,2017,3719.713,51.936,35.778,,15.5,15.0,92.862,71.437,24.559,0.087,,96.0,0.066,84.5,98.5,,,,,,,,0.349,52.15,23.611,0.663,74.71,5.934,27.542,27.389,45.383,9.854,-0.5282817,72.0
CPV,Cabo Verde,2018,3853.679,48.798,32.604,,14.8,14.0,93.422,70.428,24.291,0.081,,98.0,0.102,85.2,98.6,,,,,,,,0.357,48.72,23.611,0.663,74.84,5.986,27.386,27.389,45.383,9.386,-0.4362599,73.0
CPV,Cabo Verde,2019,4115.903,50.468,31.761,,13.4,13.2,,,,0.072,,96.0,0.134,86.6,98.68,,,,,,,,0.337,50.53,23.611,0.667,75.449,6.038,27.204,27.389,45.383,8.842,-0.2986463,74.0
CPV,Cabo Verde,2020,3255.936,45.581,28.81,,12.6,12.5,,,,0.091,,93.0,0.112,87.4,98.75,,,,,,,,0.327,48.58,25.0,0.647,73.818,6.09,27.195,27.389,45.383,8.813,,
KHM,Cambodia,1990,824.052,,67.355,,,88.4,,,0.686,3.817,,38.0,4.171,,91.16,,,,,,,,,,,,,,,,,,,
KHM,Cambodia,1991,850.61,79.322,67.13,,,89.1,,,0.82,3.842,,38.0,4.145,,91.09,,,,,,,,,,,,,,,,,,-0.5320443,46.0
KHM,Cambodia,1992,862.478,79.321,67.029,,,90.1,,,1.077,3.676,,32.0,5.397,,90.99,,,,,,,,,,,,,,,,,,-0.5387518,47.0
KHM,Cambodia,1993,845.382,79.358,67.165,,,91.6,,,1.305,3.816,,35.0,6.019,,90.84,,,,,,,,0.655,90.07,5.833,0.399,56.036,2.981,,,,,-0.5857509,48.0
KHM,Cambodia,1994,513.967,79.71,70.432,,,93.2,,,1.518,3.602,,37.0,6.979,,90.68,,,,,,,,0.656,85.7,5.833,0.4,56.221,3.035,,,,,-0.1120619,49.0
KHM,Cambodia,1995,520.927,79.713,70.377,,,94.8,,,1.534,3.204,,39.0,8.098,,90.52,,,,,,,,0.65,81.32,5.833,0.404,56.562,3.09,,,,,-0.05979776,50.0
KHM,Cambodia,1996,511.67,79.741,70.484,,,95.7,,,1.795,2.847,,43.0,7.523,,90.43,,,,,,,,0.642,76.95,5.833,0.408,56.832,3.147,,,,,-0.1171533,51.0
KHM,Cambodia,1997,496.771,80.034,70.66,,,95.8,83.101,,1.227,2.316,,46.0,6.884,,90.42,,,,,,,,0.642,70.53,5.833,0.414,57.266,3.203,,,,,,
KHM,Cambodia,1998,499.017,79.97,70.627,,,94.8,84.725,16.601,,2.103,,47.0,4.124,,90.52,,67.0,,,0.348,-0.874,0.897,0.642,73.49,5.833,0.419,57.859,3.26,,,,,,
KHM,Cambodia,1999,552.901,79.847,69.988,,,92.0,86.694,14.877,,1.853,,53.0,1.707,,90.8,,,,,,,,0.637,78.58,5.833,0.429,58.611,3.316,,,,,-0.874874,54.0
KHM,Cambodia,2000,598.562,79.83,72.067,,,86.7,92.409,15.616,1.866,1.651,,59.0,1.59,,91.33,,,,,,,,0.614,76.51,9.29,0.438,59.491,3.373,,,,,-0.8204133,55.0
KHM,Cambodia,2001,632.834,79.8,74.054,,19.7,79.4,,16.828,1.979,1.483,,60.0,1.562,80.3,92.06,,,,,,,,0.612,81.88,9.29,0.453,60.457,3.436,,,,,-0.7865565,56.0
KHM,Cambodia,2002,662.188,79.73,75.946,,17.8,71.8,,22.257,2.337,1.314,,54.0,1.542,82.2,92.82,,,,,,,,0.601,78.69,9.29,0.473,61.395,3.498,,,,,-0.7616476,57.0
KHM,Cambodia,2003,719.333,79.688,77.741,,16.6,65.0,97.43,26.497,3.015,1.167,,69.0,1.511,83.4,93.5,,,,,,,,0.589,75.5,10.87,0.488,62.345,3.561,,,,,-0.6785118,58.0
KHM,Cambodia,2004,775.847,79.814,77.714,,16.3,59.3,,27.449,3.073,1.064,,85.0,1.474,83.7,94.07,,74.0,,,0.324,-0.907,0.897,0.581,75.5,10.87,0.502,63.256,3.624,,,,,-0.5849216,59.0
KHM,Cambodia,2005,866.34,79.969,77.688,,15.5,54.5,,,3.77,0.984,,82.0,1.458,84.5,94.55,,,,,,,,0.57,75.24,10.87,0.514,64.113,3.687,,,,,-0.7145211,60.0
KHM,Cambodia,2006,947.065,80.087,77.661,,14.4,50.5,94.833,32.264,6.2,0.917,,80.0,1.476,85.6,94.95,,,,,,,,0.564,74.98,11.413,0.525,64.886,3.808,,,,,-0.8991644,61.0
KHM,Cambodia,2007,1030.231,80.205,77.632,,13.3,47.1,95.887,35.915,7.674,0.874,,82.0,1.476,86.7,95.29,,,,,,,,0.536,74.72,17.935,0.534,65.549,3.93,,,,,-0.628271,62.0
KHM,Cambodia,2008,1090.575,78.288,74.339,,12.1,43.8,94.578,38.331,8.93,0.804,,91.0,1.518,87.9,95.62,,77.0,,,0.316,-1.001,0.897,0.532,72.04,15.761,0.539,66.147,4.03,,,,,-0.6983578,63.0
KHM,Cambodia,2009,1117.258,81.541,76.506,,11.2,40.6,,,10.675,0.734,,94.0,1.577,88.8,95.94,,76.0,,,0.314,-0.96,0.897,0.513,77.38,19.022,0.539,66.747,3.94,,,,,-0.6712793,64.0
KHM,Cambodia,2010,1155.852,84.098,79.001,,10.0,37.7,93.617,,12.2,0.667,,90.0,1.556,90.0,96.23,,,,,,,,0.515,81.28,19.022,0.543,67.311,3.872,28.567,28.329,34.588,22.783,-0.7582411,65.0
KHM,Cambodia,2011,1221.388,84.946,78.8,,9.2,35.1,97.519,,11.49,0.601,,91.0,1.518,90.8,96.49,,,,,,,,0.512,81.84,18.478,0.547,67.869,3.804,27.304,28.329,31.727,21.854,-0.8291119,66.0
KHM,Cambodia,2012,1295.253,82.568,75.508,,8.5,32.8,97.407,,,0.553,,90.0,1.5,91.5,96.72,,,,,,,,0.522,61.43,18.478,0.551,68.371,3.736,26.514,28.329,30.38,20.834,-0.6615037,67.0
KHM,Cambodia,2013,1376.296,79.867,71.886,,8.4,30.8,,,,0.513,,86.0,1.495,91.6,96.92,,,,,,,,0.517,74.45,18.478,0.554,68.755,3.668,26.181,28.329,30.263,19.952,-0.7863701,68.0
KHM,Cambodia,2014,1464.531,79.737,72.009,,8.1,29.1,95.048,,,0.485,,90.0,1.482,91.9,97.09,,78.0,,,0.295,-0.698,0.862,0.516,74.35,18.478,0.557,69.117,3.6,27.444,27.305,35.818,19.21,-0.7572216,69.0
KHM,Cambodia,2015,1547.32,79.29,71.861,,7.5,27.7,95.268,,13.615,0.467,,91.0,1.46,92.5,97.23,,81.0,,,0.293,-0.744,0.862,0.519,73.42,19.022,0.562,69.398,3.67,27.189,27.305,35.818,18.445,-0.968822,70.0
KHM,Cambodia,2016,1645.467,81.149,72.93,,6.8,26.5,92.759,,,0.446,,91.0,1.459,93.2,97.35,,,,,,,,0.506,75.91,19.022,0.57,69.635,3.952,26.971,27.305,35.818,17.79,-0.9027974,71.0
KHM,Cambodia,2017,1753.935,81.294,71.618,,6.3,25.4,90.543,,12.518,0.43,,90.0,1.382,93.7,97.46,,,,,,,,0.502,76.41,18.478,0.578,69.842,4.234,26.834,27.305,35.818,17.378,-1.017854,72.0
KHM,Cambodia,2018,1884.284,81.805,71.437,,5.6,24.4,90.266,,13.267,0.417,,89.0,1.244,94.4,97.56,,,,,,,,0.498,73.17,19.251,0.586,69.993,4.516,26.662,27.305,35.818,16.862,-1.311314,73.0
KHM,Cambodia,2019,2008.321,82.324,71.314,,5.4,23.5,,,12.941,0.405,,88.0,1.263,94.6,97.65,,,,,,,,0.496,69.94,19.251,0.593,70.127,4.798,26.506,27.305,35.818,16.396,-1.211804,74.0
KHM,Cambodia,2020,1908.634,82.097,71.123,159.256,5.6,22.6,,,13.877,0.436,,86.0,1.471,94.4,97.74,,,,,,,,0.492,77.13,18.717,0.595,70.059,4.998,26.417,27.305,35.818,16.127,,
CMR,Cameroon,1990,1360.478,,71.289,,,80.8,73.179,,2.952,3.459,,48.0,2.947,,91.92,,,,,,,,,,,,,,,,,,-0.1642257,45.0
CMR,Cameroon,1991,1271.047,74.843,71.314,,,81.6,71.243,,3.238,3.521,,42.0,2.916,,91.84,,,,,,,,,,,,,,,,,,-0.2566194,46.0
CMR,Cameroon,1992,1196.851,74.784,71.294,,,82.7,,,,3.552,,37.0,2.866,,91.73,,,,,,,,,,,,,,,,,,-0.3349075,47.0
CMR,Cameroon,1993,1070.983,74.691,71.195,,,83.9,,,,3.575,,37.0,2.847,,91.61,,,,,,,,,,,,,,,,,,-0.5648216,48.0
CMR,Cameroon,1994,1060.873,74.9,71.028,,,85.0,,,,3.648,,38.0,2.808,,91.5,,,,,,,,,,,,,,,,,,-0.3809323,49.0
CMR,Cameroon,1995,1062.016,75.103,70.797,,,85.8,,,,3.657,,46.0,2.745,,91.42,,,,,,,,0.694,61.5,5.556,0.433,53.347,2.556,,,,,-0.3869639,50.0
CMR,Cameroon,1996,1077.389,75.508,70.469,,,86.2,,,,3.632,,46.0,2.691,,91.38,,,,,,,,0.693,61.5,5.556,0.432,53.2,2.641,,,,,-0.518647,51.0
CMR,Cameroon,1997,1096.698,75.626,70.054,,,86.1,,,,3.605,,48.0,2.652,,91.39,,,,,,,,0.69,62.3,5.556,0.432,53.105,2.726,,,,,-0.5319927,52.0
CMR,Cameroon,1998,1118.508,75.716,69.659,,,85.5,,,,3.658,,56.0,2.648,,91.45,,,,,,,,0.687,63.1,5.556,0.433,53.043,2.811,,,,,-0.3733706,53.0
CMR,Cameroon,1999,1138.363,75.761,69.333,,,84.4,,,4.943,3.683,,59.0,2.653,,91.56,,,,,,,,0.684,63.9,5.556,0.434,53.166,2.896,,,,,-0.5462378,54.0
CMR,Cameroon,2000,1151.277,75.776,69.022,,,82.8,,,4.69,3.673,,62.0,2.633,,91.72,,68.0,,,0.306,-0.823,0.921,0.681,64.7,5.556,0.439,53.338,2.981,,,,,-0.7599116,55.0
CMR,Cameroon,2001,1169.927,75.796,68.675,,24.2,80.9,,,4.716,3.608,,63.0,2.626,75.8,91.91,,,,,,,,0.678,65.5,5.556,0.458,53.598,3.059,,,,,-0.608849,56.0
CMR,Cameroon,2002,1189.967,76.367,68.298,,22.0,78.8,,,5.156,3.529,,66.0,2.681,78.0,92.12,,,,,,,,0.655,66.2,8.889,0.458,53.922,3.136,,,,,-0.4274769,57.0
CMR,Cameroon,2003,1221.094,76.985,67.963,,19.6,76.9,,,5.22,3.468,,73.0,2.727,80.4,92.31,,,,,,,,0.65,66.9,8.889,0.465,54.253,3.214,,,,,-0.09794349,58.0
CMR,Cameroon,2004,1271.743,77.627,67.71,,16.8,74.9,,,5.227,3.412,,73.0,2.747,83.2,92.51,,,,,,,,0.647,67.6,8.889,0.47,54.578,3.292,,,,,0.07490792,59.0
CMR,Cameroon,2005,1264.743,78.167,67.522,,13.8,73.3,,,6.039,3.381,,80.0,2.756,86.2,92.67,,,,,,,,0.647,68.3,8.889,0.472,54.904,3.369,,,,,-0.02710859,60.0
CMR,Cameroon,2006,1277.33,78.698,67.371,,11.2,71.3,,,7.077,3.291,,81.0,2.749,88.8,92.87,,,,,,,,0.644,73.25,8.889,0.473,55.301,3.43,,,,,0.005457334,61.0
CMR,Cameroon,2007,1295.731,79.223,67.212,,9.1,69.7,,,7.574,3.216,,82.0,2.806,90.9,93.03,,71.0,0.4282006323337555,Africa,0.316,-0.854,0.936,0.62,78.2,13.889,0.485,55.71,3.49,,,,,0.0575792,62.0
CMR,Cameroon,2008,1295.022,77.304,63.909,,7.3,67.9,83.075,,8.209,3.128,,84.0,2.863,92.7,93.21,,,,,,,,0.62,75.69,13.889,0.501,56.116,4.06,,,,,0.1343835,63.0
CMR,Cameroon,2009,1290.9,75.254,60.469,,5.9,66.3,85.565,,9.404,3.04,,80.0,2.865,94.1,93.37,,,,,,,,0.62,73.17,13.889,0.516,56.486,4.63,,,,,0.1558243,64.0
CMR,Cameroon,2010,1290.901,73.097,56.923,145.913,4.9,63.9,,,11.575,2.912,652.0,84.0,2.858,95.1,93.61,34.8,71.0,,,0.319,-0.903,0.936,0.62,70.66,13.889,0.529,56.965,5.2,,,44.588,37.509,0.2146441,65.0
CMR,Cameroon,2011,1297.306,72.237,54.839,,4.3,62.0,88.724,,12.51,2.761,,81.0,2.828,95.7,93.8,,,,,,,,0.62,69.79,13.889,0.538,57.482,5.352,38.335,33.661,44.588,36.756,0.1066716,66.0
CMR,Cameroon,2012,1319.67,71.371,52.738,,4.1,59.8,91.388,39.66,13.536,2.524,,79.0,2.813,95.9,94.02,,,,,,,,0.614,68.93,13.889,0.549,58.17,5.505,38.043,33.661,44.588,35.881,0.2422179,67.0
CMR,Cameroon,2013,1347.213,70.475,50.628,,4.2,57.4,,41.019,15.771,2.335,,76.0,2.809,95.8,94.26,,,,,,,,0.579,68.06,27.143,0.558,58.73,5.657,37.766,33.661,44.588,35.05,0.1623601,68.0
CMR,Cameroon,2014,1381.819,69.551,48.514,,4.5,55.4,91.7,43.961,16.754,2.157,,76.0,3.026,95.5,94.46,,,,,,,,0.577,67.19,27.143,0.566,59.13,5.81,40.037,32.96,52.86,34.291,0.04495866,69.0
CMR,Cameroon,2015,1415.0,68.65,46.421,139.134,4.8,53.2,92.074,45.016,17.297,2.052,,76.0,3.139,95.2,94.68,,,,,,,,0.573,65.83,27.143,0.575,59.687,5.962,39.72,32.96,52.86,33.341,-0.023406,70.0
CMR,Cameroon,2016,1435.618,67.747,44.454,,5.4,51.6,94.493,45.993,12.705,1.938,,78.0,2.989,94.6,94.84,,,,,,,,0.572,64.47,27.143,0.579,60.293,6.115,39.464,32.96,52.86,32.574,-0.002800929,71.0
CMR,Cameroon,2017,1444.907,66.832,42.561,,6.0,49.7,92.874,,12.982,1.824,,74.0,2.835,94.0,95.03,,,,,,,,0.573,63.11,27.143,0.581,60.817,6.267,39.234,32.96,52.86,31.883,0.09550095,72.0
CMR,Cameroon,2018,1461.02,65.919,40.649,,6.2,48.1,,,14.545,1.709,406.0,68.0,2.77,93.8,95.19,59.4,72.54713,,,0.294,-0.858,0.947,0.566,61.75,29.286,0.582,61.189,6.42,38.556,31.717,52.86,31.092,-0.02126364,73.0
CMR,Cameroon,2019,1470.318,65.003,38.671,,6.1,46.8,,,15.053,1.587,,67.0,2.782,93.9,95.32,,,,,,,,0.567,60.39,29.286,0.582,61.695,6.479,38.357,31.717,52.86,30.493,0.04958793,74.0
CMR,Cameroon,2020,1434.519,63.358,36.517,128.796,5.9,45.3,,,15.552,1.46,,68.0,2.724,94.1,95.47,,,,,,,,0.563,59.03,31.071,0.579,61.674,6.537,38.125,31.717,52.86,29.797,,
CAN,Canada,1990,31700.546,,69.929,,,6.8,95.732,,,0.013,,88.0,1.508,,99.32,,,,,,,,0.186,58.5,21.235,0.865,77.433,10.749,,,,,1.486563,45.0
CAN,Canada,1991,30654.333,59.395,68.135,,,6.6,98.309,,,0.013,,88.0,1.243,,99.34,,,,,,,,0.187,58.43,21.235,0.868,77.594,10.92,,,,,1.475129,46.0
CAN,Canada,1992,30563.379,57.989,66.161,,,6.4,98.065,,,0.013,,89.0,1.184,,99.36,,,,,,,,0.186,57.84,21.235,0.873,77.853,11.094,,,,,1.444081,47.0
CAN,Canada,1993,31032.755,57.548,64.437,,,6.2,96.44,,,0.013,,90.0,1.099,,99.38,,,,,,,,0.184,57.66,21.235,0.871,77.725,11.268,,,,,1.317475,48.0
CAN,Canada,1994,32074.156,58.02,63.925,,,6.0,95.889,91.259,,0.013,,93.0,1.095,,99.4,,,,,,,,0.184,57.52,21.235,0.877,77.901,11.442,,,,,1.384412,49.0
CAN,Canada,1995,32595.452,58.293,63.163,,,5.8,94.759,,,0.013,,87.0,1.035,,99.42,,,,,,,,0.181,57.48,21.235,0.881,78.021,11.616,,,,,1.25515,50.0
CAN,Canada,1996,32801.302,58.046,62.247,,,5.6,95.693,,,0.012,,90.0,1.045,,99.44,,,,,,,,0.174,57.47,21.235,0.884,78.272,11.79,,,,,1.329422,51.0
CAN,Canada,1997,33867.008,58.558,61.476,,,5.5,,,,0.012,5.5,86.0,0.994,,99.45,99.45,,,,,,,0.167,57.79,21.235,0.884,78.465,11.964,,,,,1.180249,52.0
CAN,Canada,1998,34894.613,59.317,61.816,,,5.4,98.998,,,0.011,3.8,90.0,0.83,,99.46,99.62,,,,,,,0.161,58.38,22.693,0.883,78.674,12.138,,,,,1.24562,53.0
CAN,Canada,1999,36391.535,60.138,63.468,,,5.3,99.928,,,0.012,2.4,90.0,0.813,,99.47,99.76,,,,,,,0.156,58.91,23.153,0.888,78.885,12.312,,,,,1.209008,54.0
CAN,Canada,2000,37906.86,60.832,64.396,,,5.3,99.921,,58.519,0.011,2.7,89.0,0.931,,99.47,99.73,,,,,,,0.149,59.4,23.153,0.894,79.233,12.486,,,,,1.142757,55.0
CAN,Canada,2001,38200.456,60.69,64.668,,2.5,5.3,,,,0.012,7.5,89.0,1.086,97.5,99.47,99.25,,,,,,,0.143,59.75,23.645,0.897,79.449,12.66,,,,,1.231791,56.0
CAN,Canada,2002,38921.667,61.298,66.535,,2.5,5.3,,,58.413,0.012,4.0,88.0,1.085,97.5,99.47,99.6,,,,,,,0.141,60.91,23.645,0.899,79.566,12.792,,,,,1.174815,57.0
CAN,Canada,2003,39270.023,62.028,67.337,,2.5,5.3,,,,0.013,6.6,91.0,0.899,97.5,99.47,99.34,,,,,,,0.138,61.89,23.645,0.902,79.736,12.924,,,,,1.164748,58.0
CAN,Canada,2004,40108.759,62.239,66.847,,2.5,5.3,,,,0.013,5.9,91.0,0.932,97.5,99.47,99.41,,,,,,,0.133,61.99,24.623,0.906,80.029,13.056,,,,,1.3431,59.0
CAN,Canada,2005,41006.223,62.221,65.871,,2.5,5.2,,,,0.014,8.2,93.0,0.947,97.5,99.48,99.18,,,,,,,0.134,61.66,24.685,0.909,80.131,13.188,,,,,1.305276,60.0
CAN,Canada,2006,41663.512,62.494,67.149,,2.5,5.2,,,,0.015,7.1,95.0,1.014,97.5,99.48,99.29,,,,,,,0.134,61.88,24.265,0.913,80.54,13.32,,,,,1.441997,61.0
CAN,Canada,2007,42106.872,62.978,67.986,,2.5,5.1,,,63.83,0.015,6.5,94.0,0.971,97.5,99.49,99.35,,,,,,,0.133,62.36,24.372,0.914,80.542,13.368,,,,,1.602941,62.0
CAN,Canada,2008,42067.569,63.041,68.268,,2.5,5.1,,,64.307,0.016,8.7,92.0,1.084,97.5,99.49,99.13,,,,,,,0.146,62.46,24.938,0.916,80.73,13.416,,,,,1.635369,63.0
CAN,Canada,2009,40376.415,61.288,66.425,,2.5,5.0,,,63.624,0.017,7.6,91.0,1.145,97.5,99.5,99.24,,,,,,,0.145,62.43,24.938,0.915,81.065,13.464,,,,,1.609274,64.0
CAN,Canada,2010,41164.34,61.274,65.578,,2.5,5.0,,,61.885,0.015,5.6,89.0,1.111,97.5,99.5,99.44,,,,,,,0.137,62.39,24.938,0.918,81.336,13.512,8.477,3.1,17.68,4.652,1.545271,65.0
CAN,Canada,2011,42043.642,61.509,65.606,,2.5,4.9,,,63.159,0.015,4.5,87.0,0.975,97.5,99.51,99.55,,,,,,,0.127,62.16,27.654,0.921,81.513,13.56,8.125,2.953,16.86,4.562,1.884444,66.0
CAN,Canada,2012,42320.643,61.638,65.035,,2.5,4.8,99.452,92.143,63.603,0.016,5.0,91.0,1.084,97.5,99.52,99.5,,,,,,,0.124,62.22,27.981,0.927,81.704,13.594,8.419,2.729,18.023,4.505,1.955828,67.0
CAN,Canada,2013,42851.171,61.788,65.311,,2.5,4.8,99.432,91.461,65.748,0.015,5.8,91.0,1.053,97.5,99.52,99.42,,,,,,,0.117,62.31,27.981,0.93,81.785,13.628,8.564,2.678,18.425,4.59,1.936181,68.0
CAN,Canada,2014,43643.236,61.385,65.373,,2.5,4.7,99.391,90.953,67.168,0.016,5.0,91.0,1.001,97.5,99.53,99.5,,,,,,,0.113,61.7,28.536,0.932,81.837,13.662,8.15,2.541,17.469,4.439,1.910389,69.0
CAN,Canada,2015,43594.194,61.311,65.479,,2.5,4.7,99.589,92.414,67.269,0.016,6.0,91.0,0.76,97.5,99.53,99.4,,,,,,,0.107,61.47,28.266,0.932,81.908,13.696,8.42,2.696,18.16,4.403,1.799162,70.0
CAN,Canada,2016,43551.343,61.018,64.775,,2.5,4.6,99.956,99.322,69.246,0.017,5.5,91.0,1.132,97.5,99.54,99.45,,,,,,,0.102,61.37,29.773,0.933,82.03,13.73,8.01,2.58,16.998,4.451,1.580445,71.0
CAN,Canada,2017,44339.389,61.564,65.273,,2.5,4.6,99.882,99.81,70.269,0.017,6.36,91.0,1.195,97.5,99.54,99.364,,,,,,,0.096,61.54,30.115,0.935,81.919,13.758,8.167,2.521,17.513,4.468,1.500174,72.0
CAN,Canada,2018,44907.344,61.721,64.836,,2.5,4.5,,,69.351,0.017,8.54,91.0,1.433,97.5,99.55,99.146,,,,,,,0.078,61.42,31.663,0.935,81.925,13.786,7.883,2.311,16.752,4.587,1.431728,73.0
CAN,Canada,2019,45100.292,62.065,65.766,,2.5,4.5,,,73.113,0.016,8.04,91.0,1.462,97.5,99.55,99.196,,,,,,,0.072,61.7,33.183,0.937,82.285,13.814,7.557,2.312,15.982,4.377,1.416297,74.0
CAN,Canada,2020,42366.129,57.907,62.204,255.237,2.5,4.5,,,75.239,0.021,8.04,92.0,1.084,97.5,99.55,99.196,,,,,,,0.066,59.81,33.641,0.931,81.654,13.842,7.577,2.228,15.982,4.522,,
CYM,Cayman Islands,2006,96066.63,,,,,,,,19.458,,0.0,,3.04,,,100.0,,,,,,,,,,,,,,,,,,
CYM,Cayman Islands,2007,96202.739,,,,,,,,22.105,,0.0,,2.972,,,100.0,99.0,,,,,,,,,,,,,,,,,
CYM,Cayman Islands,2008,93115.318,,,,,,,,33.02,,0.0,,2.904,,,100.0,,,,,,,,,,,,,,,,,,
CYM,Cayman Islands,2009,84001.422,,,,,,,,,,0.0,,2.828,,,100.0,,,,,,,,,,,,,,,,,,
CYM,Cayman Islands,2010,79483.096,,,,,,,,,,0.0,,2.776,,,100.0,,,,,,,,,,,,,,,,,,
CYM,Cayman Islands,2011,78233.018,,,,,,,,,,0.0,,2.748,,,100.0,,,,,,,,,,,,,,,,,,
CYM,Cayman Islands,2012,77074.389,,,,,,,,,,0.0,,2.714,,,100.0,,,,,,,,,,,,,,,,,,
CYM,Cayman Islands,2013,76038.879,,,,,,,,,,0.0,,2.624,,,100.0,,,,,,,,,,,,,,,,,,
CYM,Cayman Islands,2014,76104.622,,,,,,,,,,0.0,,2.533,,,100.0,,,,,,,,,,,,,,,,,,
CYM,Cayman Islands,2015,76379.21,,,,,,,,,,0.0,,2.434,,,100.0,,,,,,,,,,,,,,,,,,
CYM,Cayman Islands,2016,77031.864,,,,,,,,,,0.0,,2.338,,,100.0,,,,,,,,,,,,,,,,,,
CYM,Cayman Islands,2017,77717.176,,,,,,,,,,0.0,,2.249,,,100.0,,,,,,,,,,,,,,,,,,
CYM,Cayman Islands,2018,79305.769,,,,,,,,,,0.0,,2.155,,,100.0,,,,,,,,,,,,,,,,,,
CYM,Cayman Islands,2019,80714.572,,,,,,,,,,0.0,,2.08,,,100.0,,,,,,,,,,,,,,,,,,
CYM,Cayman Islands,2020,75199.645,,,,,,,,,,0.0,,1.995,,,100.0,,,,,,,,,,,,,,,,,,
CAF,Central African Rep.,1990,519.787,,53.659,,,109.0,59.565,,1.321,5.276,,82.0,3.11,,89.1,,,,,,,,,,,,,,,,,,-0.007352349,45.0
CAF,Central African Rep.,1991,500.991,68.374,54.252,,,108.5,54.797,,1.431,5.47,,64.0,3.129,,89.15,,,,,,,,,,,,,,,,,,-0.08475051,46.0
CAF,Central African Rep.,1992,454.149,68.34,54.681,,,107.9,,,1.35,5.625,,45.0,3.177,,89.21,,,,,,,,,,,,,,,,,,-0.2848423,47.0
CAF,Central African Rep.,1993,441.385,68.325,54.946,,,107.1,,,,5.762,,47.0,3.186,,89.29,,,,,,,,,,,,,,,,,,-0.02519577,48.0
CAF,Central African Rep.,1994,448.784,68.327,55.095,,,106.3,,,,5.984,,48.0,3.121,,89.37,,,,,,,,,,,,,,,,,,-0.0246076,49.0
CAF,Central African Rep.,1995,468.151,68.392,55.289,,,105.6,,,,6.333,,53.0,2.728,,89.44,,,,,,,,,,,,,,,,,,,
CAF,Central African Rep.,1996,437.925,68.438,55.453,,,104.7,,,,6.602,,48.0,2.592,,89.53,,,,,,,,,,,,,,,,,,,
CAF,Central African Rep.,1997,448.635,68.47,55.46,,,103.6,,,,6.877,,43.0,2.748,,89.64,,,,,,,,,,,,,,,,,,,
CAF,Central African Rep.,1998,457.149,68.479,55.393,,,102.5,,,,7.15,,43.0,2.713,,89.75,,,,,,,,,,,,,,,,,,-0.5430285,53.0
CAF,Central African Rep.,1999,460.828,68.464,55.251,,,101.2,,,2.016,7.389,,33.0,2.735,,89.88,,,,,,,,,,,,,,,,,,,
CAF,Central African Rep.,2000,437.169,68.469,55.051,,,99.8,,,1.944,7.668,,37.0,2.75,,90.02,,51.0,,,0.341,-1.412,0.733,,,,,,,,,,,,
CAF,Central African Rep.,2001,446.659,68.426,54.988,,35.9,98.3,,,,7.692,,40.0,2.22,64.1,90.17,,,,,,,,,,,,,,,,,,,
CAF,Central African Rep.,2002,452.809,68.379,54.847,,36.9,96.5,,,,7.52,,44.0,2.185,63.1,90.35,,,,,,,,,,,,,,,,,,,
CAF,Central African Rep.,2003,418.241,68.347,54.614,,37.1,94.7,,,,7.509,,47.0,2.393,62.9,90.53,,,,,,,,,,,,,,,,,,-0.4875716,58.0
CAF,Central African Rep.,2004,433.825,68.393,54.516,,36.7,92.6,,,1.668,7.296,,51.0,2.164,63.3,90.74,,,,,,,,,,,,,,,,,,-0.4797789,59.0
CAF,Central African Rep.,2005,427.968,68.406,54.419,,34.8,90.5,47.509,,,7.05,,54.0,2.263,65.2,90.95,,,,,,,,,,,,,,,,,,-0.2462079,60.0
CAF,Central African Rep.,2006,439.294,68.479,54.517,,33.0,87.8,47.718,,1.087,6.903,,51.0,2.049,67.0,91.22,,,,,,,,,,,,,,,,,,-0.400692,61.0
CAF,Central African Rep.,2007,450.763,68.544,54.739,,31.2,85.6,55.578,,,6.626,,48.0,1.927,68.8,91.44,,,,,,,,,,,,,,,,,,-0.5636837,62.0
CAF,Central African Rep.,2008,450.314,68.602,54.885,,29.4,83.6,63.991,,2.165,6.518,,45.0,2.133,70.6,91.64,,,,,,,,,,,,,,,,,,-0.5461181,63.0
CAF,Central African Rep.,2009,492.215,68.611,55.287,,27.6,234.9,64.035,10.456,2.308,5.351,,42.0,-0.659,72.4,76.50999999999999,,,,,,,,,,,,,,,,,,-0.5731397,64.0
CAF,Central African Rep.,2010,519.141,68.621,55.804,,26.7,88.1,65.956,,2.539,6.673,,45.0,-0.799,73.3,91.19,,,,,,,,,,,,,,,,,,-0.5941388,65.0
CAF,Central African Rep.,2011,532.383,68.714,56.376,,26.3,78.1,63.825,13.818,2.955,6.325,,47.0,1.59,73.7,92.19,,,,,,,,,,,,,,,,,,-0.19703,66.0
CAF,Central African Rep.,2012,553.73,68.884,57.31,,28.7,76.5,66.295,13.613,2.775,6.214,,47.0,0.999,71.3,92.35,,,,,,,,,,,,,,,,,,-0.5044389,67.0
CAF,Central African Rep.,2013,349.821,69.036,58.346,,30.1,81.0,,,,6.242,,23.0,0.682,69.9,91.9,,,,,,,,,,,,,,,,,,-0.4216248,68.0
CAF,Central African Rep.,2014,351.562,69.169,59.671,,30.9,100.2,,,,5.85,,45.0,-0.415,69.1,89.98,,,,,,,,,,,,,,,,,,0.02832576,69.0
CAF,Central African Rep.,2015,366.323,69.181,60.513,,28.6,72.4,,,,5.67,,43.0,0.133,71.4,92.76,,,,,,,,,,,,,,,,,,-0.185336,70.0
CAF,Central African Rep.,2016,376.858,69.166,60.505,,26.7,77.0,,,,5.591,,42.0,1.806,73.3,92.3,,,,,,,,,,,,,,,,,,-0.2821169,71.0
CAF,Central African Rep.,2017,387.358,69.14,60.547,,25.3,87.4,,12.72,,6.318,,42.0,1.68,74.7,91.26,,,,,,,,,,,,,,,,,,-0.08076163,72.0
CAF,Central African Rep.,2018,395.02,69.153,60.584,,24.4,74.0,,,,5.227,,40.0,1.761,75.6,92.6,,,,,,,,,,,,,,,,,,-0.1131241,73.0
CAF,Central African Rep.,2019,401.826,69.08,60.545,,25.2,124.3,,,,9.025,,38.0,1.345,74.8,87.57,,42.44279,,,0.379,-1.78,0.696,,,,,,,,,,,0.02460476,74.0
CAF,Central African Rep.,2020,398.834,67.986,59.973,79.459,26.6,74.5,,,,7.696,,37.0,1.643,73.4,92.55,,,,,,,,,,,,,,,,,,,
TCD,Chad,1990,602.671,,55.652,,,116.2,,,,7.967,,20.0,2.767,,88.38,,,,,,,,,,,,,,,,,,-0.5198942,45.0
TCD,Chad,1991,630.621,71.684,55.577,,,114.7,,,,7.634,,18.0,3.657,,88.53,,,,,,,,,,,,,,,,,,-0.6576377,46.0
TCD,Chad,1992,652.785,71.644,55.247,,,113.3,,,,8.004,,10.0,4.243,,88.67,,,,,,,,,,,,,,,,,,-0.6105547,47.0
TCD,Chad,1993,537.411,71.794,56.487,,,111.9,,,,8.559,,13.0,2.358,,88.81,,11.0,,,0.174,,0.958,,,,,,,,,,,-0.7756938,48.0
TCD,Chad,1994,578.424,71.344,55.768,,,110.6,,,,8.213,,18.0,2.301,,88.94,,,,,,,,,,,,,,,,,,,
TCD,Chad,1995,560.331,70.863,55.047,,,109.4,,,,7.831,,18.0,4.407,,89.06,,,,,,,,,,,,,,,,,,-0.8247393,50.0
TCD,Chad,1996,547.926,70.45,54.324,,,108.1,37.292,,0.504,8.218,,20.0,4.429,,89.19,,,,,,,,,,,,,,,,,,-0.8892811,51.0
TCD,Chad,1997,559.26,69.97,53.601,,,106.8,42.638,,0.543,8.162,,24.0,3.452,,89.32,,,,,,,,,,,,,,,,,,-0.9347892,52.0
TCD,Chad,1998,577.91,69.515,52.875,,,105.3,47.744,6.111,0.673,8.36,,37.0,3.44,,89.47,,,,,,,,,,,,,,,,,,-0.6262484,53.0
TCD,Chad,1999,554.149,69.031,52.147,,,103.7,49.663,6.994,,8.341,,45.0,3.513,,89.63,,,,,,,,,,,,,,,,,,-1.173408,54.0
TCD,Chad,2000,530.6,68.532,51.419,,,102.0,51.307,7.246,0.793,8.471,,38.0,3.459,,89.8,,26.0,,,0.285,-0.651,0.957,,,,,,,,,,,-1.081666,55.0
TCD,Chad,2001,572.807,68.063,50.69,,34.4,100.3,52.504,8.402,0.816,8.418,,26.0,3.373,65.6,89.97,,,,,,,,,,,,,,,,,,-1.168986,56.0
TCD,Chad,2002,600.171,67.603,49.96,,33.4,98.5,55.891,9.588,,8.253,,25.0,3.483,66.6,90.15,,,,,,,,,,,,,,,,,,-1.071567,57.0
TCD,Chad,2003,661.557,67.152,49.229,,33.9,96.6,57.41,10.517,0.942,7.943,,23.0,3.996,66.1,90.34,,,,,,,,,,,,,,,,,,-1.064549,58.0
TCD,Chad,2004,845.518,66.703,48.499,,32.4,94.8,,,1.21,7.908,,22.0,4.455,67.6,90.52,,28.0,,,0.282,-1.152,0.957,,,,,,,,,,,-1.143332,59.0
TCD,Chad,2005,952.872,66.221,47.769,,30.9,93.0,,,1.416,8.068,,26.0,4.031,69.1,90.7,,,,,,,,,,,,,,,,,,-1.146308,60.0
TCD,Chad,2006,914.211,65.694,47.039,,28.6,91.0,,,,8.22,,41.0,3.598,71.4,90.9,,,,,,,,,,,,,,,,,,-0.2910178,61.0
TCD,Chad,2007,920.353,65.118,46.31,,26.6,89.0,,,,8.348,,29.0,3.445,73.4,91.1,,,,,,,,,,,,,,,,,,-0.5264709,62.0
TCD,Chad,2008,916.087,64.566,45.583,,24.7,87.0,,,1.95,8.406,,19.0,3.499,75.3,91.3,,,,,,,,,,,,,,,,,,-0.505794,63.0
TCD,Chad,2009,871.485,64.051,44.859,,24.1,84.9,,,2.017,8.497,,26.0,3.573,75.9,91.51,,,,,,,,,,,,,,,,,,-0.6231495,64.0
TCD,Chad,2010,956.953,63.568,44.137,92.35,24.1,82.8,,,2.096,8.464,,40.0,3.461,75.9,91.72,,,,,,,,,,,,,,,,,,-0.6195455,65.0
TCD,Chad,2011,965.287,63.055,43.416,,24.0,80.7,61.667,,2.213,8.254,,33.0,3.53,76.0,91.93,,,,,,,,,,,,,,,,,,-0.5207467,66.0
TCD,Chad,2012,1016.422,62.565,42.699,,23.5,78.6,,,,8.077,,40.0,3.513,76.5,92.14,,,,,,,,,,,,,,,,,,-0.2445246,67.0
TCD,Chad,2013,1008.617,62.009,41.985,,23.8,76.6,78.093,,,7.763,,39.0,3.569,76.2,92.34,,,,,,,,,,,,,,,,,,-0.5788884,68.0
TCD,Chad,2014,993.321,61.474,41.275,,25.2,74.8,,,3.388,7.574,,36.0,3.57,74.8,92.52,,,,,,,,,,,,,,,,,,-0.2868569,69.0
TCD,Chad,2015,993.991,60.926,40.568,83.375,25.9,72.8,79.097,18.441,3.228,7.36,,42.0,3.183,74.1,92.72,,,,,,,,,,,,,,,,,,-0.6400876,70.0
TCD,Chad,2016,923.566,60.369,39.866,,26.1,71.0,73.153,18.855,,6.95,,41.0,3.139,73.9,92.9,,22.0,,,0.281,-1.559,0.965,,,,,,,,,,,-0.7001825,71.0
TCD,Chad,2017,879.076,59.82,39.167,,26.7,69.2,,,,6.565,,41.0,3.306,73.3,93.08,,,,,,,,,,,,,,,,,,-0.6259303,72.0
TCD,Chad,2018,898.835,59.293,38.473,,28.1,67.4,,,,6.109,,47.0,3.36,71.9,93.26,,,,,,,,0.686,49.29,15.254,0.402,52.447,2.185,43.886,42.95,47.869,40.838,-0.6792286,73.0
TCD,Chad,2019,917.204,59.299,38.31,,29.8,65.5,,,,5.733,,53.0,3.22,70.2,93.45,,30.62792,,,0.273,-1.607,0.938,0.7,49.38,14.881,0.406,52.993,2.233,40.462,42.933,38.232,40.221,-0.6013377,74.0
TCD,Chad,2020,884.981,58.368,37.946,81.926,30.1,63.6,,,4.397,5.199,,55.0,3.182,69.9,93.64,,,,,,,,0.696,51.15,15.432,0.408,53.082,2.283,40.197,42.933,38.232,39.426,,
CHL,Chile,1990,5290.537,,44.98,,,16.0,,,,0.152,,95.0,1.667,,98.4,,,,,,,,0.508,31.76,7.229,0.718,73.675,8.385,,,,,-0.2342642,45.0
CHL,Chile,1991,5606.866,50.416,44.752,,,14.8,,,,0.143,,94.0,1.663,,98.52,,,,,,,,0.504,31.29,7.229,0.723,74.082,8.464,,,,,-0.2980091,46.0
CHL,Chile,1992,6151.765,51.887,44.399,,,13.6,,,,0.132,,90.0,1.612,,98.64,,94.0,0.5480666160583496,South America,0.819,,0.061,0.491,33.41,7.229,0.73,74.367,8.544,,,,,-0.1948788,47.0
CHL,Chile,1993,6461.732,52.349,44.211,,,12.5,,,,0.122,,90.0,1.556,,98.75,,,,,,,,0.486,34.89,7.229,0.725,74.679,8.623,,,,,-0.138324,48.0
CHL,Chile,1994,6688.297,51.965,44.079,,,11.6,,,,0.112,,94.0,1.506,,98.84,,,,,,,,0.483,35.0,7.229,0.73,74.973,8.703,,,,,0.003463398,49.0
CHL,Chile,1995,7201.131,53.397,43.799,,,11.0,,,,0.104,,94.0,1.464,,98.9,,,,,,,,0.477,33.93,7.229,0.739,75.298,8.782,,,,,-0.1284273,50.0
CHL,Chile,1996,7605.29,52.431,43.595,,,10.5,,,,0.092,,91.0,1.413,,98.95,,,,,,,,0.469,36.83,7.229,0.745,75.555,8.855,,,,,-0.006971435,51.0
CHL,Chile,1997,8058.942,52.579,42.944,,,10.2,,,,0.084,22.3,90.0,1.337,,98.98,97.77,,,,,,,0.465,37.56,7.229,0.752,75.826,8.928,,,,,-0.01498318,52.0
CHL,Chile,1998,8287.451,52.605,41.353,,,10.0,,,,0.076,20.3,90.0,1.3,,99.0,97.97,,,,,,,0.44,37.92,9.036,0.759,76.324,9.002,,,,,-0.1216275,53.0
CHL,Chile,1999,8161.452,50.326,40.362,,,9.7,,,,0.069,22.7,95.0,1.258,,99.03,97.73,,,,,,,0.438,38.15,8.929,0.766,76.738,9.075,,,,,-0.04931354,54.0
CHL,Chile,2000,8465.353,50.044,38.552,,,9.2,,,35.431,0.065,18.7,91.0,1.196,,99.08,98.13,,,,,,,0.433,37.75,8.929,0.771,77.128,9.148,,,,,-0.03781399,55.0
CHL,Chile,2001,8632.015,49.298,37.058,,2.9,8.7,,,,0.06,17.4,97.0,1.156,97.1,99.13,98.26,,,,,,,0.435,36.78,8.929,0.778,77.58,9.286,,,,,0.1441721,56.0
CHL,Chile,2002,8810.691,48.969,36.306,,2.8,8.2,,,40.266,0.055,17.1,97.0,1.104,97.2,99.18,98.29,96.0,,,0.879,1.078,0.061,0.417,36.5,10.059,0.784,77.84,9.424,,,,,-0.09591345,57.0
CHL,Chile,2003,9130.784,49.657,36.077,,2.7,8.0,,,43.518,0.052,12.2,96.0,1.047,97.3,99.2,98.78,,,,,,,0.41,37.84,10.059,0.789,77.884,9.562,,,,,-0.03254238,58.0
CHL,Chile,2004,9642.375,49.768,36.346,,2.7,7.9,,,44.328,0.048,17.3,93.0,1.009,97.3,99.21,98.27,,,,,,,0.393,39.26,10.119,0.797,78.276,9.7,,,,,0.1026703,59.0
CHL,Chile,2005,10104.421,50.529,36.198,,2.6,7.7,,,50.274,0.046,18.5,91.0,0.992,97.4,99.23,98.15,,,,,,,0.379,40.17,11.905,0.804,78.459,9.737,,,,,-0.04802141,60.0
CHL,Chile,2006,10611.614,51.743,36.616,,2.7,7.6,,,49.322,0.044,19.3,94.0,0.976,97.3,99.24,98.07,,,,,,,0.382,41.33,12.658,0.804,78.533,9.773,,,,,-0.01844383,61.0
CHL,Chile,2007,11051.345,52.515,37.142,,2.6,7.6,95.392,86.664,54.723,0.043,18.2,96.0,0.979,97.4,99.24,98.18,,,,,,,0.376,42.28,12.658,0.812,78.652,9.81,,,,,0.000901651,62.0
CHL,Chile,2008,11356.092,53.11,39.535,,3.0,7.6,95.903,85.686,56.774,0.041,16.5,95.0,0.999,97.0,99.24,98.35,,,,,,,0.37,44.23,12.658,0.82,78.752,10.11,,,,,-0.003169169,63.0
CHL,Chile,2009,11116.409,51.744,38.426,,3.3,7.6,94.264,83.551,59.991,0.04,19.7,94.0,1.009,96.7,99.24,98.03,,,,,,,0.357,44.67,13.924,0.819,78.89,9.98,,,,,-0.0770769,64.0
CHL,Chile,2010,11649.29,55.209,37.769,206.309,3.6,7.5,95.457,84.802,66.345,0.036,17.9,92.0,1.005,96.4,99.25,98.21,,,,,,,0.35,46.84,13.924,0.823,79.095,9.85,17.499,10.039,35.738,6.719,-0.135947,65.0
CHL,Chile,2011,12252.844,57.091,38.73,,3.7,7.4,94.8,85.247,70.824,0.033,16.1,94.0,0.987,96.3,99.26,98.39,97.0,0.4686815738677978,South America,0.89,1.152,0.068,0.335,48.94,13.924,0.823,79.236,9.54,16.565,9.02,34.119,6.554,-0.1041644,66.0
CHL,Chile,2012,12882.834,57.499,37.534,,3.5,7.2,94.512,84.551,75.077,0.03,17.2,90.0,0.96,96.5,99.28,98.28,,,,,,,0.327,49.18,13.924,0.832,79.221,9.775,16.521,9.02,34.119,6.424,-0.2606299,67.0
CHL,Chile,2013,13182.733,57.88,36.696,,3.4,7.1,93.654,87.808,79.87,0.027,15.2,91.0,0.954,96.6,99.29,98.48,96.0,0.4682393968105316,South America,0.894,1.158,0.076,0.308,49.62,16.456,0.845,79.551,10.01,15.968,8.315,33.248,6.341,-0.1962881,68.0
CHL,Chile,2014,13285.954,57.918,36.926,,3.3,7.0,93.422,88.542,83.663,0.025,13.5,95.0,0.997,96.7,99.3,98.65,,,,,,,0.291,50.28,16.456,0.849,79.714,10.135,15.938,8.315,33.248,6.25,-0.3049934,69.0
CHL,Chile,2015,13433.92,58.149,36.316,214.208,3.3,6.8,93.435,88.966,86.418,0.023,15.5,96.0,1.022,96.7,99.32,98.45,97.0,0.453433483839035,South America,0.888,0.92,0.085,0.287,50.31,15.823,0.855,80.008,10.26,15.258,7.517,32.144,6.112,-0.3373628,70.0
CHL,Chile,2016,13505.098,58.008,35.24,,3.3,6.7,94.007,88.966,88.846,0.02,9.0,95.0,1.209,96.7,99.33,99.1,,,,,,,0.267,50.74,15.823,0.859,80.295,10.425,15.236,7.517,32.144,6.047,-0.2634977,71.0
CHL,Chile,2017,13473.346,58.383,35.284,,3.1,6.5,94.741,88.652,89.922,0.017,17.3,93.0,1.584,96.9,99.35,98.27,96.0,0.4526998400688171,South America,0.891,0.81,0.074,0.249,51.85,15.823,0.862,80.61,10.59,15.465,7.5,33.012,5.884,-0.3574079,72.0
CHL,Chile,2018,13763.007,58.389,34.555,,3.0,6.3,,,91.197,0.016,13.5,95.0,1.785,97.0,99.37,98.65,,,,,,,0.215,52.52,22.727,0.866,80.559,10.761,15.382,7.5,33.012,5.634,-0.1157376,73.0
CHL,Chile,2019,13630.594,58.346,32.763,,2.7,6.0,,,92.066,0.015,10.9,96.0,1.599,97.3,99.4,98.91,,,,,,,0.195,52.74,22.727,0.867,80.324,10.935,15.296,7.5,33.012,5.376,-0.2271642,74.0
CHL,Chile,2020,12679.024,50.196,26.58,220.077,2.5,5.9,,,89.112,0.015,21.0,93.0,0.896,97.5,99.41,97.9,,,,,,,0.182,45.53,22.727,0.856,79.349,11.112,16.594,7.145,37.74,4.898,,
CHN,China,1990,917.271,,78.292,,,43.3,96.876,,3.002,0.291,88.9,97.0,1.467,,95.67,91.11,78.0,0.3222661912441253,Asia,0.094,,0.513,,,,,,,,,,,-0.1670653,45.0
CHN,China,1991,989.549,76.84,77.208,,,42.9,96.824,,2.883,0.21,,94.0,1.364,,95.71,,,,,,,,,,,,,,,,,,-0.3023714,46.0
CHN,China,1992,1117.273,76.38,76.085,,,42.3,95.869,,2.817,0.181,,91.0,1.226,,95.77,,,,,,,,,,,,,,,,,,-0.7356746,47.0
CHN,China,1993,1258.349,75.663,74.926,,,41.3,94.733,,2.934,0.159,,88.0,1.15,,95.87,,,,,,,,,,,,,,,,,,-1.396082,48.0
CHN,China,1994,1406.858,75.027,73.729,,,40.1,93.107,,3.77,0.145,,85.0,1.13,,95.99,,,,,,,,,,,,,,,,,,-1.634709,49.0
CHN,China,1995,1545.194,74.47,72.495,,,38.7,91.301,,4.658,0.13,61.9,80.0,1.087,,96.13,93.81,,,,,,,,,,,,,,,,,-1.502986,50.0
CHN,China,1996,1681.627,73.892,71.225,,,37.2,90.044,,5.275,0.116,,83.0,1.048,,96.28,,,,,,,,,,,,,,,,,,-1.268106,51.0
CHN,China,1997,1819.098,73.315,69.919,,,35.6,89.349,,5.796,0.104,63.6,84.0,1.023,,96.44,93.64,,,,,,,,,,,,,,,,,-1.145413,52.0
CHN,China,1998,1944.437,72.808,68.579,,,33.8,,,6.259,0.095,,84.0,0.96,,96.62,,,,,,,,0.207,68.93,21.819,0.576,71.601,5.724,,,,,-0.4421162,53.0
CHN,China,1999,2076.818,72.293,67.207,,,31.9,,,6.61,0.088,58.7,85.0,0.866,,96.81,94.13,,,,,,,0.228,68.41,21.819,0.587,71.952,5.922,,,,,-0.6680064,54.0
CHN,China,2000,2237.443,71.772,65.804,,,30.0,,,7.578,0.088,53.0,85.0,0.788,,97.0,94.7,91.0,,,0.101,-0.159,0.598,0.224,67.9,21.783,0.598,72.288,6.12,,,,,-0.7359335,55.0
CHN,China,2001,2405.894,71.071,64.995,,10.0,27.8,,,9.281,0.077,50.2,86.0,0.726,90.0,97.22,94.98,,,,,,,0.215,67.49,21.783,0.608,72.675,6.214,,,,,-0.5852949,56.0
CHN,China,2002,2610.73,70.444,64.177,,9.3,25.6,,,11.805,0.071,43.2,86.0,0.67,90.7,97.44,95.68,,,,,,,0.213,67.07,21.783,0.619,73.034,6.308,,,,,-0.5386405,57.0
CHN,China,2003,2857.037,69.892,63.35,,8.6,23.5,,,14.514,0.066,51.3,86.0,0.623,91.4,97.65,94.87,,,,,,,0.205,66.65,20.235,0.63,73.385,6.402,,,,,-0.9454819,58.0
CHN,China,2004,3127.863,69.652,62.516,,7.8,21.3,,,16.9,0.063,48.3,87.0,0.594,92.2,97.87,95.17,,,,,,,0.204,66.23,20.235,0.642,73.727,6.496,,,,,-0.8424348,59.0
CHN,China,2005,3465.817,69.323,61.676,,6.9,19.4,,,18.657,0.059,47.7,87.0,0.588,93.1,98.06,95.23,,,,,,,0.21,65.82,20.268,0.654,74.085,6.59,,,,,-0.7408335,60.0
CHN,China,2006,3883.354,69.079,60.829,,6.0,17.7,,,20.567,0.056,41.1,93.0,0.558,94.0,98.23,95.89,,,,,,,0.223,65.4,20.268,0.666,74.404,6.684,,,,,-0.8690618,61.0
CHN,China,2007,4409.757,68.824,59.976,,4.9,16.1,,,21.472,0.054,36.6,93.0,0.522,95.1,98.39,96.34,,,,,,,0.221,64.98,20.621,0.68,74.789,6.778,,,,,-0.6327519,62.0
CHN,China,2008,4811.475,68.337,59.116,,3.9,14.8,,,21.867,0.056,34.2,97.0,0.512,96.1,98.52,96.58,,,,,,,0.23,64.56,21.326,0.689,74.833,6.872,,,,,-0.6557925,63.0
CHN,China,2009,5237.767,67.929,58.251,,2.9,13.6,,,23.289,0.052,31.9,99.0,0.497,97.1,98.64,96.81,,,,,,,0.227,64.15,21.326,0.7,75.317,6.966,,,,,-0.6256859,64.0
CHN,China,2010,5764.865,67.746,57.381,,2.5,12.5,,,25.288,0.051,30.0,99.0,0.483,97.5,98.75,97.0,95.0,0.4374495446681976,Asia,0.094,0.092,0.551,0.226,63.73,21.326,0.71,75.668,7.06,,,,9.922,-0.8585649,65.0
CHN,China,2011,6275.91,67.636,56.463,,2.5,11.5,,,26.788,0.049,26.1,99.0,0.546,97.5,98.85,97.39,,,,,,,0.232,54.76,21.323,0.717,75.889,7.155,,,,9.244,-0.7636184,66.0
CHN,China,2012,6723.194,67.185,55.722,,2.5,10.5,,,29.308,0.052,24.5,99.0,0.678,97.5,98.95,97.55,,,,,,,0.227,54.81,21.323,0.725,76.2,7.249,,,,8.709,-0.8569092,67.0
CHN,China,2013,7198.069,66.751,54.986,,2.5,9.7,,,32.719,0.046,23.2,99.0,0.666,97.5,99.03,97.68,,,,,,,0.217,54.62,23.401,0.733,76.452,7.344,17.107,11.68,31.425,8.218,-0.5181141,68.0
CHN,China,2014,7686.578,66.425,54.279,,2.5,8.9,,,43.711,0.045,21.7,99.0,0.63,97.5,99.11,97.83,,,,,,,0.21,54.45,23.401,0.742,76.714,7.438,16.102,11.68,28.863,7.764,-0.8420048,69.0
CHN,China,2015,8175.333,66.078,53.603,,2.5,8.2,,,47.119,0.039,20.1,99.0,0.581,97.5,99.18,97.99,,,,,,,0.202,54.7,23.623,0.75,76.975,7.533,16.455,11.68,30.352,7.334,-0.2594838,70.0
CHN,China,2016,8679.377,65.739,52.944,,2.5,7.6,,,49.309,0.038,19.9,99.0,0.573,97.5,99.24,98.01,,,,,,,0.192,54.77,23.623,0.758,77.214,7.627,16.478,11.68,30.808,6.948,-0.4501334,71.0
CHN,China,2017,9221.514,65.295,52.277,,2.5,7.0,,,51.068,0.037,19.6,99.0,0.605,97.5,99.3,98.04,,,,,,,0.181,54.94,24.248,0.765,77.235,7.722,16.504,11.68,31.232,6.6,-0.3777864,72.0
CHN,China,2018,9798.653,64.887,51.613,,2.5,6.4,,,53.399,0.029,18.3,99.0,0.468,97.5,99.36,98.17,,,,,,,0.163,55.27,24.899,0.774,77.709,7.817,16.074,10.293,31.737,6.193,-0.4894719,73.0
CHN,China,2019,10356.48,64.307,51.017,,2.5,6.0,,,56.605,0.027,17.8,99.0,0.355,97.5,99.4,98.22,,,,,,,0.159,55.37,24.941,0.781,77.94,7.883,15.624,10.293,30.694,5.883,-0.3336454,74.0
CHN,China,2020,10573.642,62.435,47.883,208.962,2.5,5.5,,,61.612,0.021,,99.0,0.238,97.5,99.45,,97.0,0.3709083199501037,Asia,0.075,0.644,0.457,0.154,52.89,24.941,0.786,78.019,7.95,15.491,10.293,30.561,5.617,,
COL,Colombia,1990,3714.185,,57.452,,,29.6,,,,0.337,,88.0,2.067,,97.04,,,,,,,,,,,,,,,,,,-0.5843738,45.0
COL,Colombia,1991,3713.177,59.986,57.452,,,28.7,71.938,,,0.323,,84.0,2.009,,97.13,,,,,,,,,,,,,,,,,,-0.5718303,46.0
COL,Colombia,1992,3787.594,60.643,57.372,,,27.8,79.963,,,0.315,,78.0,1.981,,97.22,,,,,,,,,,,,,,,,,,-0.5138974,47.0
COL,Colombia,1993,3912.659,62.078,57.24,,,27.0,80.631,,,0.302,,88.0,1.997,,97.3,,91.0,,,0.557,,0.435,,,,,,,,,,,-0.5133371,48.0
COL,Colombia,1994,4059.321,62.154,57.09,,,26.2,81.363,,,0.29,,85.0,1.972,,97.38,,,,,,,,,,,,,,,,,,-0.6412951,49.0
COL,Colombia,1995,4189.728,62.157,56.962,,,25.3,84.467,,,0.274,,85.0,1.91,,97.47,,,,,,,,,,,,,,,,,,-0.5701879,50.0
COL,Colombia,1996,4198.691,60.074,56.952,,,24.5,89.277,,,0.26,,85.0,1.821,,97.55,,91.0,0.5677192807197571,South America,0.554,-0.459,0.435,,,,,,,,,,,-0.641151,51.0
COL,Colombia,1997,4265.694,60.004,56.888,,,23.7,,,,0.258,,84.0,1.79,,97.63,,,,,,,,,,,,,,,,,,-0.749337,52.0
COL,Colombia,1998,4213.828,57.935,56.937,,,23.0,92.117,,,0.258,100.4,73.0,1.791,,97.7,89.96,,,,,,,,,,,,,,,,,-0.6508136,53.0
COL,Colombia,1999,3967.113,53.948,57.181,,,22.3,93.736,,,0.259,92.2,74.0,1.738,,97.77,90.78,,,,,,,,,,,,,,,,,-0.4309603,54.0
COL,Colombia,2000,4016.81,53.748,57.131,,,21.6,93.894,,25.51,0.249,104.9,79.0,1.638,,97.84,89.51,,,,,,,,,,,,,,,,,-0.2650746,55.0
COL,Colombia,2001,4020.508,57.463,57.127,,8.6,21.0,92.028,,26.381,0.239,98.6,80.0,1.572,91.4,97.9,90.14,,,,,,,,,,,,,,,,,-0.3147039,56.0
COL,Colombia,2002,4058.285,56.952,56.255,,8.9,20.4,92.852,,26.513,0.228,84.4,81.0,1.538,91.1,97.96,91.56,,,,,,,0.502,52.53,10.821,0.684,71.537,6.966,,,,,-0.2365418,57.0
COL,Colombia,2003,4154.175,58.52,56.746,,9.6,19.9,,,,0.212,77.8,92.0,1.508,90.4,98.01,92.22,,,,,,,0.491,53.88,10.821,0.691,72.309,7.018,,,,,-0.3391349,58.0
COL,Colombia,2004,4311.916,57.539,54.797,,10.4,19.3,92.726,,29.503,0.199,78.7,89.0,1.469,89.6,98.07,92.13,93.0,0.5497446656227112,South America,0.546,-0.216,0.41,0.489,53.1,10.821,0.699,72.76,7.07,,,,,-0.4631405,59.0
COL,Colombia,2005,4457.275,58.111,52.413,,11.0,18.8,94.122,63.648,32.254,0.186,70.14,93.0,1.4,89.0,98.12,92.986,93.0,0.5390760898590088,South America,0.551,-0.198,0.41,0.488,51.29,10.861,0.711,73.156,7.28,,,,,-0.5005926,60.0
COL,Colombia,2006,4694.034,57.452,50.611,,11.3,18.3,92.679,67.734,34.366,0.177,71.38,93.0,1.325,88.7,98.17,92.862,92.0,,,0.573,-0.192,0.41,0.494,50.71,9.701,0.712,73.497,6.8,,,,,-0.2894382,61.0
COL,Colombia,2007,4947.253,56.729,48.808,,10.8,17.8,91.898,70.41,35.479,0.171,72.06,94.0,1.267,89.2,98.22,92.794,93.0,,,0.589,-0.05,0.41,0.495,50.13,9.701,0.724,73.751,7.19,,,,,-0.1993145,62.0
COL,Colombia,2008,5048.572,56.925,48.327,,11.1,17.3,92.728,71.391,37.945,0.164,60.6,92.0,1.203,88.9,98.27,93.94,93.0,0.5530605912208557,South America,0.588,-0.026,0.41,0.485,50.52,9.701,0.731,74.206,7.32,,,,,-0.1940131,63.0
COL,Colombia,2009,5046.971,58.875,52.137,,11.1,16.8,92.9,74.136,39.509,0.156,67.31,92.0,1.165,88.9,98.32,93.269,93.0,0.5428210496902466,South America,0.592,-0.301,0.42,0.478,54.05,9.701,0.736,74.531,7.25,,,,,-0.1403622,64.0
COL,Colombia,2010,5214.245,59.598,51.658,179.342,11.1,16.3,91.854,75.307,41.53,0.148,71.6,88.0,1.136,88.9,98.37,92.84,93.0,0.5461633801460266,South America,0.626,-0.124,0.403,0.454,54.58,13.806,0.741,74.876,7.39,25.417,21.381,43.143,11.728,-0.1176581,65.0
COL,Colombia,2011,5517.101,60.569,52.655,,10.0,15.8,91.811,77.262,45.287,0.14,68.82,85.0,1.071,90.0,98.42,93.118,94.0,0.5348308682441711,South America,0.661,-0.05,0.396,0.453,55.11,13.585,0.747,75.18,7.52,24.885,21.11,42.148,11.398,-0.07631258,66.0
COL,Colombia,2012,5675.756,61.293,53.596,,8.6,15.3,90.215,75.667,47.467,0.134,65.9,92.0,1.003,91.4,98.47,93.41,,,,,,,0.452,56.17,13.585,0.748,75.611,7.63,24.19,20.93,40.617,11.023,-0.04148148,67.0
COL,Colombia,2013,5910.806,61.053,52.093,,7.0,14.8,90.203,76.312,50.747,0.128,55.3,91.0,0.949,93.0,98.52,94.47,,,,,,,0.449,55.46,13.585,0.76,75.834,7.83,24.089,20.652,40.898,10.717,-0.1104474,68.0
COL,Colombia,2014,6121.84,61.096,51.548,,5.8,14.4,90.463,75.583,53.179,0.124,53.7,90.0,0.893,94.2,98.56,94.63,94.0,0.5254296064376831,South America,0.682,-0.135,0.388,0.422,55.16,20.896,0.763,75.95,7.99,23.709,20.191,40.489,10.448,-0.1393837,69.0
COL,Colombia,2015,6248.515,61.275,51.399,187.037,5.0,14.0,91.936,75.602,54.796,0.119,53.7,91.0,0.865,95.0,98.6,94.63,94.0,0.5098260045051575,South America,0.687,-0.093,0.393,0.417,55.41,20.896,0.767,76.067,8.05,22.747,19.821,38.24,10.179,-0.1837664,70.0
COL,Colombia,2016,6316.071,60.492,50.06,,4.4,13.6,92.997,76.202,57.144,0.113,51.3,91.0,0.991,95.6,98.64,94.87,95.0,0.5056243538856506,South America,0.688,-0.036,0.392,0.414,54.87,20.896,0.772,76.228,8.22,22.493,19.545,37.986,9.948,-0.17255,71.0
COL,Colombia,2017,6309.677,60.015,49.225,,4.2,13.2,93.135,76.562,58.396,0.111,51.0,92.0,1.451,95.8,98.68,94.9,,,,,,,0.417,54.5,19.776,0.774,76.418,8.36,21.891,19.107,36.804,9.763,-0.2376669,72.0
COL,Colombia,2018,6353.546,59.131,48.117,,4.2,12.7,92.92,77.471,57.321,0.109,45.29,92.0,1.839,95.8,98.73,95.471,95.0,0.5041036605834961,South America,0.67,-0.139,0.383,0.41,53.42,18.996,0.775,76.579,8.5,21.836,18.592,37.454,9.463,-0.06943607,73.0
COL,Colombia,2019,6439.964,57.709,46.743,,4.1,12.4,,,56.666,0.108,50.73,94.0,1.786,95.9,98.76,94.927,95.0,0.5132542848587036,South America,0.659,0.033,0.388,0.411,52.58,19.565,0.777,76.793,8.64,22.353,18.104,39.715,9.239,0.07463868,74.0
COL,Colombia,2020,5891.955,53.279,46.942,186.897,4.2,12.0,,,55.733,0.151,65.78,88.0,1.436,95.8,98.8,93.422,96.0,0.5348644256591797,South America,0.645,0.009,0.398,0.421,51.2,19.636,0.764,74.757,8.86,23.361,17.063,43.991,9.031,,
COM,Comoros,1990,1253.762,,16.705,,,93.5,,,0.617,4.43,,94.0,2.619,,90.65,,,,,,,,,,,,,,,,,,-0.5876641,45.0
COM,Comoros,1991,1148.139,39.698,16.689,,,90.2,,,,4.167,,52.0,2.435,,90.98,,,,,,,,,,,,,,,,,,-0.686154,46.0
COM,Comoros,1992,1207.292,39.855,16.835,,,86.9,,,0.556,3.953,,38.0,2.076,,91.31,,,,,,,,,,,,,,,,,,-0.509655,47.0
COM,Comoros,1993,1215.65,39.928,17.141,,,83.7,,,0.578,3.678,,70.0,1.826,,91.63,,,,,,,,,,,,,,,,,,-0.7474416,48.0
COM,Comoros,1994,1146.707,39.996,17.375,,,80.6,69.222,,,3.371,,58.0,1.77,,91.94,,,,,,,,,,,,,,,,,,-0.4899037,49.0
COM,Comoros,1995,1190.5,39.991,17.512,,,77.6,,,,3.137,,75.0,1.736,,92.24,,,,,,,,,,,,,,,,,,-0.5004707,50.0
COM,Comoros,1996,1164.203,39.967,17.575,,,74.8,,,0.901,2.948,,60.0,1.722,,92.52,,,,,,,,,,,,,,,,,,-0.1023222,51.0
COM,Comoros,1997,1194.795,40.046,17.533,,,72.2,,,,2.748,,48.0,1.722,,92.78,,,,,,,,,,,,,,,,,,-0.9549984,52.0
COM,Comoros,1998,1174.69,39.981,17.382,,,69.6,,,,2.647,,75.0,1.722,,93.04,,,,,,,,,,,,,,,,,,-0.2249935,53.0
COM,Comoros,1999,1185.07,39.922,17.081,,,67.1,60.794,,1.518,2.439,,73.0,1.782,,93.29,,,,,,,,,,,,,,,,,,-0.6812974,54.0
COM,Comoros,2000,1150.828,39.883,16.744,,,64.8,67.495,,1.604,2.349,,70.0,1.92,,93.52,,68.0,,,0.225,-1.158,0.734,,,,,,,,,,,-0.7987929,55.0
COM,Comoros,2001,1188.501,39.822,16.518,,24.7,62.7,,,,2.149,,70.0,2.057,75.3,93.73,,,,,,,,,,,,,,,,,,-0.9565534,56.0
COM,Comoros,2002,1217.115,39.776,16.361,,20.7,60.5,,,,2.057,,89.0,2.116,79.3,93.95,,,,,,,,,,,,,,,,,,-1.002125,57.0
COM,Comoros,2003,1216.98,39.63,16.14,,18.0,58.5,,,3.421,1.899,,80.0,1.927,82.0,94.15,,,,,,,,,,,,,,,,,,-1.12773,58.0
COM,Comoros,2004,1231.147,39.485,15.689,,16.6,56.5,,,,1.806,,76.0,1.896,83.4,94.35,,,,,,,,,,,,,,,,,,-1.067863,59.0
COM,Comoros,2005,1274.614,39.796,15.583,,16.3,54.6,,,,1.739,,68.0,2.041,83.7,94.54,,,,,,,,,,,,,,,,,,-1.081808,60.0
COM,Comoros,2006,1227.246,40.108,15.479,,16.1,52.9,,,,1.659,,69.0,2.017,83.9,94.71,,,,,,,,,,,,,,,,,,-0.686881,61.0
COM,Comoros,2007,1212.696,40.405,15.376,,15.8,51.2,79.174,,4.394,1.601,,75.0,1.993,84.2,94.88,,,,,,,,,,,,,,,,,,-0.6670484,62.0
COM,Comoros,2008,1235.972,40.724,15.272,,15.4,49.7,,,,1.511,,81.0,1.987,84.6,95.03,,,,,,,,,,,,,,,,,,-0.8697672,63.0
COM,Comoros,2009,1250.9,41.068,15.17,,15.3,48.3,,,6.195,1.446,,83.0,1.989,84.7,95.17,,,,,,,,,,,,,,,,,,-0.4742923,64.0
COM,Comoros,2010,1272.607,41.413,15.068,96.302,15.6,47.0,,,7.904,1.376,,74.0,1.988,84.4,95.3,,,,,,,,,,,,,,,,,,-0.8429758,65.0
COM,Comoros,2011,1299.111,41.741,14.967,,15.9,45.9,,,9.482,1.306,,83.0,1.999,84.1,95.41,,,,,,,,,,,,,,,,,,-0.8551806,66.0
COM,Comoros,2012,1313.581,42.051,14.868,,15.6,44.9,,,10.536,1.217,,86.0,2.011,84.4,95.51,,,,,,,,,,,,,,,,,,-0.8704519,67.0
COM,Comoros,2013,1343.545,42.398,14.77,,15.0,44.0,84.626,44.416,9.132,1.138,,83.0,2.114,85.0,95.6,,,,,,,,,,,,,,,,,,-0.5982549,68.0
COM,Comoros,2014,1342.328,42.696,14.674,,14.5,43.2,80.852,44.768,9.593,1.068,,80.0,2.175,85.5,95.68,,,,,,,,0.645,33.04,3.03,0.56,64.143,4.883,42.356,47.614,52.444,27.01,-0.887323,69.0
COM,Comoros,2015,1329.37,44.226,16.009,113.924,14.0,42.5,,,,1.009,,80.0,2.111,86.0,95.75,,,,,,,,0.633,35.06,3.03,0.565,64.473,5.023,42.183,47.614,52.444,26.492,-0.8723671,70.0
COM,Comoros,2016,1345.626,45.726,17.292,,13.5,41.7,,,,0.944,,75.0,2.051,86.5,95.83,,,,,,,,0.626,37.09,3.03,0.571,64.792,5.164,42.015,47.614,52.444,25.985,-0.8185991,71.0
COM,Comoros,2017,1369.41,47.259,18.428,,13.1,41.0,79.837,42.979,18.819,0.894,,79.0,1.993,86.9,95.9,,,,,,,,0.583,39.12,6.061,0.577,65.127,5.304,41.786,47.614,52.444,25.3,-0.6099982,72.0
COM,Comoros,2018,1391.846,48.769,19.448,,13.2,40.3,80.754,50.357,,0.843,,77.0,1.953,86.8,95.97,,,,,,,,0.58,41.14,6.061,0.584,65.401,5.445,41.631,47.614,52.444,24.836,-0.7487288,73.0
COM,Comoros,2019,1389.364,50.274,20.46,,13.5,39.5,,,,0.801,,78.0,1.924,86.5,96.05,,,,,,,,0.575,43.17,6.061,0.589,65.662,5.585,41.433,47.614,52.444,24.239,-0.5725838,74.0
COM,Comoros,2020,1359.706,51.082,21.626,,14.3,38.7,,,,0.773,,74.0,1.962,85.7,96.13,,,,,,,,0.512,45.2,16.667,0.592,65.756,5.726,41.186,47.614,52.444,23.5,,
COD,Congo; Dem. Rep.,1990,831.663,,42.657,,,102.4,,,2.012,4.42,,35.0,3.318,,89.76,,,,,,,,,,,,,,,,,,-0.1241539,45.0
COD,Congo; Dem. Rep.,1991,736.691,69.84,42.745,,,101.4,61.433,,2.341,4.332,,16.0,3.329,,89.86,,,,,,,,,,,,,,,,,,-0.255221,46.0
COD,Congo; Dem. Rep.,1992,637.437,69.781,42.84,,,100.6,59.743,16.488,,4.175,,23.0,3.378,,89.94,,,,,,,,,,,,,,,,,,-0.03030149,47.0
COD,Congo; Dem. Rep.,1993,532.214,69.728,42.869,,,99.8,58.7,17.621,,4.053,,29.0,3.574,,90.02,,,,,,,,,,,,,,,,,,-0.1900288,48.0
COD,Congo; Dem. Rep.,1994,487.815,69.669,42.272,,,99.1,59.888,18.307,,3.824,,26.0,4.733,,90.09,,,,,,,,,,,,,,,,,,-0.2001469,49.0
COD,Congo; Dem. Rep.,1995,471.254,69.73,42.116,,,98.3,67.869,,2.311,3.918,,23.0,4.151,,90.17,,,,,,,,,,,,,,,,,,-0.7853016,50.0
COD,Congo; Dem. Rep.,1996,457.552,69.995,43.252,,,97.5,,,,4.057,,18.0,1.922,,90.25,,,,,,,,,,,,,,,,,,-0.1568659,51.0
COD,Congo; Dem. Rep.,1997,424.967,70.161,44.441,,,96.4,,,,3.774,,18.0,1.607,,90.36,,,,,,,,,,,,,,,,,,-0.5168864,52.0
COD,Congo; Dem. Rep.,1998,406.859,70.203,44.842,,,95.0,,,,3.636,,18.0,2.717,,90.5,,,,,,,,,,,,,,,,,,-0.5242541,53.0
COD,Congo; Dem. Rep.,1999,376.623,70.174,44.821,,,93.3,36.804,,1.453,3.634,,25.0,3.358,,90.67,,,,,,,,,,,,,,,,,,-1.434028,54.0
COD,Congo; Dem. Rep.,2000,339.527,70.174,44.895,,,91.2,,,,3.556,,30.0,3.208,,90.88,,,,,,,,,,,,,,,,,,-1.397411,55.0
COD,Congo; Dem. Rep.,2001,322.034,70.177,44.954,,26.8,89.0,,,,3.555,,30.0,3.167,73.2,91.1,,,,,,,,,,,,,,,,,,-1.289872,56.0
COD,Congo; Dem. Rep.,2002,321.548,70.242,45.032,,27.2,86.5,,,,3.604,,38.0,3.056,72.8,91.35,,,,,,,,,,,,,,,,,,-1.224692,57.0
COD,Congo; Dem. Rep.,2003,329.71,70.348,45.15,,27.2,84.0,,,,3.6,,42.0,2.921,72.8,91.6,,,,,,,,,,,,,,,,,,-1.003337,58.0
COD,Congo; Dem. Rep.,2004,341.715,70.419,45.23,,27.3,81.3,,,,3.589,,54.0,2.945,72.7,91.87,,,,,,,,,,,,,,,,,,-0.735615,59.0
COD,Congo; Dem. Rep.,2005,351.708,70.442,45.242,,27.3,78.6,,,,3.624,,61.0,3.072,72.7,92.14,,,,,,,,,,,,,,,,,,-0.438273,60.0
COD,Congo; Dem. Rep.,2006,358.454,69.418,43.871,,27.4,75.9,,,4.209,3.688,,62.0,3.083,72.6,92.41,,,,,,,,,,,,,,,,,,-1.130373,61.0
COD,Congo; Dem. Rep.,2007,377.437,68.38,42.509,,27.6,73.3,,,4.203,3.765,,65.0,3.025,72.4,92.67,,,,,,,,,,,,,,,,,,-0.467523,62.0
COD,Congo; Dem. Rep.,2008,393.331,67.334,41.158,,27.7,70.7,,,5.279,3.715,,68.0,3.016,72.3,92.93,,,,,,,,,,,,,,,,,,-0.5948219,63.0
COD,Congo; Dem. Rep.,2009,383.516,66.255,39.82,,28.4,68.3,,,6.262,3.66,,71.0,3.091,71.6,93.17,,,,,,,,,,,,,,,,,,-0.4623545,64.0
COD,Congo; Dem. Rep.,2010,400.62,65.191,38.496,142.677,28.7,65.9,,,,3.609,,60.0,3.188,71.3,93.41,,,,,,,,,,,,,,,,,,-0.3068944,65.0
COD,Congo; Dem. Rep.,2011,417.13,64.116,37.189,,29.6,63.8,,,7.559,3.545,,70.0,3.28,70.4,93.62,,,,,,,,,,,,,,,,,,-0.7322338,66.0
COD,Congo; Dem. Rep.,2012,438.406,63.064,35.9,,30.5,61.8,,,7.64,3.479,,71.0,3.339,69.5,93.82,,,,,,,,,,,,,,,,,,-0.6458621,67.0
COD,Congo; Dem. Rep.,2013,464.527,62.839,36.918,,30.8,59.9,,,6.373,3.396,,71.0,3.402,69.2,94.01,,,,,,,,,,,,,,,,,,-0.6762804,68.0
COD,Congo; Dem. Rep.,2014,481.83,62.626,37.951,,31.1,58.0,,,,3.336,,73.0,3.391,68.9,94.2,,,,,,,,,,,,,,,,,,-0.8277739,69.0
COD,Congo; Dem. Rep.,2015,495.827,62.391,38.996,135.893,31.7,56.2,,,,3.247,,70.0,3.302,68.3,94.38,,,,,,,,,,,,,,,,,,-0.8678494,70.0
COD,Congo; Dem. Rep.,2016,480.461,62.081,39.902,,32.3,54.5,,,5.9,3.108,,70.0,3.541,67.7,94.55,,,,,,,,,,,,,,,,,,-0.5169571,71.0
COD,Congo; Dem. Rep.,2017,482.855,61.769,40.772,,32.7,52.9,,,,3.07,,71.0,3.657,67.3,94.71,,,,,,,,,,,,,,,,,,-0.5127205,72.0
COD,Congo; Dem. Rep.,2018,495.312,61.53,41.853,,32.5,51.3,,,,3.007,,71.0,3.347,67.5,94.87,,,,,,,,,,,,,,,,,,-0.2441453,73.0
COD,Congo; Dem. Rep.,2019,482.524,61.335,43.042,,34.1,49.8,,,,2.904,,73.0,3.17,65.9,95.02,,,,,,,,,,,,,,,,,,-0.5137377,74.0
COD,Congo; Dem. Rep.,2020,470.853,60.043,43.64,122.691,35.2,48.4,,,6.38,2.876,,70.0,3.221,64.8,95.16,,,,,,,,,,,,,,,,,,,
COG,Congo; Rep.,1990,2363.767,,47.244,,,57.2,,,4.574,2.58,,79.0,2.855,,94.28,,,,,,,,,,,,,,,,,,-0.5530884,45.0
COG,Congo; Rep.,1991,2352.528,54.969,46.952,,,58.4,,,4.543,2.603,,74.0,2.844,,94.16,,,,,,,,,,,,,,,,,,-0.09939125,46.0
COG,Congo; Rep.,1992,2346.679,54.928,46.662,,,60.1,,,4.984,2.668,,67.0,2.827,,93.99,,,,,,,,,,,,,,,,,,-0.02172295,47.0
COG,Congo; Rep.,1993,2255.944,54.834,46.324,,,62.2,,,5.575,2.685,,60.0,2.959,,93.78,,,,,,,,,,,,,,,,,,-0.2906359,48.0
COG,Congo; Rep.,1994,2069.796,54.608,46.044,,,64.4,,,,2.724,,55.0,2.962,,93.56,,,,,,,,,,,,,,,,,,-0.4984177,49.0
COG,Congo; Rep.,1995,2092.543,54.613,45.86,,,66.9,,,,2.7,,50.0,2.815,,93.31,,,,,,,,,,,,,,,,,,-0.2740245,50.0
COG,Congo; Rep.,1996,2122.628,54.711,45.674,,,69.4,,,,2.655,,37.0,2.774,,93.06,,,,,,,,,,,,,,,,,,-0.4720373,51.0
COG,Congo; Rep.,1997,2064.754,54.839,45.802,,,71.7,,,,3.127,,23.0,2.138,,92.83,,,,,,,,,,,,,,,,,,-0.6727759,52.0
COG,Congo; Rep.,1998,2095.344,54.837,45.848,,,73.3,,,,2.813,,26.0,2.199,,92.67,,,,,,,,,,,,,,,,,,-0.5523565,53.0
COG,Congo; Rep.,1999,1986.848,54.628,45.515,,,73.9,,,3.671,2.573,,29.0,2.701,,92.61,,,,,,,,,,,,,,,,,,-0.7972313,54.0
COG,Congo; Rep.,2000,2057.019,54.686,44.539,,,73.3,,,5.244,2.286,,33.0,3.832,,92.67,,,,,,,,,,,,,,,,,,-0.8689313,55.0
COG,Congo; Rep.,2001,2056.165,54.57,43.69,,26.3,71.5,,,4.202,2.23,,31.0,3.774,73.7,92.85,,,,,,,,,,,,,,,,,,-0.9253705,56.0
COG,Congo; Rep.,2002,2100.169,54.725,43.644,,25.9,68.6,,,3.762,2.137,,41.0,2.362,74.1,93.14,,,,,,,,,,,,,,,,,,-0.8668492,57.0
COG,Congo; Rep.,2003,2058.887,54.538,43.425,,26.0,64.8,,,3.796,1.985,,50.0,2.795,74.0,93.52,,,,,,,,,,,,,,,,,,-0.738825,58.0
COG,Congo; Rep.,2004,2058.884,54.465,42.967,,27.2,60.6,,,,1.827,,67.0,3.418,72.8,93.94,,,,,,,,,,,,,,,,,,-0.7999954,59.0
COG,Congo; Rep.,2005,2140.037,54.473,42.511,,28.4,56.3,51.825,,,1.752,,63.0,3.604,71.6,94.37,,,,,,,,,,,,,,,,,,-0.8009453,60.0
COG,Congo; Rep.,2006,2226.023,54.573,42.078,,30.5,52.1,55.276,,,1.792,,74.0,3.744,69.5,94.79,,,,,,,,,,,,,,,,,,-0.670444,61.0
COG,Congo; Rep.,2007,2004.101,54.299,41.782,,32.6,48.4,,,,1.692,,73.0,3.659,67.4,95.16,,,,,,,,,,,,,,,,,,-0.5706398,62.0
COG,Congo; Rep.,2008,2061.558,54.262,41.774,,34.9,45.3,,,,1.849,,80.0,3.289,65.1,95.47,,,,,,,,,,,,,,,,,,-0.6522179,63.0
COG,Congo; Rep.,2009,2211.316,54.314,41.559,,37.7,42.9,,,5.88,1.94,,80.0,3.996,62.3,95.71,,,,,,,,,,,,,,,,,,-0.6589369,64.0
COG,Congo; Rep.,2010,2332.285,54.662,41.407,90.649,40.4,41.0,86.245,,,1.836,,76.0,4.142,59.6,95.9,,,,,,,,,,,,,,,,,,-0.4982357,65.0
COG,Congo; Rep.,2011,2307.494,54.614,41.732,,40.5,39.5,,,7.959,1.807,,83.0,3.251,59.5,96.05,,,,,,,,,,,,,,,,,,-0.6300274,66.0
COG,Congo; Rep.,2012,2467.061,54.641,42.216,,37.4,38.3,87.883,,9.095,1.776,,85.0,2.796,62.6,96.17,,,,,,,,,,,,,,,,,,-0.5585312,67.0
COG,Congo; Rep.,2013,2390.658,54.477,42.803,,32.7,37.2,,,8.566,1.497,,85.0,2.431,67.3,96.28,,,,,,,,,,,,,,,,,,-0.6661648,68.0
COG,Congo; Rep.,2014,2488.681,54.644,43.3,,29.6,36.1,,,,1.387,,90.0,2.416,70.4,96.39,,,,,,,,,,,,,,,,,,-0.6910844,69.0
COG,Congo; Rep.,2015,2439.352,54.475,43.691,92.72,29.4,35.0,,,,1.282,,80.0,2.416,70.6,96.5,,,,,,,,,,,,,,,,,,-0.7521727,70.0
COG,Congo; Rep.,2016,2174.193,54.314,43.922,,29.6,33.9,,,,1.164,,71.0,2.422,70.4,96.61,,,,,,,,,,,,,,,,,,-0.7388248,71.0
COG,Congo; Rep.,2017,2003.271,54.022,43.978,,30.2,32.9,,,12.146,1.142,,69.0,2.43,69.8,96.71,,,,,,,,,,,,,,,,,,-0.7304124,72.0
COG,Congo; Rep.,2018,1909.956,53.945,43.922,,29.7,32.0,,,,1.111,,75.0,2.439,70.3,96.8,,,,,,,,,,,,,,,,,,-0.6321525,73.0
COG,Congo; Rep.,2019,1885.511,54.159,43.751,,29.0,33.0,,,,1.026,,79.0,2.406,71.0,96.7,,,,,,,,,,,,,,,,,,-0.7568042,74.0
COG,Congo; Rep.,2020,1725.51,50.469,40.751,92.533,27.7,30.2,,,,1.03,,73.0,2.395,72.3,96.98,,,,,,,,,,,,,,,,,,,
CRI,Costa Rica,1990,6037.051,,54.899,,,14.4,86.799,37.347,,0.136,,95.0,2.526,,98.56,,,,,,,,,,,,,,,,,,0.2870206,45.0
CRI,Costa Rica,1991,6018.683,53.466,53.514,,,13.8,87.266,37.778,,0.129,,90.0,2.545,,98.62,,,,,,,,,,,,,,,,,,0.0653013,46.0
CRI,Costa Rica,1992,6408.205,53.473,51.76,,,13.4,89.033,40.1,,0.122,,90.0,2.531,,98.66,,,,,,,,,,,,,,,,,,0.1696962,47.0
CRI,Costa Rica,1993,6693.491,54.307,53.179,,,13.1,89.382,40.886,,0.118,,88.0,2.501,,98.69,,,,,,,,,,,,,,,,,,0.04684121,48.0
CRI,Costa Rica,1994,6826.323,54.711,52.415,,,12.9,88.441,42.772,,0.114,,88.0,2.455,,98.71,,,,,,,,,,,,,,,,,,0.01091917,49.0
CRI,Costa Rica,1995,6940.837,55.024,53.268,,,12.7,89.542,42.909,,0.11,19.9,85.0,2.406,,98.73,98.01,,,,,,,,,,,,,,,,,-0.02284222,50.0
CRI,Costa Rica,1996,6871.609,52.522,49.341,,,12.6,91.47,42.427,,0.106,29.0,85.0,2.344,,98.74,97.1,,,,,,,,,,,,,,,,,-0.1717882,51.0
CRI,Costa Rica,1997,7085.988,54.828,50.832,,,12.3,,,,0.099,37.2,94.0,2.259,,98.77,96.28,,,,,,,,,,,,,,,,,-0.1201066,52.0
CRI,Costa Rica,1998,7430.172,56.509,53.599,,,12.1,,,,0.095,15.6,85.0,2.168,,98.79,98.44,,,,,,,,,,,,,,,,,-0.133731,53.0
CRI,Costa Rica,1999,7584.421,56.168,51.258,,,11.7,,,,0.089,28.0,86.0,2.074,,98.83,97.2,,,,,,,,,,,,,,,,,-0.2243585,54.0
CRI,Costa Rica,2000,7726.52,55.879,50.386,,,11.2,,,,0.086,35.8,88.0,1.94,,98.88,96.42,95.0,0.4740948379039764,North America,0.895,0.262,0.176,0.443,31.98,19.298,0.72,77.317,7.558,,,,,-0.07576159,55.0
CRI,Costa Rica,2001,7854.234,56.586,51.389,,4.6,10.8,,,,0.081,32.7,91.0,1.792,95.4,98.92,96.73,,,,,,,0.408,41.65,19.298,0.726,77.609,7.657,,,,,-0.2870414,56.0
CRI,Costa Rica,2002,7989.559,55.938,49.74,,4.8,10.4,,,,0.073,38.0,94.0,1.652,95.2,98.96,96.2,,,,,,,0.367,41.21,35.088,0.73,77.939,7.757,,,,,-0.1890547,57.0
CRI,Costa Rica,2003,8207.457,56.045,50.624,,4.9,10.1,,,,0.068,32.9,88.0,1.536,95.1,98.99,96.71,,,,,,,0.365,41.54,35.088,0.736,78.214,7.856,,,,,0.04435309,58.0
CRI,Costa Rica,2004,8445.529,55.073,47.655,,4.5,9.9,,,25.806,0.065,30.5,90.0,1.47,95.5,99.01,96.95,,,,,,,0.355,39.88,35.088,0.741,78.512,7.955,,,,,0.01724412,59.0
CRI,Costa Rica,2005,8655.34,57.171,49.046,,3.8,9.7,,,,0.062,37.7,91.0,1.446,96.2,99.03,96.23,,,,,,,0.344,43.68,35.088,0.748,78.877,8.055,,,,,-0.03354304,60.0
CRI,Costa Rica,2006,9160.294,57.053,49.502,,3.3,9.6,,,,0.057,39.3,89.0,1.401,96.7,99.04,96.07,,,,,,,0.332,43.48,38.596,0.755,79.049,8.032,,,,,-0.2665717,61.0
CRI,Costa Rica,2007,9779.511,58.629,51.415,,3.0,9.5,,,,0.058,19.1,89.0,1.354,97.0,99.05,98.09,,,,,,,0.334,44.5,36.842,0.76,79.098,8.01,,,,,-0.14424,62.0
CRI,Costa Rica,2008,10104.909,57.904,49.105,,3.0,9.4,,,,0.058,33.3,90.0,1.356,97.0,99.06,96.67,,,,,,,0.331,44.58,36.842,0.769,79.18,8.29,,,,,-0.1005386,63.0
CRI,Costa Rica,2009,9883.676,55.753,47.368,,3.1,9.3,,,,0.055,26.7,86.0,1.336,96.9,99.07,97.33,,,,,,,0.325,44.9,36.842,0.773,79.372,8.36,,,,,-0.1747821,64.0
CRI,Costa Rica,2010,10285.086,54.968,44.647,188.166,3.1,9.0,,,,0.051,22.6,88.0,1.241,96.9,99.1,97.74,,,,,,,0.315,44.4,38.596,0.776,79.354,8.23,18.504,13.403,34.689,7.42,-0.2475491,65.0
CRI,Costa Rica,2011,10612.469,54.85,43.616,,3.1,8.8,98.397,75.305,44.671,0.051,24.5,85.0,1.175,96.9,99.12,97.55,97.0,0.4875920116901397,North America,0.911,0.283,0.184,0.307,46.2,38.596,0.783,79.624,8.35,18.538,12.522,35.834,7.258,-0.1498814,66.0
CRI,Costa Rica,2012,11001.519,58.472,48.168,,3.1,8.5,98.481,75.643,46.689,0.049,30.0,91.0,1.167,96.9,99.15,97.0,,,,,,,0.301,51.17,38.596,0.789,79.925,8.41,18.569,12.695,35.92,7.092,-0.2080421,67.0
CRI,Costa Rica,2013,11151.144,58.43,47.736,,2.9,8.2,97.843,76.958,47.506,0.045,19.8,95.0,1.113,97.1,99.18,98.02,,,,,,,0.293,51.0,38.596,0.795,80.189,8.58,18.742,12.013,37.252,6.961,-0.2004931,68.0
CRI,Costa Rica,2014,11422.674,58.734,48.208,,2.7,8.0,96.987,77.992,50.334,0.046,29.3,91.0,1.075,97.3,99.2,97.07,,,,,,,0.303,51.09,33.333,0.802,80.231,8.75,18.283,12.29,35.691,6.869,-0.1895712,69.0
CRI,Costa Rica,2015,11714.711,57.523,45.728,192.126,2.5,7.8,97.608,80.328,51.285,0.043,27.8,92.0,1.062,97.5,99.22,97.22,,,,,,,0.282,49.81,33.333,0.803,80.407,8.58,18.227,11.913,35.995,6.774,-0.2397412,70.0
CRI,Costa Rica,2016,12084.435,54.861,42.604,,2.5,7.7,98.184,82.585,51.652,0.045,28.6,97.0,1.011,97.5,99.23,97.14,,,,,,,0.278,45.77,33.333,0.805,79.988,8.56,18.304,12.183,35.946,6.785,-0.1741668,71.0
CRI,Costa Rica,2017,12468.565,55.223,42.631,,2.5,7.7,96.342,81.867,54.449,0.044,23.3,96.0,0.944,97.5,99.23,97.67,,,,,,,0.273,45.66,35.088,0.809,79.994,8.64,17.896,11.939,35.099,6.651,-0.2166643,72.0
CRI,Costa Rica,2018,12679.525,56.605,45.627,,2.5,7.8,97.333,82.448,52.614,0.045,14.6,94.0,0.904,97.5,99.22,98.54,,,,,,,0.249,48.42,45.614,0.813,80.09,8.72,17.915,11.895,35.246,6.605,-0.1195845,73.0
CRI,Costa Rica,2019,12877.65,57.318,45.31,,2.5,7.9,,,55.02,0.038,20.2,95.0,0.838,97.5,99.21,97.98,,,,,,,0.234,52.51,45.614,0.821,80.296,8.76,17.843,11.918,35.221,6.391,-0.1513744,74.0
CRI,Costa Rica,2020,12242.21,50.666,43.93,192.796,2.5,8.2,,,,0.046,34.39,97.0,0.693,97.5,99.18,96.561,,,,,,,0.231,48.43,45.614,0.819,79.725,8.8,17.452,11.52,34.532,6.303,,
CIV,Cote d'Ivoire,1990,1866.079,,54.238,,,100.6,,,,4.094,,54.0,3.932,,89.94,,,,,,,,,,,,,,,,,,0.07958867,45.0
CIV,Cote d'Ivoire,1991,1794.121,61.231,53.932,,,100.5,49.103,,,3.787,,39.0,3.973,,89.95,,,,,,,,,,,,,,,,,,0.3416277,46.0
CIV,Cote d'Ivoire,1992,1719.713,61.109,53.585,,,100.2,49.388,,2.47,3.468,,49.0,3.991,,89.98,,,,,,,,,,,,,,,,,,-0.02413593,47.0
CIV,Cote d'Ivoire,1993,1649.47,61.6,53.234,,,99.7,,,2.936,3.11,,50.0,3.978,,90.03,,,,,,,,,,,,,,,,,,-0.328479,48.0
CIV,Cote d'Ivoire,1994,1598.692,62.081,52.87,,,99.2,,,3.646,2.788,,50.0,3.935,,90.08,,,,,,,,,,,,,,,,,,0.006030381,49.0
CIV,Cote d'Ivoire,1995,1647.088,62.643,52.5,,,98.4,,,3.598,2.503,,52.0,3.901,,90.16,,,,,,,,,,,,,,,,,,-0.1970975,50.0
CIV,Cote d'Ivoire,1996,1706.977,62.628,52.152,,,97.6,54.684,,,2.233,,55.0,3.874,,90.24,,,,,,,,,,,,,,,,,,-0.4348346,51.0
CIV,Cote d'Ivoire,1997,1801.132,62.628,51.832,,,96.3,55.7,,5.418,2.115,,58.0,3.842,,90.37,,,,,,,,,,,,,,,,,,-0.6883012,52.0
CIV,Cote d'Ivoire,1998,1808.423,62.498,51.568,,,94.9,,,,2.181,,58.0,3.772,,90.51,,36.0,0.3895732164382934,Africa,0.392,-0.233,0.619,,,,,,,,,,,-0.713413,53.0
CIV,Cote d'Ivoire,1999,1770.865,62.434,51.523,,,93.2,56.606,,5.491,2.182,,58.0,3.259,,90.68,,,,,,,,,,,,,,,,,,-0.7670215,54.0
CIV,Cote d'Ivoire,2000,1717.954,62.308,51.479,,,91.4,55.669,,,2.156,,65.0,2.767,,90.86,,49.0,,,0.274,-1.008,0.648,,,,,,,,,,,-0.544679,55.0
CIV,Cote d'Ivoire,2001,1636.573,62.216,51.435,,18.9,89.4,59.623,,,2.278,,66.0,2.675,81.1,91.06,,,,,,,,,,,,,,,,,,-0.715948,56.0
CIV,Cote d'Ivoire,2002,1551.279,62.154,51.391,,18.9,87.3,59.61,,,2.368,,65.0,2.584,81.1,91.27,,,,,,,,,,,,,,,,,,-0.5986319,57.0
CIV,Cote d'Ivoire,2003,1441.588,62.072,51.347,,18.3,85.1,56.083,,,2.457,,62.0,2.492,81.7,91.49,,,,,,,,,,,,,,,,,,-0.7578597,58.0
CIV,Cote d'Ivoire,2004,1451.865,62.169,51.303,,17.9,82.8,,,,2.461,,68.0,2.425,82.1,91.72,,,,,,,,,,,,,,,,,,-0.2565804,59.0
CIV,Cote d'Ivoire,2005,1431.733,62.239,51.259,,17.6,80.2,,,,2.637,,77.0,2.387,82.4,91.98,,,,,,,,,,,,,,,,,,-0.3505371,60.0
CIV,Cote d'Ivoire,2006,1437.775,62.383,51.216,,17.5,78.1,,,,2.886,,77.0,2.356,82.5,92.19,,,,,,,,,,,,,,,,,,-0.2067751,61.0
CIV,Cote d'Ivoire,2007,1420.174,62.347,51.173,,17.5,75.6,,,7.937,2.978,,76.0,2.327,82.5,92.44,,,,,,,,,,,,,,,,,,-0.02301008,62.0
CIV,Cote d'Ivoire,2008,1454.627,62.421,51.13,,17.5,73.0,,,7.484,2.915,,74.0,2.275,82.5,92.7,,,,,,,,,,,,,,,,,,-0.1549883,63.0
CIV,Cote d'Ivoire,2009,1473.918,62.433,51.089,,17.6,70.9,55.838,,7.189,3.044,,81.0,2.222,82.4,92.91,,,,,,,,,,,,,,,,,,-0.0882752,64.0
CIV,Cote d'Ivoire,2010,1540.529,62.549,51.05,95.689,16.9,68.8,,,6.531,3.062,,78.0,2.204,83.1,93.12,,,,,,,,,,,,,,,,,,0.0990236,65.0
CIV,Cote d'Ivoire,2011,1426.465,62.326,51.014,,16.0,67.0,,,2.921,2.938,,61.0,2.173,84.0,93.3,,,,,,,,,,,,,,,,,,-0.09213097,66.0
CIV,Cote d'Ivoire,2012,1503.434,62.411,50.978,,15.1,64.9,,,,2.913,,82.0,2.089,84.9,93.51,,,,,,,,,,,,,,,,,,-0.4023885,67.0
CIV,Cote d'Ivoire,2013,1632.327,64.302,50.237,,15.5,62.8,66.916,,7.354,2.79,,75.0,1.994,84.5,93.72,,,,,,,,,,,,,,,,,,-0.2843795,68.0
CIV,Cote d'Ivoire,2014,1742.537,64.855,49.493,,14.6,60.8,72.341,30.174,7.739,2.653,,73.0,2.425,85.4,93.92,,44.0,,,0.469,-0.856,0.508,,,,,,,,,,,-0.06715543,69.0
CIV,Cote d'Ivoire,2015,1814.719,65.217,48.753,112.117,13.5,59.0,76.736,,8.464,2.517,,79.0,2.889,86.5,94.1,,,,,,,,,,,,,,,,,,-0.1583325,70.0
CIV,Cote d'Ivoire,2016,1889.278,65.562,48.018,,11.5,57.4,83.17,34.683,8.896,2.383,,87.0,2.901,88.5,94.26,,50.03968,,,0.528,-0.736,0.511,,,,,,,,,,,-0.1864292,71.0
CIV,Cote d'Ivoire,2017,1972.814,63.958,46.562,,10.6,55.8,85.572,37.994,9.525,2.215,,83.0,2.822,89.4,94.42,,,,,,,,,,,,,,,,,,-0.4058736,72.0
CIV,Cote d'Ivoire,2018,2013.323,63.541,45.111,,9.8,54.1,90.328,40.198,,2.057,,83.0,2.697,90.2,94.59,,,,,,,,,,,,,,,,,,-0.04433654,73.0
CIV,Cote d'Ivoire,2019,2093.1,63.131,43.668,,9.4,52.3,,,10.326,1.928,,79.0,2.619,90.6,94.77,,,,,,,,,,,,,,,,,,-0.1546137,74.0
CIV,Cote d'Ivoire,2020,2055.085,63.214,40.779,110.396,9.2,50.9,,,10.266,1.976,,72.0,2.53,90.8,94.91,,,,,,,,,,,,,,,,,,,
HRV,Croatia,1990,9754.649,,42.474,,,11.2,,,,0.014,,,0.212,,98.88,,,,,,,,0.317,46.12,7.179,,72.243,6.566,,,,,,
HRV,Croatia,1991,7842.552,50.964,45.195,,,11.2,,,,0.014,,,-1.867,,98.88,,97.0,,,0.242,,0.588,0.314,46.12,7.179,,70.575,6.86,,,,,,
HRV,Croatia,1992,7095.227,50.565,44.749,,,9.9,,,,0.013,,83.0,-2.444,,99.01,,,,,,,,0.289,44.55,7.179,,71.721,7.167,,,,,1.084538,47.0
HRV,Croatia,1993,6490.835,50.159,44.305,,,9.5,,,,0.013,,85.0,0.537,,99.05,,,,,,,,0.282,42.97,7.179,,72.305,7.474,,,,,1.1285,48.0
HRV,Croatia,1994,6795.712,49.87,43.865,,,9.0,,,,0.012,,87.0,1.115,,99.1,,,,,,,,0.27,41.4,7.179,,72.614,7.781,,,,,0.9074642,49.0
HRV,Croatia,1995,7304.709,49.535,43.43,,,8.6,,,,0.013,,90.0,-0.69,,99.14,,,,,,,,0.279,39.82,7.179,0.713,72.561,8.088,,,,,0.981203,50.0
HRV,Croatia,1996,7857.992,49.207,42.997,,,8.3,,,,0.013,,91.0,-1.372,,99.17,,,,,,,,0.27,38.25,7.179,0.725,72.975,8.395,,,,,1.06336,51.0
HRV,Croatia,1997,8383.471,48.717,42.567,,,8.0,,,,0.013,,92.0,-0.488,,99.2,,,,,,,,0.26,36.67,7.179,0.734,72.99,8.702,,,,,1.16101,52.0
HRV,Croatia,1998,8577.507,47.371,42.141,,,7.7,84.0,,,0.011,,93.0,-0.061,,99.23,,,,,,,,0.245,35.1,7.179,0.744,73.193,9.009,,,,,0.972144,53.0
HRV,Croatia,1999,8541.533,45.834,41.717,,,7.5,86.002,82.027,,0.01,,93.0,-0.432,,99.25,,,,,,,,0.245,39.54,7.179,0.753,73.609,9.316,,,,,0.916045,54.0
HRV,Croatia,2000,8880.27,44.177,41.292,,,7.2,87.717,82.352,,0.009,,93.0,-0.986,,99.28,,,,,,,,0.188,43.99,16.055,0.769,74.001,9.623,,,,,1.08061,55.0
HRV,Croatia,2001,9515.736,43.966,40.864,,10.6,6.9,89.951,82.722,36.374,0.009,,94.0,-3.848,89.4,99.31,,98.0,,,0.773,,0.301,0.191,42.46,16.204,0.785,74.355,9.93,,,,,0.8784773,56.0
HRV,Croatia,2002,10062.04,43.971,40.43,,7.1,6.6,91.818,83.687,39.162,0.009,,95.0,0.059,92.9,99.34,,,,,,,,0.189,43.98,16.204,0.792,74.646,10.051,,,,,0.9565907,57.0
HRV,Croatia,2003,10619.308,44.566,38.433,,5.4,6.6,93.619,85.204,42.381,0.009,,94.0,0.028,94.6,99.34,,,,,,,,0.186,42.81,16.204,0.798,74.709,10.172,,,,,1.023768,58.0
HRV,Croatia,2004,11059.098,45.687,40.02,,4.3,6.1,,,44.076,0.008,,96.0,0.028,95.7,99.39,,,,,,,,0.157,43.64,21.711,0.807,75.266,10.293,,,,,0.9499174,59.0
HRV,Croatia,2005,11522.791,46.024,38.07,,3.3,5.8,90.439,88.494,47.295,0.009,,96.0,0.129,96.7,99.42,,,,,,,,0.158,42.62,21.711,0.814,75.57,10.414,,,,,0.9717939,60.0
HRV,Croatia,2006,12104.042,46.307,35.861,,2.7,5.5,90.078,,48.598,0.008,,96.0,0.024,97.3,99.45,,,,,,,,0.153,42.8,21.711,0.819,75.677,10.535,,,,,0.9670583,61.0
HRV,Croatia,2007,12717.988,47.631,36.663,,2.5,5.3,89.789,,50.531,0.008,,96.0,-0.022,97.5,99.47,,,,,,,,0.157,45.14,20.915,0.825,75.886,10.656,,,,,0.9723764,62.0
HRV,Croatia,2008,12970.438,48.553,36.631,,2.5,5.0,88.023,93.306,52.351,0.008,,96.0,-0.012,97.5,99.5,,,,,,,,0.156,45.73,20.915,0.827,76.001,10.777,,,,,0.9720034,63.0
HRV,Croatia,2009,12099.552,48.169,36.296,,2.5,4.8,85.898,96.493,51.958,0.008,,96.0,-0.105,97.5,99.52,,,,,,,,0.141,46.7,23.529,0.826,76.313,10.898,,,,,0.9282314,64.0
HRV,Croatia,2010,11965.005,46.43,35.852,210.807,2.7,4.7,85.815,95.033,57.069,0.007,,97.0,-0.227,97.3,99.53,,,,,,,,0.135,46.14,23.529,0.831,76.676,11.019,9.551,6.649,17.368,4.635,0.9851067,65.0
HRV,Croatia,2011,11993.071,44.678,32.463,,2.8,4.5,87.645,94.33,59.339,0.007,,96.0,-0.345,97.2,99.55,,,,,,,,0.132,44.61,23.841,0.836,76.993,11.14,9.497,6.751,17.466,4.274,0.9674721,66.0
HRV,Croatia,2012,11780.474,43.09,29.998,,2.5,4.4,89.142,94.134,62.026,0.006,,96.0,-0.474,97.5,99.56,,,,,,,,0.129,44.54,23.841,0.839,77.284,11.268,9.125,5.949,17.228,4.197,1.00611,67.0
HRV,Croatia,2013,11838.215,42.012,29.438,,2.5,4.3,88.659,93.302,66.711,0.006,,96.0,-0.623,97.5,99.57,,,,,,,,0.122,44.59,23.841,0.846,77.51,11.324,9.077,5.813,17.198,4.219,0.983745,68.0
HRV,Croatia,2014,11862.761,43.204,32.725,,2.5,4.2,88.742,92.392,68.639,0.005,,95.0,-0.766,97.5,99.58,,,,,,,,0.119,46.43,23.841,0.848,77.514,11.394,8.704,4.989,16.856,4.269,0.9473434,69.0
HRV,Croatia,2015,12283.784,44.095,32.969,213.881,2.5,4.2,88.942,92.24,68.441,0.005,,94.0,-1.194,97.5,99.58,,,,,,,,0.143,46.88,15.232,0.852,77.633,11.418,8.768,5.163,16.878,4.262,1.040173,70.0
HRV,Croatia,2016,12848.42,44.5,36.986,,2.5,4.1,87.638,91.877,69.589,0.005,,93.0,-1.086,97.5,99.59,,,,,,,,0.158,45.43,12.583,0.856,77.629,11.55,8.325,5.021,15.841,4.114,1.154286,71.0
HRV,Croatia,2017,13485.301,45.695,35.827,,2.5,4.1,88.041,92.393,71.378,0.004,,92.0,-1.607,97.5,99.59,,,,,,,,0.13,45.57,18.543,0.862,77.726,11.634,8.244,4.934,15.726,4.07,1.078894,72.0
HRV,Croatia,2018,14060.987,46.696,33.762,,2.5,4.0,,,72.863,0.004,,93.0,-1.311,97.5,99.6,,,,,,,,0.126,45.51,18.543,0.867,77.865,11.769,8.051,4.674,15.315,4.163,1.117789,73.0
HRV,Croatia,2019,14641.664,47.536,33.515,,2.5,4.0,,,74.05,0.004,,94.0,-0.992,97.5,99.6,,,,,,,,0.118,45.18,20.53,0.872,78.197,11.849,7.638,4.58,14.401,3.934,1.093434,74.0
HRV,Croatia,2020,13545.488,47.204,32.826,228.936,2.5,4.0,,,74.738,0.006,,94.0,-0.895,97.5,99.6,,,,,,,,0.086,44.68,31.126,0.867,77.497,11.951,7.317,4.242,13.732,3.977,,
CUB,Cuba,1990,4961.457,,43.196,,,10.8,91.929,68.612,20.67,0.13,,92.0,0.931,,98.92,,,,,,,,,,,,,,,,,,-1.598071,45.0
CUB,Cuba,1991,4395.455,47.91,42.879,,,10.3,91.628,68.556,20.875,0.12,,99.0,0.804,,98.97,,,,,,,,,,,,,,,,,,-1.86874,46.0
CUB,Cuba,1992,3861.874,47.67,42.571,,,9.8,93.928,66.645,19.688,0.111,,94.0,0.634,,99.02,,,,,,,,,,,,,,,,,,-1.723584,47.0
CUB,Cuba,1993,3270.55,47.365,42.357,,,9.3,94.796,,17.948,0.104,,99.0,0.511,,99.07,,,,,,,,,,,,,,,,,,-1.771137,48.0
CUB,Cuba,1994,3280.385,47.777,41.767,,,8.9,97.065,59.872,16.704,0.098,,99.0,0.414,,99.11,,,,,,,,,,,,,,,,,,-1.582268,49.0
CUB,Cuba,1995,3348.888,48.253,41.146,,,8.5,96.894,,14.262,0.095,47.6,99.0,0.361,,99.15,95.24,,,,,,,,,,,,,,,,,-1.895469,50.0
CUB,Cuba,1996,3599.325,48.893,40.419,,,8.1,98.805,,13.406,0.087,36.4,90.0,0.335,,99.19,96.36,,,,,,,,,,,,,,,,,-2.026976,51.0
CUB,Cuba,1997,3687.425,49.386,39.874,,,7.8,98.593,,13.293,0.09,38.6,99.0,0.327,,99.22,96.14,,,,,,,,,,,,,,,,,-2.032136,52.0
CUB,Cuba,1998,3680.984,50.003,39.51,,,7.4,96.929,,13.477,0.084,39.1,99.0,0.334,,99.26,96.09,,,,,,,,,,,,,,,,,-1.582106,53.0
CUB,Cuba,1999,3895.546,50.192,39.108,,,7.1,97.803,75.769,21.154,0.079,43.8,95.0,0.339,,99.29,95.62,,,,,,,,,,,,,,,,,-1.46817,54.0
CUB,Cuba,2000,4112.262,50.781,38.821,,,6.8,97.921,80.49,22.996,0.072,40.4,95.0,0.333,,99.32,95.96,,,,,,,,,,,,,,,,,-1.217485,55.0
CUB,Cuba,2001,4229.903,51.591,38.692,,2.5,6.5,98.026,82.252,26.072,0.067,33.9,98.0,0.315,97.5,99.35,96.61,,,,,,,,,,,,,,,,,-1.238722,56.0
CUB,Cuba,2002,4277.396,52.012,38.683,,2.5,6.3,98.35,82.605,27.423,0.066,41.1,99.0,0.298,97.5,99.37,95.89,100.0,,,0.114,-0.584,0.579,,,,,,,,,,,-1.010701,57.0
CUB,Cuba,2003,4426.966,52.549,38.68,,2.5,6.0,97.331,85.118,32.569,0.063,39.5,72.0,0.286,97.5,99.4,96.05,,,,,,,,,,,,,,,,,-1.430459,58.0
CUB,Cuba,2004,4670.188,52.821,38.691,,2.5,5.8,97.434,85.11,52.441,0.058,38.5,88.0,0.262,97.5,99.42,96.15,,,,,,,0.334,37.94,35.961,0.734,77.326,10.436,,,,,-1.275418,59.0
CUB,Cuba,2005,5182.353,52.875,38.617,,2.5,5.6,96.636,86.646,60.115,0.053,51.4,89.0,0.212,97.5,99.44,94.86,,,,,,,0.333,38.63,35.961,0.747,77.54,10.569,,,,,-1.384787,60.0
CUB,Cuba,2006,5799.412,53.028,38.528,,2.5,5.4,95.87,88.667,84.745,0.048,49.4,89.0,0.142,97.5,99.46,95.06,,,,,,,0.331,39.31,35.961,0.766,77.406,10.702,,,,,-1.194197,61.0
CUB,Cuba,2007,6215.766,53.187,38.487,,,5.2,96.468,88.329,105.017,0.049,31.1,93.0,0.077,,99.48,96.89,,,,,,,0.331,40.76,35.961,0.78,77.55,10.835,,,,,-1.317043,62.0
CUB,Cuba,2008,6469.085,53.379,38.439,,,5.1,96.278,87.501,117.163,0.056,46.5,95.0,0.04,,99.49,95.35,,,,,,,0.326,41.17,43.16,0.788,77.589,10.968,,,,,-1.347085,63.0
CUB,Cuba,2009,6561.253,54.55,41.41,,,5.0,97.876,85.677,113.827,0.061,46.9,96.0,0.026,,99.5,95.31,,,,,,,0.327,42.34,43.16,0.788,77.584,11.101,,,,,-1.610682,64.0
CUB,Cuba,2010,6716.49,53.453,41.685,,,4.9,98.553,88.241,93.545,0.059,43.1,96.0,0.024,,99.51,95.69,,,,,,,0.33,41.83,43.16,0.783,77.876,11.234,,11.256,,5.188,-1.451286,65.0
CUB,Cuba,2011,6902.164,53.196,41.551,,,4.8,98.549,87.903,78.479,0.06,40.6,97.0,0.037,,99.52,95.94,,,,,,,0.329,41.59,45.222,0.781,78.051,11.367,,11.256,,5.162,-1.803017,66.0
CUB,Cuba,2012,7109.248,53.182,41.409,,,4.8,97.816,86.646,61.352,0.056,33.4,99.0,0.014,,99.52,96.66,100.0,,,0.167,-0.377,0.579,0.321,57.38,45.222,0.777,78.162,11.5,,11.256,,5.156,-1.675188,67.0
CUB,Cuba,2013,7307.82,53.442,41.225,,,4.7,97.782,87.241,47.994,0.056,38.9,99.0,-0.044,,99.53,96.11,,,,,,,0.312,57.3,48.856,0.771,78.028,11.381,,11.256,,5.148,-1.741719,68.0
CUB,Cuba,2014,7392.483,53.901,41.034,,,4.8,94.986,85.148,40.806,0.055,35.1,99.0,-0.11,,99.52,96.49,,,,,,,0.31,56.84,48.856,0.77,77.825,11.261,,10.934,,5.151,-1.691885,69.0
CUB,Cuba,2015,7727.92,54.218,40.762,,,4.8,93.983,83.562,36.751,0.054,41.6,99.0,-0.095,,99.52,95.84,,,,,,,0.307,57.27,48.856,0.769,77.745,11.142,,10.934,,5.188,-1.814018,70.0
CUB,Cuba,2016,7774.07,54.469,40.612,,,4.9,94.461,84.184,35.052,0.05,41.9,99.0,-0.084,,99.51,95.81,,,,,,,0.307,57.43,48.856,0.767,77.571,11.022,,10.934,,5.236,-1.883969,71.0
CUB,Cuba,2017,7927.278,54.612,40.478,,,5.0,95.578,84.181,41.17,0.048,39.1,99.0,-0.158,,99.5,96.09,,,,,,,0.307,57.89,48.856,0.767,77.3,10.903,,10.934,,5.253,-1.899287,72.0
CUB,Cuba,2018,8120.431,54.518,40.399,,,5.2,97.74,84.182,42.351,0.049,43.8,99.0,-0.184,,99.48,95.62,,,,,,,0.303,58.17,53.223,0.769,77.426,10.783,,10.934,,5.392,-1.798101,73.0
CUB,Cuba,2019,8124.753,54.332,40.402,,,5.4,,,44.779,0.048,37.4,99.0,-0.216,,99.46,96.26,97.65491,,,0.181,-0.178,0.576,0.304,58.33,53.223,0.769,77.413,10.664,,9.097,,5.137,-1.681578,74.0
CUB,Cuba,2020,7252.288,51.379,37.596,,,5.7,,,46.736,0.047,40.0,99.0,-0.237,,99.43,96.0,,,,,,,0.303,54.54,53.223,0.762,77.407,10.548,,9.097,,4.943,,
CUW,Curacao,2000,21523.646,,,,,,,,,,0.0,,-4.075,,,100.0,,,,,,,,,,,,,,,,,,
CUW,Curacao,2001,22171.065,,,,,,,,,,0.0,,-3.662,,,100.0,,,,,,,,,,,,,,,,,,
CUW,Curacao,2002,22231.879,,,,,,,,,,165.0,,0.122,,,83.5,,,,,,,,,,,,,,,,,,
CUW,Curacao,2003,21840.891,,,,,,,,,,155.7,,2.062,,,84.43,,,,,,,,,,,,,,,,,,
CUW,Curacao,2004,21512.112,,,,,,,,,,59.5,,1.725,,,94.05,,,,,,,,,,,,,,,,,,
CUW,Curacao,2005,21112.322,,,,,,,,,,0.0,,2.55,,,100.0,,,,,,,,,,,,,,,,,,
CUW,Curacao,2006,20913.663,,,,,,,,,,0.0,,2.568,,,100.0,,,,,,,,,,,,,,,,,,
CUW,Curacao,2007,21011.157,,,,,,,,,,161.1,,1.975,,,83.89,,,,,,,,,,,,,,,,,,
CUW,Curacao,2008,21202.43,,,,,,,,,,,,1.258,,,,,,,,,,,,,,,,,,,,,
CUW,Curacao,2009,20952.9,,,,,,,,,,,,0.651,,,,,,,,,,,,,,,,,,,,,
CUW,Curacao,2010,20706.437,,,,,,,,,,,,1.266,,,,,,,,,,,,,,,,,,,,,
CUW,Curacao,2011,20518.099,,,,,,,,,,,,1.421,,,,,,,,,,,,,,,,,,,,,
CUW,Curacao,2012,20277.511,,,,,,,,,,,,0.83,,,,,,,,,,,,,,,,,,,,,
CUW,Curacao,2013,19921.477,,,,,,,,23.084,,,,1.134,,,,,,,,,,,,,,,,,,,,,
CUW,Curacao,2014,19529.529,,,,,,,,,,,,1.348,,,,,,,,,,,,,,,,,,,,,
CUW,Curacao,2015,19361.813,,,,,,,,,,,,1.32,,,,,,,,,,,,,,,,,,,,,
CUW,Curacao,2016,18953.054,,,,,,,,,,,,1.06,,,,,,,,,,,,,,,,,,,,,
CUW,Curacao,2017,18651.48,,,,,,,,,,,,0.32,,,,,,,,,,,,,,,,,,,,,
CUW,Curacao,2018,18355.177,,,,,,,,,,,,-0.525,,,,,,,,,,,,,,,,,,,,,
CUW,Curacao,2019,17980.53,,,,,,,,,,,,-1.196,,,,,,,,,,,,,,,,,,,,,
CUW,Curacao,2020,14849.97,,,,,,,,,,,,-1.252,,,,,,,,,,,,,,,,,,,,,
CYP,Cyprus,1990,17144.469,,55.762,,,9.9,78.821,,,0.037,,93.0,1.396,,99.01,,,,,,,,0.428,48.24,5.357,0.749,76.044,8.294,,,,,-0.2611115,45.0
CYP,Cyprus,1991,16829.912,58.904,55.492,,,9.7,79.152,,,0.035,,94.0,1.335,,99.03,,,,,,,,0.419,48.74,5.357,0.754,76.246,8.451,,,,,-0.3018337,46.0
CYP,Cyprus,1992,17928.541,59.121,52.012,,,9.4,77.361,,,0.036,,94.0,1.416,,99.06,,94.0,,,0.775,,0.184,0.421,43.26,5.357,0.761,76.291,8.61,,,,,-0.5048823,47.0
CYP,Cyprus,1993,17623.285,58.899,50.569,,,9.0,97.629,,,0.032,,95.0,1.918,,99.1,,,,,,,,0.396,44.69,5.357,0.764,76.294,8.772,,,,,-0.1004953,48.0
CYP,Cyprus,1994,18281.021,59.041,49.12,,,8.5,96.917,89.531,,0.031,,95.0,2.231,,99.15,,,,,,,,0.389,46.13,5.357,0.771,76.383,8.935,,,,,-0.1614049,49.0
CYP,Cyprus,1995,19453.846,59.191,47.685,,,8.0,96.213,89.548,,0.027,,96.0,2.112,,99.2,,,,,,,,0.368,47.56,5.357,0.777,76.583,9.097,,,,,-0.00474145,50.0
CYP,Cyprus,1996,19385.287,58.906,46.263,,,7.5,96.117,89.613,,0.025,,98.0,2.019,,99.25,,,,,,,,0.349,47.25,5.357,0.782,76.88,9.26,,,,,0.6800063,51.0
CYP,Cyprus,1997,19617.186,58.67,44.849,,,7.0,96.285,89.006,,0.022,,98.0,1.944,,99.3,,,,,,,,0.307,46.95,5.357,0.788,77.119,9.422,,,,,0.7346877,52.0
CYP,Cyprus,1998,20562.297,58.621,43.441,,,6.6,,,,0.021,,98.0,1.874,,99.34,,,,,,,,0.323,46.64,5.357,0.798,77.164,9.585,,,,,0.5284544,53.0
CYP,Cyprus,1999,21349.75,57.138,42.039,,,6.2,95.399,87.812,,0.019,,97.0,1.808,,99.38,,,,,,,,0.309,46.33,5.357,0.802,77.572,9.748,,,,,0.6422783,54.0
CYP,Cyprus,2000,22383.965,57.484,40.645,,,5.8,95.319,88.046,,0.018,,97.0,1.749,,99.42,,,,,,,,0.293,49.13,7.143,0.808,77.9,9.91,,,,,0.5771945,55.0
CYP,Cyprus,2001,23019.25,59.409,42.569,,5.9,5.4,94.97,88.309,21.613,0.016,,97.0,1.722,94.1,99.46,,97.0,,,0.805,,0.184,0.249,51.81,10.714,0.815,78.185,10.073,,,,,0.6693856,56.0
CYP,Cyprus,2002,23604.189,59.77,39.933,,6.4,5.0,95.943,91.673,25.102,0.015,,98.0,1.78,93.6,99.5,,,,,,,,0.243,52.48,10.714,0.827,78.758,10.235,,,,,0.6144054,57.0
CYP,Cyprus,2003,23930.783,60.455,41.363,,6.3,4.6,96.143,92.804,31.955,0.015,,98.0,1.832,93.7,99.54,,,,,,,,0.233,53.88,10.714,0.835,78.908,10.398,,,,,0.7036019,58.0
CYP,Cyprus,2004,24799.648,60.265,42.236,,5.7,4.3,96.117,93.008,36.02,0.015,,98.0,1.813,94.3,99.57,,,,,,,,0.212,53.4,16.071,0.84,79.007,10.56,,,,,0.7215317,59.0
CYP,Cyprus,2005,25631.367,59.827,43.37,,4.7,3.9,99.346,94.102,34.102,0.014,,98.0,1.78,95.3,99.61,,,,,,,,0.192,53.45,16.071,0.844,79.198,10.72,,,,,0.7205287,60.0
CYP,Cyprus,2006,26395.504,60.392,42.085,,3.8,3.6,99.219,94.059,34.302,0.014,,97.0,1.748,96.2,99.64,,,,,,,,0.201,54.4,14.286,0.85,79.456,10.97,,,,,0.7755111,61.0
CYP,Cyprus,2007,27156.818,61.304,42.004,,3.0,3.3,99.043,95.1,36.232,0.013,,97.0,1.72,97.0,99.67,,,,,,,,0.179,55.82,14.286,0.855,79.798,11.19,,,,,0.747034,62.0
CYP,Cyprus,2008,27449.227,61.286,41.968,,2.5,3.1,98.702,95.804,40.849,0.014,,97.0,1.693,97.5,99.69,,,,,,,,0.185,55.95,14.286,0.862,79.906,11.28,,,,,0.609301,63.0
CYP,Cyprus,2009,26183.686,60.138,40.693,,2.5,2.9,98.744,95.53,47.696,0.013,,99.0,1.667,97.5,99.71,,,,,,,,0.201,56.84,12.5,0.867,80.375,11.26,,,,,0.6600229,64.0
CYP,Cyprus,2010,26090.049,60.108,40.663,236.68,2.5,2.8,98.97,88.834,48.312,0.013,,99.0,1.649,97.5,99.72,,,,,,,,0.191,57.9,12.5,0.869,80.632,11.44,11.388,15.489,15.525,3.15,0.591321,65.0
CYP,Cyprus,2011,25538.781,58.759,39.205,,2.5,2.6,98.719,89.683,46.54,0.013,,99.0,1.642,97.5,99.74,,99.0,0.3262549936771393,Europe,0.848,1.558,0.133,0.207,57.53,10.714,0.872,80.855,11.58,11.108,15.314,14.961,3.049,0.6670255,66.0
CYP,Cyprus,2012,24285.496,56.289,39.723,,2.5,2.5,97.912,91.832,45.864,0.013,,99.0,1.635,97.5,99.75,,,,,,,,0.213,57.12,10.714,0.872,81.128,11.81,11.103,14.322,16.023,2.964,0.5986276,67.0
CYP,Cyprus,2013,22711.719,53.707,38.838,,2.5,2.5,97.297,93.172,47.471,0.013,,99.0,1.575,97.5,99.75,,,,,,,,0.212,57.22,10.714,0.873,81.317,11.88,11.296,13.496,17.493,2.899,0.6944556,68.0
CYP,Cyprus,2014,22373.578,54.113,40.466,,2.5,2.4,96.911,94.715,52.108,0.014,,99.0,1.501,97.5,99.76,,,,,,,,0.202,58.72,12.5,0.875,81.337,11.88,11.925,12.733,20.183,2.859,0.7645148,69.0
CYP,Cyprus,2015,23088.441,54.519,37.869,231.653,2.5,2.4,97.369,94.632,59.864,0.015,,97.0,1.462,97.5,99.76,,,,,,,,0.209,57.8,12.5,0.882,81.464,11.87,11.152,11.762,18.862,2.831,0.6507214,70.0
CYP,Cyprus,2016,24477.986,55.469,37.096,,2.5,2.4,96.73,94.093,68.375,0.016,,97.0,1.434,97.5,99.76,,,,,,,,0.196,56.43,17.857,0.888,81.534,12.09,10.624,11.776,17.276,2.82,0.6263855,71.0
CYP,Cyprus,2017,25666.004,57.195,36.58,,2.5,2.4,97.493,95.337,79.828,0.016,,97.0,1.378,97.5,99.76,,,,,,,,0.212,56.88,17.857,0.897,81.543,12.185,10.033,11.038,16.253,2.809,0.6922502,72.0
CYP,Cyprus,2018,26962.406,59.82,39.284,,2.5,2.5,,,86.59,0.016,,99.0,1.304,97.5,99.75,,,,,,,,0.23,57.46,17.857,0.902,81.556,12.28,9.424,10.478,14.969,2.826,0.6790101,73.0
CYP,Cyprus,2019,28167.16,61.382,38.855,,2.5,2.6,,,93.926,0.017,89.0,96.0,1.246,97.5,99.74,91.1,,,,,,,0.235,57.53,17.857,0.907,81.454,12.36,9.742,10.161,16.216,2.848,0.7656112,74.0
CYP,Cyprus,2020,26895.684,60.636,38.592,254.807,2.5,2.6,,,102.391,0.117,108.0,96.0,1.203,97.5,99.74,89.2,,,,,,,0.239,56.71,19.643,0.905,81.23,12.44,9.153,9.521,14.818,3.12,,
CZE,Czech Rep.,1990,11900.584,,49.617,,,10.3,,,,0.024,,,-0.268,,98.97,,,,,,,,0.284,60.83,13.879,0.753,71.409,9.105,,,,,,
CZE,Czech Rep.,1991,10543.62,59.98,51.031,,,9.9,,,,0.023,,,-0.24,,99.01,,,,,,,,0.285,60.83,13.879,0.751,71.97,9.29,,,,,,
CZE,Czech Rep.,1992,10479.492,59.805,51.105,,,9.4,,,,0.019,,,0.102,,99.06,,,,,,,,0.285,56.58,13.879,0.752,72.33,9.479,,,,,,
CZE,Czech Rep.,1993,10475.085,58.748,51.11,,,8.6,,,,0.017,,99.0,0.104,,99.14,,,,,,,,0.285,52.32,13.879,0.76,72.853,9.667,,,,,1.502141,48.0
CZE,Czech Rep.,1994,10775.944,59.035,52.114,,,7.9,,,,0.013,,98.0,0.036,,99.21,,,,,,,,0.253,52.58,13.879,0.771,73.082,9.856,,,,,1.46831,49.0
CZE,Czech Rep.,1995,11453.38,59.04,50.652,,,7.1,,,,0.011,,96.0,-0.061,,99.29,,,,,,,,0.238,52.37,13.879,0.781,73.177,10.045,,,,,1.204103,50.0
CZE,Czech Rep.,1996,11944.717,58.938,49.446,,,6.4,,,,0.009,,97.0,-0.116,,99.36,,,,,,,,0.215,51.83,13.879,0.793,73.834,10.233,,,,,1.400702,51.0
CZE,Czech Rep.,1997,11886.348,58.298,48.347,,,5.7,,,,0.009,,98.0,-0.108,,99.43,,,,,,,,0.206,51.82,13.879,0.797,73.946,10.422,,,,,1.454486,52.0
CZE,Czech Rep.,1998,11850.84,57.119,49.05,,,5.2,,,,0.007,,98.0,-0.095,,99.48,,,,,,,,0.198,51.95,13.879,0.802,74.553,10.611,,,,,1.212917,53.0
CZE,Czech Rep.,1999,12026.469,55.737,48.28,,,4.8,89.066,,,0.007,,98.0,-0.102,,99.52,,,,,,,,0.188,52.11,13.879,0.806,74.741,10.799,,,,,1.131191,54.0
CZE,Czech Rep.,2000,12543.936,55.12,46.097,,,4.5,,,,0.007,,98.0,-0.28,,99.55,,,,,,,,0.178,51.64,13.879,0.817,74.978,10.988,,,,,1.180267,55.0
CZE,Czech Rep.,2001,12958.467,55.133,43.127,,2.5,4.2,,88.477,32.027,0.007,,98.0,-0.376,97.5,99.58,,,,,,,,0.166,51.27,14.235,0.828,75.314,11.177,,,,,1.174313,56.0
CZE,Czech Rep.,2002,13179.988,55.458,40.071,,2.5,4.1,,89.19,36.888,0.006,,98.0,-0.193,97.5,99.59,,,,,,,,0.164,50.94,14.235,0.835,75.442,11.365,,,,,1.098294,57.0
CZE,Czech Rep.,2003,13618.935,54.871,38.135,,2.5,3.9,,,39.208,0.006,,97.0,-0.029,97.5,99.61,,,,,,,,0.155,50.8,15.658,0.842,75.396,11.554,,,,,1.182372,58.0
CZE,Czech Rep.,2004,14259.633,54.314,35.853,,2.5,3.7,,89.681,45.424,0.006,,98.0,0.03,97.5,99.63,,,,,,,,0.154,50.54,15.658,0.848,75.942,11.743,,,,,1.020109,59.0
CZE,Czech Rep.,2005,15147.721,54.71,33.876,,2.5,3.5,,,49.118,0.006,,97.0,0.138,97.5,99.65,,,,,,,,0.151,50.64,15.658,0.856,76.156,11.931,,,,,1.01385,60.0
CZE,Czech Rep.,2006,16107.304,55.04,33.537,,2.5,3.3,,,49.881,0.006,,98.0,0.271,97.5,99.67,,,,,,,,0.152,50.55,15.302,0.864,76.708,12.12,,,,,1.099301,61.0
CZE,Czech Rep.,2007,16892.543,55.65,31.923,,2.5,3.2,89.223,,54.181,0.006,,99.0,0.584,97.5,99.68,,,,,,,,0.157,49.78,14.947,0.87,76.919,12.14,,,,,1.101397,62.0
CZE,Czech Rep.,2008,17190.647,55.843,31.131,,2.5,3.0,88.648,,57.917,0.006,,99.0,0.829,97.5,99.7,,,,,,,,0.155,49.32,16.014,0.873,77.172,12.19,,,,,1.051758,63.0
CZE,Czech Rep.,2009,16272.808,54.653,31.82,,2.5,2.8,88.925,,61.412,0.006,,99.0,0.57,97.5,99.72,,,,,,,,0.157,49.53,16.014,0.875,77.258,12.29,,,,,1.141484,64.0
CZE,Czech Rep.,2010,16665.932,54.095,30.864,224.952,2.5,2.7,88.903,,64.933,0.006,,99.0,0.291,97.5,99.73,,,,,,,,0.141,49.32,20.996,0.88,77.568,12.39,5.076,1.3,10.447,3.483,1.104756,65.0
CZE,Czech Rep.,2011,16926.285,54.354,29.929,,2.5,2.6,88.008,,66.797,0.005,,99.0,0.207,97.5,99.74,,,,,,,,0.138,49.47,20.996,0.883,77.814,12.47,5.367,1.311,11.359,3.431,1.051365,66.0
CZE,Czech Rep.,2012,16772.354,54.548,31.274,,2.5,2.6,88.247,,66.929,0.005,,99.0,0.14,97.5,99.74,,,,,,,,0.143,50.04,20.641,0.885,77.998,12.52,5.371,1.351,11.359,3.403,1.16458,67.0
CZE,Czech Rep.,2013,16759.781,55.135,31.561,,2.5,2.5,87.956,87.775,66.324,0.005,,98.0,0.033,97.5,99.75,,,,,,,,0.145,50.92,18.861,0.892,78.169,12.6,5.334,1.361,11.359,3.281,1.19286,68.0
CZE,Czech Rep.,2014,17118.043,55.649,32.223,,2.5,2.5,88.117,88.876,67.396,0.004,,97.0,0.105,97.5,99.75,,,,,,,,0.146,50.86,18.505,0.898,78.744,12.64,5.308,1.335,11.359,3.23,1.136329,69.0
CZE,Czech Rep.,2015,17931.599,56.375,32.503,234.546,2.5,2.6,88.691,90.165,67.23,0.004,,97.0,0.197,97.5,99.74,,,,,,,,0.14,51.25,19.573,0.9,78.561,12.67,5.272,1.249,11.359,3.209,1.249004,70.0
CZE,Czech Rep.,2016,18359.098,57.457,32.01,,2.5,2.6,88.797,91.004,67.506,0.005,,96.0,0.192,97.5,99.74,,,,,,,,0.139,51.86,19.643,0.902,78.974,12.74,5.369,1.319,11.359,3.429,1.300076,71.0
CZE,Czech Rep.,2017,19257.693,58.335,31.677,,2.5,2.6,89.35,90.519,67.714,0.004,,96.0,0.266,97.5,99.74,,,,,,,,0.134,52.29,21.071,0.904,78.926,12.79,5.086,1.378,10.549,3.331,1.256695,72.0
CZE,Czech Rep.,2018,19736.63,59.017,30.422,,2.5,2.5,,,66.79,0.004,,97.0,0.334,97.5,99.75,,,,,,,,0.13,52.78,20.285,0.901,78.961,12.83,4.883,1.389,9.967,3.293,1.310197,73.0
CZE,Czech Rep.,2019,20360.06,58.906,29.721,,2.5,2.4,,,66.88,0.005,,97.0,0.394,97.5,99.76,,,,,,,,0.124,52.59,20.641,0.903,79.185,12.87,4.901,1.369,10.038,3.296,1.284199,74.0
CZE,Czech Rep.,2020,19233.147,57.944,27.307,247.347,2.5,2.4,,,67.184,0.005,,97.0,0.243,97.5,99.76,,,,,,,,0.12,51.81,20.285,0.898,78.237,12.917,4.831,1.278,10.18,3.036,,
DNK,Denmark,1990,39306.794,,73.514,,,7.3,97.685,87.105,,0.018,,90.0,0.162,,99.27,,,,,,,,0.099,61.46,32.961,0.844,74.865,11.48,,,,,1.374955,45.0
DNK,Denmark,1991,39776.596,61.094,73.193,,,6.9,98.254,87.116,,0.018,,90.0,0.26,,99.31,,,,,,,,0.097,61.7,32.961,0.848,75.227,11.5,,,,,1.357861,46.0
DNK,Denmark,1992,40447.233,61.02,72.016,,,6.5,97.432,86.754,,0.019,,91.0,0.331,,99.35,,,,,,,,0.097,62.39,32.961,0.85,75.269,11.52,,,,,1.309065,47.0
DNK,Denmark,1993,40280.894,59.316,70.532,,,6.0,96.96,86.553,,0.019,,88.0,0.333,,99.4,,,,,,,,0.094,61.85,32.961,0.853,75.189,11.54,,,,,1.290707,48.0
DNK,Denmark,1994,42270.652,59.322,69.04,,,5.7,98.688,87.083,,0.019,,89.0,0.338,,99.43,,,,,,,,0.095,58.29,32.961,0.859,75.441,11.56,,,,,1.408881,49.0
DNK,Denmark,1995,43328.529,60.688,73.294,,,5.4,98.278,86.717,,0.019,,90.0,0.521,,99.46,,,,,,,,0.094,57.47,32.961,0.862,75.287,11.65,,,,,1.187451,50.0
DNK,Denmark,1996,44331.62,60.919,73.742,,,5.2,98.149,87.282,,0.017,,77.0,0.566,,99.48,,,,,,,,0.086,58.72,32.961,0.87,75.664,11.815,,,,,1.452224,51.0
DNK,Denmark,1997,45546.59,62.147,74.098,,,5.0,,,,0.017,,92.0,0.416,,99.5,,,,,,,,0.088,59.01,32.961,0.876,76.041,11.98,,,,,1.415618,52.0
DNK,Denmark,1998,46437.192,62.024,71.556,,,4.8,98.71,87.948,,0.014,,99.0,0.363,,99.52,,,,,,,,0.078,59.51,37.43,0.883,76.436,12.145,,,,,1.196895,53.0
DNK,Denmark,1999,47657.173,62.693,73.483,,,4.8,97.949,,,0.015,,99.0,0.331,,99.52,,,,,,,,0.077,60.03,37.43,0.894,76.578,12.31,,,,,1.235411,54.0
DNK,Denmark,2000,49266.988,62.814,72.016,,,4.7,97.444,88.601,,0.014,,97.0,0.334,,99.53,,,,,,,,0.074,60.22,37.43,0.896,76.815,12.475,,,,,1.201248,55.0
DNK,Denmark,2001,49557.151,62.697,67.221,,2.5,4.6,99.828,89.477,61.367,0.014,,97.0,0.358,97.5,99.54,,,,,,,,0.07,59.66,37.43,0.902,76.974,12.64,,,,,1.271004,56.0
DNK,Denmark,2002,49624.597,63.164,68.838,,2.5,4.5,99.859,91.054,64.223,0.013,,98.0,0.319,97.5,99.55,,,,,,,,0.061,60.24,37.989,0.902,77.099,12.805,,,,,1.156503,57.0
DNK,Denmark,2003,49708.091,62.218,65.89,,2.5,4.4,,93.923,68.171,0.013,,96.0,0.272,97.5,99.56,,,,,,,,0.057,59.72,37.989,0.907,77.401,12.97,,,,,1.113173,58.0
DNK,Denmark,2004,50956.305,62.695,66.49,,2.5,4.2,97.743,91.196,74.967,0.013,,95.0,0.258,97.5,99.58,,,,,,,,0.054,60.39,37.989,0.912,77.785,12.92,,,,,1.058642,59.0
DNK,Denmark,2005,52015.184,62.748,68.148,,2.5,4.1,95.659,91.577,80.812,0.012,,93.0,0.275,97.5,99.59,,,,,,,,0.054,60.39,36.872,0.917,78.226,12.83,,,,,1.062837,60.0
DNK,Denmark,2006,53823.159,63.756,69.941,,2.5,3.9,95.975,89.385,78.506,0.011,,93.0,0.329,97.5,99.61,,,,,,,,0.055,60.93,36.872,0.917,78.223,12.74,,,,,1.00151,61.0
DNK,Denmark,2007,54113.977,63.381,70.611,,2.5,3.8,96.554,89.254,78.243,0.012,3.993,87.0,0.443,97.5,99.62,99.6007,,,,,,,0.053,60.66,37.989,0.918,78.349,12.65,,,,,1.009372,62.0
DNK,Denmark,2008,53572.535,62.807,69.081,,2.5,3.7,95.96,89.339,74.861,0.011,,88.0,0.588,97.5,99.63,,,,,,,,0.054,59.91,37.989,0.922,78.714,12.88,,,,,1.042215,63.0
DNK,Denmark,2009,50635.912,60.372,67.859,,2.5,3.6,95.998,89.837,73.111,0.011,,89.0,0.535,97.5,99.64,,,,,,,,0.05,59.65,37.989,0.915,78.957,12.47,,,,,1.080947,64.0
DNK,Denmark,2010,51209.449,58.677,63.973,249.904,2.5,3.5,95.896,90.134,72.495,0.01,,90.0,0.444,97.5,99.65,,,,,,,,0.048,58.85,37.989,0.92,79.247,12.43,,,11.078,3.637,1.065842,65.0
DNK,Denmark,2011,51667.531,58.26,63.358,,2.5,3.5,97.48,91.179,75.93,0.009,,91.0,0.412,97.5,99.65,,,,,,,,0.043,58.59,39.106,0.934,79.786,12.47,,,11.078,3.631,1.038817,66.0
DNK,Denmark,2012,51470.69,57.551,60.99,,2.5,3.5,97.956,90.224,77.747,0.008,,94.0,0.376,97.5,99.65,,,,,,,,0.041,58.15,39.106,0.938,80.082,12.7,,,11.078,3.528,0.9974787,67.0
DNK,Denmark,2013,51970.391,56.95,58.121,,2.5,3.5,98.332,90.11,80.419,0.007,,94.0,0.417,97.5,99.65,,,,,,,,0.039,57.6,39.106,0.941,80.306,12.75,,,10.644,3.532,1.014478,68.0
DNK,Denmark,2014,52368.363,57.089,58.269,,2.5,3.5,98.033,89.444,81.314,0.007,,94.0,0.507,97.5,99.65,,,,,,,,0.035,57.02,39.106,0.939,80.632,12.39,5.962,3.406,10.644,3.837,1.096184,69.0
DNK,Denmark,2015,53094.013,57.558,58.452,254.738,2.5,3.5,98.372,89.399,83.3,0.007,,93.0,0.706,97.5,99.65,,,,,,,,0.034,56.73,37.43,0.943,80.739,12.64,5.814,3.192,10.644,3.605,1.089511,70.0
DNK,Denmark,2016,54300.204,58.046,59.534,,2.5,3.5,98.694,89.886,82.171,0.007,,94.0,0.78,97.5,99.65,,,,,,,,0.033,57.56,37.43,0.951,80.881,13.16,5.906,3.153,11.137,3.429,1.180203,71.0
DNK,Denmark,2017,55601.015,58.221,60.38,,2.5,3.4,98.537,90.921,81.322,0.007,,98.0,0.643,97.5,99.66,,,,,,,,0.027,57.61,37.43,0.951,81.112,13.01,5.91,3.012,11.11,3.608,1.159398,72.0
DNK,Denmark,2018,56355.073,58.73,60.069,,2.5,3.4,,,81.141,0.007,,97.0,0.496,97.5,99.66,,,,,,,,0.021,57.56,37.43,0.95,80.991,12.86,5.969,2.904,11.467,3.537,1.183044,73.0
DNK,Denmark,2019,57114.623,59.311,61.127,,2.5,3.3,,,81.695,0.006,,97.0,0.358,97.5,99.67,,,,,,,,0.016,57.99,39.106,0.953,81.434,12.91,5.72,2.89,11.091,3.179,1.186955,74.0
DNK,Denmark,2020,55934.556,58.637,60.189,261.949,2.5,3.2,,,82.664,0.006,,97.0,0.292,97.5,99.68,,,,,,,,0.01,57.75,39.665,0.954,81.546,12.96,5.788,2.844,11.256,3.264,,
DJI,Djibouti,2013,2140.138,24.258,16.748,,15.7,59.9,58.877,,,0.63,,82.0,1.853,84.3,94.01,,,,,,,,,,,,,,,,,,-0.8563719,68.0
DJI,Djibouti,2014,2253.141,24.161,16.306,,14.1,58.3,61.38,,,0.593,,78.0,1.801,85.9,94.17,,,,,,,,,,,,,,,,,,-0.7255339,69.0
DJI,Djibouti,2015,2376.126,24.089,15.83,,13.1,56.6,60.719,37.817,,0.574,,84.0,1.74,86.9,94.34,,,,,,,,,,,,,,,,,,-0.7299954,70.0
DJI,Djibouti,2016,2502.852,24.004,15.327,,12.7,55.1,57.246,,,0.544,,68.0,1.685,87.3,94.49,,,,,,,,,,,,,,,,,,-0.7896215,71.0
DJI,Djibouti,2017,2596.451,23.861,14.813,,12.6,53.5,59.96,,,0.523,,76.0,1.643,87.4,94.65,,,,,,,,0.547,18.21,10.769,0.484,63.71,3.627,34.03,45.782,28.692,27.614,-0.6450183,72.0
DJI,Djibouti,2018,2677.165,23.704,14.304,,12.2,52.0,61.803,,,0.506,,84.0,1.603,87.8,94.8,,,,,,,,0.499,17.72,26.154,0.492,64.105,3.788,33.829,45.782,28.692,27.014,-0.365383,73.0
DJI,Djibouti,2019,2781.944,23.565,13.824,,11.9,50.4,66.48,,,0.482,,85.0,1.558,88.1,94.96,,,,,,,,0.492,17.98,26.154,0.497,64.381,3.842,33.649,45.782,28.692,26.472,-0.4609372,74.0
DJI,Djibouti,2020,2773.407,22.821,13.558,,12.0,48.8,,,,0.467,,70.0,1.502,88.0,95.12,,,,,,,,0.486,18.36,26.154,0.499,64.2,3.896,33.387,45.782,28.692,25.688,,
DMA,Dominica,1990,5536.879,,,,,14.9,,,,0.268,,92.0,-0.753,,98.51,,,,,,,,,,,,,,,,,,0.3328023,45.0
DMA,Dominica,1991,5638.307,,,,,14.9,,,5.679,0.28,,98.0,-0.477,,98.51,,,,,,,,,,,,,,,,,,0.2885687,46.0
DMA,Dominica,1992,5750.325,,,,,14.9,,,8.956,0.279,,99.0,0.042,,98.51,,,,,,,,,,,,,,,,,,0.2239355,47.0
DMA,Dominica,1993,5865.476,,,,,15.0,,,6.948,0.276,,99.0,0.156,,98.5,,,,,,,,,,,,,,,,,,0.1656959,48.0
DMA,Dominica,1994,5863.783,,,,,15.1,,,,0.249,,99.0,0.063,,98.49,,,,,,,,,,,,,,,,,,0.0163154,49.0
DMA,Dominica,1995,6042.202,,,,,15.3,,,,0.213,,99.0,-0.012,,98.47,,,,,,,,,,,,,,,,,,0.4019751,50.0
DMA,Dominica,1996,6235.059,,,,,15.4,,,,0.194,0.0,99.0,-0.085,,98.46,100.0,,,,,,,,,,,,,,,,,-0.1653971,51.0
DMA,Dominica,1997,6381.54,,,,,15.7,,,,0.17,,92.0,-0.16,,98.43,,,,,,,,,,,,,,,,,,-0.3702304,52.0
DMA,Dominica,1998,6639.159,,,,,16.0,,,,0.153,,99.0,-0.253,,98.4,,,,,,,,,,,,,,,,,,-0.3748339,53.0
DMA,Dominica,1999,6687.24,,,,,16.3,,82.081,,0.161,0.0,99.0,-0.368,,98.37,100.0,,,,,,,,,,,,,,,,,-0.412215,54.0
DMA,Dominica,2000,6879.597,,,,,16.6,94.782,88.517,,0.143,0.0,99.0,-0.523,,98.34,100.0,,,,,,,,,,,,,,,,,-0.2348055,55.0
DMA,Dominica,2001,6897.657,,,,3.7,17.0,89.785,85.14,,0.136,,99.0,-0.326,96.3,98.3,,,,,,,,,,,,,,,,,,-0.3856823,56.0
DMA,Dominica,2002,6676.973,,,,4.1,17.5,94.443,,,0.117,,98.0,0.116,95.9,98.25,,,,,,,,,,,,,,,,,,-0.6554598,57.0
DMA,Dominica,2003,7047.662,,,,4.6,18.0,88.039,87.813,,0.11,0.0,99.0,0.24,95.4,98.2,100.0,,,,,,,,,,,,,,,,,-0.6713446,58.0
DMA,Dominica,2004,7323.853,,,,4.8,18.5,84.569,87.41,,0.105,0.0,99.0,0.172,95.2,98.15,100.0,,,,,,,,,,,,,,,,,-0.5841122,59.0
DMA,Dominica,2005,7381.747,,,,5.1,19.0,83.422,84.783,,0.102,0.0,98.0,0.124,94.9,98.1,100.0,,,,,,,,,,,,,,,,,-0.5603677,60.0
DMA,Dominica,2006,7698.537,,,,4.6,19.6,81.897,72.566,,0.104,0.0,95.0,0.105,95.4,98.04,100.0,,,,,,,,,,,,,,,,,-0.5622571,61.0
DMA,Dominica,2007,8106.19,,,,4.2,20.3,83.09,,,0.1,,96.0,0.06,95.8,97.97,,,,,,,,,,,,,,,,,,-0.5142967,62.0
DMA,Dominica,2008,8682.574,,,,3.7,21.0,83.934,,,0.095,,96.0,0.01,96.3,97.9,,,,,,,,,,,,,,,,,,-0.5640838,63.0
DMA,Dominica,2009,8582.715,,,,4.1,21.7,87.391,70.235,,0.088,,99.0,0.015,95.9,97.83,,,,,,,,,,,,,,,,,,-0.6413572,64.0
DMA,Dominica,2010,8574.273,,,,4.4,22.5,,73.522,,0.086,214.6,98.0,-0.007,95.6,97.75,78.53999999999999,,,,,,,,,,,,,,,,,-0.5684447,65.0
DMA,Dominica,2011,8553.838,,,,4.7,23.3,95.646,72.74,,0.082,0.0,98.0,0.281,95.3,97.67,100.0,,,,,,,,,,,,,,,,,-0.6756613,66.0
DMA,Dominica,2012,8532.344,,,,4.7,24.1,,,,0.086,105.0,97.0,0.094,95.3,97.59,89.5,,,,,,,,,,,,,,,,,-0.7113037,67.0
DMA,Dominica,2013,8459.659,,,,4.6,25.0,,,,0.079,0.0,97.0,0.86,95.4,97.5,100.0,,,,,,,,,,,,,,,,,-0.3002137,68.0
DMA,Dominica,2014,8576.264,,,,4.4,25.9,,,,0.084,0.0,97.0,0.939,95.6,97.41,100.0,,,,,,,,,,,,,,,,,-0.2625534,69.0
DMA,Dominica,2015,8282.599,,,,4.6,26.8,,80.966,,0.095,116.0,98.0,0.053,95.4,97.32,88.4,,,,,,,,,,,,,,,,,-0.4202103,70.0
DMA,Dominica,2016,8499.523,,,,4.9,27.8,95.422,87.736,,0.073,251.3,99.0,-1.148,95.1,97.22,74.87,,,,,,,,,,,,,,,,,-0.450904,71.0
DMA,Dominica,2017,7985.634,,,,5.5,28.8,,,,0.061,0.0,91.0,-1.608,94.5,97.12,100.0,,,,,,,,,,,,,,,,,-0.5182163,72.0
DMA,Dominica,2018,8261.165,,,,5.5,29.7,,,,0.06,0.0,94.0,-0.471,94.5,97.03,100.0,,,,,,,,,,,,,,,,,-0.6069734,73.0
DMA,Dominica,2019,8624.517,,,,5.5,30.6,,,,0.057,0.0,99.0,-0.432,94.5,96.94,100.0,,,,,,,,,,,,,,,,,-0.1964668,74.0
DMA,Dominica,2020,7302.945,,,,5.2,31.4,,,,0.065,0.0,96.0,-0.453,94.8,96.86,100.0,,,,,,,,,,,,,,,,,,
DOM,Dominican Rep.,1990,2772.771,,47.527,,,48.0,,,,0.797,,69.0,2.104,,95.2,,,,,,,,0.574,37.2,10.0,0.589,67.746,5.266,,,,,-0.02181385,45.0
DOM,Dominican Rep.,1991,2741.939,53.041,47.593,,,46.3,,,,0.741,,71.0,2.058,,95.37,,,,,,,,0.573,37.2,10.0,0.594,68.154,5.397,,,,,-0.005318213,46.0
DOM,Dominican Rep.,1992,2989.606,53.462,47.092,,,44.5,,,,0.696,,73.0,2.002,,95.55,,,,,,,,0.565,42.2,10.0,0.604,68.525,5.529,,,,,0.3792774,47.0
DOM,Dominican Rep.,1993,3147.671,53.846,46.793,,,42.8,,,,0.649,,75.0,1.956,,95.72,,,,,,,,0.613,25.23,10.0,0.611,68.86,5.66,,,,,0.3670128,48.0
DOM,Dominican Rep.,1994,3167.945,53.891,46.755,,,41.1,,,,0.597,,74.0,1.919,,95.89,,,,,,,,0.565,37.0,10.0,0.617,69.16,5.791,,,,,,
DOM,Dominican Rep.,1995,3286.361,53.934,46.544,,,39.5,,,,0.531,,72.0,1.874,,96.05,,,,,,,,0.563,39.98,10.0,0.624,69.394,5.922,,,,,,
DOM,Dominican Rep.,1996,3419.506,54.051,46.313,,,38.0,,,,0.469,229.3,72.0,1.819,,96.2,77.07,,,,,,,0.56,42.95,10.0,0.631,69.595,6.031,,,,,-0.02733864,51.0
DOM,Dominican Rep.,1997,3659.508,54.387,45.922,,,36.7,,,21.467,0.397,,73.0,1.742,,96.33,,,,,,,,0.553,41.58,10.0,0.639,69.809,6.139,,,,,-0.1079698,52.0
DOM,Dominican Rep.,1998,3840.872,54.572,45.642,,,35.5,,,,0.341,,75.0,1.654,,96.45,,,,,,,,0.532,41.43,14.525,0.645,69.875,6.248,,,,,-0.3489704,53.0
DOM,Dominican Rep.,1999,4004.199,54.716,45.403,,,34.5,83.62,39.66,,0.286,121.6,83.0,1.621,,96.55,87.84,,,,,,,0.52,40.71,14.525,0.652,70.178,6.356,,,,,-0.3182783,54.0
DOM,Dominican Rep.,2000,4123.106,54.751,45.234,,,33.6,84.72,40.605,,0.235,97.8,78.0,1.62,,96.64,90.22,,,,,,,0.507,39.98,14.525,0.658,70.365,6.465,,,,,-0.3166872,55.0
DOM,Dominican Rep.,2001,4158.984,53.117,43.71,,19.7,32.9,,,,0.207,98.8,72.0,1.573,80.3,96.71,90.12,,,,,,,0.495,38.57,14.525,0.663,70.553,6.543,,,,,-0.3275238,56.0
DOM,Dominican Rep.,2002,4280.802,53.665,43.919,,21.7,32.3,90.988,50.941,,0.201,135.6,82.0,1.502,78.3,96.77,86.44,87.0,0.4967226088047027,North America,0.66,-0.387,0.783,0.485,40.17,15.385,0.668,70.719,6.621,,,,,-0.3583978,57.0
DOM,Dominican Rep.,2003,4162.667,52.704,41.169,,23.1,31.8,89.834,,33.675,0.204,128.0,79.0,1.44,76.9,96.82,87.2,,,,,,,0.488,39.27,15.385,0.67,70.856,6.699,,,,,-0.02333179,58.0
DOM,Dominican Rep.,2004,4212.01,53.27,41.78,,23.9,31.5,82.902,50.038,,0.215,143.7,79.0,1.374,76.1,96.85,85.63,,,,,,,0.491,39.23,15.385,0.673,70.73,6.777,,,,,0.03597519,59.0
DOM,Dominican Rep.,2005,4549.25,52.893,41.164,,21.3,31.2,84.257,53.297,,0.223,142.3,87.0,1.311,78.7,96.88,85.77,,,,,,,0.49,39.78,15.385,0.683,71.043,6.854,,,,,0.01634147,60.0
DOM,Dominican Rep.,2006,4904.717,54.065,41.089,,18.9,31.0,81.78,,,0.224,126.5,89.0,1.251,81.1,96.9,87.35,,,,,,,0.481,40.7,17.143,0.691,71.054,7.012,,,,,0.06004192,61.0
DOM,Dominican Rep.,2007,5204.785,54.259,41.56,,16.7,30.9,87.688,62.237,,0.232,116.1,85.0,1.218,83.3,96.91,88.39,88.0,0.4885563850402832,North America,0.635,-0.667,0.783,0.486,40.36,17.143,0.698,71.097,7.17,,,,,-0.5177299,62.0
DOM,Dominican Rep.,2008,5308.927,54.842,42.0,,14.7,30.8,84.02,60.843,,0.244,98.8,82.0,1.235,85.3,96.92,90.12,,,,,,,0.484,41.96,17.143,0.704,71.331,7.193,,,,,-0.4160348,63.0
DOM,Dominican Rep.,2009,5294.65,52.438,37.421,,13.5,30.7,89.544,64.316,,0.252,113.8,82.0,1.268,86.5,96.93,88.62,,,,,,,0.49,39.02,17.143,0.707,71.587,7.217,,,,,-0.5423665,64.0
DOM,Dominican Rep.,2010,5666.456,53.751,38.572,152.179,12.4,30.7,91.87,63.729,,0.24,103.0,88.0,1.28,87.6,96.93,89.7,90.0,0.4732594490051269,North America,0.614,-0.687,0.783,0.479,41.73,19.07,0.715,72.039,7.24,23.947,20.188,32.902,18.75,-0.5480163,65.0
DOM,Dominican Rep.,2011,5773.574,54.617,40.532,,11.6,30.8,91.887,63.177,,0.234,98.2,84.0,1.269,88.4,96.92,90.18,90.0,0.4770690500736236,North America,0.606,-0.631,0.783,0.477,43.73,19.07,0.721,72.496,7.33,23.758,19.588,32.956,18.73,-0.5059501,66.0
DOM,Dominican Rep.,2012,5860.299,55.436,41.181,,10.4,30.8,91.014,63.824,48.629,0.226,93.8,85.0,1.247,89.6,96.92,90.62,90.0,0.4613354206085205,North America,0.601,-0.538,0.783,0.472,45.28,19.07,0.727,72.817,7.43,22.91,18.991,31.192,18.546,-0.4695937,67.0
DOM,Dominican Rep.,2013,6075.034,54.912,41.04,,9.1,30.9,90.845,65.558,,0.229,101.8,83.0,1.218,90.9,96.91,89.82,91.0,0.4765639305114746,North America,0.598,-0.488,0.768,0.47,45.15,19.07,0.731,73.038,7.52,23.443,19.036,32.804,18.488,-0.3987,68.0
DOM,Dominican Rep.,2014,6430.278,55.529,40.869,,8.4,31.0,89.284,66.952,49.319,0.236,100.8,91.0,1.187,91.6,96.9,89.92,92.0,0.4427946805953979,North America,0.598,-0.456,0.768,0.47,45.45,19.07,0.737,73.145,7.65,22.309,18.993,29.487,18.447,-0.596541,69.0
DOM,Dominican Rep.,2015,6800.953,57.291,44.048,169.026,7.4,31.2,93.53,67.832,51.747,0.25,99.3,85.0,1.15,92.6,96.88,90.07,92.0,0.4518102407455444,North America,0.576,-0.395,0.756,0.466,48.33,19.07,0.747,72.982,7.72,22.206,17.874,30.305,18.438,-0.6645386,70.0
DOM,Dominican Rep.,2016,7177.754,57.902,44.737,,6.7,31.3,93.328,68.89,54.499,0.255,90.0,87.0,1.111,93.3,96.87,91.0,94.0,0.4572271406650543,North America,0.553,-0.291,0.756,0.452,49.03,24.324,0.766,72.889,9.04,26.462,33.873,27.045,18.468,-0.4622867,71.0
DOM,Dominican Rep.,2017,7379.4,58.73,43.611,,5.9,31.3,92.874,70.272,59.916,0.248,104.0,84.0,1.088,94.1,96.87,89.6,,,,,,,0.449,49.21,24.324,0.77,73.37,8.982,20.286,15.706,26.949,18.204,-0.6486008,72.0
DOM,Dominican Rep.,2018,7818.706,60.033,44.681,,5.6,31.2,92.714,70.606,,0.254,107.1,87.0,1.074,94.4,96.88,89.29,,,,,,,0.45,50.49,24.324,0.773,73.555,8.924,20.421,15.827,27.55,17.886,-0.2826015,73.0
DOM,Dominican Rep.,2019,8117.046,61.045,45.485,,6.1,30.9,,,,0.275,90.7,89.0,1.033,93.9,96.91,90.93,,,,,,,0.437,52.79,24.324,0.771,73.112,8.865,19.904,15.12,26.708,17.883,-0.3206162,74.0
DOM,Dominican Rep.,2020,7395.873,56.667,39.182,170.861,5.9,30.4,,,58.726,0.277,112.2,82.0,1.043,94.1,96.96,88.78,,,,,,,0.431,47.71,25.676,0.767,72.636,9.15,18.782,14.894,23.954,17.499,,
ECU,Ecuador,1990,3919.718,,48.137,,,42.6,,,,0.648,,68.0,2.238,,95.74,,88.0,,,0.721,,0.629,0.648,28.16,3.659,0.646,68.445,6.75,,,,,-0.5191444,45.0
ECU,Ecuador,1991,4000.568,60.471,48.061,,,40.6,,,,0.672,,59.0,2.16,,95.94,,,,,,,,0.64,31.54,3.659,0.649,69.04,6.807,,,,,-0.4288553,46.0
ECU,Ecuador,1992,4000.031,60.494,48.06,,,38.7,,,,0.643,,87.0,2.106,,96.13,,,,,,,,0.629,34.91,3.659,0.654,69.468,6.864,,,,,-0.3286714,47.0
ECU,Ecuador,1993,3996.994,60.442,48.062,,,36.8,,,,0.611,,85.0,2.03,,96.32,,,,,,,,0.617,38.29,3.659,0.66,70.07,6.921,,,,,-0.2522248,48.0
ECU,Ecuador,1994,4087.341,60.665,47.979,,,34.8,91.982,,,0.554,,84.0,1.935,,96.52,,,,,,,,0.607,41.66,3.659,0.667,70.876,6.978,,,,,-0.484811,49.0
ECU,Ecuador,1995,4100.687,60.699,47.966,,,32.7,92.522,,,0.516,47.2,83.0,1.902,,96.73,95.28,,,,,,,0.599,45.04,3.659,0.672,71.349,7.035,,,,,0.1018497,50.0
ECU,Ecuador,1996,4093.842,60.673,47.972,,,30.7,93.753,,,0.482,54.1,82.0,1.884,,96.93,94.59,,,,,,,0.592,48.41,3.659,0.677,71.82,7.092,,,,,-0.2738137,51.0
ECU,Ecuador,1997,4192.855,61.408,47.799,,,28.8,96.265,,,0.46,45.3,81.0,1.847,,97.12,95.47,,,,,,,0.59,48.81,3.659,0.682,72.007,7.149,,,,,-0.05368457,52.0
ECU,Ecuador,1998,4252.043,63.466,52.434,,,27.1,95.235,46.13,,0.439,42.6,85.0,1.813,,97.29,95.74,,,,,,,0.498,52.16,17.355,0.684,71.949,7.206,,,,,-0.07104552,53.0
ECU,Ecuador,1999,3979.193,61.905,52.129,,,25.5,94.957,47.171,,0.42,58.5,79.0,1.777,,97.45,94.15,,,,,,,0.499,49.07,17.355,0.682,71.92,7.264,,,,,-0.3495065,54.0
ECU,Ecuador,2000,3953.399,60.403,51.824,,,24.1,95.589,47.769,,0.393,65.5,87.0,1.736,,97.59,93.45,,,,,,,0.511,45.97,14.634,0.683,72.09,7.321,,,,,-0.37578,55.0
ECU,Ecuador,2001,4049.0,61.358,52.125,,20.0,23.0,96.809,48.56,,0.364,52.6,89.0,1.731,80.0,97.7,94.74,91.0,,,0.689,,0.704,0.498,54.73,14.634,0.691,72.571,7.378,,,,,-0.3596974,56.0
ECU,Ecuador,2002,4174.898,61.589,52.427,,21.8,21.9,97.416,49.95,,0.335,42.3,88.0,1.749,78.2,97.81,95.77,,,,,,,0.494,53.18,14.634,0.698,73.164,7.435,,,,,-0.2786031,57.0
ECU,Ecuador,2003,4220.213,61.636,52.728,,21.2,21.1,97.018,49.941,,0.305,39.3,87.0,1.764,78.8,97.89,96.07,,,,,,,0.486,49.2,16.0,0.703,73.632,7.492,,,,,-0.4300036,58.0
ECU,Ecuador,2004,4430.237,64.093,54.024,,20.0,20.3,,50.725,,0.285,36.8,88.0,1.752,80.0,97.97,96.32,,,,,,,0.478,52.88,16.0,0.709,73.868,7.549,,,,,-0.371903,59.0
ECU,Ecuador,2005,4589.328,64.446,52.474,,17.4,19.5,95.958,53.089,,0.269,41.0,92.0,1.73,82.6,98.05,95.9,,,,,,,0.477,51.97,16.0,0.714,73.909,7.606,,,,,-0.2304356,60.0
ECU,Ecuador,2006,4706.981,65.536,54.333,,15.0,18.8,95.937,54.497,,0.255,38.8,96.0,1.718,85.0,98.12,96.12,,,,,,,0.452,52.81,25.0,0.718,74.01,7.663,,,,,-0.2384835,61.0
ECU,Ecuador,2007,4715.304,64.669,50.896,,12.9,18.1,96.72,56.014,,0.238,50.7,96.0,1.708,87.1,98.19,94.93,92.0,0.5335530638694763,South America,0.671,-0.861,0.685,0.451,52.11,25.0,0.722,74.226,7.72,,,,,-0.3710507,62.0
ECU,Ecuador,2008,4939.902,63.943,50.775,,11.1,17.4,94.528,,38.187,0.229,47.7,96.0,1.705,88.9,98.26,95.23,92.0,0.4978812932968139,South America,0.632,-0.854,0.666,0.452,52.2,25.0,0.729,74.709,7.73,,,,,-0.4728957,63.0
ECU,Ecuador,2009,4909.337,61.063,47.653,,9.5,16.7,92.35,69.161,,0.223,60.3,94.0,1.706,90.5,98.33,93.97,92.0,0.4849892854690552,South America,0.612,-0.738,0.663,0.439,49.88,32.258,0.731,74.901,7.74,,,,,-0.6893684,64.0
ECU,Ecuador,2010,5022.204,60.122,44.687,167.042,8.4,16.0,92.623,71.806,,0.213,59.0,91.0,1.677,91.6,98.4,94.1,92.0,0.4880008399486542,South America,0.588,-0.675,0.673,0.431,48.25,32.258,0.737,75.188,7.85,21.157,17.461,33.936,12.075,-0.6411438,65.0
ECU,Ecuador,2011,5359.457,59.643,41.745,,8.0,15.3,91.988,72.808,,0.203,70.4,88.0,1.642,92.0,98.47,92.96,92.0,0.4587163627147674,South America,0.587,-0.528,0.677,0.429,47.33,32.258,0.743,75.179,7.91,19.433,16.383,30.316,11.6,-1.565263,66.0
ECU,Ecuador,2012,5579.856,60.431,43.004,,8.5,14.6,91.678,76.18,39.252,0.184,59.9,87.0,1.592,91.5,98.54,94.01,92.0,0.4610954225063324,South America,0.589,-0.474,0.68,0.424,48.3,32.258,0.75,75.486,8.1,19.768,16.421,31.702,11.18,-1.219624,67.0
ECU,Ecuador,2013,5893.322,60.342,41.1,,8.5,14.0,91.506,80.138,39.773,0.162,45.7,87.0,1.497,91.5,98.6,95.43,93.0,0.4686249792575836,South America,0.541,-0.448,0.698,0.408,48.31,38.686,0.755,75.832,8.29,19.17,15.454,31.305,10.751,-1.300907,68.0
ECU,Ecuador,2014,6055.042,60.44,40.134,,8.5,13.4,91.355,83.361,,0.148,49.2,83.0,1.432,91.5,98.66,95.08,94.0,0.4499267935752868,South America,0.54,-0.384,0.7,0.396,47.93,41.606,0.76,76.141,8.36,17.851,14.181,29.012,10.361,-1.22853,69.0
ECU,Ecuador,2015,5976.16,63.284,42.765,186.198,8.8,12.9,91.65,84.725,44.537,0.142,44.6,78.0,1.431,91.2,98.71,95.54,94.0,0.4595100879669189,South America,0.534,-0.394,0.706,0.391,52.14,41.606,0.764,76.222,8.7,18.09,13.805,30.394,10.069,-1.11757,70.0
ECU,Ecuador,2016,5849.136,64.558,44.796,,9.5,12.5,91.66,85.923,,0.137,39.7,83.0,1.458,90.5,98.75,96.03,94.0,0.4501645565032959,South America,0.543,-0.383,0.706,0.386,55.63,41.606,0.761,76.094,8.69,17.659,13.582,29.452,9.944,-0.9681597,71.0
ECU,Ecuador,2017,6104.273,65.539,45.226,,10.4,12.2,91.642,85.339,,0.13,42.8,85.0,1.529,89.6,98.78,95.72,93.0,0.446701169013977,South America,0.555,-0.352,0.622,0.389,56.38,37.956,0.764,76.22,8.77,17.324,13.766,28.773,9.435,-0.9260967,72.0
ECU,Ecuador,2018,6063.096,64.307,43.978,,11.3,11.9,90.942,84.67,47.331,0.127,41.4,85.0,1.716,88.7,98.81,95.86,,,,,,,0.391,54.63,37.956,0.767,77.248,8.787,17.722,13.896,29.89,9.38,-0.5931539,73.0
ECU,Ecuador,2019,5971.389,63.656,43.935,,12.7,11.7,,,47.263,0.124,37.0,85.0,1.689,87.3,98.83,96.3,,,,,,,0.388,54.53,37.956,0.765,77.286,8.803,17.494,13.374,29.905,9.205,-0.4497348,74.0
ECU,Ecuador,2020,5355.689,56.361,39.718,185.887,13.4,11.5,,,56.907,0.177,57.6,70.0,1.181,86.6,98.85,94.24,94.0,0.4730967283248901,South America,0.623,-0.47,0.638,0.373,48.36,39.416,0.74,72.004,8.82,17.558,12.593,31.155,8.924,,
EGY,Egypt; Arab Rep.,1990,1972.138,,30.643,,,67.3,,,13.516,0.493,,87.0,2.93,,93.27,,,,,,,,,,,,,,,,,,-0.4969767,45.0
EGY,Egypt; Arab Rep.,1991,1940.1,42.338,30.605,,,64.5,,,11.173,0.445,,76.0,2.757,,93.55,,,,,,,,,,,,,,,,,,-0.6633688,46.0
EGY,Egypt; Arab Rep.,1992,1979.02,42.981,32.123,,,61.8,,,,0.398,174.0,79.0,2.389,,93.82,82.6,,,,,,,,,,,,,,,,,-0.6085125,47.0
EGY,Egypt; Arab Rep.,1993,1989.979,42.66,32.771,,,59.0,,,,0.355,,81.0,2.307,,94.1,,,,,,,,,,,,,,,,,,-0.6450586,48.0
EGY,Egypt; Arab Rep.,1994,2024.954,43.537,33.393,,,56.0,87.388,64.505,,0.319,,83.0,2.154,,94.4,,,,,,,,,,,,,,,,,,-0.8844543,49.0
EGY,Egypt; Arab Rep.,1995,2074.84,42.63,33.632,,,52.9,,,,0.288,,88.0,2.104,,94.71,,,,,,,,,,,,,,,,,,-0.7643054,50.0
EGY,Egypt; Arab Rep.,1996,2133.648,43.024,32.551,,,49.9,,,,0.261,,90.0,2.073,,95.01,,,,,,,,,,,,,,,,,,-0.8829346,51.0
EGY,Egypt; Arab Rep.,1997,2204.666,42.735,31.488,,,47.0,89.252,,,0.239,,88.0,2.073,,95.3,,,,,,,,,,,,,,,,,,-0.9017728,52.0
EGY,Egypt; Arab Rep.,1998,2277.285,42.306,30.444,,,44.3,,,,0.222,,92.0,2.185,,95.57,,,,,,,,,,,,,,,,,,-0.9341281,53.0
EGY,Egypt; Arab Rep.,1999,2361.864,43.742,34.192,,,41.8,87.034,,28.602,0.204,,97.0,2.231,,95.82,,,,,,,,,,,,,,,,,,-1.0011,54.0
EGY,Egypt; Arab Rep.,2000,2458.608,42.072,31.248,,,39.6,86.65,,,0.186,84.0,98.0,2.161,,96.04,91.6,,,,,,,,,,,,,,,,,-1.225656,55.0
EGY,Egypt; Arab Rep.,2001,2492.034,40.769,28.423,,4.8,37.5,87.375,,27.892,0.174,,99.0,2.124,95.2,96.25,,,,,,,,,,,,,,,,,,-1.217632,56.0
EGY,Egypt; Arab Rep.,2002,2498.481,38.867,30.21,,5.0,35.7,88.295,,28.918,0.164,,97.0,2.104,95.0,96.43,,,,,,,,,,,,,,,,,,-1.240555,57.0
EGY,Egypt; Arab Rep.,2003,2524.805,39.315,31.137,,5.5,34.0,89.504,,26.025,0.154,,98.0,2.095,94.5,96.6,,,,,,,,,,,,,,,,,,-1.173274,58.0
EGY,Egypt; Arab Rep.,2004,2574.423,40.421,32.071,,5.8,32.6,90.665,,27.286,0.145,68.0,97.0,2.064,94.2,96.74,93.2,,,,,,,,,,,,,,,,,-1.309759,59.0
EGY,Egypt; Arab Rep.,2005,2635.703,40.935,33.015,,5.8,31.2,89.132,,28.413,0.138,,98.0,2.022,94.2,96.88,,,,,,,,,,,,,,,,,,-1.649436,60.0
EGY,Egypt; Arab Rep.,2006,2761.624,42.043,33.966,,5.4,30.0,88.246,,28.37,0.131,59.0,98.0,1.953,94.6,97.0,94.1,,,,,,,,,,,,,,,,,-1.554938,61.0
EGY,Egypt; Arab Rep.,2007,2902.066,43.712,33.739,,5.1,28.8,92.409,,28.84,0.126,,98.0,1.888,94.9,97.12,,,,,,,,,,,,,,,,,,-1.431255,62.0
EGY,Egypt; Arab Rep.,2008,3052.213,43.501,35.567,,5.0,27.7,,,28.686,0.121,,97.0,1.867,95.0,97.23,,,,,,,,,,,,,,,,,,-1.492513,63.0
EGY,Egypt; Arab Rep.,2009,3135.097,43.549,35.427,,4.9,26.7,93.558,,29.269,0.116,,97.0,1.888,95.1,97.33,,,,,,,,,,,,,,,,,,-1.408996,64.0
EGY,Egypt; Arab Rep.,2010,3233.845,45.045,34.773,137.751,5.1,25.6,95.947,,30.073,0.111,,97.0,1.918,94.9,97.44,,,,,,,,,,,,,,,,,,-1.432471,65.0
EGY,Egypt; Arab Rep.,2011,3222.377,43.005,33.512,,5.2,24.6,93.514,,25.59,0.105,,96.0,2.104,94.8,97.54,,,,,,,,,,,,,,,,,,-1.007043,66.0
EGY,Egypt; Arab Rep.,2012,3220.992,42.385,33.6,,5.7,23.7,98.537,,26.227,0.102,,93.0,2.245,94.3,97.63,,,,,,,,,,,,,,,,,,-1.356224,67.0
EGY,Egypt; Arab Rep.,2013,3216.378,42.065,34.51,,6.1,22.8,,,28.348,0.099,,97.0,2.305,93.9,97.72,,,,,,,,,,,,,,,,,,-1.27324,68.0
EGY,Egypt; Arab Rep.,2014,3235.662,41.811,33.849,,6.4,22.0,98.027,76.815,29.113,0.092,,94.0,2.276,93.6,97.8,,,,,,,,,,,,,,,,,,-1.487407,69.0
EGY,Egypt; Arab Rep.,2015,3306.982,40.846,32.169,141.732,6.5,21.2,,,32.885,0.087,,93.0,2.099,93.5,97.88,,,,,,,,,,,,,,,,,,-1.387741,70.0
EGY,Egypt; Arab Rep.,2016,3381.222,40.825,31.476,,6.6,20.5,97.456,80.742,31.873,0.077,,95.0,2.035,93.4,97.95,,,,,,,,,,,,,,,,,,-1.280372,71.0
EGY,Egypt; Arab Rep.,2017,3452.91,39.661,29.103,,6.6,19.8,97.025,81.66,33.102,0.071,,94.0,1.998,93.4,98.02,,,,,,,,,,,,,,,,,,-1.044495,72.0
EGY,Egypt; Arab Rep.,2018,3568.64,39.032,24.492,,6.4,19.1,97.033,82.776,36.123,0.06,,95.0,1.897,93.6,98.09,,,,,,,,,,,,,,,,,,-1.263982,73.0
EGY,Egypt; Arab Rep.,2019,3701.245,38.885,22.809,,6.6,18.4,,,33.623,0.054,,95.0,1.755,93.4,98.16,,,,,,,,,,,,,,,,,,-1.106038,74.0
EGY,Egypt; Arab Rep.,2020,3770.869,38.297,22.765,154.763,7.1,17.8,,,38.774,0.088,,94.0,1.625,92.9,98.22,,,,,,,,,,,,,,,,,,,
SLV,El Salvador,1990,2348.205,,51.757,,,47.1,,,14.692,0.624,,80.0,1.883,,95.29,,,,,,,,0.536,50.96,15.476,0.523,61.981,3.73,,,,,0.1067029,45.0
SLV,El Salvador,1991,2341.934,56.947,51.645,,,44.7,,,16.121,0.547,,61.0,1.75,,95.53,,,,,,,,0.531,49.69,15.476,0.529,62.542,3.848,,,,,-0.3388122,46.0
SLV,El Salvador,1992,2465.76,56.851,51.49,,,42.4,,,,0.5,,60.0,1.634,,95.76,,74.0,,,0.271,,0.771,0.545,40.46,15.476,0.538,62.944,3.97,,,,,-0.1734497,47.0
SLV,El Salvador,1993,2574.951,56.346,52.716,,,40.1,,,17.641,0.455,,79.0,1.322,,95.99,,,,,,,,0.536,42.2,15.476,0.548,63.998,4.096,,,,,-0.1468479,48.0
SLV,El Salvador,1994,2670.213,58.528,52.239,,,37.9,,,19.534,0.396,,90.0,0.953,,96.21,,,,,,,,0.526,43.59,15.476,0.558,64.47,4.221,,,,,-0.02265348,49.0
SLV,El Salvador,1995,2773.325,57.599,50.681,,,35.7,,,20.68,0.344,,99.0,0.837,,96.43,,,,,,,,0.523,41.76,15.476,0.567,64.903,4.347,,,,,0.03325158,50.0
SLV,El Salvador,1996,2775.046,56.143,48.075,,,33.6,,,19.897,0.294,,96.0,0.746,,96.64,,,,,,,,0.515,40.58,15.476,0.576,65.48,4.473,,,,,-0.0874853,51.0
SLV,El Salvador,1997,2842.885,55.681,46.603,,,31.6,,,,0.245,173.0,97.0,0.675,,96.84,82.7,,,,,,,0.5,40.77,15.476,0.586,66.248,4.599,,,,,-0.2098766,52.0
SLV,El Salvador,1998,2900.321,58.184,51.029,,,29.8,81.412,,20.48,0.221,,99.0,0.618,,97.02,,,,,,,,0.482,44.69,16.667,0.594,66.655,4.724,,,,,-0.2832969,53.0
SLV,El Salvador,1999,2946.433,57.594,49.402,,,28.1,,,20.482,0.183,,94.0,0.562,,97.19,,,,,,,,0.468,44.5,16.667,0.598,67.285,4.85,,,,,-0.3292776,54.0
SLV,El Salvador,2000,2964.893,57.255,48.158,,,26.5,89.192,47.933,19.755,0.157,,99.0,0.497,,97.35,,,,,,,,0.491,44.3,9.524,0.607,67.711,4.976,,,,,-0.3023576,55.0
SLV,El Salvador,2001,2978.597,56.705,46.91,,6.9,25.0,89.593,49.399,18.966,0.142,,92.0,0.415,93.1,97.5,,,,,,,,0.487,44.5,9.524,0.612,67.965,5.101,,,,,-0.3314418,56.0
SLV,El Salvador,2002,3016.063,56.608,45.663,,6.9,23.7,91.132,53.206,19.719,0.118,,81.0,0.311,93.1,97.63,,,,,,,,0.466,43.93,9.524,0.621,68.526,5.227,,,,,-0.3389615,57.0
SLV,El Salvador,2003,3057.165,57.504,48.701,,7.6,22.4,93.111,,20.576,0.105,,94.0,0.2,92.4,97.76,,,,,,,,0.455,45.82,10.714,0.628,68.792,5.353,,,,,-0.02596431,58.0
SLV,El Salvador,2004,3081.236,56.146,46.878,,8.4,21.2,,,21.643,0.092,,90.0,0.101,91.6,97.88,,,,,,,,0.448,44.14,10.714,0.636,69.295,5.479,,,,,-0.1224472,59.0
SLV,El Salvador,2005,3163.361,56.224,47.362,,8.9,20.1,94.366,57.372,22.454,0.086,71.2,89.0,0.015,91.1,97.99,92.88,,,,,,,0.446,44.7,10.714,0.642,69.336,5.604,,,,,-0.09115293,60.0
SLV,El Salvador,2006,3302.348,56.919,47.87,,9.2,19.0,94.784,56.268,23.254,0.083,,96.0,-0.054,90.8,98.1,,84.0,0.4568923115730285,North America,0.561,-0.217,0.745,0.415,45.83,16.667,0.647,69.612,5.73,,,,,-0.1646208,61.0
SLV,El Salvador,2007,3359.162,57.454,47.1,,9.4,18.1,94.158,56.405,24.744,0.081,56.93,99.0,0.125,90.6,98.19,94.307,82.0,0.4521746933460235,North America,0.566,-0.259,0.745,0.419,45.86,16.667,0.653,69.82,5.63,,,,,-0.1739743,62.0
SLV,El Salvador,2008,3420.449,57.342,45.971,,9.7,17.2,94.4,57.255,25.544,0.078,51.09,98.0,0.323,90.3,98.28,94.891,84.0,0.4688558876514435,North America,0.566,-0.212,0.739,0.409,47.28,16.667,0.653,70.138,6.03,,,,,-0.04825786,63.0
SLV,El Salvador,2009,3337.812,55.992,44.798,,9.5,16.4,94.376,58.789,25.922,0.08,64.5,91.0,0.314,90.5,98.36,93.55,84.0,0.4582484066486358,North America,0.597,-0.075,0.717,0.401,47.59,19.048,0.653,70.359,6.13,,,,,-0.2162121,64.0
SLV,El Salvador,2010,3398.493,56.959,43.583,154.789,9.3,15.6,94.461,61.237,26.315,0.078,83.7,89.0,0.33,90.7,98.44,91.63,84.0,0.4351325929164886,North America,0.619,-0.012,0.692,0.398,46.79,19.048,0.66,70.909,6.34,23.682,27.988,30.077,12.982,-0.1755699,65.0
SLV,El Salvador,2011,3514.069,57.019,43.469,,9.0,14.9,94.081,63.498,27.325,0.08,,89.0,0.36,91.0,98.51,,85.0,0.4231797754764557,North America,0.619,-0.11,0.692,0.398,46.57,19.048,0.662,71.192,6.21,23.283,27.242,30.077,12.53,-0.06483952,66.0
SLV,El Salvador,2012,3601.442,57.883,44.012,,9.1,14.3,93.223,65.322,28.098,0.08,42.0,93.0,0.391,90.9,98.57,95.8,,,,,,,0.381,47.38,26.19,0.666,71.42,6.37,22.21,26.715,27.882,12.034,-0.01596136,67.0
SLV,El Salvador,2013,3665.155,58.289,43.436,,9.2,13.6,90.578,67.038,28.273,0.084,38.0,92.0,0.406,90.8,98.64,96.2,87.0,0.4335865080356598,North America,0.622,-0.121,0.624,0.38,48.61,26.19,0.668,71.225,6.43,22.488,26.407,29.255,11.803,-0.363138,68.0
SLV,El Salvador,2014,3713.95,56.929,42.672,,9.4,13.1,88.235,66.521,27.544,0.087,52.6,94.0,0.392,90.6,98.69,94.74,,,,,,,0.382,47.03,27.381,0.668,71.144,6.527,21.4,25.381,27.283,11.535,-0.4800604,69.0
SLV,El Salvador,2015,3790.341,56.342,41.968,155.679,9.1,12.5,85.792,65.163,27.393,0.089,42.3,94.0,0.336,90.9,98.75,95.77,88.0,0.4055181443691253,North America,0.661,-0.286,0.603,0.378,45.98,32.143,0.667,70.952,6.623,20.919,25.176,26.264,11.316,-0.5072285,70.0
SLV,El Salvador,2016,3875.847,56.643,42.679,,8.4,12.0,84.455,63.973,27.179,0.086,27.4,98.0,0.277,91.6,98.8,97.26,88.0,0.399785429239273,North America,0.666,-0.344,0.609,0.37,46.53,32.143,0.666,70.908,6.72,20.718,25.077,25.98,11.096,-0.5292227,71.0
SLV,El Salvador,2017,3954.84,56.418,43.113,,7.6,11.5,80.234,60.181,27.641,0.084,31.1,92.0,0.205,92.4,98.85,96.89,88.0,0.3800715208053589,North America,0.671,-0.387,0.628,0.37,45.74,32.143,0.665,71.007,6.83,19.685,24.573,23.786,10.697,-0.4569063,72.0
SLV,El Salvador,2018,4046.163,56.376,42.712,,6.8,11.1,80.995,61.831,28.194,0.08,28.6,89.0,0.101,93.2,98.89,97.14,89.0,0.3861057162284851,North America,0.635,-0.49,0.685,0.368,45.49,30.952,0.67,71.384,6.97,19.437,23.794,24.266,10.251,-0.4872292,73.0
SLV,El Salvador,2019,4143.114,57.39,43.935,,6.8,10.6,,,28.518,0.074,,96.0,0.04,93.2,98.94,,89.0,0.3877876400947571,North America,0.594,-0.531,0.598,0.358,46.31,30.952,0.67,71.725,7.11,19.107,23.267,24.32,9.734,-0.391638,74.0
SLV,El Salvador,2020,3808.532,53.689,40.816,158.05,6.6,10.2,,,30.999,0.087,45.1,89.0,0.198,93.4,98.98,95.49,90.0,,,0.522,-0.261,0.668,0.359,45.36,33.333,0.66,70.244,7.15,19.747,22.423,27.352,9.467,,
GNQ,Equatorial Guinea,1990,366.314,,35.322,,,118.5,,,,3.978,,77.0,3.752,,88.15,,,,,,,,,,,,,,,,,,,
GNQ,Equatorial Guinea,1991,349.353,56.45,35.86,,,118.1,,,1.393,3.957,,77.0,3.713,,88.19,,,,,,,,,,,,,,,,,,,
GNQ,Equatorial Guinea,1992,453.638,56.616,36.366,,,117.7,,,,3.906,,76.0,3.7,,88.23,,,,,,,,,,,,,,,,,,,
GNQ,Equatorial Guinea,1993,485.392,56.781,36.827,,,117.2,,,,3.806,,76.0,3.7,,88.28,,,,,,,,,,,,,,,,,,,
GNQ,Equatorial Guinea,1994,545.595,56.95,37.218,,,116.7,63.932,,,3.627,,77.0,3.725,,88.33,,,,,,,,,,,,,,,,,,,
GNQ,Equatorial Guinea,1995,617.295,57.124,37.507,,,115.9,,,,3.312,,79.0,3.768,,88.41,,,,,,,,,,,,,,,,,,0.1114611,50.0
GNQ,Equatorial Guinea,1996,989.777,57.241,37.691,,,114.8,,,,3.047,,80.0,3.817,,88.52,,,,,,,,,,,,,,,,,,0.09497718,51.0
GNQ,Equatorial Guinea,1997,2380.321,57.327,37.782,,,113.5,,,,2.824,,81.0,3.867,,88.65,,,,,,,,,,,,,,,,,,-0.1883583,52.0
GNQ,Equatorial Guinea,1998,2833.332,57.37,37.793,,,111.6,,,,2.635,,81.0,3.907,,88.84,,,,,,,,,,,,,,,,,,-0.2307729,53.0
GNQ,Equatorial Guinea,1999,3423.121,57.34,37.663,,,109.2,,17.652,,2.429,,33.0,3.934,,89.08,,,,,,,,,,,,,,,,,,-0.2334451,54.0
GNQ,Equatorial Guinea,2000,3839.086,57.11,37.207,,,106.5,65.189,,1.845,2.18,,35.0,5.264,,89.35,,88.0,,,0.187,-1.061,0.849,,,,,,,,,,,-0.5470877,55.0
GNQ,Equatorial Guinea,2001,5882.851,56.6,36.402,,,103.4,71.89,18.127,,2.064,,37.0,6.41,,89.66,,,,,,,,,,,,,,,,,,-0.7030525,56.0
GNQ,Equatorial Guinea,2002,6604.005,56.012,35.389,,,100.4,69.782,,,1.92,,39.0,6.22,,89.96,,,,,,,,,,,,,,,,,,-0.8590803,57.0
GNQ,Equatorial Guinea,2003,7082.655,55.409,34.279,,,97.2,65.847,,,1.792,,41.0,6.066,,90.28,,,,,,,,,,,,,,,,,,-0.1296714,58.0
GNQ,Equatorial Guinea,2004,9208.606,54.874,33.193,,,93.9,,,,1.676,,43.0,5.958,,90.61,,,,,,,,,,,,,,,,,,-0.1877922,59.0
GNQ,Equatorial Guinea,2005,10212.455,54.509,32.39,,,90.6,,20.363,,1.623,,44.0,5.138,,90.94,,,,,,,,,,,,,,,,,,-0.1904772,60.0
GNQ,Equatorial Guinea,2006,10522.0,54.406,31.87,,,87.3,,,,1.549,,46.0,4.436,,91.27,,,,,,,,,,,,,,,,,,0.5153228,61.0
GNQ,Equatorial Guinea,2007,11594.917,54.38,31.458,,,84.1,,,,1.493,,48.0,4.511,,91.59,,,,,,,,,,,,,,,,,,0.005240242,62.0
GNQ,Equatorial Guinea,2008,13048.07,54.44,31.125,,,80.8,47.101,,,1.419,,50.0,4.574,,91.92,,,,,,,,,,,,,,,,,,-0.4044499,63.0
GNQ,Equatorial Guinea,2009,12627.862,54.497,30.85,,,77.9,45.876,,,1.365,,52.0,4.608,,92.21,,,,,,,,,,,,,,,,,,-0.6664289,64.0
GNQ,Equatorial Guinea,2010,10984.324,54.631,30.626,,,75.1,45.077,,,1.316,,54.0,4.596,,92.49,,,,,,,,,,,,,,,,,,-0.658891,65.0
GNQ,Equatorial Guinea,2011,11203.907,54.945,30.531,,,72.4,45.203,,,1.278,,54.0,4.341,,92.76,,,,,,,,,,,,,,,,,,-0.3346316,66.0
GNQ,Equatorial Guinea,2012,11650.72,55.35,30.539,,,69.9,46.48,,,1.216,,54.0,4.075,,93.01,,,,,,,,,,,,,,,,,,-0.4542676,67.0
GNQ,Equatorial Guinea,2013,10731.646,55.754,30.554,,,67.6,,,,1.155,,53.0,3.996,,93.24,,,,,,,,,,,,,,,,,,-0.3393738,68.0
GNQ,Equatorial Guinea,2014,10363.487,56.077,30.579,,,65.5,,,,1.097,,53.0,3.905,,93.45,,,,,,,,,,,,,,,,,,-0.6196447,69.0
GNQ,Equatorial Guinea,2015,9068.91,56.265,30.59,,,63.4,43.483,,,1.057,,40.0,3.792,,93.66,,,,,,,,,,,,,,,,,,-0.7511635,70.0
GNQ,Equatorial Guinea,2016,7971.834,56.43,30.569,,,61.3,,,,1.012,,53.0,3.664,,93.87,,,,,,,,,,,,,,,,,,-0.7562877,71.0
GNQ,Equatorial Guinea,2017,7259.109,56.497,30.505,,,59.4,,,,0.975,,56.0,3.531,,94.06,,,,,,,,,,,,,,,,,,-0.4147942,72.0
GNQ,Equatorial Guinea,2018,6578.9,56.513,30.362,,,57.7,,,,0.923,,59.0,3.399,,94.23,,,,,,,,,,,,,,,,,,-0.3695738,73.0
GNQ,Equatorial Guinea,2019,6018.121,56.353,30.113,,,56.1,,,,0.88,,62.0,3.271,,94.39,,,,,,,,,,,,,,,,,,-0.5611127,74.0
GNQ,Equatorial Guinea,2020,5575.262,52.085,27.278,,,54.3,,,,0.859,,64.0,2.734,,94.57,,,,,,,,,,,,,,,,,,,
ERI,Eritrea,1992,642.072,76.674,73.867,,,74.2,29.112,,,6.216,,,-6.501,,92.58,,,,,,,,,,,,,,,,,,,
ERI,Eritrea,1993,705.988,76.466,73.622,,,70.8,,,,5.433,,32.0,3.134,,92.92,,,,,,,,,,,,,,,,,,-0.5139328,48.0
ERI,Eritrea,1994,829.915,76.276,73.461,,,67.2,32.91,15.988,,5.396,,49.0,3.072,,93.28,,,,,,,,,,,,,,,,,,-0.2492998,49.0
ERI,Eritrea,1995,806.703,76.103,72.269,,,63.7,34.332,17.201,1.73,4.262,,58.0,5.655,,93.63,,,,,,,,,,,,,,,,,,-0.2164517,50.0
ERI,Eritrea,1996,838.661,75.985,71.574,,,60.5,36.589,,1.43,4.772,,66.0,4.97,,93.95,,,,,,,,,,,,,,,,,,-0.5551331,51.0
ERI,Eritrea,1997,895.034,76.133,72.649,,,57.6,37.357,20.093,,4.318,,75.0,1.106,,94.24,,,,,,,,,,,,,,,,,,-0.4895435,52.0
ERI,Eritrea,1998,899.083,76.212,73.504,,,55.0,,,1.5,4.46,,86.0,1.306,,94.5,,,,,,,,,,,,,,,,,,-0.8406656,53.0
ERI,Eritrea,1999,886.054,76.199,74.089,,,60.2,45.236,24.906,1.956,3.616,,93.0,1.473,,93.98,,,,,,,,,,,,,,,,,,-0.5877939,54.0
ERI,Eritrea,2000,845.132,76.192,74.454,,,50.8,52.872,27.638,2.01,3.697,,81.0,1.536,,94.92,,,,,,,,,,,,,,,,,,-0.4697647,55.0
ERI,Eritrea,2001,893.269,75.992,74.135,,,49.0,55.989,26.972,2.693,3.113,,86.0,2.854,,95.1,,,,,,,,,,,,,,,,,,-0.5340253,56.0
ERI,Eritrea,2002,889.009,75.775,73.493,,,47.5,64.294,27.313,2.544,3.084,,90.0,3.439,,95.25,,53.0,,,0.084,-0.74,0.607,,,,,,,,,,,-0.671713,57.0
ERI,Eritrea,2003,830.38,75.582,72.553,,,46.0,72.443,27.765,,2.725,631.0,93.0,4.131,,95.4,36.9,,,,,,,,,,,,,,,,,-0.706271,58.0
ERI,Eritrea,2004,808.591,75.461,71.694,,,44.6,77.975,29.892,1.971,2.784,,98.0,4.1,,95.54,,,,,,,,,,,,,,,,,,-0.576199,59.0
ERI,Eritrea,2005,809.795,75.416,71.62,,,43.3,82.468,32.071,,2.643,,96.0,2.393,,95.67,,,,,,,,,,,,,,,,,,-0.5972759,60.0
ERI,Eritrea,2006,789.402,75.471,71.872,,,42.1,83.718,34.311,,2.594,,94.0,1.577,,95.79,,,,,,,,,,,,,,,,,,-0.5996118,61.0
ERI,Eritrea,2007,789.073,75.464,72.095,,,40.9,77.293,35.723,,2.466,,95.0,1.459,,95.91,,,,,,,,,,,,,,,,,,-0.5434675,62.0
ERI,Eritrea,2008,693.399,75.428,71.735,,,39.8,72.487,38.309,,2.352,,95.0,2.63,,96.02,,65.0,,,0.067,-1.339,0.675,,,,,,,,,,,-0.6840707,63.0
ERI,Eritrea,2009,702.431,75.219,71.36,,,38.6,67.399,42.176,3.678,2.286,,95.0,2.509,,96.14,,,,,,,,,,,,,,,,,,-0.7238049,64.0
ERI,Eritrea,2010,703.877,75.037,71.151,,,37.5,62.779,46.632,4.355,2.166,,95.0,1.965,,96.25,,,,,,,,,,,,,,,,,,-0.7325178,65.0
ERI,Eritrea,2011,751.375,74.901,70.818,,,36.5,65.784,48.752,,2.049,,94.0,1.794,,96.35,,,,,,,,,,,,,,,,,,-0.5098519,66.0
EST,Estonia,1990,9341.226,,52.576,,,14.0,,,,0.078,,,0.066,,98.6,,,,,,,,0.388,66.46,10.891,0.738,69.917,9.659,,,,,,
EST,Estonia,1991,8637.206,65.795,51.803,,,13.9,,,,0.065,,,-0.502,,98.61,,,,,,,,0.381,64.77,10.891,0.734,69.795,9.904,,,,,1.227028,46.0
EST,Estonia,1992,6934.171,62.296,50.869,,,13.7,,,,0.059,,,-1.824,,98.63,,,,,,,,0.383,61.72,10.891,0.722,69.159,10.149,,,,,1.177436,47.0
EST,Estonia,1993,6706.56,59.03,50.564,,,13.5,,,,0.059,,71.0,-2.574,,98.65,,,,,,,,0.369,59.8,10.891,0.713,68.222,10.393,,,,,1.049779,48.0
EST,Estonia,1994,6738.999,58.296,53.301,,,13.0,,,,0.072,,77.0,-2.139,,98.7,,,,,,,,0.371,59.46,10.891,0.711,66.744,10.638,,,,,1.163657,49.0
EST,Estonia,1995,7170.946,55.869,49.183,,,12.5,87.035,,,0.053,,82.0,-1.785,,98.75,,,,,,,,0.356,58.07,10.891,0.725,67.814,10.883,,,,,1.13644,50.0
EST,Estonia,1996,7637.257,55.143,46.995,,,11.8,90.61,,,0.042,,87.0,-1.475,,98.82,,,,,,,,0.346,57.89,10.891,0.746,70.031,11.143,,,,,1.309211,51.0
EST,Estonia,1997,8732.991,55.115,44.457,,,11.1,,,,0.035,,87.0,-1.141,,98.89,,,,,,,,0.326,58.45,10.891,0.759,70.244,11.402,,,,,1.329081,52.0
EST,Estonia,1998,9199.935,54.499,41.073,,,10.3,93.861,83.759,,0.034,,88.0,-0.961,,98.97,,,,,,,,0.325,52.61,10.891,0.767,69.84,11.661,,,,,1.228364,53.0
EST,Estonia,1999,9133.896,52.155,37.193,,,9.5,94.968,83.953,,0.03,,91.0,0.294,,99.05,,,,,,,,0.279,51.62,17.822,0.776,70.681,11.921,,,,,1.219133,54.0
EST,Estonia,2000,10006.77,51.036,37.493,,,8.8,95.596,85.079,,0.031,,93.0,0.484,,99.12,,100.0,,,0.867,0.688,0.057,0.267,52.66,17.822,0.793,71.014,12.18,,,,,1.131982,55.0
EST,Estonia,2001,10662.946,50.374,36.137,,3.6,8.1,95.816,85.772,58.717,0.027,,94.0,-0.637,96.4,99.19,,,,,,,,0.253,52.31,17.822,0.802,70.834,12.35,,,,,1.138117,56.0
EST,Estonia,2002,11474.662,51.247,31.925,,3.5,7.4,95.879,88.405,61.747,0.025,,94.0,-0.633,96.5,99.26,,,,,,,,0.243,51.19,17.822,0.813,71.364,12.52,,,,,1.104029,57.0
EST,Estonia,2003,12424.044,52.118,39.572,,3.4,6.8,94.526,89.48,64.222,0.021,,94.0,-0.628,96.6,99.32,,,,,,,,0.228,52.44,18.812,0.824,71.923,12.69,,,,,1.125689,58.0
EST,Estonia,2004,13348.528,52.889,39.972,,2.9,6.2,93.925,91.473,65.777,0.019,,94.0,-0.598,97.1,99.38,,,,,,,,0.212,53.32,18.812,0.834,72.375,12.86,,,,,0.9871438,59.0
EST,Estonia,2005,14703.618,53.9,36.265,,2.5,5.6,93.812,93.412,67.984,0.019,,96.0,-0.572,97.5,99.44,,,,,,,,0.2,53.63,18.812,0.847,73.028,13.03,,,,,1.007654,60.0
EST,Estonia,2006,16234.515,56.919,35.779,,2.5,5.1,93.008,93.788,68.795,0.017,,95.0,-0.59,97.5,99.49,,,,,,,,0.191,54.78,18.812,0.855,73.2,13.2,,,,,0.9680885,61.0
EST,Estonia,2007,17543.466,57.735,37.983,,2.5,4.7,94.475,92.899,68.822,0.018,,95.0,-0.456,97.5,99.53,,,,,,,,0.195,54.06,20.792,0.859,73.153,13.22,,,,,0.9970785,62.0
EST,Estonia,2008,16688.998,57.821,40.891,,2.5,4.3,94.116,91.894,67.836,0.016,,95.0,-0.268,97.5,99.57,,,,,,,,0.184,54.74,20.792,0.864,74.279,13.25,,,,,0.984992,63.0
EST,Estonia,2009,14274.851,52.528,39.09,,2.5,3.9,93.785,91.234,67.849,0.015,,95.0,-0.193,97.5,99.61,,,,,,,,0.171,54.71,22.772,0.863,75.152,13.32,,,,,1.005116,64.0
EST,Estonia,2010,14657.94,50.399,37.811,,2.5,3.6,96.752,90.932,68.71,0.012,,94.0,-0.228,97.5,99.64,,,,,,,,0.159,55.1,22.772,0.868,75.882,13.33,7.529,2.575,15.276,4.737,1.084727,65.0
EST,Estonia,2011,15820.922,53.703,40.071,,2.5,3.3,97.382,91.332,71.024,0.013,,93.0,-0.304,97.5,99.67,,100.0,0.3248837888240814,Europe,0.881,1.067,0.029,0.159,55.68,19.802,0.877,76.346,13.4,7.905,2.516,17.022,4.177,1.041784,66.0
EST,Estonia,2012,16460.684,55.117,40.85,,2.5,3.0,97.403,91.286,72.936,0.011,,94.0,-0.358,97.5,99.7,,,,,,,,0.152,55.42,20.792,0.88,76.416,13.45,,2.43,,4.703,1.038404,67.0
EST,Estonia,2013,16809.533,55.984,39.835,,2.5,2.8,96.168,92.099,75.452,0.009,,94.0,-0.356,97.5,99.72,,,,,,,,0.152,55.4,20.792,0.887,77.252,13.54,,2.334,,3.797,1.039088,68.0
EST,Estonia,2014,17413.687,56.589,39.243,,2.5,2.6,94.158,92.684,76.202,0.009,,93.0,-0.262,97.5,99.74,,,,,,,,0.156,54.59,19.0,0.885,77.11,13.44,8.785,2.386,19.771,4.199,1.06741,69.0
EST,Estonia,2015,17722.156,57.854,40.919,253.287,2.5,2.5,93.485,93.824,74.583,0.009,,93.0,0.066,97.5,99.75,,,,,,,,0.128,56.12,23.762,0.888,77.665,13.49,,2.469,,3.965,1.151212,70.0
EST,Estonia,2016,18264.987,58.328,42.428,,2.5,2.3,93.484,94.201,73.033,0.01,,93.0,0.029,97.5,99.77,,,,,,,,0.119,56.7,23.762,0.89,77.763,13.51,,2.312,,3.866,1.147798,71.0
EST,Estonia,2017,19270.814,59.571,44.057,,2.5,2.2,93.681,94.365,72.137,0.008,,93.0,0.121,97.5,99.78,,,,,,,,0.105,57.43,26.733,0.894,78.181,13.56,7.158,2.244,15.565,3.665,1.101678,72.0
EST,Estonia,2018,19914.345,60.062,46.244,,2.5,2.0,,,72.066,0.008,,92.0,0.348,97.5,99.8,,,,,,,,0.101,57.72,26.733,0.897,78.334,13.66,6.719,2.281,14.606,3.271,1.190666,73.0
EST,Estonia,2019,20579.876,60.31,43.452,,2.5,1.9,,,72.706,0.009,,91.0,0.372,97.5,99.81,,,,,,,,0.089,57.83,29.703,0.901,78.773,13.605,6.636,2.079,14.617,3.213,1.200214,74.0
EST,Estonia,2020,19946.946,58.654,41.995,260.502,2.5,1.8,,,72.044,0.008,,91.0,0.198,97.5,99.82,,,,,,,,0.083,57.65,28.713,0.901,78.893,13.55,6.705,2.027,15.003,3.086,,
SWZ,Swaziland,1990,2027.975,,40.4,,,56.6,72.412,,3.925,2.816,,89.0,4.05,,94.34,,,,,,,,,,,,,,,,,,-0.3332998,45.0
SWZ,Swaziland,1991,1982.415,43.123,39.612,,,56.3,72.873,,3.752,2.837,,79.0,4.017,,94.37,,,,,,,,,,,,,,,,,,-0.3888055,46.0
SWZ,Swaziland,1992,1969.961,42.777,38.854,,,57.0,74.33,,3.347,2.902,,93.0,3.805,,94.3,,,,,,,,,,,,,,,,,,-0.2807817,47.0
SWZ,Swaziland,1993,1972.803,42.279,38.464,,,58.6,74.136,,4.433,2.948,,89.0,2.915,,94.14,,,,,,,,,,,,,,,,,,-0.1651965,48.0
SWZ,Swaziland,1994,2020.385,42.445,39.448,,,60.5,76.182,,,3.078,,96.0,-0.011,,93.95,,,,,,,,,,,,,,,,,,-0.06387858,49.0
SWZ,Swaziland,1995,2119.582,42.583,40.099,,,62.6,79.109,,,2.646,,82.0,-0.08,,93.74,,,,,,,,,,,,,,,,,,0.08229058,50.0
SWZ,Swaziland,1996,2157.861,42.227,39.251,,,65.4,78.574,,5.941,2.481,,82.0,1.98,,93.46,,,,,,,,,,,,,,,,,,-0.08933319,51.0
SWZ,Swaziland,1997,2187.698,41.837,38.183,,,67.7,,,,2.145,,82.0,1.682,,93.23,,,,,,,,,,,,,,,,,,0.05483236,52.0
SWZ,Swaziland,1998,2216.009,41.259,36.896,,,69.7,,34.652,,1.782,,83.0,1.285,,93.03,,,,,,,,,,,,,,,,,,-0.03356723,53.0
SWZ,Swaziland,1999,2256.769,40.711,35.584,,,71.5,,32.855,4.546,1.511,,83.0,1.086,,92.85,,,,,,,,,,,,,,,,,,-0.2075609,54.0
SWZ,Swaziland,2000,2273.047,40.168,34.4,,,73.0,,31.129,4.266,1.3,,84.0,1.026,,92.7,,82.0,0.5311352014541626,Africa,0.126,-0.651,0.494,,,,,,,,,,,-0.6298622,55.0
SWZ,Swaziland,2001,2283.983,39.646,33.397,,9.8,74.3,,32.328,,1.072,,84.0,0.922,90.2,92.57,,,,,,,,,,,,,,,,,,-0.7486157,56.0
SWZ,Swaziland,2002,2358.569,39.235,32.561,,9.2,75.2,,33.734,4.417,1.129,,85.0,0.794,90.8,92.48,,,,,,,,,,,,,,,,,,-0.6491996,57.0
SWZ,Swaziland,2003,2448.838,38.872,31.882,,8.8,75.9,,32.954,,1.312,,85.0,0.683,91.2,92.41,,,,,,,,,,,,,,,,,,-0.5682442,58.0
SWZ,Swaziland,2004,2522.143,38.544,31.327,,9.7,75.7,,37.265,5.392,1.48,,86.0,0.604,90.3,92.43,,,,,,,,,,,,,,,,,,-0.4997166,59.0
SWZ,Swaziland,2005,2658.752,38.206,30.864,,11.7,74.7,,35.743,4.782,1.724,,86.0,0.545,88.3,92.53,,,,,,,,,,,,,,,,,,-0.5853262,60.0
SWZ,Swaziland,2006,2823.487,37.897,30.471,,13.9,65.6,,31.487,4.604,1.66,,87.0,0.5,86.1,93.44,,,,,,,,,,,,,,,,,,-0.4815333,61.0
SWZ,Swaziland,2007,2928.468,37.532,29.965,,16.4,66.3,,32.893,,2.09,,87.0,0.576,83.6,93.37,,,,,,,,,,,,,,,,,,-0.6690954,62.0
SWZ,Swaziland,2008,2950.673,37.605,29.269,,19.6,68.5,,,,2.46,,88.0,0.675,80.4,93.15,,,,,,,,,,,,,,,,,,-0.6434807,63.0
SWZ,Swaziland,2009,2973.835,37.698,28.546,,23.3,65.5,82.018,36.179,,2.731,,88.0,0.641,76.7,93.45,,,,,,,,,,,,,,,,,,-0.6467546,64.0
SWZ,Swaziland,2010,3069.522,37.919,27.893,109.872,24.9,62.0,87.797,37.062,,2.357,,89.0,0.586,75.1,93.8,,,,,,,,,,,,,,,,,,-0.8510975,65.0
SWZ,Swaziland,2011,3108.702,38.212,27.324,,24.0,57.8,89.332,39.581,7.028,2.367,,91.0,0.555,76.0,94.22,,,,,,,,,,,,,,,,,,-0.9973769,66.0
SWZ,Swaziland,2012,3218.501,38.583,26.845,,20.4,58.0,88.301,40.134,,1.915,,95.0,0.538,79.6,94.2,,,,,,,,,,,,,,,,,,-0.843811,67.0
SWZ,Swaziland,2013,3332.12,38.851,26.405,,17.5,57.4,84.519,39.005,6.435,1.547,,98.0,0.544,82.5,94.26,,,,,,,,,,,,,,,,,,-0.7495469,68.0
SWZ,Swaziland,2014,3381.793,39.084,25.917,,16.2,57.9,85.234,40.496,,1.155,,98.0,0.557,83.8,94.21,,,,,,,,,,,,,,,,,,-0.6766064,69.0
SWZ,Swaziland,2015,3419.823,39.245,25.391,122.262,16.2,54.9,84.168,41.7,,0.878,,90.0,0.572,83.8,94.51,,,,,,,,,,,,,,,,,,-0.7018942,70.0
SWZ,Swaziland,2016,3500.177,39.518,24.907,,16.3,52.0,84.253,,,0.654,,90.0,0.584,83.7,94.8,,,,,,,,,,,,,,,,,,-0.7093878,71.0
SWZ,Swaziland,2017,3596.236,38.361,25.299,,15.0,51.5,82.524,,,0.459,,90.0,0.753,85.0,94.85,,,,,,,,,,,,,,,,,,-0.7281786,72.0
SWZ,Swaziland,2018,3565.543,37.157,25.633,,13.4,48.5,,,,0.397,,90.0,0.923,86.6,95.15,,,,,,,,,,,,,,,,,,-0.1152518,73.0
SWZ,Swaziland,2019,3759.671,36.051,25.918,,11.7,48.2,,,,0.285,,90.0,0.932,88.3,95.18,,,,,,,,,,,,,,,,,,-0.2185176,74.0
SWZ,Swaziland,2020,3609.367,33.171,26.233,134.242,11.4,47.1,,,,0.299,,83.0,1.084,88.6,95.29,,,,,,,,,,,,,,,,,,,
ETH,Ethiopia,1990,267.078,,74.151,,,126.7,,,0.787,8.536,,49.0,3.702,,87.33,,,,,,,,,,,,,,,,,,-0.6942926,45.0
ETH,Ethiopia,1991,237.502,79.115,74.117,,,123.9,,,0.776,7.949,,21.0,4.331,,87.61,,,,,,,,,,,,,,,,,,-0.4857737,46.0
ETH,Ethiopia,1992,207.968,79.008,74.129,,,120.8,,,,7.839,,13.0,4.208,,87.92,,,,,,,,,,,,,,,,,,-0.3700403,47.0
ETH,Ethiopia,1993,227.173,79.17,74.318,,,117.4,,,,7.499,,28.0,3.515,,88.26,,,,,,,,,,,,,,,,,,-0.2407655,48.0
ETH,Ethiopia,1994,226.4,79.323,74.51,,,113.8,19.188,,0.602,7.117,,57.0,3.481,,88.62,,27.0,,,0.194,,0.504,,,,,,,,,,,-0.4446244,49.0
ETH,Ethiopia,1995,232.23,79.43,74.704,,,110.0,21.947,,0.66,6.721,,57.0,3.404,,89.0,,,,,,,,,,,,,,,,,,-0.1786212,50.0
ETH,Ethiopia,1996,252.613,79.368,74.924,,,106.2,26.192,,0.687,6.368,,55.0,3.3,,89.38,,,,,,,,,,,,,,,,,,-0.29246,51.0
ETH,Ethiopia,1997,252.312,79.32,75.187,,,102.5,,,0.802,6.004,,55.0,3.205,,89.75,,,,,,,,,,,,,,,,,,-0.1305824,52.0
ETH,Ethiopia,1998,236.056,79.154,75.467,,,99.0,33.665,,0.838,5.659,,42.0,3.14,,90.1,,,,,,,,,,,,,,,,,,-0.3296767,53.0
ETH,Ethiopia,1999,240.605,78.999,75.709,,,95.6,35.684,10.968,0.932,5.552,,28.0,3.124,,90.44,,,,,,,,,,,,,,,,,,-0.4356097,54.0
ETH,Ethiopia,2000,247.505,79.202,75.878,,,92.2,40.172,12.49,1.171,5.311,,30.0,3.068,,90.78,,,,,,,,,,,,,,,,,,-0.4130359,55.0
ETH,Ethiopia,2001,260.042,79.491,75.955,,46.1,88.7,43.938,13.218,1.476,5.18,,32.0,3.034,53.9,91.13,,,,,,,,0.704,61.25,7.796,0.307,51.428,1.557,,,,,-0.5653249,56.0
ETH,Ethiopia,2002,256.067,79.575,75.934,,43.2,85.1,46.064,15.068,1.684,4.94,,35.0,3.044,56.8,91.49,,,,,,,,0.7,64.64,7.796,0.314,52.085,1.631,,,,,-0.3433964,57.0
ETH,Ethiopia,2003,243.077,79.599,75.841,,41.6,81.6,46.784,,2.402,4.683,,37.0,3.021,58.4,91.84,,,,,,,,0.692,68.02,7.796,0.317,52.877,1.705,,,,,-0.4245368,58.0
ETH,Ethiopia,2004,267.924,79.768,75.705,,39.1,77.9,49.578,,2.73,4.441,,39.0,2.995,60.9,92.21,,36.0,0.2980685234069824,Africa,0.241,-0.879,0.573,0.689,71.41,7.796,0.331,53.735,1.783,,,,,-0.493018,59.0
ETH,Ethiopia,2005,290.833,79.971,75.531,,36.4,74.4,60.386,,2.942,4.324,,43.0,2.966,63.6,92.56,,,,,,,,0.642,74.79,20.973,0.35,54.364,1.862,,,,,-0.3707759,60.0
ETH,Ethiopia,2006,313.014,80.008,75.453,,32.7,70.9,65.014,,,4.091,,46.0,2.937,67.3,92.91,,,,,,,,0.634,74.73,21.373,0.366,55.402,1.941,,,,,-0.3995982,61.0
ETH,Ethiopia,2007,338.799,79.914,75.374,,29.4,67.7,70.071,,,3.863,,50.0,2.93,70.6,93.23,,39.0,,,0.243,-0.472,0.541,0.629,74.67,21.373,0.383,56.566,2.02,,,,,-0.6082467,62.0
ETH,Ethiopia,2008,364.642,79.828,75.295,,26.3,64.7,75.779,,3.532,3.612,,54.0,2.894,73.7,93.53,,,,,,,,0.623,74.61,21.373,0.398,57.733,2.058,,,,,-0.4530578,63.0
ETH,Ethiopia,2009,385.632,79.733,75.216,,23.9,61.9,75.362,,5.092,3.332,,58.0,2.84,76.1,93.81,,,,,,,,0.615,74.55,21.373,0.405,58.715,2.095,,,,,-0.432683,64.0
ETH,Ethiopia,2010,421.899,79.663,75.137,,22.4,59.3,73.352,,6.965,3.082,,61.0,2.835,77.6,94.07,,,,,,,,0.601,74.48,25.513,0.415,59.709,2.133,,,30.493,33.17,-0.5490749,65.0
ETH,Ethiopia,2011,455.91,79.587,75.058,,21.2,56.8,77.234,,7.276,2.839,,65.0,2.844,78.8,94.32,,,,,,,,0.598,74.42,25.513,0.425,60.595,2.17,36.937,44.335,34.367,32.108,-0.4559323,66.0
ETH,Ethiopia,2012,481.64,79.505,74.978,,19.8,54.5,78.495,,7.624,2.536,,61.0,2.804,80.2,94.55,,,,,,,,0.585,74.36,25.513,0.433,61.443,2.221,36.54,44.335,34.367,30.918,-0.460377,67.0
ETH,Ethiopia,2013,518.325,79.409,74.899,,17.7,52.2,,,,2.222,,59.0,2.718,82.3,94.78,,,,,,,,0.572,74.3,25.513,0.441,62.161,2.273,36.23,44.335,34.367,29.988,-0.5835479,68.0
ETH,Ethiopia,2014,556.363,77.728,72.014,,15.2,50.1,85.101,30.093,5.919,1.972,,61.0,2.683,84.8,94.99,,,,,,,,0.565,72.21,25.513,0.449,62.927,2.324,35.921,44.335,34.367,29.062,-0.5820747,69.0
ETH,Ethiopia,2015,597.912,76.079,69.185,125.317,13.6,48.0,84.623,30.814,,1.763,,62.0,2.685,86.4,95.2,,,,,,,,0.533,70.13,37.286,0.456,63.592,2.375,35.573,44.335,34.367,28.018,-0.5483913,70.0
ETH,Ethiopia,2016,636.836,74.416,66.416,,13.0,46.0,,,,1.592,,64.0,2.708,87.0,95.4,,47.49159,,,0.227,-0.713,0.578,0.524,68.04,37.286,0.463,64.162,2.427,35.744,43.506,36.455,27.271,-0.5916038,71.0
ETH,Ethiopia,2017,678.985,72.766,63.703,,14.1,44.2,,,,1.418,,65.0,2.725,85.9,95.58,,,,,,,,0.52,65.95,37.286,0.47,64.766,2.411,35.433,43.506,36.455,26.339,-0.5346567,72.0
ETH,Ethiopia,2018,705.969,71.104,61.085,,16.1,42.5,,,,1.286,,62.0,2.697,83.9,95.75,,,,,,,,0.513,63.86,37.286,0.476,65.257,2.395,35.217,43.506,36.455,25.691,-0.4274449,73.0
ETH,Ethiopia,2019,744.703,69.478,58.558,,18.5,41.0,,,,1.166,,61.0,2.691,81.5,95.9,,,,,,,,0.509,61.78,37.286,0.482,65.741,2.38,34.707,42.77,36.455,24.896,-0.4535713,74.0
ETH,Ethiopia,2020,768.705,66.617,56.009,126.741,20.3,39.6,,,,1.049,,62.0,2.711,79.7,96.04,,,,,,,,0.502,59.69,37.286,0.486,65.969,2.391,34.432,42.77,36.455,24.072,,
FRO,Faroe Islands,2008,44623.032,,,,,,,,,,,,0.349,,,,,,,,,,,,,,,,,,,,,
FRO,Faroe Islands,2009,42378.217,,,,,,,,,,,,0.501,,,,,,,,,,,,,,,,,,,,,
FRO,Faroe Islands,2010,42333.522,,,,,,,,,,,,-0.275,,,,,,,,,,,,,,,,,,,,,
FRO,Faroe Islands,2011,43946.252,,,,,,,,,,,,-0.235,,,,,,,,,,,,,,,,,,,,,
FRO,Faroe Islands,2012,47303.866,,,,,,,,,,,,-0.52,,,,,,,,,,,,,,,,,,,,,
FRO,Faroe Islands,2013,50120.753,,,,,,,,,,,,-0.093,,,,,,,,,,,,,,,,,,,,,
FRO,Faroe Islands,2014,52644.79,,,,,,,,,,,,0.377,,,,,,,,,,,,,,,,,,,,,
FRO,Faroe Islands,2015,52637.19,,,,,,,,,,,,0.968,,,,,,,,,,,,,,,,,,,,,
FRO,Faroe Islands,2016,52757.396,,,,,,,,,,,,1.149,,,,,,,,,,,,,,,,,,,,,
FRO,Faroe Islands,2017,53831.029,,,,,,,,,,,,1.437,,,,,,,,,,,,,,,,,,,,,
FRO,Faroe Islands,2018,54433.593,,,,,,,,,,,,1.613,,,,,,,,,,,,,,,,,,,,,
FRO,Faroe Islands,2019,56029.499,,,,,,,,,,,,1.549,,,,,,,,,,,,,,,,,,,,,
FRO,Faroe Islands,2020,54301.659,,,,,,,,,,,,1.481,,,,,,,,,,,,,,,,,,,,,
FJI,Fiji,1990,3414.951,,45.982,,,21.4,,,,0.258,,97.0,0.909,,97.86,,,,,,,,,,,,,,,,,,0.03491142,45.0
FJI,Fiji,1991,3295.727,57.084,46.407,,,20.5,,,10.795,0.244,,99.0,0.817,,97.95,,,,,,,,,,,,,,,,,,0.1284396,46.0
FJI,Fiji,1992,3471.431,56.957,45.788,,,19.8,96.647,,,0.227,,97.0,0.727,,98.02,,,,,,,,,,,,,,,,,,0.09836966,47.0
FJI,Fiji,1993,3522.842,56.892,45.613,,,19.1,,,,0.213,,96.0,0.638,,98.09,,,,,,,,,,,,,,,,,,0.259673,48.0
FJI,Fiji,1994,3682.0,56.851,45.09,,,18.5,97.005,,,0.195,,96.0,0.555,,98.15,,,,,,,,,,,,,,,,,,0.1860582,49.0
FJI,Fiji,1995,3755.268,56.776,44.857,,,18.0,95.499,,,0.184,,97.0,0.499,,98.2,,,,,,,,0.486,39.37,5.769,0.653,66.007,7.718,,,,,0.08702614,50.0
FJI,Fiji,1996,3910.83,56.702,44.38,,,17.5,93.147,,,0.173,,97.0,0.629,,98.25,,,,,,,,0.482,39.37,5.769,0.657,66.202,7.69,,,,,0.1200942,51.0
FJI,Fiji,1997,3785.467,56.493,43.524,,,17.2,93.577,,,0.162,,86.0,1.033,,98.28,,,,,,,,0.477,38.87,5.769,0.658,66.293,7.831,,,,,-0.451852,52.0
FJI,Fiji,1998,3787.487,56.332,42.672,,,16.9,94.558,,,0.149,,87.0,1.238,,98.31,,,,,,,,0.475,38.36,5.769,0.66,66.536,7.972,,,,,-0.4960581,53.0
FJI,Fiji,1999,4073.377,56.211,41.824,,,16.7,94.261,75.581,,0.138,,89.0,1.157,,98.33,,,,,,,,0.409,37.86,15.534,0.667,66.728,8.113,,,,,-0.655551,54.0
FJI,Fiji,2000,3960.889,56.063,40.981,,,16.6,92.679,72.266,,0.138,57.6,90.0,1.086,,98.34,94.24,,,,,,,0.409,37.36,15.534,0.668,66.194,8.254,,,,,-0.1747905,55.0
FJI,Fiji,2001,3998.797,55.917,40.144,,3.6,16.6,95.509,74.796,,0.134,40.6,91.0,1.028,96.4,98.34,95.94,,,,,,,0.405,36.85,15.534,0.67,66.205,8.395,,,,,-0.1828258,56.0
FJI,Fiji,2002,4086.104,55.721,39.312,,3.5,16.7,96.668,75.863,,0.14,35.3,93.0,0.99,96.5,98.33,96.47,,,,,,,0.407,36.35,15.534,0.67,65.492,8.535,,,,,0.1143516,57.0
FJI,Fiji,2003,4087.724,55.591,38.486,,3.6,16.8,99.361,76.52,14.772,0.136,44.7,94.0,0.955,96.4,98.32,95.53,,,,,,,0.401,35.84,15.534,0.673,65.653,8.676,,,,,-0.09613385,58.0
FJI,Fiji,2004,4264.597,55.465,37.667,,4.0,17.1,96.706,83.309,14.573,0.132,62.1,95.0,0.928,96.0,98.29,93.79,,,,,,,0.422,35.34,9.709,0.679,65.841,8.817,,,,,-0.0392919,59.0
FJI,Fiji,2005,4255.451,54.523,36.854,,4.5,17.3,,,14.456,0.127,50.5,96.0,0.912,95.5,98.27,94.95,,,,,,,0.419,34.84,9.709,0.681,65.983,8.958,,,,,-0.1525772,60.0
FJI,Fiji,2006,4295.407,55.516,37.185,,5.0,17.4,99.126,85.437,,0.123,43.5,98.0,0.901,95.0,98.26,95.65,,,,,,,0.412,36.61,9.709,0.684,66.126,9.099,,,,,0.15845,61.0
FJI,Fiji,2007,4223.448,56.454,37.516,,5.6,17.5,96.313,81.229,,0.121,31.1,99.0,0.835,94.4,98.25,96.89,,,,,,,0.405,38.38,9.709,0.686,66.161,9.24,,,,,-0.01631181,62.0
FJI,Fiji,2008,4240.773,57.424,37.847,,6.2,17.4,96.804,,,0.117,37.0,99.0,0.618,93.8,98.26,96.3,,,,,,,0.396,40.15,9.709,0.69,66.32,9.379,,,,,0.2096074,63.0
FJI,Fiji,2009,4164.293,58.357,38.18,,6.8,17.1,96.733,80.437,,0.112,26.5,99.0,0.424,93.2,98.29,97.35,,,,,,,0.393,41.92,9.709,0.693,66.347,9.518,,,,,0.2679045,64.0
FJI,Fiji,2010,4272.359,59.331,38.513,,7.0,16.8,,,,0.105,22.6,99.0,0.35,93.0,98.32,97.74,,,,,,,0.39,43.69,9.709,0.697,66.778,9.657,,,30.059,12.867,-0.008449002,65.0
FJI,Fiji,2011,4375.581,60.278,38.846,,7.3,16.4,96.741,85.092,,0.1,39.2,99.0,0.282,92.7,98.36,96.08,,,,,,,0.383,45.46,9.709,0.701,66.88,9.796,,,30.059,12.679,-0.1199167,66.0
FJI,Fiji,2012,4427.978,58.987,38.59,,7.3,16.1,96.971,84.523,,0.106,59.5,99.0,0.211,92.7,98.39,94.05,,,,,,,0.386,44.07,9.709,0.698,65.812,9.935,,,30.059,12.74,-0.06578893,67.0
FJI,Fiji,2013,4630.351,57.67,38.333,,7.2,15.9,97.107,,,0.102,,99.0,0.157,92.8,98.41,,,,,,,,0.39,42.69,9.709,0.708,66.545,10.074,,,30.059,12.498,-0.4732937,68.0
FJI,Fiji,2014,4883.243,56.344,38.073,,7.0,16.0,,,69.433,0.095,,99.0,0.134,93.0,98.4,,,,,,,,0.352,41.3,14.0,0.712,66.581,10.213,,,22.707,12.519,-0.3491528,69.0
FJI,Fiji,2015,5097.531,55.741,38.746,,7.2,16.3,98.728,,68.417,0.093,,99.0,0.108,92.8,98.37,,,,,,,,0.334,39.93,16.0,0.715,66.48,10.352,,,22.707,12.67,-0.6168781,70.0
FJI,Fiji,2016,5218.858,55.097,39.424,,7.5,17.0,96.762,,77.56,0.092,,95.0,0.064,92.5,98.3,,,,,,,,0.333,38.55,16.0,0.719,66.657,10.491,,,22.707,13.105,-0.4397172,71.0
FJI,Fiji,2017,5500.678,54.918,38.851,,7.3,18.0,,,82.344,0.082,,91.0,-0.044,92.7,98.2,,,,,,,,0.325,38.67,16.0,0.725,67.06,10.63,,,22.707,13.168,-0.4102953,72.0
FJI,Fiji,2018,5720.214,54.766,38.428,,6.4,19.2,,,79.146,0.081,,94.0,-0.172,93.6,98.08,,,,,,,,0.313,38.9,19.608,0.728,66.965,10.565,,,22.707,13.586,0.113384,73.0
FJI,Fiji,2019,5701.104,54.696,38.463,,5.6,20.6,,,77.556,0.078,,97.0,-0.249,94.4,97.94,,,,,,,,0.317,38.97,19.608,0.727,67.009,10.5,,,22.707,13.937,-0.1354674,74.0
FJI,Fiji,2020,4721.123,51.27,35.365,202.166,6.2,21.9,,,83.761,0.076,,97.0,0.007,93.8,97.81,,,,,,,,0.317,37.23,19.608,0.718,66.924,10.436,,,18.517,14.351,,
FIN,Finland,1990,31291.522,,60.612,,,5.6,,,,0.013,,90.0,0.443,,99.44,,,,,,,,0.106,64.75,33.5,0.823,74.989,9.18,,,,,1.005269,45.0
FIN,Finland,1991,29290.977,59.289,57.142,,,5.3,,92.906,,0.012,,95.0,0.546,,99.47,,,,,,,,0.103,63.49,33.5,0.827,75.407,9.404,,,,,1.259555,46.0
FIN,Finland,1992,28162.351,54.877,52.346,,,5.1,,,,0.013,,99.0,0.562,,99.49,,,,,,,,0.099,62.15,33.5,0.833,75.647,9.628,,,,,1.306175,47.0
FIN,Finland,1993,27807.861,51.35,49.687,,,4.8,98.754,94.726,,0.012,,99.0,0.484,,99.52,,,,,,,,0.094,61.28,33.5,0.838,75.885,9.852,,,,,1.344582,48.0
FIN,Finland,1994,28785.92,50.573,46.283,,,4.5,98.638,94.64,,0.011,,99.0,0.431,,99.55,,,,,,,,0.093,60.47,33.5,0.85,76.575,10.075,,,,,1.48735,49.0
FIN,Finland,1995,29890.524,49.561,49.634,,,4.3,98.315,92.2,,0.011,,99.0,0.382,,99.57,,,,,,,,0.095,56.26,33.5,0.856,76.604,10.299,,,,,1.220785,50.0
FIN,Finland,1996,30883.835,50.01,47.485,,,4.1,98.368,92.449,,0.01,,99.0,0.328,,99.59,,,,,,,,0.1,54.6,33.5,0.863,76.87,10.523,,,,,1.532764,51.0
FIN,Finland,1997,32762.118,51.111,48.563,,,3.9,98.715,93.158,,0.01,,99.0,0.297,,99.61,,,,,,,,0.091,54.86,33.5,0.871,77.064,10.747,,,,,1.478799,52.0
FIN,Finland,1998,34457.456,52.216,49.827,,,3.8,99.414,97.178,,0.009,,99.0,0.265,,99.62,,,,,,,,0.089,55.13,33.5,0.88,77.259,10.971,,,,,1.246556,53.0
FIN,Finland,1999,35886.495,53.926,51.333,,,3.6,99.787,94.492,,0.009,,99.0,0.232,,99.64,,,,,,,,0.085,58.13,37.0,0.889,77.451,11.195,,,,,1.123935,54.0
FIN,Finland,2000,37872.602,54.57,52.838,,,3.5,99.704,94.478,,0.01,,99.0,0.208,,99.65,,,,,,,,0.088,58.31,36.5,0.898,77.671,11.418,,,,,1.184463,55.0
FIN,Finland,2001,38784.131,55.548,54.338,,2.5,3.4,99.619,94.182,85.951,0.01,,98.0,0.228,97.5,99.66,,,,,,,,0.092,58.53,36.5,0.908,78.142,11.642,,,,,1.160629,56.0
FIN,Finland,2002,39343.07,55.664,55.832,,2.5,3.3,99.262,94.399,86.789,0.01,,98.0,0.242,97.5,99.67,,,,,,,,0.095,58.71,36.5,0.912,78.27,11.866,,,,,1.043943,57.0
FIN,Finland,2003,40038.984,55.63,57.315,,2.5,3.2,98.521,94.958,88.287,0.01,,98.0,0.238,97.5,99.68,,,,,,,,0.091,58.29,37.5,0.915,78.533,12.09,,,,,1.085346,58.0
FIN,Finland,2004,41521.963,55.438,58.785,,2.5,3.1,97.577,95.102,90.138,0.011,,98.0,0.29,97.5,99.69,,,,,,,,0.09,57.8,37.5,0.911,78.846,12.135,,,,,0.9941315,59.0
FIN,Finland,2005,42529.351,56.236,60.24,,2.5,3.0,97.178,95.792,91.941,0.011,,97.0,0.342,97.5,99.7,,,,,,,,0.086,58.15,37.5,0.914,78.971,12.18,,,,,1.017718,60.0
FIN,Finland,2006,44069.396,56.712,60.823,,2.5,2.9,96.663,96.222,93.431,0.01,,97.0,0.384,97.5,99.71,,,,,,,,0.081,58.39,38.0,0.917,79.373,12.23,,,,,0.9722646,61.0
FIN,Finland,2007,46213.69,56.933,53.21,,2.5,2.8,97.261,95.811,95.083,0.011,,99.0,0.425,97.5,99.72,,,,,,,,0.074,57.38,41.5,0.92,79.391,12.28,,,,,0.9259872,62.0
FIN,Finland,2008,46359.873,57.514,53.439,,2.5,2.7,97.714,94.973,95.867,0.011,,99.0,0.466,97.5,99.73,,,,,,,,0.073,57.39,41.5,0.921,79.695,12.33,,,,,0.9020879,63.0
FIN,Finland,2009,42412.513,55.403,50.472,,2.5,2.6,97.871,94.246,92.015,0.012,,99.0,0.478,97.5,99.74,,,,,,,,0.073,56.96,40.0,0.916,79.831,12.37,,,,,0.8870575,64.0
FIN,Finland,2010,43556.539,54.702,49.226,262.693,2.5,2.4,98.212,93.91,93.187,0.012,,99.0,0.457,97.5,99.76,,,,,,,,0.073,56.02,40.0,0.92,80.012,12.42,6.024,2.398,12.273,3.4,0.8629308,65.0
FIN,Finland,2011,44391.454,55.166,50.62,,2.5,2.3,98.488,93.497,93.288,0.011,,99.0,0.464,97.5,99.77,,,,,,,,0.067,55.81,42.5,0.924,80.392,12.46,5.909,2.401,11.945,3.382,0.9362948,66.0
FIN,Finland,2012,43507.935,55.006,51.452,,2.5,2.2,99.013,92.865,91.553,0.012,,99.0,0.476,97.5,99.78,,,,,,,,0.065,55.99,42.5,0.924,80.508,12.49,5.899,2.393,11.945,3.359,0.9097093,67.0
FIN,Finland,2013,42883.638,54.269,51.798,,2.5,2.1,99.034,94.476,91.237,0.012,,98.0,0.461,97.5,99.79,,,,,,,,0.064,55.54,42.5,0.934,80.869,12.55,5.747,2.367,11.945,2.93,1.036588,68.0
FIN,Finland,2014,42502.488,53.65,51.791,,2.5,2.0,99.365,94.613,89.994,0.01,,98.0,0.414,97.5,99.8,,,,,,,,0.062,55.48,42.5,0.936,81.055,12.6,5.644,2.353,11.509,3.071,0.9952324,69.0
FIN,Finland,2015,42560.346,53.253,52.269,261.328,2.5,2.0,99.117,95.264,89.657,0.01,,97.0,0.329,97.5,99.8,,,,,,,,0.056,55.62,41.5,0.938,81.377,12.63,5.52,2.311,11.509,2.741,0.9148437,70.0
FIN,Finland,2016,43529.676,53.383,52.161,,2.5,1.9,99.056,95.935,89.328,0.01,,92.0,0.287,97.5,99.81,,,,,,,,0.05,55.02,41.5,0.94,81.303,12.685,5.539,2.256,11.509,2.853,0.9412793,71.0
FIN,Finland,2017,44862.22,53.598,53.04,,2.5,1.9,98.629,96.105,90.698,0.01,,89.0,0.235,97.5,99.81,,,,,,,,0.044,55.21,42.0,0.942,81.497,12.74,5.571,2.274,11.45,2.99,0.9218417,72.0
FIN,Finland,2018,45337.241,54.944,52.845,,2.5,1.9,,,92.385,0.01,,91.0,0.133,97.5,99.81,,,,,,,,0.038,55.88,42.0,0.945,81.626,12.805,5.635,2.234,11.696,2.974,0.9560439,73.0
FIN,Finland,2019,45898.571,55.221,53.361,,2.5,1.9,,,94.589,0.01,,91.0,0.11,97.5,99.81,,,,,,,,0.031,55.79,47.0,0.947,81.864,12.87,5.633,2.187,11.695,3.015,0.9465655,74.0
FIN,Finland,2020,44690.98,54.282,51.968,263.318,2.5,1.8,,,96.473,0.011,,89.0,0.144,97.5,99.82,,,,,,,,0.03,55.26,46.0,0.947,81.822,12.925,5.707,2.178,12.027,2.915,,
FRA,France,1990,27992.975,,44.691,,,7.4,99.917,82.683,,0.03,,94.0,0.547,,99.26,,,,,,,,0.237,46.7,9.02,0.798,76.835,7.55,,,,,2.194125,45.0
FRA,France,1991,28197.236,49.996,39.993,,,7.1,99.988,,,0.03,,94.0,0.502,,99.29,,,,,,,,0.238,46.88,9.02,0.807,77.016,7.742,,,,,1.886787,46.0
FRA,France,1992,28482.519,49.534,39.574,,,6.7,99.219,88.461,,0.028,,94.0,0.498,,99.33,,,,,,,,0.235,47.3,9.02,0.814,77.297,7.934,,,,,1.804465,47.0
FRA,France,1993,28257.096,48.94,38.1,,,6.2,97.833,89.602,,0.026,,94.0,0.435,,99.38,,,,,,,,0.228,47.78,9.02,0.818,77.349,8.126,,,,,1.912422,48.0
FRA,France,1994,28822.501,48.132,36.46,,,5.7,97.792,95.502,,0.024,,96.0,0.375,,99.43,,,,,,,,0.216,47.97,9.02,0.832,77.768,8.319,,,,,2.084511,49.0
FRA,France,1995,29379.616,48.539,35.563,,,5.3,98.941,96.217,,0.023,,96.0,0.364,,99.47,,,,,,,,0.207,48.22,9.02,0.837,77.871,8.511,,,,,1.909249,50.0
FRA,France,1996,29683.779,48.506,35.054,,,4.9,99.947,95.53,,0.021,,97.0,0.357,,99.51,,,,,,,,0.2,48.6,9.02,0.842,78.061,8.703,,,,,1.907264,51.0
FRA,France,1997,30325.523,48.053,33.996,,,4.6,99.939,94.931,,0.018,,97.0,0.357,,99.54,,,,,,,,0.192,48.27,9.02,0.847,78.425,8.895,,,,,1.961991,52.0
FRA,France,1998,31256.507,48.395,34.021,,,4.4,,,,0.016,,96.0,0.371,,99.56,,,,,,,,0.189,48.59,9.02,0.851,78.588,9.087,,,,,1.607924,53.0
FRA,France,1999,32152.721,48.722,35.927,,,4.2,95.963,90.109,,0.016,,97.0,0.516,,99.58,,,,,,,,0.191,48.92,9.131,0.856,78.746,9.279,,,,,1.561302,54.0
FRA,France,2000,33255.138,49.652,35.542,,,4.1,95.593,89.915,,0.015,,97.0,0.686,,99.59,,,,,,,,0.195,49.08,9.131,0.852,79.044,9.471,,,,,1.483939,55.0
FRA,France,2001,33640.674,50.376,35.79,,2.5,3.9,95.501,89.632,50.447,0.015,,97.0,0.729,97.5,99.61,,,,,,,,0.183,48.87,10.913,0.855,79.221,9.664,,,,,1.545834,56.0
FRA,France,2002,33753.578,50.578,36.913,,2.5,3.8,95.432,89.284,50.252,0.015,,97.0,0.727,97.5,99.62,,,,,,,,0.174,49.07,11.693,0.858,79.411,9.856,,,,,1.604928,57.0
FRA,France,2003,33840.618,51.339,37.182,,2.5,3.6,95.194,89.034,52.317,0.015,,97.0,0.706,97.5,99.64,,,,,,,,0.17,50.32,11.732,0.862,79.419,10.048,,,,,1.489158,58.0
FRA,France,2004,34557.147,50.871,36.733,,2.5,3.5,95.154,88.893,53.458,0.015,,98.0,0.733,97.5,99.65,,,,,,,,0.158,50.14,13.923,0.869,80.336,10.24,,,,,1.427158,59.0
FRA,France,2005,34946.037,51.016,34.07,,2.5,3.4,98.555,92.633,53.882,0.015,,98.0,0.752,97.5,99.66,,,,,,,,0.157,50.36,13.923,0.877,80.337,10.32,,,,,1.562189,60.0
FRA,France,2006,35645.416,50.978,34.152,,2.5,3.3,98.572,92.663,53.875,0.015,,99.0,0.696,97.5,99.67,,,,,,,,0.156,50.42,13.923,0.881,80.745,10.445,,,,,1.499014,61.0
FRA,France,2007,36322.169,51.574,34.649,,2.5,3.2,98.497,92.608,52.948,0.015,,99.0,0.618,97.5,99.68,,,,,,,,0.137,50.77,18.192,0.884,80.96,10.57,,,,,1.535237,62.0
FRA,France,2008,36257.366,51.986,34.743,,2.5,3.2,98.063,92.598,52.476,0.016,,99.0,0.558,97.5,99.68,,,,,,,,0.133,50.95,19.565,0.884,81.039,10.65,,,,,1.43524,63.0
FRA,France,2009,35052.851,51.173,35.611,,2.5,3.1,97.706,92.683,52.773,0.016,,98.0,0.513,97.5,99.69,,,,,,,,0.129,51.36,20.0,0.883,81.163,10.63,,,,,1.335596,64.0
FRA,France,2010,35578.197,51.0,35.04,237.659,2.5,3.1,97.35,92.559,54.882,0.016,,99.0,0.493,97.5,99.69,,,,,,,,0.129,51.37,20.0,0.888,81.405,10.78,10.098,8.698,17.565,4.032,1.43072,65.0
FRA,France,2011,36269.956,50.85,34.003,,2.5,3.1,98.37,92.866,55.626,0.015,,99.0,0.483,97.5,99.69,,,,,,,,0.125,51.26,20.13,0.892,81.781,10.85,9.85,7.567,18.087,3.898,1.314576,66.0
FRA,France,2012,36161.292,50.693,33.393,,2.5,3.1,98.278,93.227,57.909,0.015,,99.0,0.484,97.5,99.69,,,,,,,,0.11,51.5,25.108,0.893,81.739,10.94,9.587,6.794,18.08,3.886,1.449913,67.0
FRA,France,2013,36256.087,50.692,35.344,,2.5,3.1,98.302,93.393,59.849,0.015,,88.0,0.517,97.5,99.69,,,,,,,,0.106,51.72,25.108,0.896,81.979,11.08,9.097,6.44,16.917,3.933,1.425571,68.0
FRA,France,2014,36444.395,50.035,34.4,,2.5,3.1,97.568,92.957,61.51,0.015,,92.0,0.475,97.5,99.69,,,,,,,,0.101,51.63,25.73,0.9,82.437,11.23,9.431,7.498,16.957,3.838,1.426634,69.0
FRA,France,2015,36702.432,49.862,34.914,244.236,2.5,3.2,98.436,93.581,62.786,0.014,,96.0,0.356,97.5,99.68,,,,,,,,0.096,51.63,25.73,0.901,82.149,11.33,9.314,7.091,16.93,3.922,1.540821,70.0
FRA,France,2016,36920.534,49.828,34.938,,2.5,3.2,98.822,93.956,64.728,0.014,,95.0,0.264,97.5,99.68,,,,,,,,0.092,51.62,25.73,0.905,82.401,11.35,9.327,7.392,16.714,3.874,1.511309,71.0
FRA,France,2017,37580.598,50.059,35.004,,2.5,3.3,98.927,94.666,65.802,0.013,,95.0,0.29,97.5,99.67,,,,,,,,0.072,51.31,35.351,0.908,82.439,11.41,9.905,9.135,16.655,3.924,1.561342,72.0
FRA,France,2018,38062.444,50.313,35.705,,2.5,3.3,,,67.544,0.013,,95.0,0.358,97.5,99.67,,,,,,,,0.065,51.43,35.714,0.911,82.568,11.51,10.251,9.486,17.309,3.957,1.521154,73.0
FRA,France,2019,38705.207,50.316,34.911,,2.5,3.3,,,67.733,0.013,,95.0,0.333,97.5,99.67,,,,,,,,0.061,51.26,36.865,0.914,82.73,11.61,10.357,9.173,17.971,3.925,1.482207,74.0
FRA,France,2020,35709.205,49.925,33.887,245.298,2.5,3.3,,,68.871,0.013,,96.0,0.325,97.5,99.67,,,,,,,,0.056,50.63,37.189,0.909,82.199,11.688,9.648,7.735,17.484,3.724,,
PYF,French Polynesia,1990,25307.705,,41.408,,,,99.626,,,,,,2.049,,,,,,,,,,,,,,,,,,,,,
PYF,French Polynesia,1991,25731.776,52.38,41.219,,,,,,,,,,1.929,,,,,,,,,,,,,,,,,,,,,
PYF,French Polynesia,1992,24899.511,52.391,41.583,,,,,,1.457,,,,1.82,,,,,,,,,,,,,,,,,,,,,
PYF,French Polynesia,1993,24158.45,52.463,41.916,,,,99.341,,,,,,1.715,,,,,,,,,,,,,,,,,,,,,
PYF,French Polynesia,1994,23373.713,52.428,42.274,,,,,,,,,,1.622,,,,,,,,,,,,,,,,,,,,,
PYF,French Polynesia,1995,22928.499,52.509,42.48,,,,99.581,,,,,,1.533,,,,,,,,,,,,,,,,,,,,,
PYF,French Polynesia,1996,22434.73,52.518,42.721,,,,99.386,,,,,,1.506,,,,,,,,,,,,,,,,,,,,,
PYF,French Polynesia,1997,22051.981,52.363,42.278,,,,,,,,,,1.598,,,,,,,,,,,,,,,,,,,,,
PYF,French Polynesia,1998,22071.063,52.185,41.817,,,,,,,,,,1.632,,,,,,,,,,,,,,,,,,,,,
PYF,French Polynesia,1999,22136.259,51.985,41.357,,,,,,,,,,1.578,,,,,,,,,,,,,,,,,,,,,
PYF,French Polynesia,2000,22498.829,51.782,40.9,,,,,,,,,,1.569,,,,,,,,,,,,,,,,,,,,,
PYF,French Polynesia,2001,22076.592,51.437,40.438,,6.3,,,,,,,,1.552,93.7,,,,,,,,,,,,,,,,,,,,
PYF,French Polynesia,2002,21932.92,51.104,39.982,,6.1,,,,,,,,1.496,93.9,,,,,,,,,,,,,,,,,,,,
PYF,French Polynesia,2003,22055.642,50.754,39.338,,5.8,,,,,,,,1.547,94.2,,,,,,,,,,,,,,,,,,,,
PYF,French Polynesia,2004,21919.941,50.415,38.72,,5.7,,,,,,,,1.584,94.3,,,,,,,,,,,,,,,,,,,,
PYF,French Polynesia,2005,21661.424,50.077,38.099,,5.6,,,,,,,,1.496,94.4,,,,,,,,,,,,,,,,,,,,
PYF,French Polynesia,2006,21545.6,49.769,37.463,,5.6,,,,,,,,1.422,94.4,,,,,,,,,,,,,,,,,,,,
PYF,French Polynesia,2007,21648.532,49.493,36.819,,5.6,,,,,,,,1.214,94.4,,,,,,,,,,,,,,,,,,,,
PYF,French Polynesia,2008,21493.418,49.48,37.475,,5.6,,,,,,,,0.726,94.4,,,,,,,,,,,,,,,,,,,,
PYF,French Polynesia,2009,20499.772,49.394,38.143,,5.1,,,,,,,,0.41,94.9,,,,,,,,,,,,,,,,,,,,
PYF,French Polynesia,2010,19913.025,49.342,38.818,,4.8,,,,,,,,0.407,95.2,,,,,,,,,,,,,,,,,,,,
PYF,French Polynesia,2011,19241.644,49.322,39.5,,4.4,,,,,,,,0.423,95.6,,,,,,,,,,,,,,,,,,,,
PYF,French Polynesia,2012,18968.442,49.436,40.19,,4.5,,,,,,,,0.498,95.5,,,,,,,,,,,,,,,,,,,,
PYF,French Polynesia,2013,18930.127,49.406,40.214,,4.7,,,,,,,,0.6,95.3,,,,,,,,,,,,,,,,,,,,
PYF,French Polynesia,2014,18928.186,49.379,40.22,,5.0,,,,,,,,0.602,95.0,,,,,,,,,,,,,,,,,,,,
PYF,French Polynesia,2015,19166.959,49.357,40.106,,5.4,,,,,,,,0.534,94.6,,,,,,,,,,,,,,,,,,,,
PYF,French Polynesia,2016,19516.072,49.323,39.91,,5.9,,,,,,,,0.471,94.1,,,,,,,,,,,,,,,,,,,,
PYF,French Polynesia,2017,20287.769,49.35,39.51,,6.4,,,,,,,,0.325,93.6,,,,,,,,,,,,,,,,,,,,
PYF,French Polynesia,2018,20674.421,49.163,39.351,,6.4,,,,,,,,-0.097,93.6,,,,,,,,,,,,,,,,,,,,
PYF,French Polynesia,2019,21289.875,48.981,39.083,,6.0,,,,,,,,-0.28,94.0,,,,,,,,,,,,,,,,,,,,
PYF,French Polynesia,2020,19026.79,47.4,38.346,,5.3,,,,,,,,0.063,94.7,,,,,,,,,,,,,,,,,,,,
GAB,Gabon,1990,8354.263,,24.096,,,58.9,,,5.094,1.939,,78.0,2.741,,94.11,,,,,,,,,,,,,,,,,,-0.4075914,45.0
GAB,Gabon,1991,8627.39,40.141,24.198,,,58.1,,,,1.918,,72.0,2.716,,94.19,,,,,,,,,,,,,,,,,,-0.5919696,46.0
GAB,Gabon,1992,8138.868,39.955,24.237,,,57.5,,,,1.903,,66.0,2.69,,94.25,,,,,,,,,,,,,,,,,,-0.6107402,47.0
GAB,Gabon,1993,8237.743,39.892,24.213,,,56.9,,,,1.838,,67.0,2.663,,94.31,,72.0,,,0.324,,0.88,0.593,54.45,9.569,0.631,61.125,4.86,,,,,-0.1677002,48.0
GAB,Gabon,1994,8322.61,39.835,24.117,,,56.2,,,,1.755,,69.0,2.621,,94.38,,,,,,,,0.588,54.37,9.569,0.636,61.183,5.04,,,,,-0.2084179,49.0
GAB,Gabon,1995,8514.94,39.968,23.933,,,55.6,,,,1.631,,70.0,2.569,,94.44,,,,,,,,0.586,54.29,9.569,0.64,61.27,5.22,,,,,-0.2479227,50.0
GAB,Gabon,1996,8603.008,39.929,23.663,,,54.9,,,,1.499,,62.0,2.532,,94.51,,,,,,,,0.584,54.21,9.569,0.644,61.265,5.406,,,,,-0.5988672,51.0
GAB,Gabon,1997,8870.126,39.91,23.337,,,54.1,90.909,,,1.334,,54.0,2.522,,94.59,,,,,,,,0.581,54.12,9.569,0.648,61.395,5.592,,,,,-0.7656117,52.0
GAB,Gabon,1998,8949.121,39.841,22.98,,,53.0,,,,1.173,,50.0,2.532,,94.7,,,,,,,,0.579,54.04,9.569,0.654,61.506,5.778,,,,,-0.1593821,53.0
GAB,Gabon,1999,7944.645,39.676,22.601,,,51.9,,,6.658,0.969,,45.0,2.549,,94.81,,,,,,,,0.575,53.96,9.479,0.653,61.658,5.964,,,,,-0.7027861,54.0
GAB,Gabon,2000,7596.1,39.542,22.209,,,50.8,,,,0.791,,45.0,2.585,,94.92,,,,,,,,0.557,53.88,10.9,0.652,61.81,6.15,,,,,-0.7306796,55.0
GAB,Gabon,2001,7556.77,39.512,21.805,,10.6,49.5,,,7.457,0.7,,45.0,2.632,89.4,95.05,,,,,,,,0.553,53.8,10.9,0.657,61.982,6.304,,,,,-0.5459567,56.0
GAB,Gabon,2002,7338.756,39.722,21.385,,12.0,48.3,,,,0.654,,45.0,2.678,88.0,95.17,,,,,,,,0.55,53.72,10.952,0.661,62.175,6.458,,,,,-0.6496347,57.0
GAB,Gabon,2003,7301.672,39.83,20.954,,13.1,46.9,,,7.655,0.573,,45.0,2.729,86.9,95.31,,,,,,,,0.545,53.63,10.952,0.664,62.463,6.612,,,,,-0.8136168,58.0
GAB,Gabon,2004,7148.987,39.868,20.525,,13.8,45.6,,,,0.605,,45.0,2.8,86.2,95.44,,,,,,,,0.541,53.55,11.905,0.665,62.694,6.766,,,,,-0.7041403,59.0
GAB,Gabon,2005,7130.225,40.001,20.105,,14.3,44.4,,,,0.738,,45.0,2.904,85.7,95.56,,,,,,,,0.543,53.47,11.905,0.671,62.978,6.92,,,,,-0.7942825,60.0
GAB,Gabon,2006,6724.081,39.695,19.695,,14.5,43.3,,,,0.777,,45.0,3.018,85.5,95.67,,,,,,,,0.537,50.76,13.744,0.67,63.259,7.05,,,,,-0.8123481,61.0
GAB,Gabon,2007,6908.674,39.55,19.303,,14.4,41.8,,,,0.721,,81.0,3.126,85.6,95.82,,,,,,,,0.53,48.05,16.114,0.674,63.619,7.18,,,,,-0.728457,62.0
GAB,Gabon,2008,6468.385,39.282,18.942,,14.3,40.7,,,,0.657,,82.0,3.221,85.7,95.93,,,,,,,,0.526,45.33,16.114,0.675,64.011,7.31,,,,,-0.6953334,63.0
GAB,Gabon,2009,6264.836,39.212,18.632,,14.4,40.0,,,,0.662,,76.0,3.328,85.6,96.0,,,,,,,,0.526,42.62,16.055,0.681,64.361,7.44,,,,,-0.720195,64.0
GAB,Gabon,2010,6481.496,39.071,18.384,,14.0,38.7,,,,0.608,,67.0,3.45,86.0,96.13,,,,,,,,0.523,39.91,16.055,0.684,64.715,7.57,,,34.479,26.569,-0.550285,65.0
GAB,Gabon,2011,6699.234,39.513,18.186,,13.5,37.5,,,,0.626,,75.0,3.547,86.5,96.25,,,,,,,,0.525,37.77,15.766,0.69,65.102,7.852,,,34.479,25.836,-0.4795492,66.0
GAB,Gabon,2012,6803.227,39.86,18.009,,13.0,36.4,,,,0.717,,82.0,3.577,87.0,96.36,,,,,,,,0.519,36.97,16.667,0.699,65.438,8.134,27.729,23.48,34.479,25.228,-0.2969646,67.0
GAB,Gabon,2013,6938.258,40.052,17.84,,13.1,35.2,,,,0.959,,79.0,3.52,86.9,96.48,,,,,,,,0.524,36.91,16.667,0.707,65.751,8.416,27.467,23.48,34.479,24.441,-0.5651613,68.0
GAB,Gabon,2014,6998.605,40.22,17.705,,13.3,34.6,,,,1.1,,70.0,3.358,86.7,96.54,,,,,,,,0.533,36.22,15.766,0.716,66.07,8.698,27.257,23.48,34.479,23.813,-0.3175646,69.0
GAB,Gabon,2015,7047.127,40.41,17.627,,14.1,33.5,,,,0.954,,80.0,3.115,85.9,96.65,,,,,,,,0.53,36.03,15.982,0.72,66.336,8.98,26.996,23.48,34.479,23.03,-0.4718084,70.0
GAB,Gabon,2016,6991.325,40.551,17.619,,15.3,32.3,,,,0.856,,75.0,2.865,84.7,96.77,,,,,,,,0.531,35.33,15.982,0.724,66.583,9.094,26.751,23.48,34.479,22.294,-0.3846501,71.0
GAB,Gabon,2017,6840.06,40.678,17.667,,16.4,31.7,,,,0.73,,75.0,2.659,83.6,96.83,,,,,,,,0.528,34.82,17.352,0.726,66.816,9.208,25.564,23.48,31.417,21.796,-0.4004026,72.0
GAB,Gabon,2018,6724.596,40.789,17.738,,17.5,30.7,,,,0.693,,70.0,2.537,82.5,96.93,,,,,,,,0.531,34.61,17.352,0.727,67.043,9.322,25.371,23.48,31.417,21.216,-0.3107483,73.0
GAB,Gabon,2019,6817.569,40.945,17.801,,18.6,29.7,,,,0.699,399.0,70.0,2.473,81.4,97.03,60.1,,,,,,,0.527,35.66,17.949,0.73,67.337,9.436,24.309,20.636,31.417,20.875,-0.691252,74.0
GAB,Gabon,2020,6534.28,37.692,16.06,127.27,19.7,28.5,,,,0.741,,63.0,2.389,80.3,97.15,,,,,,,,0.531,36.0,16.116,0.732,67.073,9.55,24.118,20.636,31.417,20.302,,
GMB,Gambia; The,1990,658.711,,32.495,,,99.1,49.018,,,7.545,,92.0,4.196,,90.09,,,,,,,,,,,,,,,,,,-0.5327709,45.0
GMB,Gambia; The,1991,651.23,43.52,32.523,,,96.5,,,,7.256,,85.0,4.202,,90.35,,,,,,,,,,,,,,,,,,-0.5993468,46.0
GMB,Gambia; The,1992,646.421,43.475,32.553,,,93.9,47.822,,,6.89,,85.0,4.064,,90.61,,,,,,,,,,,,,,,,,,-0.3548837,47.0
GMB,Gambia; The,1993,641.919,43.475,32.601,,,91.2,51.049,,,6.58,,90.0,3.667,,90.88,,,,,,,,,,,,,,,,,,-0.1957216,48.0
GMB,Gambia; The,1994,622.551,43.421,32.673,,,88.6,,,,6.372,,93.0,3.218,,91.14,,,,,,,,,,,,,,,,,,-0.3302307,49.0
GMB,Gambia; The,1995,609.618,43.386,32.757,,,86.0,,,1.443,6.05,,96.0,2.977,,91.4,,,,,,,,,,,,,,,,,,-0.964401,50.0
GMB,Gambia; The,1996,605.41,43.39,32.824,,,83.3,58.232,,,5.681,,96.0,2.892,,91.67,,,,,,,,,,,,,,,,,,-0.8644854,51.0
GMB,Gambia; The,1997,617.298,43.518,32.868,,,80.7,,,,5.407,,96.0,2.839,,91.93,,,,,,,,,,,,,,,,,,-0.8632446,52.0
GMB,Gambia; The,1998,621.226,43.58,32.888,,,78.1,58.893,,,4.991,,97.0,2.806,,92.19,,,,,,,,,,,,,,,,,,-0.3514608,53.0
GMB,Gambia; The,1999,642.874,43.686,32.889,,,75.6,67.097,,1.005,4.692,,75.0,2.778,,92.44,,,,,,,,,,,,,,,,,,-0.3448587,54.0
GMB,Gambia; The,2000,659.911,43.707,32.87,,,73.2,63.557,,,4.492,,80.0,2.738,,92.68,,,,,,,,,,,,,,,,,,-0.8602644,55.0
GMB,Gambia; The,2001,679.54,43.756,32.835,,16.9,70.8,63.355,,,4.33,,87.0,2.707,83.1,92.92,,,,,,,,,,,,,,,,,,-0.690281,56.0
GMB,Gambia; The,2002,640.039,43.487,32.775,,18.9,68.4,61.157,,,4.147,,87.0,2.685,81.1,93.16,,,,,,,,,,,,,,,,,,-0.9405325,57.0
GMB,Gambia; The,2003,665.834,43.518,32.717,,19.9,66.1,64.046,,,3.977,,87.0,2.693,80.1,93.39,,,,,,,,,,,,,,,,,,-0.844767,58.0
GMB,Gambia; The,2004,693.563,43.543,32.649,,19.1,63.8,64.765,,1.074,3.799,,87.0,2.732,80.9,93.62,,,,,,,,,,,,,,,,,,-0.9040967,59.0
GMB,Gambia; The,2005,658.676,43.475,32.559,,17.6,61.6,62.774,,,3.717,,95.0,2.781,82.4,93.84,,,,,,,,,,,,,,,,,,-1.258193,60.0
GMB,Gambia; The,2006,636.596,43.253,32.466,,15.5,59.4,67.292,,,3.589,,95.0,2.853,84.5,94.06,,,,,,,,,,,,,,,,,,-1.082916,61.0
GMB,Gambia; The,2007,637.209,43.126,32.376,,13.7,57.3,66.683,,,3.5,,95.0,2.902,86.3,94.27,,,,,,,,,,,,,,,,,,-1.184291,62.0
GMB,Gambia; The,2008,657.676,43.287,32.288,,12.0,55.4,64.008,,,3.342,,96.0,2.907,88.0,94.46,,,,,,,,,,,,,,,,,,-1.023549,63.0
GMB,Gambia; The,2009,681.433,43.415,32.198,,10.5,53.5,,,,3.216,,98.0,2.904,89.5,94.65,,,,,,,,,,,,,,,,,,-0.7313155,64.0
GMB,Gambia; The,2010,701.015,43.452,32.113,100.649,9.7,51.7,63.275,,1.798,3.19,,97.0,2.907,90.3,94.83,,,,,,,,,,,,,,,,,,-0.6187366,65.0
GMB,Gambia; The,2011,625.464,43.029,32.021,,9.5,50.0,65.362,,2.797,3.195,,96.0,2.923,90.5,95.0,,,,,,,,,,,,,,,,,,-0.5018451,66.0
GMB,Gambia; The,2012,639.14,42.988,31.964,,10.2,48.4,67.576,,1.181,3.163,,98.0,2.946,89.8,95.16,,,,,,,,,,,,,,,,,,-0.3727117,67.0
GMB,Gambia; The,2013,638.522,43.392,31.911,,11.1,46.8,65.842,,,3.0,,97.0,2.929,88.9,95.32,,,,,,,,,,,,,,,,,,-0.700939,68.0
GMB,Gambia; The,2014,611.879,43.934,31.848,,11.9,45.2,68.701,,,2.691,,96.0,2.845,88.1,95.48,,,,,,,,,,,,,,,,,,-0.8121952,69.0
GMB,Gambia; The,2015,619.536,44.378,31.787,111.618,12.6,43.8,71.901,,,2.452,,97.0,2.734,87.4,95.62,,,,,,,,,,,,,,,,,,-0.8766251,70.0
GMB,Gambia; The,2016,615.193,44.809,31.714,,12.8,42.3,73.647,,,2.209,,95.0,2.628,87.2,95.77,,,,,,,,,,,,,,,,,,-0.7728986,71.0
GMB,Gambia; The,2017,628.777,45.339,31.633,,14.2,41.0,76.099,,,2.046,,92.0,2.526,85.8,95.9,,,,,,,,,,,,,,,,,,-0.6307602,72.0
GMB,Gambia; The,2018,658.128,45.833,31.542,,15.0,39.7,76.816,,,1.899,,93.0,2.423,85.0,96.03,,,,,,,,,,,,,,,,,,-0.475285,73.0
GMB,Gambia; The,2019,682.798,45.613,31.438,,16.8,38.4,,,,1.756,289.0,88.0,2.356,83.2,96.16,71.1,,,,,,,,,,,,,,,,,-0.5548524,74.0
GMB,Gambia; The,2020,670.759,44.891,31.313,120.496,18.0,37.2,,,,1.645,,85.0,2.369,82.0,96.28,,,,,,,,,,,,,,,,,,,
GEO,Georgia,1990,3534.032,,67.537,,,38.2,,,,0.076,,,-0.027,,96.18,,,,,,,,,,,,,,,,,,,
GEO,Georgia,1991,2768.81,74.564,69.239,,,38.0,,,37.088,0.077,,,0.703,,96.2,,,,,,,,,,,,,,,,,,,
GEO,Georgia,1992,1513.85,73.435,71.084,,,37.7,,,,0.074,,58.0,0.775,,96.23,,,,,,,,,,,,,,,,,,,
GEO,Georgia,1993,1062.095,74.475,73.089,,,37.3,,,,0.074,,54.0,0.769,,96.27,,,,,,,,,,,,,,,,,,1.26895,48.0
GEO,Georgia,1994,966.42,73.233,75.275,,,36.7,,,,0.07,,58.0,-1.539,,96.33,,,,,,,,,,,,,,,,,,1.218194,49.0
GEO,Georgia,1995,1029.481,73.115,73.817,,,36.1,91.418,,46.401,0.071,,79.0,-3.758,,96.39,,,,,,,,,,,,,,,,,,1.950297,50.0
GEO,Georgia,1996,1187.123,68.421,70.504,,,35.2,98.292,73.626,43.823,0.059,,80.0,-3.63,,96.48,,,,,,,,,,,,,,,,,,0.8865316,51.0
GEO,Georgia,1997,1354.784,66.978,67.435,,,34.1,99.87,76.913,47.181,0.072,,80.0,-3.208,,96.59,,,,,,,,,,,,,,,,,,0.8007937,52.0
GEO,Georgia,1998,1431.793,64.119,66.159,,,32.7,,,,0.068,,80.0,-2.474,,96.73,,,,,,,,,,,,,,,,,,0.5070697,53.0
GEO,Georgia,1999,1503.463,64.173,65.041,,,31.1,,82.184,38.483,0.062,,84.0,-2.057,,96.89,,,,,,,,,,,,,,,,,,0.8512436,54.0
GEO,Georgia,2000,1561.199,66.004,64.185,,,29.4,,85.291,40.66,0.061,,80.0,-1.945,,97.06,,,,,,,,0.425,55.04,7.234,0.705,70.091,11.806,,,,,0.8908269,55.0
GEO,Georgia,2001,1661.83,65.127,62.781,,6.6,27.4,,,41.771,0.062,,87.0,-1.551,93.4,97.26,,,,,,,,0.396,58.24,7.234,0.712,70.371,11.863,,,,,0.8828723,56.0
GEO,Georgia,2002,1768.597,63.484,61.4,,5.0,25.4,,,44.094,0.063,,84.0,-0.897,95.0,97.46,,100.0,0.3724569082260132,Asia,0.38,-0.713,0.873,0.396,56.03,7.234,0.719,70.438,11.92,,,,,0.8129148,57.0
GEO,Georgia,2003,1977.461,63.24,58.98,,4.3,23.3,,,45.273,0.056,,75.0,-0.675,95.7,97.67,,,,,,,,0.396,57.53,7.234,0.733,71.377,11.978,,,,,0.8462992,58.0
GEO,Georgia,2004,2105.005,61.909,57.659,,4.3,21.2,93.554,,44.499,0.059,,78.0,-0.619,95.7,97.88,,,,,,,,0.392,56.86,9.362,0.737,71.011,12.036,,,,,0.8035956,59.0
GEO,Georgia,2005,2321.601,60.282,55.647,,4.8,19.2,92.756,88.043,49.79,0.074,,82.0,-0.635,95.2,98.08,,,,,,,,0.394,55.88,9.362,0.744,70.689,12.094,,,,,1.017271,60.0
GEO,Georgia,2006,2554.813,59.74,53.754,,5.3,17.3,91.672,88.298,42.332,0.064,,88.0,-0.568,94.7,98.27,,,,,,,,0.392,53.6,9.362,0.75,70.983,12.152,,,,,0.848663,61.0
GEO,Georgia,2007,2891.137,59.11,51.424,,5.9,15.6,94.731,91.364,41.554,0.078,,98.0,-0.522,94.1,98.44,,,,,,,,0.393,55.0,9.362,0.76,70.985,12.21,,,,,0.6930235,62.0
GEO,Georgia,2008,2970.159,55.824,50.933,,6.7,14.1,98.302,91.343,38.641,0.088,,92.0,-0.304,93.3,98.59,,,,,,,,0.43,54.19,6.0,0.757,70.949,12.268,,,,,0.7694717,63.0
GEO,Georgia,2009,2887.256,54.054,51.444,,7.6,12.8,96.567,87.676,28.667,0.1,,88.0,-0.888,92.4,98.72,,,,,,,,0.453,54.65,5.109,0.76,71.058,12.326,,,,,0.9245235,64.0
GEO,Georgia,2010,3090.065,54.021,50.223,188.918,8.0,11.7,,,32.736,0.073,,92.0,-0.729,92.0,98.83,,,,,,,,0.43,55.81,6.522,0.77,71.732,12.384,15.044,2.767,32.631,9.736,0.8898102,65.0
GEO,Georgia,2011,3362.103,53.977,48.767,,8.1,10.8,97.25,,35.921,0.064,,94.0,-0.802,91.9,98.92,,,,,,,,0.42,56.26,6.569,0.78,72.485,12.442,15.578,4.828,32.952,8.956,0.8540402,66.0
GEO,Georgia,2012,3609.781,53.639,47.594,,7.8,10.1,98.519,,33.616,0.061,,92.0,-0.737,92.2,98.99,,,,,,,,0.372,57.41,12.0,0.789,72.672,12.5,13.546,4.731,27.327,8.58,0.8314016,67.0
GEO,Georgia,2013,3806.506,53.577,46.749,,7.4,9.6,99.283,88.754,40.587,0.061,,93.0,-0.301,92.6,99.04,,,,,,,,0.365,56.45,12.0,0.796,73.025,12.56,12.685,3.595,26.199,8.26,0.8175983,68.0
GEO,Georgia,2014,3960.351,54.736,46.136,,6.6,9.2,99.106,90.222,46.329,0.062,,91.0,0.047,93.4,99.08,,100.0,0.3755413293838501,Asia,0.667,0.425,0.096,0.361,57.35,12.0,0.802,73.105,12.62,12.75,3.749,26.542,7.96,0.8810735,69.0
GEO,Georgia,2015,4086.622,55.239,45.662,209.09,6.5,8.9,99.583,91.3,51.905,0.058,,94.0,0.157,93.5,99.11,,,,,,,,0.36,58.96,11.333,0.807,73.241,12.715,12.104,3.206,25.316,7.79,0.8546121,70.0
GEO,Georgia,2016,4225.092,55.059,45.17,,6.6,8.7,97.881,92.414,58.199,0.055,,92.0,0.06,93.4,99.13,,,,,,,,0.321,57.83,16.0,0.809,73.136,12.81,12.102,3.203,25.5,7.604,0.9420812,71.0
GEO,Georgia,2017,4442.507,56.656,44.451,,6.4,8.5,97.915,94.21,63.535,0.051,,91.0,0.013,93.6,99.15,,99.0,0.3793957531452179,Asia,0.674,0.481,0.109,0.303,58.2,16.0,0.816,73.435,12.87,13.333,3.55,28.977,7.473,0.9197677,72.0
GEO,Georgia,2018,4713.654,55.836,40.45,,5.4,8.4,96.436,95.948,66.748,0.045,,93.0,-0.039,94.6,99.16,,99.65366,0.3641136288642883,Asia,0.664,0.518,0.116,0.299,55.58,16.0,0.824,73.985,12.845,11.755,3.51,24.4,7.355,0.9398429,73.0
GEO,Georgia,2019,4975.811,55.65,38.086,,5.3,8.3,,,69.646,0.039,,94.0,-0.172,94.7,99.17,,,,,,,,0.296,54.52,14.765,0.83,74.165,12.82,11.981,3.419,25.35,7.174,0.9502942,74.0
GEO,Georgia,2020,4659.609,55.96,38.891,209.705,5.1,8.2,,,71.806,0.051,,88.0,0.069,94.9,99.18,,,,,,,,0.271,55.0,20.667,0.822,73.509,12.78,10.87,2.887,22.673,7.049,,
DEU,Germany,1990,29763.312,,60.708,,,7.0,,,,0.016,,80.0,0.862,,99.3,,,,,,,,0.178,45.36,25.506,0.834,75.341,10.364,,,,,,
DEU,Germany,1991,31056.594,56.43,60.491,,,6.6,,,,0.014,,80.0,0.729,,99.34,,,,,,,,0.166,48.14,25.506,0.841,75.56,10.574,,,,,1.722051,46.0
DEU,Germany,1992,31441.974,55.34,58.332,,,6.2,,,,0.012,,85.0,0.76,,99.38,,,,,,,,0.156,47.87,25.506,0.849,76.004,10.784,,,,,1.590115,47.0
DEU,Germany,1993,30932.019,54.055,56.254,,,5.8,,,,0.012,,62.0,0.657,,99.42,,,,,,,,0.147,47.6,25.506,0.859,76.08,10.995,,,,,1.677687,48.0
DEU,Germany,1994,31625.394,53.562,54.927,,,5.5,,,,0.01,,73.0,0.347,,99.45,,,,,,,,0.139,47.78,25.506,0.865,76.38,11.205,,,,,1.610364,49.0
DEU,Germany,1995,32007.145,53.501,52.491,,,5.3,,,,0.01,,78.0,0.294,,99.47,,,,,,,,0.134,47.68,25.506,0.87,76.552,11.415,,,,,1.280352,50.0
DEU,Germany,1996,32245.861,52.893,50.436,,,5.0,,,,0.01,,84.0,0.289,,99.5,,,,,,,,0.134,47.84,25.506,0.875,76.783,11.616,,,,,1.402822,51.0
DEU,Germany,1997,32795.783,52.49,49.699,,,4.8,,,,0.01,,87.0,0.146,,99.52,,,,,,,,0.133,48.18,25.506,0.881,77.218,11.817,,,,,1.518368,52.0
DEU,Germany,1998,33477.986,52.48,50.042,,,4.7,,,,0.009,,89.0,0.015,,99.53,,,,,,,,0.133,48.41,25.506,0.887,77.576,12.018,,,,,1.299248,53.0
DEU,Germany,1999,34168.831,53.171,50.826,,,4.5,86.868,,,0.009,,97.0,0.065,,99.55,,,,,,,,0.125,48.96,29.81,0.892,77.798,12.219,,,,,1.423139,54.0
DEU,Germany,2000,35104.131,53.398,50.437,,,4.4,86.465,,,0.008,,90.0,0.135,,99.56,,,,,,,,0.125,48.86,30.352,0.897,78.056,12.42,,,,,1.267948,55.0
DEU,Germany,2001,35618.514,53.398,50.402,,2.5,4.3,82.936,,,0.007,,93.0,0.168,97.5,99.57,,,,,,,,0.122,49.29,30.476,0.904,78.402,12.765,,,,,1.231821,56.0
DEU,Germany,2002,35477.515,52.888,50.039,,2.5,4.2,84.711,89.582,,0.007,,93.0,0.168,97.5,99.58,,,,,,,,0.117,49.36,31.399,0.909,78.475,13.11,,,,,1.202267,57.0
DEU,Germany,2003,35270.023,52.19,49.485,,2.5,4.1,84.998,89.628,,0.007,,97.0,0.055,97.5,99.59,,,,,,,,0.111,49.74,31.399,0.914,78.536,13.455,,,,,1.274283,58.0
DEU,Germany,2004,35687.638,51.294,47.464,,2.5,4.0,86.235,89.769,,0.006,,96.0,-0.022,97.5,99.6,,,,,,,,0.106,49.43,32.819,0.923,79.119,13.8,,,,,1.04862,59.0
DEU,Germany,2005,36024.095,51.803,49.678,,2.5,3.9,87.005,90.093,,0.006,,96.0,-0.057,97.5,99.61,,,,,,,,0.107,51.07,30.454,0.923,79.254,13.7,,,,,1.007616,60.0
DEU,Germany,2006,37459.261,52.934,50.764,,2.5,3.8,88.309,89.719,,0.006,,96.0,-0.113,97.5,99.62,,,,,,,,0.104,52.2,30.6,0.927,79.586,13.6,,,,,1.000464,61.0
DEU,Germany,2007,38593.075,53.907,51.388,,2.5,3.7,88.729,89.123,,0.006,,96.0,-0.134,97.5,99.63,,,,,,,,0.103,52.67,30.645,0.931,79.731,13.68,,,,,0.9284171,62.0
DEU,Germany,2008,39009.848,54.651,52.257,,2.5,3.6,88.311,89.52,,0.006,,96.0,-0.19,97.5,99.64,,,,,,,,0.102,52.57,31.131,0.933,79.816,13.76,,,,,0.8916102,63.0
DEU,Germany,2009,36940.408,54.545,51.922,,2.5,3.5,88.027,88.173,,0.006,,96.0,-0.253,97.5,99.65,,,,,,,,0.096,53.35,31.693,0.933,79.915,13.83,,,,,1.112264,64.0
DEU,Germany,2010,38526.737,55.134,51.503,244.008,2.5,3.5,88.843,88.122,,0.006,,96.0,-0.153,97.5,99.65,,,,,,,,0.096,52.73,31.693,0.936,80.081,13.85,6.876,2.528,14.379,3.722,1.028099,65.0
DEU,Germany,2011,40722.485,56.282,51.703,,2.5,3.4,88.517,88.475,,0.006,,95.0,-1.854,97.5,99.66,,,,,,,,0.087,54.31,32.366,0.942,80.355,13.93,6.851,2.543,14.239,3.77,0.9821807,66.0
DEU,Germany,2012,40834.509,56.737,50.538,,2.5,3.4,88.294,88.032,,0.006,,95.0,0.188,97.5,99.66,,,,,,,,0.085,54.06,32.366,0.944,80.502,13.98,6.873,2.582,14.484,3.553,0.9785263,67.0
DEU,Germany,2013,40884.893,57.074,51.009,,2.5,3.3,87.937,87.324,60.898,0.005,,93.0,0.273,97.5,99.67,,,,,,,,0.077,54.6,35.571,0.945,80.454,14.01,7.075,2.758,14.911,3.554,1.170872,68.0
DEU,Germany,2014,41602.466,57.371,50.071,,2.5,3.3,87.897,86.633,65.184,0.005,,93.0,0.417,97.5,99.67,,,,,,,,0.077,54.83,35.571,0.949,80.906,14.04,7.197,2.864,15.237,3.491,1.261874,69.0
DEU,Germany,2015,41929.755,57.442,48.942,250.486,2.5,3.3,89.231,86.123,68.233,0.006,,93.0,0.866,97.5,99.67,,,,,,,,0.076,54.72,36.857,0.948,80.566,14.08,7.104,2.833,14.948,3.53,1.199564,70.0
DEU,Germany,2016,42516.934,57.932,49.193,,2.5,3.3,90.417,85.469,67.946,0.006,,91.0,0.807,97.5,99.67,,,,,,,,0.083,55.62,36.857,0.949,80.837,14.13,7.35,2.997,15.399,3.655,1.254228,71.0
DEU,Germany,2017,43543.481,58.366,49.998,,2.5,3.2,90.143,85.299,68.469,0.006,,91.0,0.374,97.5,99.68,,,,,,,,0.085,55.93,31.491,0.951,80.937,14.105,7.231,2.712,15.532,3.448,1.226039,72.0
DEU,Germany,2018,43905.855,58.8,50.283,,2.5,3.2,,,69.163,0.006,,91.0,0.301,97.5,99.68,,,,,,,,0.08,55.85,31.491,0.952,80.875,14.08,7.517,2.59,16.515,3.445,1.235452,73.0
DEU,Germany,2019,44235.266,59.368,51.375,,2.5,3.1,,,72.705,0.005,,91.0,0.226,97.5,99.69,,,,,,,,0.076,56.67,31.62,0.957,81.189,14.17,7.303,2.663,15.821,3.426,1.238237,74.0
DEU,Germany,2020,42372.873,58.131,50.901,252.96,2.5,3.1,,,72.389,0.006,,91.0,0.082,97.5,99.69,,,,,,,,0.071,55.42,31.62,0.955,81.004,14.26,7.583,3.655,15.778,3.317,,
GHA,Ghana,1990,855.853,,52.576,,,72.6,,,,4.11,,58.0,2.552,,92.74,,,,,,,,0.65,76.54,9.0,0.432,55.395,4.183,,,,,-0.8636872,45.0
GHA,Ghana,1991,878.636,70.506,52.45,,,70.8,,,0.911,3.928,,60.0,2.52,,92.92,,,,,,,,0.647,76.54,9.0,0.438,55.722,4.311,,,,,-1.002502,46.0
GHA,Ghana,1992,890.313,69.561,52.211,,,69.5,,,1.052,3.725,,62.0,2.486,,93.05,,,,,,,,0.638,77.8,9.0,0.444,56.055,4.439,,,,,-0.8871697,47.0
GHA,Ghana,1993,910.723,69.113,51.973,,,68.7,,,1.254,3.536,,66.0,2.47,,93.13,,,,,,,,0.636,77.95,9.0,0.45,56.286,4.567,,,,,-0.4845612,48.0
GHA,Ghana,1994,918.429,68.566,51.734,,,68.2,,,1.284,3.301,,70.0,2.404,,93.18,,,,,,,,0.632,78.1,9.0,0.453,56.234,4.694,,,,,-0.8260687,49.0
GHA,Ghana,1995,933.895,68.082,51.494,,,67.8,,,,3.027,,70.0,2.36,,93.22,,,,,,,,0.629,78.25,9.0,0.459,56.662,4.822,,,,,-0.8821442,50.0
GHA,Ghana,1996,954.325,67.581,51.255,,,67.4,,,,2.761,,71.0,2.336,,93.26,,,,,,,,0.62,78.4,9.0,0.465,56.957,4.902,,,,,-1.162174,51.0
GHA,Ghana,1997,970.996,67.124,51.016,,,66.5,,,,2.556,,71.0,2.379,,93.35,,,,,,,,0.617,78.55,9.0,0.469,57.241,4.982,,,,,-1.012171,52.0
GHA,Ghana,1998,992.206,66.658,50.777,,,65.3,,,,2.385,,76.0,2.432,,93.47,,,,,,,,0.612,78.7,9.0,0.475,57.525,5.062,,,,,-0.8495202,53.0
GHA,Ghana,1999,1010.882,65.222,50.538,,,63.7,59.065,31.737,,2.232,,79.0,2.441,,93.63,,,,,,,,0.606,78.7,9.0,0.48,57.835,5.142,,,,,-0.7177608,54.0
GHA,Ghana,2000,1022.275,64.906,50.299,,,61.8,62.48,32.15,,2.161,,88.0,2.512,,93.82,,58.0,,,0.671,0.034,0.594,0.606,72.64,9.0,0.487,58.139,5.223,,,,,-0.7242826,55.0
GHA,Ghana,2001,1035.227,65.459,50.06,,14.8,59.8,57.346,30.425,,2.073,,79.0,2.663,85.2,94.02,,,,,,,,0.601,71.71,9.0,0.486,58.403,5.27,,,,,-0.6716782,56.0
GHA,Ghana,2002,1052.466,66.055,49.821,,13.4,58.0,59.897,31.888,,1.923,,78.0,2.75,86.6,94.2,,,,,,,,0.595,70.79,9.0,0.493,58.709,5.318,,,,,-0.6808537,57.0
GHA,Ghana,2003,1077.7,66.707,49.582,,12.6,56.3,59.574,32.858,,1.78,,80.0,2.7,87.4,94.37,,,,,,,,0.59,69.86,9.0,0.495,59.014,5.366,,,,,-0.5885289,58.0
GHA,Ghana,2004,1108.305,67.349,49.343,,12.0,54.8,,,,1.716,,80.0,2.649,88.0,94.52,,,,,,,,0.578,68.94,10.87,0.503,59.316,5.413,,,,,-0.5641384,59.0
GHA,Ghana,2005,1143.312,67.969,49.104,,11.1,53.4,63.706,36.655,5.351,1.658,,84.0,2.623,88.9,94.66,,,,,,,,0.572,68.01,10.87,0.515,59.638,5.461,,,,,-0.508101,60.0
GHA,Ghana,2006,1185.266,68.571,48.865,,10.4,52.1,62.812,38.07,4.773,1.606,,84.0,2.6,89.6,94.79,,,,,,,,0.568,67.09,10.87,0.524,59.975,5.521,,,,,-0.4148495,61.0
GHA,Ghana,2007,1205.317,68.361,48.626,,9.2,50.7,68.151,43.336,5.924,1.539,,94.0,2.577,90.8,94.93,,,,,,,,0.566,67.68,10.87,0.534,60.282,5.58,,,,,-0.3504938,62.0
GHA,Ghana,2008,1282.634,68.271,48.387,,8.1,49.2,73.323,44.016,7.914,1.526,,93.0,2.538,91.9,95.08,,,,,,,,0.58,68.27,7.895,0.546,60.578,5.64,,,,,-0.403166,63.0
GHA,Ghana,2009,1311.631,68.053,48.148,,6.9,47.5,72.361,42.539,8.298,1.468,,94.0,2.495,93.1,95.25,,,,,,,,0.573,68.86,8.261,0.551,60.928,5.7,,,,,-0.4182934,64.0
GHA,Ghana,2010,1381.228,67.977,47.91,131.588,6.9,45.7,,,,1.448,,94.0,2.433,93.1,95.43,,71.0,,,0.766,-0.103,0.63,0.571,69.45,8.261,0.558,61.297,5.759,39.738,40.9,48.275,30.038,-0.5301982,65.0
GHA,Ghana,2011,1537.818,68.756,47.672,,7.3,43.9,80.589,,11.282,1.422,,91.0,2.405,92.7,95.61,,,,,,,,0.57,70.87,8.261,0.568,61.617,5.79,38.142,36.742,48.275,29.409,-0.5470448,66.0
GHA,Ghana,2012,1640.541,69.474,47.434,,7.7,42.1,79.389,,11.494,1.395,,92.0,2.42,92.3,95.79,,,,,,,,0.57,72.29,8.261,0.575,61.995,5.821,37.858,36.742,48.275,28.558,-0.5540443,67.0
GHA,Ghana,2013,1718.597,70.094,47.196,,8.0,40.5,84.93,52.663,13.421,1.336,,90.0,2.409,92.0,95.95,,,,,,,,0.558,73.71,10.909,0.582,62.397,5.851,37.114,36.742,46.681,27.918,-0.674232,68.0
GHA,Ghana,2014,1726.369,67.363,45.302,,8.7,39.1,86.992,52.14,15.081,1.226,,98.0,2.365,91.3,96.09,,,,,,,,0.553,69.61,10.909,0.58,62.832,5.882,36.242,34.925,46.681,27.119,-0.4070019,69.0
GHA,Ghana,2015,1722.773,64.54,43.423,147.475,9.4,37.7,89.29,55.583,15.562,1.185,,89.0,2.307,90.6,96.23,,,,,,,,0.553,65.52,10.909,0.588,63.175,5.913,35.985,34.925,46.681,26.349,-0.3274841,70.0
GHA,Ghana,2016,1740.811,64.488,41.525,,9.5,36.4,86.38,55.439,15.606,1.096,,93.0,2.276,90.5,96.36,,,,,,,,0.543,67.5,10.909,0.59,63.522,6.017,35.81,34.925,46.681,25.824,-0.4391684,71.0
GHA,Ghana,2017,1841.446,64.603,39.653,,8.8,35.1,85.182,55.441,16.207,1.018,,99.0,2.195,91.2,96.49,,64.49239,,,0.743,-0.187,0.621,0.534,69.49,12.727,0.594,63.829,6.121,37.07,35.102,50.95,25.158,-0.4063028,72.0
GHA,Ghana,2018,1915.453,63.191,37.833,,7.5,33.9,84.48,58.261,15.905,0.959,,97.0,2.075,92.5,96.61,,,,,,,,0.534,65.21,12.727,0.6,64.138,6.318,36.917,35.102,50.95,24.7,-0.163683,73.0
GHA,Ghana,2019,1999.554,61.758,36.036,,6.6,32.6,86.158,57.244,17.361,0.888,,97.0,2.008,93.4,96.74,,,,,,,,0.525,60.93,13.091,0.609,64.455,6.515,36.714,35.102,50.95,24.091,-0.1083564,74.0
GHA,Ghana,2020,1970.194,59.656,33.981,156.242,5.7,31.4,,,18.614,0.849,,94.0,1.992,94.3,96.86,,,,,,,,0.529,56.66,13.091,0.614,64.309,6.713,36.503,35.102,50.95,23.458,,
GRC,Greece,1990,15438.794,,39.737,,,9.2,90.896,80.791,,0.009,,54.0,1.058,,99.08,,,,,,,,0.298,35.26,6.333,0.77,77.299,7.813,,,,,0.9996118,45.0
GRC,Greece,1991,15727.474,45.283,38.791,,,8.7,90.63,81.255,,0.008,,85.0,1.2,,99.13,,93.0,,,0.882,,0.269,0.296,32.96,6.333,0.78,77.386,7.94,,,,,0.9208293,46.0
GRC,Greece,1992,15717.046,45.19,38.197,,,8.3,88.941,81.416,,0.008,,89.0,0.764,,99.17,,,,,,,,0.285,34.73,6.333,0.782,77.306,8.069,,,,,0.913967,47.0
GRC,Greece,1993,15374.863,44.512,37.812,,,8.0,87.305,,,0.007,,89.0,0.588,,99.2,,,,,,,,0.276,35.09,6.333,0.784,77.691,8.199,,,,,0.9689329,48.0
GRC,Greece,1994,15604.034,45.161,37.304,,,7.7,86.986,79.84,,0.007,,90.0,0.501,,99.23,,,,,,,,0.27,35.38,6.333,0.79,77.858,8.328,,,,,1.229612,49.0
GRC,Greece,1995,15857.416,45.251,37.051,,,7.4,88.645,80.904,,0.006,,90.0,0.467,,99.26,,,,,,,,0.261,35.97,6.333,0.792,77.893,8.457,,,,,1.569233,50.0
GRC,Greece,1996,16005.951,45.605,37.202,,,7.1,88.45,81.129,,0.006,,90.0,0.441,,99.29,,,,,,,,0.253,37.14,6.333,0.796,78.036,8.586,,,,,1.473909,51.0
GRC,Greece,1997,16501.032,45.348,35.75,,,6.7,89.637,80.768,,0.005,,90.0,0.493,,99.33,,,,,,,,0.25,36.6,6.333,0.803,78.399,8.716,,,,,1.377702,52.0
GRC,Greece,1998,16973.829,45.425,40.412,,,6.3,93.399,80.391,,0.005,,89.0,0.554,,99.37,,,,,,,,0.243,39.86,6.333,0.813,78.303,8.845,,,,,1.179999,53.0
GRC,Greece,1999,17358.435,45.319,39.837,,,5.9,94.602,79.886,,0.005,,88.0,0.383,,99.41,,,,,,,,0.239,39.88,6.333,0.816,78.423,8.974,,,,,1.114209,54.0
GRC,Greece,2000,18002.906,45.605,38.813,,,5.5,95.383,79.817,52.673,0.004,,89.0,0.409,,99.45,,,,,,,,0.208,39.84,8.667,0.828,78.442,9.104,,,,,1.113178,55.0
GRC,Greece,2001,18742.424,45.261,36.286,,2.5,5.1,94.307,81.984,59.925,0.004,,91.0,0.52,97.5,99.49,,96.0,,,0.889,,0.253,0.218,39.03,8.667,0.837,78.909,9.233,,,,,1.13076,56.0
GRC,Greece,2002,19548.368,45.736,36.015,,2.5,4.8,95.153,84.874,66.891,0.004,,92.0,0.367,97.5,99.52,,,,,,,,0.216,39.42,8.667,0.836,79.031,9.362,,,,,1.038183,57.0
GRC,Greece,2003,20632.256,46.346,34.195,,2.5,4.4,95.748,84.429,72.912,0.004,,94.0,0.239,97.5,99.56,,,,,,,,0.214,40.02,8.667,0.842,79.085,9.491,,,,,1.041616,58.0
GRC,Greece,2004,21688.105,46.502,36.325,,2.5,4.1,96.728,86.173,80.415,0.004,,95.0,0.247,97.5,99.59,,,,,,,,0.176,41.22,14.0,0.851,79.35,9.621,,,,,0.9050181,59.0
GRC,Greece,2005,21880.527,46.906,33.54,,2.5,3.9,95.799,89.971,90.347,0.004,,96.0,0.293,97.5,99.61,,,,,,,,0.178,41.45,13.0,0.863,79.65,9.75,,,,,0.9609427,60.0
GRC,Greece,2006,23220.532,47.758,31.981,,2.5,3.7,95.503,90.065,95.078,0.004,,98.0,0.3,97.5,99.63,,,,,,,,0.176,41.82,13.0,0.871,79.76,10.1,,,,,1.008758,61.0
GRC,Greece,2007,23973.694,47.909,30.889,,2.5,3.5,95.318,87.766,90.54,0.004,,99.0,0.255,97.5,99.65,,,,,,,,0.171,41.72,14.667,0.866,79.662,10.06,,,,,1.02158,62.0
GRC,Greece,2008,23923.88,48.318,29.954,,2.5,3.4,,,,0.004,,99.0,0.265,97.5,99.66,,,,,,,,0.176,41.8,14.667,0.871,80.105,10.1,,,,,0.9587756,63.0
GRC,Greece,2009,22878.135,47.7,30.594,,2.5,3.3,,,,0.004,,99.0,0.263,97.5,99.67,,94.0,0.3361497223377228,Europe,0.901,0.615,0.252,0.161,42.86,17.333,0.874,80.368,10.155,,,,,0.9325838,64.0
GRC,Greece,2010,21547.724,46.167,30.027,211.256,2.5,3.3,96.81,95.215,101.694,0.005,,99.0,0.129,97.5,99.67,,,,,,,,0.156,43.49,17.333,0.876,80.573,10.21,12.371,15.427,18.008,3.676,-0.3380835,65.0
GRC,Greece,2011,19448.256,42.781,29.206,,2.5,3.4,96.953,,105.813,0.005,,99.0,-0.148,97.5,99.66,,,,,,,,0.142,43.29,18.667,0.874,80.625,10.308,12.407,14.488,19.072,3.663,0.8498934,66.0
GRC,Greece,2012,17924.662,39.059,29.367,,2.5,3.4,97.731,,110.123,0.005,,99.0,-0.541,97.5,99.66,,,,,,,,0.127,43.56,21.0,0.874,80.422,10.405,12.253,14.044,19.072,3.644,0.8888579,67.0
GRC,Greece,2013,17644.877,37.288,28.595,,2.5,3.5,97.49,93.393,112.706,0.004,,99.0,-0.725,97.5,99.65,,,,,,,,0.123,43.36,21.0,0.879,81.067,10.503,12.259,14.1,19.072,3.605,0.9314683,68.0
GRC,Greece,2014,17903.525,37.547,27.98,,2.5,3.6,96.533,91.309,119.104,0.005,,99.0,-0.666,97.5,99.64,,,,,,,,0.121,43.76,21.0,0.886,81.12,10.6,12.778,14.443,20.285,3.607,0.8785418,69.0
GRC,Greece,2015,17980.73,38.41,25.83,205.269,2.5,3.6,97.325,92.495,,0.005,,99.0,-0.659,97.5,99.64,,,,,,,,0.125,44.33,19.667,0.888,80.789,10.74,12.442,13.424,20.285,3.616,0.8285916,70.0
GRC,Greece,2016,18049.929,39.121,24.57,,2.5,3.6,97.942,92.485,131.403,0.006,,99.0,-0.416,97.5,99.64,,,,,,,,0.129,44.44,19.667,0.884,81.269,10.25,12.37,13.267,20.285,3.559,0.7706824,71.0
GRC,Greece,2017,18352.088,40.096,24.928,,2.5,3.6,98.22,93.346,135.334,0.006,,99.0,-0.198,97.5,99.64,,,,,,,,0.132,44.21,18.333,0.887,80.961,10.54,11.912,12.77,19.394,3.57,0.9347091,72.0
GRC,Greece,2018,18769.039,41.057,23.197,,2.5,3.6,,,140.95,0.006,,99.0,-0.203,97.5,99.64,,,,,,,,0.13,43.78,18.667,0.893,81.495,10.83,10.901,11.068,18.131,3.505,0.9154388,73.0
GRC,Greece,2019,19216.676,42.187,22.305,,2.5,3.5,,,143.963,0.006,,99.0,-0.105,97.5,99.65,,,,,,,,0.122,43.85,20.667,0.896,81.349,11.12,10.504,11.586,16.452,3.474,1.069433,74.0
GRC,Greece,2020,17486.951,42.097,21.015,215.064,2.5,3.4,,,143.693,0.008,,99.0,-0.215,97.5,99.66,,,,,,,,0.118,43.35,21.667,0.896,81.536,11.41,10.758,11.551,17.198,3.526,,
GRL,Greenland,1990,26805.55,,,,,,,,,,,,0.541,,,,,,,,,,,,,,,,,,,,,
GRL,Greenland,1991,26823.378,,,,,,,,,,,,-0.18,,,,,,,,,,,,,,,,,,,,,
GRL,Greenland,1992,25544.299,,,,,,,,,,,,-0.361,,,,,,,,,,,,,,,,,,,,,
GRL,Greenland,1993,24303.898,,,,,,,,,,,,-0.181,,,,,,,,,,,,,,,,,,,,,
GRL,Greenland,1994,25604.596,,,,,,,,,,,,0.542,,,,,,,,,,,,,,,,,,,,,
GRL,Greenland,1995,26416.517,,,,,,,,,,,,0.539,,,,,,,,,,,,,,,,,,,,,
GRL,Greenland,1996,26772.614,,,,,,,,,,,,0.179,,,,,,,,,,,,,,,,,,,,,
GRL,Greenland,1997,27117.373,,,,,,,,,,,,0.179,,,,,,,,,,,,,,,,,,,,,
GRL,Greenland,1998,29169.047,,,,,,,,,,,,0.178,,,,,,,,,,,,,,,,,,,,,
GRL,Greenland,1999,29570.962,,,,,,,,,,,,0.0,,,,,,,,,,,,,,,,,,,,,
GRL,Greenland,2000,31623.059,,,,,,,,,,,,0.151,,,,,,,,,,,,,,,,,,,,,
GRL,Greenland,2001,31914.171,,,,,,,,,,,,0.345,,,,,,,,,,,,,,,,,,,,,
GRL,Greenland,2002,31483.607,,,,,,,,,,,,0.382,,,,,,,,,,,,,,,,,,,,,
GRL,Greenland,2003,32787.968,,,,,,,,,,,,0.275,,,,,,,,,,,,,,,,,,,,,
GRL,Greenland,2004,34961.936,,,,,,,,,,,,0.259,,,,,,,,,,,,,,,,,,,,,
GRL,Greenland,2005,36681.806,,,,,,,,,,,,0.065,,,,,,,,,,,,,,,,,,,,,
GRL,Greenland,2006,38828.852,,,,,,,,,,,,-0.281,,,,,,,,,,,,,,,,,,,,,
GRL,Greenland,2007,39896.875,,,,,,,,,,,,-0.388,,,,,,,,,,,,,,,,,,,,,
GRL,Greenland,2008,42527.667,,,,,,,,,,,,-0.402,,,,,,,,,,,,,,,,,,,,,
GRL,Greenland,2009,42899.744,,,,,,,,,,,,-0.009,,,,,,,,,,,,,,,,,,,,,
GRL,Greenland,2010,43481.516,,,,,,,,,,,,0.374,,,,,,,,,,,,,,,,,,,,,
GRL,Greenland,2011,42994.879,,,,,,,,,,,,0.628,,,,,,,,,,,,,,,,,,,,,
GRL,Greenland,2012,43655.7,,,,,,,,,,,,-0.141,,,,,,,,,,,,,,,,,,,,,
GRL,Greenland,2013,43338.384,,,,,,,,,,,,-0.577,,,,,,,,,,,,,,,,,,,,,
GRL,Greenland,2014,45545.143,,,,,,,,,,,,-0.333,,,,,,,,,,,,,,,,,,,,,
GRL,Greenland,2015,44536.355,,,,,,,,,,,,-0.322,,,,,,,,,,,,,,,,,,,,,
GRL,Greenland,2016,46561.783,,,,,,,,,,,,0.128,,,,,,,,,,,,,,,,,,,,,
GRL,Greenland,2017,46597.945,,,,,,,,,,,,-0.025,,,,,,,,,,,,,,,,,,,,,
GRL,Greenland,2018,47012.986,,,,,,,,,,,,-0.266,,,,,,,,,,,,,,,,,,,,,
GRL,Greenland,2019,48170.79,,,,,,,,,,,,0.36,,,,,,,,,,,,,,,,,,,,,
GRL,Greenland,2020,48169.941,,,,,,,,,,,,0.252,,,,,,,,,,,,,,,,,,,,,
GRD,Grenada,1990,5102.692,,,,,18.4,,,,0.213,,80.0,0.84,,98.16,,,,,,,,,,,,,,,,,,-0.01986157,45.0
GRD,Grenada,1991,5130.483,,,,,17.7,,,,0.206,,85.0,0.833,,98.23,,,,,,,,,,,,,,,,,,-0.2857342,46.0
GRD,Grenada,1992,5046.311,,,,,17.0,,,,0.185,,90.0,0.799,,98.3,,,,,,,,,,,,,,,,,,-0.4051645,47.0
GRD,Grenada,1993,4909.771,,,,,16.3,,,,0.163,,89.0,0.765,,98.37,,,,,,,,,,,,,,,,,,-0.2576762,48.0
GRD,Grenada,1994,4956.322,,,,,15.7,,,,0.166,,91.0,0.736,,98.43,,,,,,,,,,,,,,,,,,-0.2070367,49.0
GRD,Grenada,1995,5026.242,,,,,15.1,,,,0.162,,95.0,0.706,,98.49,,,,,,,,,,,,,,,,,,0.2944152,50.0
GRD,Grenada,1996,5213.431,,,,,14.6,,,,0.153,,80.0,0.686,,98.54,,,,,,,,,,,,,,,,,,0.02382234,51.0
GRD,Grenada,1997,5438.045,,,,,14.2,,,,0.143,,95.0,0.676,,98.58,,,,,,,,,,,,,,,,,,-0.3307353,52.0
GRD,Grenada,1998,6036.159,,,,,13.9,,,,0.125,,97.0,0.678,,98.61,,,,,,,,,,,,,,,,,,-0.2139398,53.0
GRD,Grenada,1999,6409.146,,,,,13.6,98.083,,,0.113,,88.0,0.675,,98.64,,,,,,,,,,,,,,,,,,-0.3227202,54.0
GRD,Grenada,2000,6677.127,,,,,13.3,,,,0.108,0.0,97.0,0.676,,98.67,100.0,,,,,,,,,,,,,,,,,-0.377391,55.0
GRD,Grenada,2001,6509.517,,,,,13.1,,,,0.104,0.0,96.0,0.498,,98.69,100.0,,,,,,,,,,,,,,,,,-0.316814,56.0
GRD,Grenada,2002,6707.369,,,,,13.0,97.285,88.545,,0.095,0.0,98.0,0.385,,98.7,100.0,,,,,,,,,,,,,,,,,-0.4661029,57.0
GRD,Grenada,2003,7309.785,,,,,12.9,,82.076,,0.093,,97.0,0.442,,98.71,,,,,,,,,,,,,,,,,,-0.6048109,58.0
GRD,Grenada,2004,7233.295,,,,,12.9,96.29,89.136,,0.104,,83.0,0.402,,98.71,,,,,,,,,,,,,,,,,,0.2220201,59.0
GRD,Grenada,2005,8162.912,,,,,13.0,93.189,86.428,,0.086,,99.0,0.375,,98.7,,,,,,,,,,,,,,,,,,0.03094682,60.0
GRD,Grenada,2006,7808.244,,,,,13.0,,,,0.081,,91.0,0.365,,98.7,,,,,,,,,,,,,,,,,,-0.6386703,61.0
GRD,Grenada,2007,8257.362,,,,,13.2,95.278,,,0.082,0.0,96.0,0.351,,98.68,100.0,,,,,,,,,,,,,,,,,-0.2502077,62.0
GRD,Grenada,2008,8307.492,,,,,13.3,93.643,,,0.084,,99.0,0.338,,98.67,,,,,,,,,,,,,,,,,,-0.4364603,63.0
GRD,Grenada,2009,7733.13,,,,,13.6,,,56.855,0.082,0.0,99.0,0.322,,98.64,100.0,,,,,,,,,,,,,,,,,-0.5148134,64.0
GRD,Grenada,2010,7670.712,,,,,13.9,,,,0.085,0.0,97.0,0.298,,98.61,100.0,,,,,,,,,,,,,,,,,0.754357,65.0
GRD,Grenada,2011,7695.376,,,,,14.2,,,,0.085,0.0,95.0,0.441,,98.58,100.0,,,,,,,,,,,,,,,,,-0.40578,66.0
GRD,Grenada,2012,7559.563,,,,,14.6,,,,0.084,60.3,97.0,0.619,,98.54,93.97,,,,,,,,,,,,,,,,,-0.548209,67.0
GRD,Grenada,2013,7688.753,,,,,15.0,,88.379,,0.083,54.4,97.0,0.629,,98.5,94.56,,,,,,,,,,,,,,,,,-0.2395093,68.0
GRD,Grenada,2014,8206.629,,,,,15.4,,91.559,,0.079,57.1,97.0,0.567,,98.46,94.29,,,,,,,,,,,,,,,,,-0.5227194,69.0
GRD,Grenada,2015,8694.124,,,,,15.8,,95.534,96.793,0.078,0.0,92.0,0.476,,98.42,100.0,,,,,,,,,,,,,,,,,-0.5161371,70.0
GRD,Grenada,2016,8983.684,,,,,16.1,,,96.795,0.07,192.0,96.0,0.395,,98.39,80.8,,,,,,,,,,,,,,,,,-0.445178,71.0
GRD,Grenada,2017,9357.407,,,,,16.4,,87.73,98.699,0.064,72.0,96.0,0.267,,98.36,92.8,,,,,,,,,,,,,,,,,-0.5986,72.0
GRD,Grenada,2018,9744.169,,,,,16.6,95.866,,99.989,0.07,131.5,95.0,0.219,,98.34,86.85,,,,,,,0.213,55.22,39.286,0.788,74.957,9.364,,8.391,,10.006,-0.4198474,73.0
GRD,Grenada,2019,9785.56,,,,,16.8,,,,0.074,63.6,94.0,0.25,,98.32,93.64,,,,,,,0.212,57.64,39.286,0.789,74.971,9.391,,6.951,,10.045,-0.5523812,74.0
GRD,Grenada,2020,8413.283,,,186.135,,17.0,,,,0.076,64.97,72.0,0.31,,98.3,93.503,,,,,,,0.218,46.58,39.286,0.782,75.019,9.419,,7.036,,10.069,,
GUM,Guam,2002,29576.222,55.293,43.631,,,,,,,,,,0.609,,,,,,,,,,,,,,,,,,,,,
GUM,Guam,2003,29685.953,56.036,45.36,,,,,,,,,,0.505,,,,,,,,,,,,,,,,,,,,,
GUM,Guam,2004,31483.814,56.949,47.097,,,,,,,,,,0.412,,,,,,,,,,,,,,,,,,,,,
GUM,Guam,2005,32520.373,56.823,51.484,,,,,,,,,,0.338,,,,,,,,,,,,,,,,,,,,,
GUM,Guam,2006,31242.463,58.06,51.74,,,,,,,,,,0.288,,,,,,,,,,,,,,,,,,,,,
GUM,Guam,2007,31385.048,53.003,44.645,,,,,,,,,,0.259,,,,,,,,,,,,,,,,,,,,,
GUM,Guam,2008,31941.271,54.451,44.571,,,,,,,,,,0.257,,,,,,,,,,,,,,,,,,,,,
GUM,Guam,2009,31988.723,55.962,44.398,,,,,,,,,,0.289,,,,,,,,,,,,,,,,,,,,,
GUM,Guam,2010,32644.148,56.365,45.32,,,,,,,,,,0.21,,,,,,,,,,,,,,,,,,,,,
GUM,Guam,2011,32665.379,54.274,46.179,,,,,,,,,,0.013,,,,,,,,,,,,,,,,,,,,,
GUM,Guam,2012,33404.932,54.911,45.95,,,,,,,,,,-0.127,,,,,,,,,,,,,,,,,,,,,
GUM,Guam,2013,34044.319,55.305,45.757,,,,,,,,,,-0.22,,,,,,,,,,,,,,,,,,,,,
GUM,Guam,2014,34755.269,57.692,45.543,,,,,,,,,,-0.29,,,,,,,,,,,,,,,,,,,,,
GUM,Guam,2015,35165.701,58.1,45.422,,,,,,,,,,-0.352,,,,,,,,,,,,,,,,,,,,,
GUM,Guam,2016,35373.848,59.022,45.363,,,,,,,,,,-0.408,,,,,,,,,,,,,,,,,,,,,
GUM,Guam,2017,35850.903,58.977,45.222,,,,,,,,,,-0.453,,,,,,,,,,,,,,,,,,,,,
GUM,Guam,2018,35731.22,58.965,45.263,,,,,,,,,,-0.497,,,,,,,,,,,,,,,,,,,,,
GUM,Guam,2019,36830.126,58.917,44.944,,,,,,,,,,-0.537,,,,,,,,,,,,,,,,,,,,,
GUM,Guam,2020,32884.885,55.488,41.715,,,,,,,,,,0.216,,,,,,,,,,,,,,,,,,,,,
GTM,Guatemala,1990,2741.538,,62.66,,,60.5,,,,1.516,,66.0,2.8,,93.95,,,,,,,,,,,,,,,,,,-0.4878595,45.0
GTM,Guatemala,1991,2765.882,64.896,62.605,,,58.0,,,,1.479,,63.0,2.709,,94.2,,,,,,,,,,,,,,,,,,-0.4584405,46.0
GTM,Guatemala,1992,2823.672,65.0,62.476,,,55.7,,,,1.462,,66.0,2.657,,94.43,,,,,,,,,,,,,,,,,,-0.3173708,47.0
GTM,Guatemala,1993,2857.296,65.066,62.403,,,53.4,,,8.248,1.406,190.0,75.0,2.668,,94.66,81.0,,,,,,,,,,,,,,,,,-0.355028,48.0
GTM,Guatemala,1994,2894.431,65.125,62.323,,,51.3,,,8.602,1.293,,71.0,2.663,,94.87,,64.0,,,0.402,,0.806,0.654,18.36,12.5,0.515,63.026,3.496,,,,,-0.3323379,49.0
GTM,Guatemala,1995,2958.348,65.212,62.187,,,49.3,,,8.658,1.199,,77.0,2.646,,95.07,,,,,,,,0.646,19.34,12.5,0.522,63.662,3.571,,,,,-0.2815724,50.0
GTM,Guatemala,1996,2967.994,65.2,62.167,,,47.4,,,,1.091,,66.0,2.589,,95.26,,,,,,,,0.638,20.31,12.5,0.53,64.54,3.641,,,,,0.06571762,51.0
GTM,Guatemala,1997,3019.287,65.274,62.061,,,45.6,71.033,,,0.998,,73.0,2.558,,95.44,,,,,,,,0.628,21.29,12.5,0.539,65.249,3.71,,,,,-0.03754671,52.0
GTM,Guatemala,1998,3089.976,65.364,61.916,,,43.9,,,,0.915,,78.0,2.559,,95.61,,,,,,,,0.617,22.26,12.5,0.548,65.969,3.779,,,,,-0.02020012,53.0
GTM,Guatemala,1999,3129.121,65.435,61.837,,,42.3,79.59,22.063,,0.839,,77.0,2.516,,95.77,,,,,,,,0.634,23.24,7.08,0.556,66.634,3.848,,,,,0.1040797,54.0
GTM,Guatemala,2000,3165.932,65.46,61.763,,,40.8,82.356,24.498,,0.786,153.0,81.0,2.376,,95.92,84.7,,,,,,,0.584,45.6,8.85,0.563,67.102,3.917,,,,,0.02903611,55.0
GTM,Guatemala,2001,3166.204,65.388,61.763,,22.4,39.3,82.776,27.542,,0.755,,77.0,2.297,77.6,96.07,,,,,,,,0.575,46.19,8.85,0.567,67.436,3.884,,,,,-0.02120013,56.0
GTM,Guatemala,2002,3213.268,65.444,61.669,,20.1,37.9,84.786,28.335,9.502,0.693,,82.0,2.292,79.9,96.21,,69.0,,,0.546,-0.563,0.819,0.572,46.77,8.85,0.572,67.835,3.85,,,,,0.02788815,57.0
GTM,Guatemala,2003,3222.155,65.874,62.947,,19.2,36.6,,,,0.657,,84.0,2.252,80.8,96.34,,,,,,,,0.572,48.31,8.228,0.577,68.204,3.8,,,,,0.1214588,58.0
GTM,Guatemala,2004,3250.204,61.237,55.111,,19.5,35.3,89.319,,,0.631,,87.0,2.223,80.5,96.47,,,,,,,,0.575,42.45,8.228,0.58,68.245,3.75,,,,,0.03304898,59.0
GTM,Guatemala,2005,3284.81,60.757,54.433,,19.2,34.0,90.809,,,0.627,,87.0,2.164,80.8,96.6,,,,,,,,0.573,44.93,8.228,0.583,68.167,3.7,,,,,-0.000543775,60.0
GTM,Guatemala,2006,3388.15,60.393,53.753,,18.1,32.8,92.288,,,0.564,,89.0,2.116,81.9,96.72,,,,,,,,0.563,47.42,8.228,0.59,68.79,3.65,,,,,-0.04424321,61.0
GTM,Guatemala,2007,3527.778,60.034,53.071,,18.5,31.6,93.296,,17.298,0.523,139.0,85.0,2.107,81.5,96.84,86.1,,,,,,,0.541,46.06,12.025,0.601,69.299,3.842,,,,,-0.1366785,62.0
GTM,Guatemala,2008,3569.929,59.573,52.388,,18.1,30.4,93.686,36.742,,0.5,,95.0,2.053,81.9,96.96,,,,,,,,0.538,44.71,12.025,0.609,69.493,4.033,,,,,-0.1700834,63.0
GTM,Guatemala,2009,3516.192,58.944,51.705,,17.3,29.3,96.297,38.343,15.097,0.477,,92.0,1.992,82.7,97.07,,,,,,,,0.53,43.35,12.025,0.616,69.676,4.225,,,,,-0.1945101,64.0
GTM,Guatemala,2010,3546.626,58.344,51.021,141.346,15.6,28.2,95.209,41.791,15.752,0.454,,94.0,1.982,84.4,97.18,,,,,,,,0.526,41.99,12.025,0.623,69.885,4.417,,,41.578,18.897,-0.1751305,65.0
GTM,Guatemala,2011,3621.374,59.455,53.261,,15.0,27.1,92.725,42.211,16.434,0.421,,88.0,1.994,85.0,97.29,,,,,,,,0.527,40.27,13.291,0.628,70.321,4.608,,,37.165,18.213,-0.218599,66.0
GTM,Guatemala,2012,3655.573,63.318,57.923,,15.4,26.1,89.878,42.666,16.875,0.395,116.0,96.0,1.991,84.6,97.39,88.4,78.0,,,0.578,-0.788,0.788,0.536,45.55,13.291,0.631,70.722,4.8,,,37.165,17.581,-0.1288366,67.0
GTM,Guatemala,2013,3717.305,58.403,49.841,,15.8,25.1,87.414,42.874,19.574,0.373,113.0,96.0,1.954,84.2,97.49,88.7,77.0,,,0.573,-0.727,0.798,0.53,40.32,13.291,0.633,70.878,4.9,,,37.165,17.206,-0.1603357,68.0
GTM,Guatemala,2014,3809.616,59.082,51.604,,15.9,24.1,85.562,43.123,18.255,0.365,108.0,74.0,1.895,84.1,97.59,89.2,81.0,0.4832651913166046,North America,0.58,-0.762,0.798,0.526,40.57,13.291,0.65,70.942,5.84,,,32.802,16.725,-0.1834973,69.0
GTM,Guatemala,2015,3893.505,59.077,52.233,143.577,15.4,23.3,85.216,44.132,21.957,0.364,108.0,70.0,1.833,84.6,97.67,89.2,80.19509,,,0.595,-0.77,0.752,0.529,38.86,13.924,0.638,70.915,4.934,28.03,34.955,32.802,16.333,-0.2473697,70.0
GTM,Guatemala,2016,3924.779,59.122,52.515,,14.6,22.5,84.595,43.921,,0.352,113.8,83.0,1.843,85.4,97.75,88.62,,,,,,,0.508,40.08,13.924,0.642,71.215,5.12,27.909,34.955,32.802,15.971,-0.01230002,71.0
GTM,Guatemala,2017,3972.741,59.442,52.472,,14.3,21.7,85.584,43.596,,0.329,110.0,91.0,1.819,85.7,97.83,89.0,,,,,,,0.509,39.2,12.658,0.647,71.583,5.307,27.698,34.955,32.802,15.336,0.03989956,72.0
GTM,Guatemala,2018,4040.212,59.122,52.407,,14.0,21.0,86.886,43.777,,0.317,113.0,85.0,1.666,86.0,97.9,88.7,81.0,,,0.599,-0.718,0.779,0.509,39.1,12.658,0.649,71.496,5.493,27.566,34.955,32.802,14.94,0.2197786,73.0
GTM,Guatemala,2019,4139.122,57.871,51.414,,14.0,20.4,,,22.56,0.296,105.0,88.0,1.521,86.0,97.96,89.5,,,,,,,0.5,37.84,19.375,0.653,71.639,5.68,27.412,34.955,32.802,14.481,0.1255557,74.0
GTM,Guatemala,2020,4005.839,57.018,50.375,135.416,13.5,19.7,,,,0.272,99.0,90.0,1.471,86.5,98.03,90.1,,,,,,,0.48,40.52,19.375,0.645,69.971,5.736,27.214,34.955,32.802,13.884,,
GIN,Guinea,1990,548.372,,43.288,,,133.7,23.809,6.241,1.042,6.825,,17.0,3.456,,86.63,,,,,,,,,,,,,,,,,,-0.5773792,45.0
GIN,Guinea,1991,540.623,60.86,43.439,,,130.4,25.847,,0.905,6.788,,36.0,4.003,,86.96,,,,,,,,,,,,,,,,,,-0.6672602,46.0
GIN,Guinea,1992,540.768,60.879,43.631,,,126.9,,,0.848,6.707,,52.0,3.192,,87.31,,,,,,,,,,,,,,,,,,-0.6749539,47.0
GIN,Guinea,1993,551.007,60.923,43.825,,,123.3,,,1.173,6.482,,53.0,3.045,,87.67,,,,,,,,,,,,,,,,,,-0.8582024,48.0
GIN,Guinea,1994,555.963,60.979,44.036,,,119.6,,,1.094,6.376,,53.0,2.998,,88.04,,,,,,,,,,,,,,,,,,-0.644061,49.0
GIN,Guinea,1995,565.553,61.03,44.217,,,115.8,,,1.215,6.063,,54.0,2.794,,88.42,,,,,,,,,,,,,,,,,,-0.473979,50.0
GIN,Guinea,1996,574.303,61.045,44.369,,,112.1,,,1.127,5.884,,48.0,2.83,,88.79,,21.0,,,0.256,-1.169,0.923,,,,,,,,,,,-0.7739565,51.0
GIN,Guinea,1997,591.774,61.16,44.945,,,108.3,,,1.161,5.776,,47.0,2.055,,89.17,,,,,,,,,,,,,,,,,,-0.7779169,52.0
GIN,Guinea,1998,601.908,61.241,45.54,,,104.6,40.688,,1.221,5.513,,56.0,1.881,,89.54,,,,,,,,,,,,,,,,,,-0.873993,53.0
GIN,Guinea,1999,611.008,61.272,45.795,,,100.8,42.771,12.008,,5.398,,43.0,2.241,,89.92,,,,,,,,,,,,,,,,,,-0.7665408,54.0
GIN,Guinea,2000,614.137,61.287,46.164,,,97.0,45.43,,,5.285,,46.0,1.961,,90.3,,,,,,,,,,,,,,,,,,-0.5205213,55.0
GIN,Guinea,2001,628.321,61.4,46.86,,18.0,93.2,48.59,16.089,,5.191,,50.0,1.31,82.0,90.68,,,,,,,,,,,,,,,,,,-0.4482166,56.0
GIN,Guinea,2002,650.555,61.486,47.25,,17.8,89.7,55.589,18.048,,4.936,,53.0,1.558,82.2,91.03,,,,,,,,,,,,,,,,,,-0.7902518,57.0
GIN,Guinea,2003,644.071,60.818,45.909,,16.9,86.6,58.666,19.201,,4.764,,57.0,2.243,83.1,91.34,,30.0,,,0.27,-0.768,0.923,,,,,,,,,,,-0.7177804,58.0
GIN,Guinea,2004,645.183,60.145,44.575,,16.4,83.8,61.367,20.365,2.298,4.624,,60.0,2.141,83.6,91.62,,,,,,,,,,,,,,,,,,-0.7281526,59.0
GIN,Guinea,2005,651.36,59.452,43.248,,16.4,81.4,62.91,23.229,3.082,4.501,,59.0,2.0,83.6,91.86,,,,,,,,,,,,,,,,,,-0.6989459,60.0
GIN,Guinea,2006,645.472,58.792,41.932,,16.8,79.3,64.553,25.549,5.374,4.389,,57.0,2.091,83.2,92.07,,,,,,,,,,,,,,,,,,-1.007824,61.0
GIN,Guinea,2007,673.699,58.205,40.627,,17.2,77.7,66.271,,8.272,4.244,,63.0,2.315,82.8,92.23,,,,,,,,,,,,,,,,,,-0.8961099,62.0
GIN,Guinea,2008,684.776,57.557,39.336,,17.7,76.4,65.683,,9.326,4.068,,60.0,2.419,82.3,92.36,,,,,,,,,,,,,,,,,,-0.9792433,63.0
GIN,Guinea,2009,660.757,56.849,38.06,,18.4,75.3,66.881,,9.349,4.01,,57.0,2.442,81.6,92.47,,,,,,,,,,,,,,,,,,-0.8194294,64.0
GIN,Guinea,2010,675.737,56.142,36.802,106.183,18.1,74.4,68.678,,10.544,3.884,,64.0,2.459,81.9,92.56,,25.0,,,0.232,-1.122,0.94,,,,,,,,,,,-1.028562,65.0
GIN,Guinea,2011,696.2,55.492,35.561,,17.2,73.6,72.47,30.029,10.618,3.715,,63.0,2.477,82.8,92.64,,,,,,,,,,,,,,,,,,-0.656839,66.0
GIN,Guinea,2012,719.506,54.928,34.341,,15.5,72.9,73.054,,10.009,3.536,,59.0,2.454,84.5,92.71,,,,,,,,,,,,,,,,,,-0.6406316,67.0
GIN,Guinea,2013,729.833,54.234,33.142,,14.2,72.3,74.106,,10.436,3.394,,56.0,2.445,85.8,92.77,,,,,,,,,,,,,,,,,,-0.6021694,68.0
GIN,Guinea,2014,738.272,53.521,31.965,,13.6,72.2,76.903,32.206,10.855,3.26,,52.0,2.48,86.4,92.78,,32.0,,,0.368,-1.237,0.868,,,,,,,,,,,-0.5229565,69.0
GIN,Guinea,2015,747.357,52.804,30.811,106.561,13.6,71.6,,,,3.119,,48.0,2.532,86.4,92.84,,,,,,,,,,,,,,,,,,-0.8033574,70.0
GIN,Guinea,2016,807.236,52.228,29.682,,14.0,70.2,76.016,,,2.916,,47.0,2.567,86.0,92.98,,,,,,,,,,,,,,,,,,-0.7497705,71.0
GIN,Guinea,2017,867.908,51.64,28.579,,14.0,69.4,,,,2.757,,49.0,2.557,86.0,93.06,,,,,,,,,,,,,,,,,,-0.8032258,72.0
GIN,Guinea,2018,899.907,50.989,27.501,,13.4,68.5,,,,2.61,,51.0,2.544,86.6,93.15,,40.0,0.2959195375442505,Africa,0.358,-1.025,0.888,,,,,,,,,,,-0.682219,73.0
GIN,Guinea,2019,926.422,50.225,26.449,,12.5,67.4,,,,2.522,,53.0,2.561,87.5,93.26,,,,,,,,0.631,42.87,22.807,0.486,59.379,2.243,39.701,50.124,31.631,37.349,-0.7884479,74.0
GIN,Guinea,2020,945.571,49.23,26.201,99.816,11.1,66.0,,,,2.401,,54.0,2.551,88.9,93.4,,,,,,,,0.643,44.37,16.667,0.488,59.35,2.361,39.527,50.124,31.631,36.825,,
GNB,Guinea-Bissau,1990,569.17,,57.714,,,123.3,,,,10.157,,61.0,1.644,,87.67,,,,,,,,,,,,,,,,,,-0.5218331,45.0
GNB,Guinea-Bissau,1991,585.586,62.125,57.538,,,121.4,,,,9.763,,63.0,2.131,,87.86,,,,,,,,,,,,,,,,,,-0.6414987,46.0
GNB,Guinea-Bissau,1992,574.852,62.057,57.427,,,119.4,,,,9.495,,67.0,2.944,,88.06,,,,,,,,,,,,,,,,,,-0.7652662,47.0
GNB,Guinea-Bissau,1993,567.86,62.011,57.381,,,117.3,,,,9.287,,63.0,3.302,,88.27,,,,,,,,,,,,,,,,,,-0.6241908,48.0
GNB,Guinea-Bissau,1994,568.169,61.988,57.358,,,115.2,,,,9.38,,74.0,3.096,,88.48,,,,,,,,,,,,,,,,,,,
GNB,Guinea-Bissau,1995,578.382,62.002,57.27,,,112.9,,,,8.822,,45.0,2.524,,88.71,,,,,,,,,,,,,,,,,,-0.4022923,50.0
GNB,Guinea-Bissau,1996,632.161,62.057,57.11,,,110.5,,,,8.596,,53.0,2.084,,88.95,,,,,,,,,,,,,,,,,,-0.6537296,51.0
GNB,Guinea-Bissau,1997,660.538,62.047,56.906,,,107.9,,,,8.997,,63.0,1.906,,89.21,,,,,,,,,,,,,,,,,,-0.7385606,52.0
GNB,Guinea-Bissau,1998,502.816,61.756,56.709,,,105.5,,,,7.971,,54.0,1.864,,89.45,,,,,,,,,,,,,,,,,,-0.8054657,53.0
GNB,Guinea-Bissau,1999,576.331,61.77,56.502,,,102.9,,,,7.798,,45.0,1.896,,89.71,,,,,,,,,,,,,,,,,,-0.7924676,54.0
GNB,Guinea-Bissau,2000,571.094,61.671,56.267,,,100.3,48.985,8.557,,6.862,,49.0,2.007,,89.97,,41.0,,,0.425,-0.967,0.852,,,,,,,,,,,,
GNB,Guinea-Bissau,2001,585.838,61.88,56.018,,15.6,97.5,,,,6.371,,53.0,2.126,84.4,90.25,,,,,,,,,,,,,,,,,,,
GNB,Guinea-Bissau,2002,594.041,61.717,55.782,,16.0,94.5,,,,5.904,,57.0,2.198,84.0,90.55,,,,,,,,,,,,,,,,,,-0.8256123,57.0
GNB,Guinea-Bissau,2003,579.093,61.663,55.561,,16.9,91.5,,,,5.492,,60.0,2.262,83.1,90.85,,,,,,,,,,,,,,,,,,-0.7175132,58.0
GNB,Guinea-Bissau,2004,572.526,61.585,55.333,,18.0,88.3,,,,4.971,,64.0,2.305,82.0,91.17,,,,,,,,,,,,,,,,,,-0.3741531,59.0
GNB,Guinea-Bissau,2005,595.943,61.574,55.131,,18.6,85.0,,,2.264,4.814,,68.0,2.345,81.4,91.5,,,,,,,,,,,,,,,,,,-0.4458342,60.0
GNB,Guinea-Bissau,2006,597.257,61.571,54.966,,19.3,81.5,,,2.62,4.177,,71.0,2.411,80.7,91.85,,,,,,,,,,,,,,,,,,-0.4020669,61.0
GNB,Guinea-Bissau,2007,597.482,61.552,54.796,,20.0,78.0,,,,3.965,,74.0,2.49,80.0,92.2,,,,,,,,,,,,,,,,,,-0.5814264,62.0
GNB,Guinea-Bissau,2008,608.959,61.495,54.6,,20.7,74.5,,,,3.953,,77.0,2.523,79.3,92.55,,,,,,,,,,,,,,,,,,-0.3368837,63.0
GNB,Guinea-Bissau,2009,608.202,61.451,54.373,,21.5,71.1,,,,3.672,,80.0,2.543,78.5,92.89,,,,,,,,,,,,,,,,,,-0.5404804,64.0
GNB,Guinea-Bissau,2010,625.904,61.434,54.131,,22.6,67.8,71.253,,,3.375,,83.0,2.585,77.4,93.22,,,,,,,,,,,,,,,,,,-0.5111628,65.0
GNB,Guinea-Bissau,2011,658.953,61.421,53.891,,23.7,64.6,,,,3.263,,86.0,2.629,76.3,93.54,,,,,,,,,,,,,,,,,,-0.5215411,66.0
GNB,Guinea-Bissau,2012,630.669,61.338,53.65,,25.1,61.8,,,,3.352,,87.0,2.66,74.9,93.82,,,,,,,,,,,,,,,,,,-0.4832807,67.0
GNB,Guinea-Bissau,2013,634.095,61.267,53.391,,29.1,59.4,,,,3.331,,87.0,2.662,70.9,94.06,,,,,,,,,,,,,,,,,,-0.605471,68.0
GNB,Guinea-Bissau,2014,623.61,61.144,53.101,,30.1,57.2,,,,3.042,,86.0,2.627,69.9,94.28,,,,,,,,,,,,,,,,,,-0.4839633,69.0
GNB,Guinea-Bissau,2015,645.067,61.157,52.76,,28.0,55.3,,,,2.828,,86.0,2.57,72.0,94.47,,,,,,,,,,,,,,,,,,-0.5765439,70.0
GNB,Guinea-Bissau,2016,663.243,61.105,52.369,,19.8,53.4,,,,2.686,,85.0,2.512,80.2,94.66,,,,,,,,,,,,,,,,,,-0.6805787,71.0
GNB,Guinea-Bissau,2017,677.466,61.054,51.907,,13.6,51.7,,,,2.506,,79.0,2.436,86.4,94.83,,,,,,,,,,,,,,,,,,-0.6632833,72.0
GNB,Guinea-Bissau,2018,686.457,60.934,51.376,,12.4,50.0,,,,2.4,,82.0,2.374,87.6,95.0,,,,,,,,0.623,56.6,13.725,0.493,61.652,3.629,42.773,42.087,54.409,31.824,-0.4580049,73.0
GNB,Guinea-Bissau,2019,706.299,60.667,57.076,,13.1,48.3,,,,2.405,,78.0,2.341,86.9,95.17,,54.88232,,,0.531,-1.56,0.858,0.622,56.49,13.725,0.501,62.161,3.673,36.149,42.087,35.313,31.046,-0.4864106,74.0
GNB,Guinea-Bissau,2020,710.275,60.697,52.691,88.779,16.7,47.0,,,,2.383,,74.0,2.289,83.3,95.3,,,,,,,,0.621,57.71,13.725,0.498,61.343,3.673,35.882,42.087,35.313,30.245,,
GUY,Guyana,1990,2377.218,,52.522,,,52.6,,,5.646,0.801,,83.0,-0.661,,94.74,,,,,,,,,,,,,,,,,,-0.7530918,45.0
GUY,Guyana,1991,2528.08,52.426,52.21,,,51.4,91.873,,,0.774,,81.0,-0.271,,94.86,,,,,,,,,,,,,,,,,,-0.659047,46.0
GUY,Guyana,1992,2716.759,52.724,51.909,,,50.2,89.647,,,0.735,,79.0,0.274,,94.98,,,,,,,,,,,,,,,,,,-0.5973538,47.0
GUY,Guyana,1993,2926.937,53.083,51.631,,,48.9,88.067,,,0.722,,93.0,0.406,,95.11,,,,,,,,,,,,,,,,,,-0.2223884,48.0
GUY,Guyana,1994,3164.668,52.782,51.321,,,47.7,,,9.562,0.718,,90.0,0.379,,95.23,,,,,,,,,,,,,,,,,,-0.3773151,49.0
GUY,Guyana,1995,3312.65,52.415,51.014,,,46.5,89.898,,8.956,0.728,,86.0,0.339,,95.35,,,,,,,,,,,,,,,,,,-0.3549515,50.0
GUY,Guyana,1996,3566.135,52.081,50.71,,,45.4,88.437,,10.042,0.703,,83.0,0.282,,95.46,,,,,,,,,,,,,,,,,,-0.3904336,51.0
GUY,Guyana,1997,3778.007,51.714,50.408,,,44.3,,,11.916,0.671,159.9,88.0,0.226,,95.57,84.01,,,,,,,,,,,,,,,,,-0.4068365,52.0
GUY,Guyana,1998,3708.046,51.279,50.108,,,43.3,,,,0.621,105.9,90.0,0.176,,95.67,89.41,,,,,,,,,,,,,,,,,-0.480802,53.0
GUY,Guyana,1999,3813.331,50.856,49.809,,,42.3,,71.716,,0.582,231.0,83.0,0.117,,95.77,76.9,,,,,,,,,,,,,,,,,-0.4304192,54.0
GUY,Guyana,2000,3759.608,50.386,49.51,,,41.3,,,,0.542,133.0,88.0,0.046,,95.87,86.7,,,,,,,,,,,,,,,,,-0.4837853,55.0
GUY,Guyana,2001,3847.095,50.051,49.212,,5.7,40.4,,,,0.495,92.0,85.0,-0.046,94.3,95.96,90.8,,,,,,,,,,,,,,,,,-0.4761609,56.0
GUY,Guyana,2002,3894.871,49.617,48.912,,5.7,39.5,,,,0.475,117.0,91.0,-0.108,94.3,96.05,88.3,,,,,,,,,,,,,,,,,-0.4784529,57.0
GUY,Guyana,2003,3873.041,49.889,48.968,,6.1,38.7,91.335,,7.177,0.451,124.0,90.0,-0.072,93.9,96.13,87.6,,,,,,,,,,,,,,,,,-0.636616,58.0
GUY,Guyana,2004,3937.114,50.092,49.0,,6.6,37.9,,,10.328,0.433,116.0,91.0,-0.09,93.4,96.21,88.4,,,,,,,,,,,,,,,,,-0.6577251,59.0
GUY,Guyana,2005,3867.933,50.246,49.033,,7.1,37.2,,,10.872,0.435,148.0,93.0,-0.197,92.9,96.28,85.2,,,,,,,,,,,,,,,,,-0.6109506,60.0
GUY,Guyana,2006,4076.78,50.487,49.065,,7.6,36.5,,,10.994,0.434,135.0,93.0,-0.256,92.4,96.35,86.5,,,,,,,,,,,,,,,,,-0.4708733,61.0
GUY,Guyana,2007,4382.104,50.409,49.097,,8.2,35.9,,,11.128,0.412,106.0,94.0,-0.278,91.8,96.41,89.4,,,,,,,,,,,,,,,,,-0.4726243,62.0
GUY,Guyana,2008,4472.345,50.291,49.132,,8.8,35.2,92.743,,10.615,0.4,111.4,93.0,-0.298,91.2,96.48,88.86,,,,,,,,,,,,,,,,,-0.5368521,63.0
GUY,Guyana,2009,4649.341,50.09,49.169,,9.5,34.6,88.014,76.153,10.079,0.382,99.3,98.0,-0.333,90.5,96.54,90.07,,,,,,,,,,,,,,,,,-0.5359164,64.0
GUY,Guyana,2010,4860.091,49.848,49.211,138.685,9.7,33.9,91.707,,10.952,0.366,174.3,95.0,-0.378,90.3,96.61,82.57,,,,,,,,,,,,,,,,,-0.7644555,65.0
GUY,Guyana,2011,5133.895,49.672,49.257,,8.9,33.3,93.15,86.773,11.269,0.353,134.6,93.0,-0.415,91.1,96.67,86.54,,,,,,,,,,,,,,,,,-0.644182,66.0
GUY,Guyana,2012,5403.799,49.437,49.293,,8.0,32.7,93.09,82.34,11.703,0.346,122.5,97.0,0.018,92.0,96.73,87.75,,,,,,,,,,,,,,,,,-0.6963937,67.0
GUY,Guyana,2013,5573.342,49.151,49.325,,6.9,32.0,,,,0.336,130.4,98.0,0.499,93.1,96.8,86.96,,,,,,,,,,,,,,,,,-0.7270717,68.0
GUY,Guyana,2014,5635.717,48.832,49.37,,5.7,31.2,,,,0.316,121.7,98.0,0.559,94.3,96.88,87.83,,,,,,,,,,,,,,,,,-0.7624163,69.0
GUY,Guyana,2015,5640.416,48.514,49.423,140.656,4.4,30.3,,,,0.306,106.4,95.0,0.602,95.6,96.97,89.36,,,,,,,,,,,,,,,,,-0.7402528,70.0
GUY,Guyana,2016,5818.617,48.288,49.481,,3.4,29.5,,,,0.296,77.3,97.0,0.626,96.6,97.05,92.27,,,,,,,,,,,,,,,,,-0.5632527,71.0
GUY,Guyana,2017,5997.183,48.112,49.544,,3.1,28.6,,,,0.281,91.0,97.0,0.644,96.9,97.14,90.9,,,,,,,,,,,,,,,,,-0.7082038,72.0
GUY,Guyana,2018,6080.906,48.188,49.698,,2.9,27.8,,,,0.26,128.6,95.0,2.959,97.1,97.22,87.14,,,,,,,0.444,43.42,31.884,0.702,68.829,8.415,,10.7,,16.853,-0.2726342,73.0
GUY,Guyana,2019,6278.631,45.209,44.721,,2.7,27.0,,,,0.274,174.9,99.0,2.015,97.3,97.3,82.50999999999999,,,,,,,0.439,40.15,31.884,0.709,69.067,8.559,,10.425,,16.459,-0.2434637,74.0
GUY,Guyana,2020,9010.61,42.974,42.631,,2.5,26.2,,,,0.271,79.0,99.0,-0.023,97.5,97.38,92.1,85.63835,,,0.557,-0.446,0.406,0.434,38.0,35.714,0.722,67.751,8.627,,10.425,,15.895,,
HTI,Haiti,1990,1627.313,,46.151,,,98.0,,,,4.244,,41.0,2.059,,90.2,,,,,,,,,,,,,,,,,,-0.2248856,45.0
HTI,Haiti,1991,1624.496,61.552,44.849,,,95.2,,,,3.969,,36.0,2.036,,90.48,,,,,,,,,,,,,,,,,,-0.5903402,46.0
HTI,Haiti,1992,1507.819,61.205,43.555,,,92.3,,,,3.72,,38.0,1.997,,90.77,,,,,,,,,,,,,,,,,,-0.4460376,47.0
HTI,Haiti,1993,1398.255,60.799,42.269,,,89.5,,,,3.432,,39.0,1.965,,91.05,,,,,,,,,,,,,,,,,,-0.2906163,48.0
HTI,Haiti,1994,1207.661,60.277,40.993,,,86.7,,,,3.202,,41.0,1.927,,91.33,,,,,,,,,,,,,,,,,,-0.2012425,49.0
HTI,Haiti,1995,1302.135,60.192,39.73,,,83.8,,,,2.833,,42.0,1.906,,91.62,,,,,,,,,,,,,,,,,,-0.2051949,50.0
HTI,Haiti,1996,1330.54,59.903,38.542,,,81.1,,,,2.568,,42.0,1.899,,91.89,,,,,,,,,,,,,,,,,,-0.1881708,51.0
HTI,Haiti,1997,1340.997,59.671,37.368,,,78.3,58.112,,,2.364,,42.0,1.886,,92.17,,,,,,,,,,,,,,,,,,-0.2669824,52.0
HTI,Haiti,1998,1344.939,59.137,36.209,,,75.7,,,,2.15,,42.0,1.865,,92.43,,,,,,,,,,,,,,,,,,-0.4190638,53.0
HTI,Haiti,1999,1356.113,58.684,35.065,,,73.1,,,,1.915,,41.0,1.847,,92.69,,,,,,,,,,,,,,,,,,-0.3809298,54.0
HTI,Haiti,2000,1342.895,57.471,33.938,,,70.7,,,,1.797,523.0,44.0,1.846,,92.93,47.7,,,,,,,,,,,,,,,,,-0.3979214,55.0
HTI,Haiti,2001,1314.114,56.856,34.359,,48.0,68.5,,,,1.696,,47.0,1.823,52.0,93.15,,,,,,,,0.593,53.11,9.091,0.5,58.591,3.844,,,,,-0.4531199,56.0
HTI,Haiti,2002,1304.529,56.239,34.783,,50.1,66.5,,,,1.583,,51.0,1.778,49.9,93.35,,,,,,,,0.588,49.31,9.091,0.504,59.041,3.952,,,,,-0.8069328,57.0
HTI,Haiti,2003,1326.472,55.703,35.209,,50.2,64.7,,,,1.457,,54.0,1.754,49.8,93.53,,59.0,,,0.406,-1.481,0.83,0.584,45.5,9.091,0.508,59.44,4.059,,,,,-0.7865502,58.0
HTI,Haiti,2004,1286.903,55.084,35.637,,49.7,63.1,,,,1.575,,57.0,1.702,50.3,93.69,,,,,,,,0.589,51.99,9.091,0.505,58.517,4.167,,,,,0.4220112,59.0
HTI,Haiti,2005,1304.333,54.537,36.068,,47.7,61.7,,,,1.287,,60.0,1.681,52.3,93.83,,,,,,,,0.579,58.47,9.091,0.516,60.318,4.274,,,,,-0.1487729,60.0
HTI,Haiti,2006,1305.038,54.007,36.064,,45.9,60.4,,,,1.314,630.0,61.0,1.699,54.1,93.96,37.0,,,,,,,0.612,49.64,4.688,0.52,60.74,4.364,,,,,-0.08946027,61.0
HTI,Haiti,2007,1343.611,53.706,35.92,,44.0,59.1,,,,1.345,,63.0,1.686,56.0,94.09,,,,,,,,0.605,40.8,6.25,0.524,61.09,4.454,,,,,-0.4318307,62.0
HTI,Haiti,2008,1356.534,54.391,35.872,,42.2,57.9,,,,1.365,,64.0,1.666,57.8,94.21,,,,,,,,0.613,47.41,5.172,0.528,61.28,4.543,,,,,-0.256171,63.0
HTI,Haiti,2009,1412.897,55.216,35.67,,40.4,56.8,,,,1.358,,65.0,1.653,59.6,94.32,,,,,,,,0.615,54.03,4.724,0.534,61.694,4.633,,,,,-0.4552993,64.0
HTI,Haiti,2010,1317.584,55.617,36.011,,39.5,78.6,,,,1.174,,67.0,1.167,60.5,92.14,,,,,,,,0.613,60.64,4.724,0.452,45.577,4.723,,40.681,,45.078,-0.6037647,65.0
HTI,Haiti,2011,1369.169,56.22,35.82,,39.7,54.6,,,,1.348,,68.0,1.132,60.3,94.54,,,,,,,,0.626,54.52,4.0,0.536,61.581,4.824,,40.681,,31.882,-0.1569789,66.0
HTI,Haiti,2012,1354.885,56.454,35.868,,39.8,53.4,,,,1.236,,66.0,1.55,60.2,94.66,,,,,,,,0.631,48.4,3.478,0.54,62.273,4.926,40.424,38.298,52.07,30.904,-0.3637662,67.0
HTI,Haiti,2013,1392.382,56.8,35.731,,39.0,52.4,,,,1.188,,65.0,1.504,61.0,94.76,,,,,,,,0.629,48.26,3.478,0.545,62.624,5.028,40.265,38.298,52.07,30.429,-0.3171845,68.0
HTI,Haiti,2014,1411.768,56.774,35.659,,37.8,51.2,,,,1.147,,63.0,1.465,62.2,94.88,,,,,,,,0.627,47.48,3.478,0.549,62.969,5.129,40.055,38.298,52.07,29.798,-0.2824506,69.0
HTI,Haiti,2015,1411.127,56.788,35.656,,37.9,50.0,,,,1.102,,64.0,1.436,62.1,95.0,,,,,,,,0.625,47.65,3.478,0.552,63.224,5.231,39.867,38.298,52.07,29.235,-0.3012997,70.0
HTI,Haiti,2016,1416.749,56.723,35.631,,38.7,48.7,,,,1.06,529.0,59.0,1.399,61.3,95.13,47.1,,,,,,,0.84,46.44,0.0,0.555,63.325,5.307,39.496,37.337,52.07,29.083,-0.2615031,71.0
HTI,Haiti,2017,1432.672,56.738,35.571,,40.3,47.5,,,,1.023,529.0,60.0,1.362,59.7,95.25,47.1,68.00986,,,0.404,-2.131,0.85,0.628,45.69,2.74,0.559,63.832,5.382,39.2,37.337,52.07,28.193,-0.2424927,72.0
HTI,Haiti,2018,1437.353,56.747,35.549,,41.2,46.3,,,,1.025,,57.0,1.328,58.8,95.37,,,,,,,,0.629,45.18,2.74,0.561,64.077,5.382,38.999,37.337,52.07,27.59,0.1021113,73.0
HTI,Haiti,2019,1394.421,56.547,35.69,,42.6,45.0,,,,0.982,,54.0,1.294,57.4,95.5,,,,,,,,0.625,46.52,2.74,0.56,64.328,5.382,38.864,37.337,52.07,27.186,0.2297607,74.0
HTI,Haiti,2020,1331.698,55.046,35.35,143.457,43.6,43.8,,,,0.949,,58.0,1.241,56.4,95.62,,,,,,,,0.623,47.1,2.74,0.555,63.773,5.382,38.636,37.337,52.07,26.502,,
HND,Honduras,1990,457.981,,58.733,,,44.5,,,9.242,0.88,,84.0,2.823,,95.55,,,,,,,,,,,,,,,,,,0.07672465,45.0
HND,Honduras,1991,561.126,62.665,59.107,,,42.5,86.266,19.893,9.165,0.811,,94.0,2.837,,95.75,,,,,,,,,,,,,,,,,,-0.267102,46.0
HND,Honduras,1992,594.689,63.779,58.923,,,40.7,,,9.416,0.748,,93.0,2.841,,95.93,,,,,,,,,,,,,,,,,,-0.1275804,47.0
HND,Honduras,1993,656.87,63.885,58.715,,,39.1,87.563,,9.124,0.681,,94.0,2.839,,96.09,,,,,,,,,,,,,,,,,,-0.04800284,48.0
HND,Honduras,1994,823.792,63.759,58.872,,,37.5,,,9.965,0.622,,94.0,2.836,,96.25,,,,,,,,,,,,,,,,,,-0.2780177,49.0
HND,Honduras,1995,998.357,63.812,58.68,,,36.1,,,9.814,0.562,,94.0,2.834,,96.39,,,,,,,,,,,,,,,,,,-0.1100485,50.0
HND,Honduras,1996,1193.388,63.031,58.738,,,34.7,,,10.387,0.511,,94.0,2.823,,96.53,,,,,,,,,,,,,,,,,,-0.1126413,51.0
HND,Honduras,1997,1420.731,63.787,58.634,,,33.4,,,11.055,0.47,108.0,95.0,2.798,,96.66,89.2,,,,,,,,,,,,,,,,,-0.1565577,52.0
HND,Honduras,1998,1543.758,63.358,58.58,,,41.2,,,12.715,0.427,,97.0,2.649,,95.88,,,,,,,,0.549,42.28,9.375,0.529,62.432,4.463,,,,,0.06608336,53.0
HND,Honduras,1999,1677.779,63.344,58.779,,,30.8,,,12.408,0.404,,95.0,2.628,,96.92,,,,,,,,0.542,45.8,9.375,0.552,68.005,4.53,,,,,-0.5033802,54.0
HND,Honduras,2000,1789.478,61.88,57.801,,,29.6,85.749,,12.869,0.377,,94.0,2.733,,97.04,,,,,,,,0.539,44.24,9.375,0.558,68.302,4.597,,,,,-0.2830239,55.0
HND,Honduras,2001,1789.188,61.29,56.793,,21.1,28.4,,,,0.348,,96.0,2.703,78.9,97.16,,80.0,0.5535134673118591,North America,0.554,,0.839,0.535,42.55,9.375,0.561,68.491,4.664,,,,,-0.209858,56.0
HND,Honduras,2002,1807.973,60.76,55.777,,20.4,27.3,,,,0.326,,95.0,2.641,79.6,97.27,,,,,,,,0.566,37.7,5.469,0.564,68.714,4.731,,,,,-0.1928824,57.0
HND,Honduras,2003,1842.298,59.436,54.757,,20.0,26.2,85.748,,15.889,0.313,,92.0,2.566,80.0,97.38,,,,,,,,0.556,38.16,5.469,0.568,68.874,4.798,,,,,0.241173,58.0
HND,Honduras,2004,1908.91,58.489,53.732,,19.3,25.1,85.225,,15.942,0.298,,94.0,2.494,80.7,97.49,,,,,,,,0.538,38.61,5.469,0.573,69.05,4.865,,,,,0.07372945,59.0
HND,Honduras,2005,1975.856,58.64,52.703,,18.1,24.1,82.831,,,0.285,,98.0,2.428,81.9,97.59,,,,,,,,0.474,42.24,23.438,0.578,69.198,4.932,,,,,0.03295741,60.0
HND,Honduras,2006,2056.535,57.717,49.799,,16.9,23.3,86.78,,,0.27,,95.0,2.359,83.1,97.67,,,,,,,,0.479,39.44,23.438,0.582,69.364,4.941,,,,,-0.03261836,61.0
HND,Honduras,2007,2134.195,57.065,48.322,,15.9,22.4,81.513,,,0.261,,94.0,2.298,84.1,97.76,,84.0,0.5581572651863098,North America,0.524,-0.554,0.845,0.478,38.76,23.438,0.587,69.539,4.95,,,,,-0.1282855,62.0
HND,Honduras,2008,2175.147,57.696,49.445,,14.9,21.6,84.951,,17.53,0.253,,93.0,2.244,85.1,97.84,,,,,,,,0.475,40.27,23.438,0.592,69.657,5.107,,,,,-0.1399024,63.0
HND,Honduras,2009,2076.309,58.805,50.437,,14.0,20.9,84.146,,,0.242,,97.0,2.189,86.0,97.91,,,,,,,,0.478,41.72,17.969,0.594,69.823,5.265,,,,,-0.1995162,64.0
HND,Honduras,2010,2108.473,59.364,51.457,158.903,13.2,20.2,84.762,,19.276,0.237,72.8,97.0,2.126,86.8,97.98,92.72,85.0,0.5308563709259033,North America,0.402,-0.637,0.847,0.473,43.35,17.969,0.596,69.77,5.422,25.529,25.341,36.669,14.576,-0.1770832,65.0
HND,Honduras,2011,2144.563,57.055,49.889,,12.9,19.6,85.944,,,0.217,79.0,97.0,2.067,87.1,98.04,92.1,85.0,0.5255374312400818,North America,0.415,-0.521,0.854,0.472,40.46,19.531,0.598,70.116,5.58,26.83,25.079,41.4,14.012,-0.07869722,66.0
HND,Honduras,2012,2188.394,56.207,48.113,,13.0,19.0,82.943,,18.944,0.202,74.1,98.0,2.023,87.0,98.1,92.59,85.0,0.533649206161499,North America,0.416,-0.692,0.854,0.463,39.06,19.531,0.597,70.46,5.52,26.364,24.34,41.186,13.565,0.1145365,67.0
HND,Honduras,2013,2205.401,59.123,53.177,,13.7,18.3,79.48,42.203,19.448,0.189,86.0,99.0,1.979,86.3,98.17,91.4,85.0,0.4995847642421722,North America,0.411,-0.724,0.853,0.454,44.27,19.531,0.601,70.765,5.85,24.691,24.415,36.49,13.17,-0.05957654,68.0
HND,Honduras,2014,2229.248,59.611,53.794,,14.2,17.8,79.19,41.148,19.724,0.178,69.9,99.0,1.937,85.8,98.22,93.01,87.0,0.4987486898899078,North America,0.428,-0.812,0.853,0.438,46.97,25.781,0.604,71.032,6.18,23.01,23.584,32.657,12.79,-0.003888726,69.0
HND,Honduras,2015,2271.203,60.152,54.584,150.362,14.2,17.2,77.964,40.808,20.315,0.167,60.0,98.0,1.904,85.8,98.28,94.0,88.0,0.4924869835376739,North America,0.422,-0.859,0.853,0.432,47.52,25.781,0.61,71.323,6.29,22.36,23.344,31.328,12.407,-0.03553865,70.0
HND,Honduras,2016,2315.73,59.063,53.381,,13.7,16.6,79.583,42.518,21.003,0.157,77.0,95.0,1.878,86.3,98.34,92.3,89.0,0.4979712963104248,North America,0.423,-0.763,0.853,0.428,46.92,25.781,0.616,71.615,6.53,22.634,22.768,33.202,11.931,0.03163106,71.0
HND,Honduras,2017,2383.374,60.801,54.972,,13.2,16.1,80.095,43.778,24.559,0.149,56.0,90.0,1.85,86.8,98.39,94.4,,,,,,,0.427,46.77,25.781,0.618,71.805,6.41,22.723,23.349,33.202,11.617,0.1009919,72.0
HND,Honduras,2018,2430.135,62.737,57.566,,13.1,15.6,,,26.384,0.145,78.0,91.0,1.83,86.9,98.44,92.2,87.0,0.489278495311737,North America,0.362,-0.618,0.845,0.435,50.74,21.094,0.619,72.001,6.29,22.343,22.457,33.277,11.294,0.1980746,73.0
HND,Honduras,2019,2447.616,59.578,53.799,,13.5,15.1,,,25.323,0.14,53.0,88.0,1.811,86.5,98.49,94.7,89.0,0.4816896915435791,North America,0.368,-0.619,0.841,0.445,45.46,21.094,0.632,72.124,7.09,22.742,21.612,35.567,11.048,0.1164483,74.0
HND,Honduras,2020,2189.432,52.961,53.945,144.873,13.7,14.6,,,,0.154,61.0,80.0,1.755,86.3,98.54,93.9,,,,,,,0.436,47.87,21.094,0.625,70.864,7.297,22.629,21.612,35.567,10.709,,
HKG,Hong Kong; SAR China,1990,21357.262,,56.741,,,,,,,,,,0.321,,,,,,,,,,,,,,,,,,,,,
HKG,Hong Kong; SAR China,1991,22388.622,62.301,56.104,,,,,,,,,,0.829,,,,,,,,,,,,,,,,,,,,,
HKG,Hong Kong; SAR China,1992,23585.673,61.18,54.638,,,,,,,,,,0.84,,,,,,,,,,,,,,,,,,,,,
HKG,Hong Kong; SAR China,1993,24621.653,60.78,53.655,,,,,,,,,,1.718,,,,,,,,,,,,,,,,,,,,,
HKG,Hong Kong; SAR China,1994,25526.443,60.648,52.459,,,,,,,,,,2.252,,,,,,,,,,,,,,,,,,,,,
HKG,Hong Kong; SAR China,1995,25620.025,59.681,50.279,,,,93.903,,,,,,1.98,,,,,,,,,,,,,,,,,,,,,
HKG,Hong Kong; SAR China,1996,25551.366,59.648,50.224,,,,93.807,77.281,,,,,4.439,,,,,,,,,,,,,,,,,,,,,
HKG,Hong Kong; SAR China,1997,26631.794,59.821,49.5,,,,,,,,,,0.833,,,,,,,,,,,,,,,,,,,,,
HKG,Hong Kong; SAR China,1998,24856.765,58.345,49.288,,,,,,,,,,0.835,,,,,,,,,,,,,,,,,,,,,
HKG,Hong Kong; SAR China,1999,25237.658,57.121,47.415,,,,,,,,,,0.955,,,,,,,,,,,,,,,,,,,,,
HKG,Hong Kong; SAR China,2000,26933.238,57.719,45.549,,,,,,,,,,0.882,,,,,,,,,,,,,,,,,,,,,
HKG,Hong Kong; SAR China,2001,26885.428,57.864,44.927,,2.5,,,72.822,,,,,0.737,97.5,,,,,,,,,,,,,,,,,,,,
HKG,Hong Kong; SAR China,2002,27210.069,56.793,44.874,,2.5,,,72.81,,,,,0.443,97.5,,,,,,,,,,,,,,,,,,,,
HKG,Hong Kong; SAR China,2003,28097.109,55.974,44.439,,2.5,,,73.281,32.217,,,,-0.197,97.5,,,,,,,,,,,,,,,,,,,,
HKG,Hong Kong; SAR China,2004,30304.313,56.587,44.306,,2.5,,,74.148,32.296,,,,0.78,97.5,,,,,,,,,,,,,,,,,,,,
HKG,Hong Kong; SAR China,2005,32401.391,57.187,43.869,,2.5,,,75.109,32.985,,,,0.437,97.5,,,,,,,,,,,,,,,,,,,,
HKG,Hong Kong; SAR China,2006,34458.05,57.657,42.92,,2.5,,,75.594,33.722,,,,0.642,97.5,,,,,,,,,,,,,,,,,,,,
HKG,Hong Kong; SAR China,2007,36371.686,58.136,42.748,,2.5,,,76.89,42.614,,,,0.86,97.5,,,,,,,,,,,,,,,,,,,,
HKG,Hong Kong; SAR China,2008,36924.088,57.938,40.714,,2.5,,,78.078,55.802,,,,0.598,97.5,,,,,,,,,,,,,,,,,,,,
HKG,Hong Kong; SAR China,2009,35938.59,56.822,39.227,,2.5,,,78.974,56.581,,,,0.215,97.5,,,,,,,,,,,,,,,,,,,,
HKG,Hong Kong; SAR China,2010,38090.021,56.276,36.061,233.468,2.5,,,79.867,59.033,,,,0.734,97.5,,,,,,,,,,,,,,,,,,,,
HKG,Hong Kong; SAR China,2011,39656.339,57.296,36.402,,2.5,,,78.436,60.221,,,,0.673,97.5,,,,,,,,,,,,,,,,,,,,
HKG,Hong Kong; SAR China,2012,39887.834,57.781,36.962,,2.5,,94.2,90.011,60.953,,,,1.104,97.5,,,,,,,,,,,,,,,,,,,,
HKG,Hong Kong; SAR China,2013,40959.981,58.437,38.898,,2.5,,93.793,88.723,68.086,,,,0.402,97.5,,,,,,,,,,,,,,,,,,,,
HKG,Hong Kong; SAR China,2014,41796.868,58.338,38.525,,2.6,,94.292,88.868,69.688,,,,0.702,97.4,,,,,,,,,,,,,,,,,,,,
HKG,Hong Kong; SAR China,2015,42432.162,58.461,40.264,244.063,2.5,,93.807,89.303,68.701,,,,0.851,97.5,,,,,,,,,,,,,,,,,,,,
HKG,Hong Kong; SAR China,2016,43087.546,58.349,40.71,,2.5,,96.372,91.447,70.332,,,,0.619,97.5,,,,,,,,,,,,,,,,,,,,
HKG,Hong Kong; SAR China,2017,44380.81,58.577,39.83,,2.5,,95.728,93.735,72.923,,,,0.769,97.5,,,,,,,,,,,,,,,,,,,,
HKG,Hong Kong; SAR China,2018,45280.508,58.946,40.059,,2.5,,95.455,96.141,78.246,,,,0.8,97.5,,,,,,,,,,,,,,,,,,,,
HKG,Hong Kong; SAR China,2019,44195.277,58.245,39.816,,2.5,,,,83.854,,,,0.739,97.5,,,,,,,,,,,,,,,,,,,,
HKG,Hong Kong; SAR China,2020,41451.298,55.55,35.985,264.246,2.5,,,,89.948,,,,-0.359,97.5,,,,,,,,,,,,,,,,,,,,
HUN,Hungary,1990,8646.448,,27.191,,,15.2,,,,0.037,,99.0,-1.033,,98.48,,,,,,,,0.34,46.26,11.399,0.73,69.372,9.48,,,,,1.064218,45.0
HUN,Hungary,1991,7618.64,46.886,28.352,,,14.6,,,,0.036,,99.0,-0.006,,98.54,,,,,,,,0.325,39.49,11.399,0.724,69.441,9.549,,,,,1.256193,46.0
HUN,Hungary,1992,7388.082,46.037,28.653,,,13.7,,,,0.034,,99.0,-0.039,,98.63,,,,,,,,0.323,51.05,11.399,0.722,69.167,9.618,,,,,1.359153,47.0
HUN,Hungary,1993,7353.9,44.881,28.699,,,12.7,,,,0.032,,99.0,-0.114,,98.73,,,,,,,,0.324,48.51,11.399,0.729,69.18,9.687,,,,,1.349929,48.0
HUN,Hungary,1994,7581.001,45.465,28.399,,,11.6,91.546,,,0.028,,99.0,-0.137,,98.84,,,,,,,,0.305,46.26,11.399,0.739,69.604,9.756,,,,,1.557172,49.0
HUN,Hungary,1995,7704.641,45.75,28.241,,,10.9,90.506,,,0.025,,99.0,-0.139,,98.91,,,,,,,,0.301,43.81,11.399,0.744,69.969,9.825,,,,,1.27494,50.0
HUN,Hungary,1996,7725.7,45.777,28.217,,,10.3,78.422,,,0.021,,99.0,-0.172,,98.97,,,,,,,,0.293,39.99,11.399,0.752,70.597,9.895,,,,,1.49362,51.0
HUN,Hungary,1997,7971.806,46.265,27.906,,,9.9,87.0,81.559,,0.019,,99.0,-0.201,,99.01,,,,,,,,0.288,39.12,11.399,0.758,71.003,9.964,,,,,1.378481,52.0
HUN,Hungary,1998,8297.854,46.283,27.535,,,9.5,86.773,81.59,,0.018,,99.0,-0.233,,99.05,,,,,,,,0.3,40.53,8.29,0.764,70.919,10.033,,,,,1.320858,53.0
HUN,Hungary,1999,8578.195,47.381,27.242,,,9.1,87.145,83.5,,0.017,,99.0,-0.283,,99.09,,,,,,,,0.292,41.47,8.29,0.771,71.04,10.102,,,,,1.334071,54.0
HUN,Hungary,2000,8979.736,47.8,26.846,,,8.7,87.822,85.043,,0.016,,99.0,-0.26,,99.13,,,,,,,,0.283,41.67,8.29,0.781,71.758,10.171,,,,,1.255777,55.0
HUN,Hungary,2001,9365.954,48.56,26.499,,2.5,8.1,88.603,87.414,42.348,0.015,,99.0,-0.229,97.5,99.19,,,,,,,,0.272,41.13,8.29,0.791,72.394,10.24,,,,,1.235066,56.0
HUN,Hungary,2002,9836.941,48.862,26.114,,2.5,7.6,89.157,88.993,47.357,0.015,,99.0,-0.285,97.5,99.24,,,,,,,,0.263,41.39,9.067,0.8,72.507,10.387,,,,,1.189223,57.0
HUN,Hungary,2003,10253.724,48.957,25.795,,2.5,7.2,88.633,90.552,54.635,0.014,,99.0,-0.286,97.5,99.28,,,,,,,,0.253,42.37,9.845,0.807,72.513,10.535,,,,,1.137805,58.0
HUN,Hungary,2004,10786.488,49.14,25.431,,2.5,6.8,88.682,89.717,61.507,0.014,,99.0,-0.221,97.5,99.32,,,,,,,,0.254,42.25,9.091,0.811,72.906,10.682,,,,,1.01802,59.0
HUN,Hungary,2005,11272.735,48.561,25.132,,2.5,6.4,89.373,90.006,64.977,0.015,,99.0,-0.199,97.5,99.36,,,,,,,,0.253,43.08,9.091,0.816,72.865,10.83,,,,,1.049223,60.0
HUN,Hungary,2006,11734.454,48.481,24.872,,2.5,6.1,90.615,90.084,66.399,0.015,,99.0,-0.156,97.5,99.39,,,,,,,,0.239,43.4,10.363,0.823,73.344,11.075,,,,,1.019224,61.0
HUN,Hungary,2007,11791.707,48.433,24.845,,2.5,5.8,89.726,90.004,66.265,0.016,,99.0,-0.155,97.5,99.42,,,,,,,,0.239,42.98,11.14,0.826,73.431,11.32,,,,,1.072595,62.0
HUN,Hungary,2008,11929.721,48.097,24.774,,2.5,5.5,91.181,89.646,63.974,0.016,,99.0,-0.175,97.5,99.45,,,,,,,,0.239,42.73,11.14,0.833,73.957,11.565,,,,,0.9887067,63.0
HUN,Hungary,2009,11142.886,46.391,25.204,,2.5,5.3,91.914,89.182,61.977,0.016,,99.0,-0.155,97.5,99.47,,,,,,,,0.24,42.83,11.14,0.834,74.179,11.81,,,,,1.035305,64.0
HUN,Hungary,2010,11287.369,46.181,25.3,211.597,2.5,5.1,92.054,89.092,60.749,0.015,,99.0,-0.226,97.5,99.49,,,,,,,,0.25,43.77,9.067,0.838,74.519,11.88,7.544,4.002,13.561,5.068,1.043114,65.0
HUN,Hungary,2011,11536.358,46.473,24.805,,2.5,5.0,91.459,88.394,59.998,0.015,,99.0,-0.283,97.5,99.5,,,,,,,,0.255,43.97,8.808,0.841,74.923,11.92,7.482,3.953,13.561,4.934,0.9146426,66.0
HUN,Hungary,2012,11440.762,47.052,26.051,,2.5,4.8,90.781,88.946,60.676,0.016,,99.0,-0.516,97.5,99.52,,,,,,,,0.258,44.97,8.808,0.841,75.183,11.84,7.979,3.471,15.621,4.845,1.040821,67.0
HUN,Hungary,2013,11729.572,48.076,27.886,,2.5,4.7,90.771,89.674,57.521,0.016,,99.0,-0.481,97.5,99.53,,,,,,,,0.265,45.13,8.808,0.85,75.683,12.01,7.962,3.419,15.621,4.844,1.102104,68.0
HUN,Hungary,2014,12287.378,50.761,29.984,,2.5,4.5,91.078,89.787,53.425,0.017,,99.0,-0.403,97.5,99.55,,,,,,,,0.261,46.46,10.05,0.848,75.849,11.77,7.816,3.202,15.621,4.624,1.131291,69.0
HUN,Hungary,2015,12782.941,52.382,31.483,225.01,2.5,4.2,91.238,89.132,50.98,0.017,,99.0,-0.359,97.5,99.58,,,,,,,,0.261,47.36,10.101,0.847,75.654,11.85,6.642,3.007,12.499,4.421,1.174087,70.0
HUN,Hungary,2016,13145.656,54.366,32.845,,2.5,4.0,91.398,89.158,50.736,0.017,,99.0,-0.389,97.5,99.6,,,,,,,,0.261,48.03,10.101,0.851,76.157,11.89,6.623,3.28,12.315,4.272,1.243128,71.0
HUN,Hungary,2017,13734.244,55.43,33.148,,2.5,3.7,90.834,89.279,51.384,0.017,,99.0,-0.339,97.5,99.63,,,,,,,,0.259,48.37,10.05,0.853,76.007,11.98,6.742,3.194,13.013,4.019,1.13088,72.0
HUN,Hungary,2018,14533.778,56.16,33.065,,2.5,3.6,,,52.563,0.017,,99.0,-0.204,97.5,99.64,,,,,,,,0.242,48.69,12.563,0.857,76.205,12.07,6.474,3.111,12.474,3.838,1.397042,73.0
HUN,Hungary,2019,15290.809,56.477,32.293,,2.5,3.5,,,54.212,0.016,,99.0,-0.125,97.5,99.65,,,,,,,,0.237,48.75,12.563,0.861,76.455,12.16,6.23,2.95,11.692,4.049,1.27043,74.0
HUN,Hungary,2020,14664.297,55.963,31.51,232.423,2.5,3.4,,,56.607,0.024,,99.0,-0.252,97.5,99.66,,,,,,,,0.244,48.5,12.06,0.857,75.73,12.25,6.138,2.863,11.683,3.867,,
ISL,Iceland,1990,37302.806,,59.434,,,5.1,,,25.322,0.031,,99.0,0.778,,99.49,,,,,,,,0.19,72.9,25.397,0.841,77.741,10.508,,,,,1.329368,45.0
ISL,Iceland,1991,36790.487,70.89,59.481,,,4.9,,,25.371,0.024,,99.0,1.159,,99.51,,,,,,,,0.185,72.9,25.397,0.853,77.757,10.624,,,,,1.303498,46.0
ISL,Iceland,1992,35105.287,70.098,60.483,,,4.7,,,30.096,0.026,,99.0,1.257,,99.53,,,,,,,,0.176,74.24,25.397,0.86,78.587,10.741,,,,,1.298593,47.0
ISL,Iceland,1993,35206.566,69.082,58.175,,,4.5,,,27.502,0.023,,99.0,1.017,,99.55,,,,,,,,0.167,74.48,25.397,0.863,78.809,10.858,,,,,1.343729,48.0
ISL,Iceland,1994,36162.291,69.279,58.482,,,4.4,97.337,,33.69,0.019,,99.0,0.867,,99.56,,,,,,,,0.162,74.92,25.397,0.868,79.022,10.975,,,,,1.352206,49.0
ISL,Iceland,1995,36008.585,71.737,70.318,,,4.2,,,35.517,0.025,,99.0,0.542,,99.58,,,,,,,,0.159,77.41,25.397,0.863,77.543,11.091,,,,,1.155775,50.0
ISL,Iceland,1996,37425.514,71.705,65.823,,,4.0,97.99,,35.735,0.015,,99.0,0.54,,99.6,,,,,,,,0.158,75.75,25.397,0.873,78.646,11.221,,,,,1.402944,51.0
ISL,Iceland,1997,38657.276,70.79,65.926,,,3.8,98.478,,37.477,0.014,5.494,99.0,0.819,,99.62,99.4506,,,,,,,0.162,74.4,25.397,0.881,78.672,11.35,,,,,1.493701,52.0
ISL,Iceland,1998,40926.716,72.704,72.126,,,3.6,99.413,85.8,39.214,0.015,,99.0,1.071,,99.64,,,,,,,,0.165,75.96,25.397,0.893,79.396,11.479,,,,,1.189727,53.0
ISL,Iceland,1999,42010.938,74.607,71.836,,,3.4,98.796,83.655,41.31,0.013,,98.0,1.209,,99.66,,,,,,,,0.145,78.27,34.921,0.895,79.236,11.608,,,,,1.238982,54.0
ISL,Iceland,2000,43472.337,76.355,77.358,,,3.2,98.827,82.07,45.917,0.012,,98.0,1.369,,99.68,,,,,,,,0.142,79.77,34.921,0.902,79.549,11.737,,,,,1.190602,55.0
ISL,Iceland,2001,44545.982,76.321,79.914,,2.5,3.0,99.15,81.979,46.937,0.011,,92.0,1.329,97.5,99.7,,,,,,,,0.134,78.47,34.921,0.91,80.421,11.884,,,,,1.171116,56.0
ISL,Iceland,2002,44389.556,74.428,71.372,,2.5,2.8,99.202,85.129,52.609,0.012,,95.0,0.893,97.5,99.72,,,,,,,,0.127,78.26,34.921,0.917,80.278,12.03,,,,,1.139108,57.0
ISL,Iceland,2003,45088.923,74.142,80.331,,2.5,2.7,98.204,87.537,60.027,0.01,,97.0,0.692,97.5,99.73,,,,,,,,0.126,78.74,30.159,0.925,80.768,12.177,,,,,1.164785,58.0
ISL,Iceland,2004,48101.712,73.235,79.312,,2.5,2.6,96.556,89.682,66.582,0.011,,99.0,0.878,97.5,99.74,,,,,,,,0.115,76.81,30.159,0.928,80.721,12.323,,,,,1.041823,59.0
ISL,Iceland,2005,50674.441,73.801,76.117,,2.5,2.4,96.765,90.582,69.832,0.009,,95.0,1.583,97.5,99.76,,,,,,,,0.107,77.08,33.333,0.935,81.169,12.47,,,,,1.028831,60.0
ISL,Iceland,2006,52306.128,74.714,78.652,,2.5,2.3,97.22,90.651,72.968,0.009,,97.0,2.347,97.5,99.77,,,,,,,,0.107,77.75,33.333,0.936,80.938,12.56,,,,,1.00192,61.0
ISL,Iceland,2007,55457.36,75.422,79.87,,2.5,2.3,98.04,89.868,73.137,0.008,,97.0,2.53,97.5,99.77,,,,,,,,0.11,77.75,33.333,0.941,81.093,12.65,,,,,0.959807,62.0
ISL,Iceland,2008,55360.814,74.165,78.17,,2.5,2.2,99.155,88.942,73.575,0.009,,98.0,1.86,97.5,99.78,,,,,,,,0.112,77.01,33.333,0.935,81.244,12.74,,,,,0.8238044,63.0
ISL,Iceland,2009,50581.085,69.427,73.135,,2.5,2.1,99.612,87.036,72.468,0.009,,96.0,0.341,97.5,99.79,,,,,,,,0.099,76.4,42.857,0.934,81.417,12.83,,,,,0.9416159,64.0
ISL,Iceland,2010,49528.486,69.036,73.665,253.891,2.5,2.1,99.221,87.887,78.503,0.009,,96.0,-0.144,97.5,99.79,,,,,,,,0.093,76.78,42.857,0.935,81.594,12.92,6.505,3.051,13.249,3.217,0.8616398,65.0
ISL,Iceland,2011,50058.83,68.973,73.083,,2.5,2.0,98.721,86.836,79.919,0.007,,95.0,0.305,97.5,99.8,,,,,,,,0.088,76.4,39.683,0.941,81.972,13.01,5.413,2.915,10.872,2.452,0.8578235,66.0
ISL,Iceland,2012,50375.412,69.821,75.712,,2.5,2.0,98.158,87.162,79.582,0.007,,89.0,0.532,97.5,99.8,,,,,,,,0.084,77.08,39.683,0.946,82.346,13.1,5.57,2.821,11.41,2.479,0.8252089,67.0
ISL,Iceland,2013,51696.088,70.87,78.057,,2.5,2.0,98.036,87.451,78.372,0.007,,91.0,0.946,97.5,99.8,,,,,,,,0.072,77.64,39.683,0.95,81.743,13.19,5.664,2.899,11.224,2.871,0.8907825,68.0
ISL,Iceland,2014,52102.576,72.248,78.181,,2.5,2.0,98.128,88.688,80.395,0.007,,90.0,1.113,97.5,99.8,,,,,,,,0.069,78.66,39.683,0.954,82.43,13.28,5.34,3.007,10.088,2.927,0.8681978,69.0
ISL,Iceland,2015,53505.696,73.626,80.174,260.33,2.5,2.0,98.567,89.734,75.642,0.006,,92.0,1.042,97.5,99.8,,,,,,,,0.062,79.67,41.27,0.956,82.164,13.37,5.995,2.956,11.947,3.082,0.9238757,70.0
ISL,Iceland,2016,56049.293,75.111,83.028,,2.5,2.0,99.454,89.989,74.701,0.005,,91.0,1.388,97.5,99.8,,,,,,,,0.052,79.75,47.619,0.959,81.829,13.46,5.429,2.795,11.088,2.404,0.8883079,71.0
ISL,Iceland,2017,56657.98,74.784,82.271,,2.5,2.0,99.834,91.273,71.337,0.005,,89.0,2.346,97.5,99.8,,,,,,,,0.054,78.9,38.095,0.962,82.241,13.55,5.75,2.209,11.641,3.4,0.9533574,72.0
ISL,Iceland,2018,57731.652,73.924,80.319,,2.5,2.0,,,69.34,0.006,,91.0,2.678,97.5,99.8,,,,,,,,0.049,77.92,38.095,0.966,82.453,13.64,5.246,2.201,10.678,2.86,0.9340422,73.0
ISL,Iceland,2019,57118.845,73.044,78.581,,2.5,2.0,,,70.609,0.007,,93.0,2.199,97.5,99.8,,,,,,,,0.045,77.37,38.095,0.969,82.847,13.73,5.09,2.262,10.678,2.331,1.011644,74.0
ISL,Iceland,2020,52464.307,69.526,72.866,263.351,2.5,2.0,,,74.591,0.019,,93.0,1.623,97.5,99.8,,,,,,,,0.041,75.0,38.095,0.965,82.711,13.77,5.42,2.262,10.678,3.321,,
IND,India,1990,537.87,,46.529,,,84.3,77.12,,5.93,2.22,,70.0,2.213,,91.57,,,,,,,,0.697,33.71,7.342,0.446,58.618,2.781,,,,,-0.8351336,45.0
IND,India,1991,531.898,53.537,46.491,,,82.4,,,6.009,2.102,,57.0,2.168,,91.76,,48.0,,,0.714,,0.494,0.698,33.71,7.342,0.448,59.032,2.884,,,,,-0.7323974,46.0
IND,India,1992,549.235,53.561,46.446,,,80.6,,,,1.99,437.0,56.0,2.13,,91.94,56.3,,,,,,,0.7,32.76,7.342,0.453,59.445,2.987,,,,,-0.7687641,47.0
IND,India,1993,563.373,53.581,46.386,,,78.9,,,,1.885,,61.0,2.1,,92.11,,,,,,,,0.702,31.8,7.342,0.458,59.823,3.091,,,,,-1.148382,48.0
IND,India,1994,588.728,53.655,46.32,,,77.3,,,,1.787,,67.0,2.044,,92.27,,,,,,,,0.702,30.85,7.342,0.463,60.237,3.194,,,,,-1.369816,49.0
IND,India,1995,620.7,53.975,46.776,,,75.6,,,5.478,1.694,,71.0,2.013,,92.44,,,,,,,,0.702,30.82,7.342,0.469,60.63,3.297,,,,,-1.625231,50.0
IND,India,1996,654.356,54.302,47.232,,,73.8,,,6.199,1.6,,66.0,1.998,,92.62,,,,,,,,0.697,30.8,7.342,0.476,61.027,3.466,,,,,-1.597145,51.0
IND,India,1997,667.598,54.592,47.688,,,72.0,,,6.471,1.505,,62.0,1.966,,92.8,,,,,,,,0.692,30.77,7.342,0.482,61.439,3.635,,,,,-1.174154,52.0
IND,India,1998,695.294,54.892,48.143,,,70.2,,,,1.421,398.0,61.0,1.936,,92.98,60.2,,,,,,,0.682,30.75,8.257,0.488,61.852,3.805,,,,,-0.7014086,53.0
IND,India,1999,742.539,55.213,48.595,,,68.2,,,,1.338,540.0,59.0,1.902,,93.18,46.0,,,,,,,0.676,30.72,8.497,0.496,62.284,3.974,,,,,-0.6180073,54.0
IND,India,2000,756.704,55.52,49.045,,,66.3,79.508,,9.938,1.267,327.0,58.0,1.879,,93.37,67.3,,,,,,,0.671,30.69,8.497,0.501,62.749,4.143,,,,,-0.6501053,55.0
IND,India,2001,778.507,55.363,48.283,,18.1,64.3,79.376,,10.027,1.201,,59.0,1.871,81.9,93.57,,61.0,,,0.728,,0.548,0.65,37.71,8.917,0.511,63.158,4.22,,,,,-0.6242898,56.0
IND,India,2002,793.616,55.175,47.512,,19.7,62.4,78.998,,10.559,1.103,301.0,59.0,1.811,80.3,93.76,69.9,,,,,,,0.643,37.56,8.917,0.516,63.649,4.297,,,,,-0.140552,57.0
IND,India,2003,841.279,55.056,46.731,,21.2,60.5,83.574,,11.058,1.012,,61.0,1.734,78.8,93.95,,,,,,,,0.637,37.42,9.299,0.529,64.086,4.374,,,,,-0.1301351,58.0
IND,India,2004,892.597,54.928,45.939,,21.7,58.6,,,11.393,0.93,,63.0,1.704,78.3,94.14,,,,,,,,0.629,37.27,9.276,0.538,64.484,4.451,,,,,-0.4104649,59.0
IND,India,2005,947.733,54.812,45.139,,21.1,56.7,,,11.128,0.837,254.0,65.0,1.631,78.9,94.33,74.6,,,,,,,0.615,37.12,9.299,0.547,64.939,4.528,,,,,-0.2426068,60.0
IND,India,2006,1008.233,53.938,43.373,,18.9,54.8,,,11.963,0.756,,65.0,1.564,81.1,94.52,,63.0,,,0.722,-0.095,0.548,0.601,35.48,9.022,0.557,65.373,4.635,,,,,-0.5619691,61.0
IND,India,2007,1069.247,53.076,41.62,,16.6,52.8,91.125,,13.656,0.682,,64.0,1.506,83.4,94.72,,,,,,,,0.594,33.83,9.311,0.566,65.803,4.742,,,,,-0.4859415,62.0
IND,India,2008,1086.506,52.2,39.885,,15.3,50.8,90.873,,15.649,0.619,212.0,70.0,1.439,84.7,94.92,78.8,,,,,,,0.596,32.19,9.184,0.574,66.247,4.849,,,,,-0.6587964,63.0
IND,India,2009,1155.102,51.379,38.171,,15.0,48.7,90.654,,16.678,0.561,,74.0,1.446,85.0,95.13,,,,,,,,0.58,30.54,10.283,0.579,66.7,4.956,,,,,-0.4795555,64.0
IND,India,2010,1235.159,50.586,36.482,129.542,14.6,46.7,90.955,,18.697,0.501,,79.0,1.455,85.4,95.33,,,,,,,,0.566,28.9,10.673,0.59,67.162,5.063,35.077,42.42,37.147,25.664,-0.5397061,65.0
IND,India,2011,1281.611,50.012,35.205,,14.2,44.6,90.372,,23.825,0.45,178.0,82.0,1.417,85.8,95.54,82.2,69.0,0.2877688407897949,Asia,0.672,0.023,0.579,0.561,28.08,10.914,0.603,67.623,5.3,34.792,42.42,37.147,24.809,-0.5321575,66.0
IND,India,2012,1333.096,49.418,33.949,,13.4,42.5,91.572,,24.94,0.405,167.0,82.0,1.374,86.6,95.75,83.3,,,,,,,0.557,27.25,10.886,0.609,68.076,5.398,34.872,42.42,38.424,23.771,-0.6668515,67.0
IND,India,2013,1399.454,49.267,33.475,,12.8,40.5,92.257,61.631,24.391,0.363,,83.0,1.333,87.2,95.95,,,,,,,,0.55,26.17,10.886,0.615,68.499,5.495,34.603,42.42,38.424,22.964,-0.6015638,68.0
IND,India,2014,1484.316,49.132,32.906,,12.6,38.5,,,25.991,0.319,,85.0,1.261,87.4,96.15,,,,,,,,0.528,25.08,11.832,0.625,68.932,5.593,34.318,42.42,38.424,22.109,-0.8708066,69.0
IND,India,2015,1583.998,48.985,32.24,134.644,12.1,36.6,,,27.285,0.296,130.0,87.0,1.193,87.9,96.34,87.0,,,,,,,0.496,24.0,12.214,0.633,69.326,5.69,32.739,38.668,38.424,21.125,-0.1864707,70.0
IND,India,2016,1694.465,48.83,31.552,,11.6,34.7,,,27.304,0.275,,88.0,1.192,88.4,96.53,,,,,,,,0.484,22.91,11.69,0.644,69.709,5.788,32.072,38.668,37.199,20.348,-0.3196815,71.0
IND,India,2017,1788.698,48.655,30.836,,10.6,33.0,,,27.909,0.246,,89.0,1.162,89.4,96.7,,,,,,,,0.488,21.83,11.578,0.649,70.068,6.014,31.91,38.668,37.441,19.62,-0.1964017,72.0
IND,India,2018,1883.358,48.466,30.082,,10.5,31.3,,,28.532,0.231,,90.0,1.097,89.5,96.87,,,,,,,,0.487,20.75,11.682,0.648,70.415,6.24,32.073,38.668,38.815,18.735,-0.2736352,73.0
IND,India,2019,1936.031,48.88,29.294,,11.8,29.7,,,29.023,0.211,,91.0,1.04,88.2,97.03,,,,,,,,0.464,24.04,13.486,0.651,70.746,6.281,31.059,36.876,38.21,18.092,-0.1551749,74.0
IND,India,2020,1806.501,47.496,28.554,149.447,13.4,28.2,,,29.82,0.202,,85.0,0.973,86.6,97.18,,,,,,,,0.441,26.17,13.393,0.652,70.156,6.49,31.138,36.876,39.357,17.182,,
IDN,Indonesia,1990,1470.918,,50.985,,,64.3,96.233,,8.295,1.247,,60.0,1.814,,93.57,,82.0,0.3106927275657654,Asia,0.192,,0.943,0.606,50.54,11.4,0.531,63.249,3.22,,,,,-0.8122087,45.0
IDN,Indonesia,1991,1544.996,64.22,51.375,,,61.7,95.322,,8.551,1.186,,62.0,1.77,,93.83,,,,,,,,0.604,49.6,11.4,0.538,63.703,3.493,,,,,-1.142011,46.0
IDN,Indonesia,1992,1617.11,64.503,51.468,,,59.2,94.458,,9.378,1.09,,64.0,1.733,,94.08,,,,,,,,0.596,50.44,11.4,0.545,64.182,3.766,,,,,-1.113237,47.0
IDN,Indonesia,1993,1693.107,63.8,50.066,,,56.7,93.255,,9.34,0.976,,66.0,1.702,,94.33,,,,,,,,0.583,49.53,11.4,0.555,64.851,4.039,,,,,-1.373436,48.0
IDN,Indonesia,1994,1790.327,63.882,52.972,,,54.2,93.787,,10.496,0.976,,68.0,1.686,,94.58,,,,,,,,0.581,50.81,11.4,0.565,65.041,4.313,,,,,-1.392622,49.0
IDN,Indonesia,1995,1905.542,63.752,52.55,,,51.8,93.611,41.824,11.302,0.966,,69.0,1.663,,94.82,,,,,,,,0.577,50.77,11.4,0.575,65.263,4.586,,,,,-1.364504,50.0
IDN,Indonesia,1996,2020.991,63.619,52.127,,,49.5,92.516,,11.522,0.945,,72.0,1.645,,95.05,,,,,,,,0.575,50.73,11.4,0.585,65.465,4.859,,,,,-1.464736,51.0
IDN,Indonesia,1997,2081.842,63.231,50.657,,,47.3,92.462,,13.364,0.906,,73.0,1.626,,95.27,,,,,,,,0.57,49.93,11.4,0.595,65.774,5.132,,,,,-1.29599,52.0
IDN,Indonesia,1998,1780.2,63.276,50.28,,,45.2,,,13.335,0.862,,74.0,1.581,,95.48,,,,,,,,0.566,51.15,11.4,0.591,65.942,5.405,,,,,-0.9823068,53.0
IDN,Indonesia,1999,1767.515,62.948,51.605,,,43.2,,,14.686,0.837,,75.0,1.503,,95.68,,,,,,,,0.556,51.16,11.4,0.595,66.001,5.678,,,,,-0.9142857,54.0
IDN,Indonesia,2000,1828.103,63.638,51.8,,,41.3,,,14.811,0.79,,75.0,1.432,,95.87,,,,,,,,0.575,51.69,8.0,0.6,66.292,5.951,,,,,-0.9440358,55.0
IDN,Indonesia,2001,1868.592,63.046,50.664,,18.1,39.5,91.943,49.59,14.123,0.748,,76.0,1.388,81.9,96.05,,,,,,,,0.573,50.0,8.0,0.608,66.583,6.224,,,,,-0.9634497,56.0
IDN,Indonesia,2002,1926.374,61.62,50.054,,18.1,37.7,91.327,50.802,14.682,0.696,,70.0,1.356,81.9,96.23,,,,,,,,0.574,48.01,8.0,0.617,66.954,6.498,,,,,-0.9641271,57.0
IDN,Indonesia,2003,1991.918,61.299,49.274,,18.0,36.1,90.641,53.466,15.772,0.673,,71.0,1.324,82.0,96.39,,,,,,,,0.568,47.8,8.0,0.625,67.134,6.771,,,,,-0.8835887,58.0
IDN,Indonesia,2004,2065.706,60.879,50.414,,18.2,36.7,89.737,54.897,16.177,0.673,,71.0,1.271,81.8,96.33,,90.0,0.3041650652885437,Asia,0.696,-0.491,0.757,0.552,47.2,11.273,0.624,65.521,7.044,,,,,-1.092105,59.0
IDN,Indonesia,2005,2155.448,59.283,47.618,,18.4,33.2,88.931,53.396,16.697,0.648,,72.0,1.284,81.6,96.68,,,,,,,,0.55,45.91,11.273,0.638,67.531,7.317,,,,,-1.189872,60.0
IDN,Indonesia,2006,2244.08,59.359,48.632,,18.1,31.8,91.792,57.578,16.767,0.635,,72.0,1.325,81.9,96.82,,92.0,0.3152412176132202,Asia,0.707,-0.349,0.748,0.544,45.92,11.273,0.646,67.664,7.59,,,,,-1.230157,61.0
IDN,Indonesia,2007,2355.153,60.889,50.571,,17.5,30.5,93.816,64.842,17.577,0.617,,73.0,1.321,82.5,96.95,,,,,,,,0.536,49.77,11.636,0.649,67.914,7.02,,,,,-1.073251,62.0
IDN,Indonesia,2008,2464.602,61.589,49.368,,16.5,29.3,93.134,64.026,20.521,0.59,,77.0,1.297,83.5,97.07,,92.0,0.3263291120529175,Asia,0.711,-0.263,0.751,0.534,50.39,11.636,0.653,68.085,7.07,,,,,-1.041075,63.0
IDN,Indonesia,2009,2546.22,62.014,48.053,,15.0,28.2,93.761,64.765,22.693,0.574,,78.0,1.267,85.0,97.18,,93.0,0.3343270719051361,Asia,0.69,-0.33,0.75,0.505,50.31,17.857,0.663,68.267,7.31,,,,,-1.003387,64.0
IDN,Indonesia,2010,2670.813,62.845,47.127,151.522,12.9,27.1,94.23,66.649,23.416,0.565,,81.0,1.261,87.1,97.29,,,,,,,,0.494,50.97,18.036,0.67,68.364,7.41,20.068,19.222,22.916,18.066,-1.171411,65.0
IDN,Indonesia,2011,2799.625,63.465,46.77,,10.9,26.1,93.738,72.919,25.027,0.545,,81.0,1.277,89.1,97.39,,93.0,0.3792591392993927,Asia,0.688,-0.322,0.75,0.501,50.96,18.214,0.678,68.629,7.51,20.816,19.538,25.419,17.492,-0.7867208,66.0
IDN,Indonesia,2012,2930.518,64.404,48.069,,9.5,25.1,92.853,74.177,29.043,0.517,,87.0,1.286,90.5,97.49,,,,,,,,0.489,51.47,18.571,0.686,68.862,7.607,20.556,19.121,25.403,17.145,-0.9327182,67.0
IDN,Indonesia,2013,3055.242,63.863,47.058,,8.3,24.1,90.576,75.36,29.895,0.472,,92.0,1.24,91.7,97.59,,,,,,,,0.482,50.7,18.571,0.69,69.064,7.703,20.28,18.554,25.65,16.635,-0.92844,68.0
IDN,Indonesia,2014,3170.721,63.927,45.88,,7.8,23.2,90.001,75.213,29.99,0.438,,88.0,1.175,92.2,97.68,,95.0,0.3877997100353241,Asia,0.665,-0.066,0.757,0.482,50.63,16.937,0.693,69.292,7.8,19.918,18.429,25.189,16.137,-1.124931,69.0
IDN,Indonesia,2015,3288.223,63.573,46.302,170.703,7.1,22.3,,75.772,32.459,0.409,,84.0,1.122,92.9,97.77,,95.0,0.3820753395557403,Asia,0.654,-0.326,0.692,0.477,50.76,17.117,0.701,69.52,7.91,19.995,18.625,25.527,15.834,-1.053798,70.0
IDN,Indonesia,2016,3416.81,63.462,46.265,,6.6,21.5,92.773,,34.831,0.383,,84.0,1.074,93.4,97.85,,95.0,0.3688569962978363,Asia,0.645,-0.051,0.698,0.471,50.94,17.117,0.705,69.733,7.98,18.807,16.155,24.892,15.373,-0.9989701,71.0
IDN,Indonesia,2017,3553.52,64.171,46.443,,6.0,20.7,94.098,,35.967,0.354,,85.0,1.022,94.0,97.93,,,,,,,,0.455,51.93,19.821,0.712,69.953,8.24,19.361,18.749,24.579,14.756,-1.031272,72.0
IDN,Indonesia,2018,3701.322,64.684,47.608,,6.0,19.9,93.496,78.731,36.149,0.337,,85.0,0.97,94.0,98.01,,96.0,0.3633864521980285,Asia,0.603,0.141,0.733,0.444,53.11,19.821,0.715,70.08,8.16,18.673,17.246,24.357,14.416,-1.09071,73.0
IDN,Indonesia,2019,3850.903,65.789,48.091,,6.4,19.3,,,37.323,0.32,,85.0,0.936,93.6,98.07,,,,,,,,0.436,53.92,17.391,0.714,70.349,8.36,17.74,15.66,23.606,13.954,-0.8749062,74.0
IDN,Indonesia,2020,3739.449,64.533,47.077,175.188,6.6,18.6,,,38.165,0.362,,77.0,0.85,93.4,98.14,,96.0,0.3533561527729034,Asia,0.574,0.317,0.765,0.429,53.18,20.348,0.71,68.817,8.56,17.536,15.497,23.629,13.483,,
IRN,Iran; Islamic Rep.,1990,3222.201,,37.966,,,48.6,91.444,,,0.519,,91.0,2.911,,95.14,,,,,,,,,,,,,,,,,,-1.075702,45.0
IRN,Iran; Islamic Rep.,1991,3534.654,41.588,37.297,,,46.4,,,,0.428,,88.0,2.715,,95.36,,,,,,,,,,,,,,,,,,-0.9658397,46.0
IRN,Iran; Islamic Rep.,1992,3579.732,41.373,36.114,,,44.3,95.099,,,0.354,,97.0,1.978,,95.57,,,,,,,,,,,,,,,,,,-1.10102,47.0
IRN,Iran; Islamic Rep.,1993,3514.52,40.954,34.955,,,42.5,,,,0.302,,99.0,0.357,,95.75,,,,,,,,,,,,,,,,,,-1.373264,48.0
IRN,Iran; Islamic Rep.,1994,3448.26,40.496,33.774,,,40.9,,,,0.227,,95.0,0.19,,95.91,,,,,,,,,,,,,,,,,,-1.862805,49.0
IRN,Iran; Islamic Rep.,1995,3492.172,40.182,32.541,,,39.3,,,17.337,0.18,,98.0,1.107,,96.07,,,,,,,,,,,,,,,,,,-1.588035,50.0
IRN,Iran; Islamic Rep.,1996,3674.033,39.933,31.29,,,37.8,,,18.963,0.145,,99.0,1.08,,96.22,,,,,,,,,,,,,,,,,,-1.900343,51.0
IRN,Iran; Islamic Rep.,1997,3679.275,39.68,31.569,,,36.3,91.56,,,0.124,,99.0,1.199,,96.37,,,,,,,,,,,,,,,,,,-1.837246,52.0
IRN,Iran; Islamic Rep.,1998,3704.566,39.398,31.857,,,34.7,,,,0.105,,99.0,1.374,,96.53,,,,,,,,,,,,,,,,,,-1.459626,53.0
IRN,Iran; Islamic Rep.,1999,3725.317,39.093,32.164,,,33.1,85.428,,18.793,0.094,,99.0,1.424,,96.69,,,,,,,,,,,,,,,,,,-1.598688,54.0
IRN,Iran; Islamic Rep.,2000,3885.302,38.971,32.494,,,31.5,86.135,,18.78,0.084,,99.0,1.476,,96.85,,,,,,,,,,,,,,,,,,-1.362311,55.0
IRN,Iran; Islamic Rep.,2001,3917.299,38.847,32.849,,4.9,29.8,,,19.492,0.076,,96.0,1.544,95.1,97.02,,,,,,,,,,,,,,,,,,-1.490678,56.0
IRN,Iran; Islamic Rep.,2002,4198.954,38.867,33.237,,5.2,28.1,97.129,,18.276,0.071,27.4,99.0,0.826,94.8,97.19,97.26,,,,,,,,,,,,,,,,,-1.334051,57.0
IRN,Iran; Islamic Rep.,2003,4511.431,39.776,33.708,,5.5,26.4,96.047,,19.406,0.067,28.3,99.0,1.108,94.5,97.36,97.17,,,,,,,,,,,,,,,,,-1.229823,58.0
IRN,Iran; Islamic Rep.,2004,4607.452,40.819,34.252,,5.9,24.8,97.761,,21.371,0.062,24.1,99.0,2.139,94.1,97.52,97.59,,,,,,,,,,,,,,,,,-1.30509,59.0
IRN,Iran; Islamic Rep.,2005,4650.358,40.671,34.818,,6.4,23.3,95.33,,22.684,0.06,23.8,95.0,2.213,93.6,97.67,97.62,,,,,,,,,,,,,,,,,-1.496736,60.0
IRN,Iran; Islamic Rep.,2006,4778.793,40.076,33.212,,6.9,21.8,95.875,,25.307,0.058,21.7,98.0,2.154,93.1,97.82,97.83,,,,,,,,,,,,,,,,,-1.520322,61.0
IRN,Iran; Islamic Rep.,2007,5084.718,39.647,31.544,,7.4,20.5,95.129,,29.821,0.057,24.7,99.0,1.635,92.6,97.95,97.53,,,,,,,,,,,,,,,,,-1.527786,62.0
IRN,Iran; Islamic Rep.,2008,5035.94,37.778,29.0,,7.9,19.2,,,36.194,0.055,20.9,99.0,1.214,92.1,98.08,97.91,,,,,,,,,,,,,,,,,-1.840482,63.0
IRN,Iran; Islamic Rep.,2009,5023.893,37.819,29.591,,8.4,18.1,97.705,77.813,36.483,0.053,25.4,99.0,1.242,91.6,98.19,97.46,,,,,,,,,,,,,,,,,-1.654562,64.0
IRN,Iran; Islamic Rep.,2010,5249.061,36.51,28.987,156.73,9.4,17.2,96.554,76.342,42.548,0.051,22.1,99.0,1.252,90.6,98.28,97.79,,,,,,,,,,,,,,,,,-2.028844,65.0
IRN,Iran; Islamic Rep.,2011,5321.759,35.543,26.492,,9.5,16.4,96.704,78.614,48.06,0.05,21.5,99.0,1.236,90.5,98.36,97.85,,,,,,,,,,,,,,,,,-1.616247,66.0
IRN,Iran; Islamic Rep.,2012,5058.646,36.641,27.406,,9.2,15.7,97.934,80.446,53.9,0.05,19.9,99.0,1.251,90.8,98.43,98.01,,,,,,,,,,,,,,,,,-1.903428,67.0
IRN,Iran; Islamic Rep.,2013,4916.973,36.79,26.038,,8.0,15.0,98.639,77.675,56.463,0.049,19.7,98.0,1.307,92.0,98.5,98.03,,,,,,,,,,,,,,,,,-1.531619,68.0
IRN,Iran; Islamic Rep.,2014,5093.203,36.522,24.729,,7.6,14.4,99.522,77.873,64.5,0.048,,99.0,1.343,92.4,98.56,,,,,,,,,,,,,,,,,,-1.711639,69.0
IRN,Iran; Islamic Rep.,2015,4952.734,37.258,25.063,165.269,7.4,13.9,99.691,,70.686,0.047,,98.0,1.362,92.6,98.61,,,,,,,,,,,,,,,,,,-1.481852,70.0
IRN,Iran; Islamic Rep.,2016,5312.617,37.718,26.406,,7.7,13.5,99.709,80.173,67.911,0.045,,99.0,1.433,92.3,98.65,,,,,,,,,,,,,,,,,,-1.998561,71.0
IRN,Iran; Islamic Rep.,2017,5395.24,38.824,27.606,,8.0,13.0,99.703,81.375,66.351,0.042,,99.0,1.439,92.0,98.7,,,,,,,,,,,,,,,,,,-1.591346,72.0
IRN,Iran; Islamic Rep.,2018,5127.225,38.977,27.219,,8.0,12.5,,,60.861,0.037,,99.0,1.275,92.0,98.75,,,,,,,,,,,,,,,,,,-1.916095,73.0
IRN,Iran; Islamic Rep.,2019,4952.457,39.299,26.028,,7.7,12.1,,,58.117,0.032,,99.0,1.078,92.3,98.79,,,,,,,,,,,,,,,,,,-1.703532,74.0
IRN,Iran; Islamic Rep.,2020,5132.824,37.352,22.308,178.397,6.9,11.7,,,55.637,0.056,,99.0,0.769,93.1,98.83,,,,,,,,,,,,,,,,,,,
IRQ,Iraq,1990,3526.579,,36.825,,,54.8,,,,1.089,,83.0,1.24,,94.52,,,,,,,,,,,,,,,,,,-1.125354,45.0
IRQ,Iraq,1991,1254.631,38.784,36.744,,,48.7,,,,0.867,,78.0,1.053,,95.13,,,,,,,,,,,,,,,,,,-1.549861,46.0
IRQ,Iraq,1992,1615.039,38.84,36.565,,,43.3,,,,0.69,,74.0,2.959,,95.67,,,,,,,,,,,,,,,,,,-1.587686,47.0
IRQ,Iraq,1993,2005.564,38.822,36.478,,,42.7,78.605,35.219,,0.702,,70.0,4.803,,95.73,,,,,,,,,,,,,,,,,,-1.708745,48.0
IRQ,Iraq,1994,1985.797,38.872,36.396,,,42.1,,,,0.75,291.0,72.0,4.773,,95.79,70.9,,,,,,,,,,,,,,,,,-1.663809,49.0
IRQ,Iraq,1995,1961.093,38.761,36.288,,,41.5,,,,0.785,,74.0,3.35,,95.85,,,,,,,,0.725,8.42,6.4,0.538,64.761,5.224,,,,,,
IRQ,Iraq,1996,2108.823,38.712,36.192,,,40.9,76.14,,,0.8,,76.0,3.192,,95.91,,,,,,,,0.724,8.42,6.4,0.557,64.618,5.298,,,,,,
IRQ,Iraq,1997,2478.843,38.765,36.041,,,40.3,,,,0.827,,78.0,3.092,,95.97,,,,,,,,0.72,8.75,6.4,0.565,64.241,5.373,,,,,,
IRQ,Iraq,1998,3242.957,38.802,35.571,,,39.7,,,,0.806,,76.0,3.142,,96.03,,,,,,,,0.717,9.1,6.4,0.58,64.405,5.449,,,,,,
IRQ,Iraq,1999,3691.741,38.787,35.103,,,39.0,90.042,30.648,11.62,0.765,,81.0,3.234,,96.1,,,,,,,,0.702,9.44,6.4,0.589,64.532,5.526,,,,,,
IRQ,Iraq,2000,4172.78,38.712,34.638,,,38.4,88.897,32.538,12.05,0.701,,80.0,3.278,,96.16,,74.0,,,0.146,-1.928,0.889,0.679,9.79,7.6,0.592,64.86,5.604,,,,,,
IRQ,Iraq,2001,4116.094,38.573,34.174,,20.1,37.7,,,,0.651,,78.0,3.119,79.9,96.23,,,,,,,,0.674,10.14,7.6,0.598,65.292,5.685,,,,,,
IRQ,Iraq,2002,3660.925,38.368,33.713,,19.5,37.0,,,12.616,0.592,,77.0,3.159,80.5,96.3,,,,,,,,0.67,10.48,7.6,0.6,65.724,5.767,,,,,,
IRQ,Iraq,2003,2250.07,38.175,33.254,,18.4,36.4,94.377,35.897,,0.574,,75.0,3.015,81.6,96.36,,,,,,,,0.671,10.83,7.6,0.582,64.834,5.848,,,,,,
IRQ,Iraq,2004,3354.266,38.228,32.797,,17.8,35.7,93.0,40.47,15.51,0.553,,74.0,2.851,82.2,96.43,,,,,,,,0.671,11.18,7.6,0.604,64.634,5.93,,,,,-1.328339,59.0
IRQ,Iraq,2005,3310.863,38.238,32.343,,16.5,35.0,,,15.558,0.527,,65.0,2.964,83.5,96.5,,,,,,,,0.669,11.52,7.6,0.609,64.899,6.011,,,,,-0.3946035,60.0
IRQ,Iraq,2006,3471.987,38.255,31.892,,16.5,34.3,,,,0.551,,59.0,0.733,83.5,96.57,,,,,,,,0.615,11.87,25.455,0.611,64.029,6.093,,,,,-0.7095563,61.0
IRQ,Iraq,2007,3565.581,38.107,31.443,,16.4,33.5,92.796,45.161,,0.529,,57.0,-0.789,83.6,96.65,,,,,,,,0.614,12.22,25.455,0.618,64.428,6.169,,,,,-0.6553029,62.0
IRQ,Iraq,2008,3781.78,38.049,31.137,,15.6,32.7,,,,0.48,,69.0,2.02,84.4,96.73,,,,,,,,0.615,12.15,25.455,0.634,66.465,6.246,,,,,-0.6728573,63.0
IRQ,Iraq,2009,3768.173,37.937,30.832,,14.5,31.8,,,,0.474,,78.0,3.684,85.5,96.82,,,,,,,,0.614,12.09,25.455,0.644,67.834,6.323,,,,,-0.8696438,64.0
IRQ,Iraq,2010,3881.943,37.865,30.529,,13.4,30.9,,,,0.483,,74.0,3.231,86.6,96.91,,,,,,,,0.612,12.03,25.231,0.65,68.092,6.4,,,25.4,18.618,-0.8171077,65.0
IRQ,Iraq,2011,4030.017,37.762,30.229,,13.6,30.1,,,,0.485,,81.0,3.532,86.4,96.99,,,,,,,,0.612,11.96,25.231,0.656,68.435,6.477,24.77,30.631,25.4,18.28,-0.5938029,66.0
IRQ,Iraq,2012,4387.905,37.723,29.93,,14.2,29.2,,,,0.453,35.0,72.0,4.539,85.8,97.08,96.5,77.0,0.2954185605049133,Asia,0.414,-1.056,0.842,0.61,11.9,25.231,0.664,68.827,6.507,24.605,30.631,25.4,17.785,-0.8131409,67.0
IRQ,Iraq,2013,4504.827,38.087,30.472,,14.9,28.4,,,,0.426,,73.0,4.722,85.1,97.16,,,,,,,,0.601,12.76,25.231,0.668,69.047,6.537,24.529,30.631,25.475,17.48,-0.8890105,68.0
IRQ,Iraq,2014,4446.973,38.384,31.021,,15.3,27.5,,,,0.388,,73.0,3.531,84.7,97.25,,82.0,,,0.402,-1.054,0.865,0.587,13.61,25.305,0.671,69.679,6.567,24.268,30.631,25.475,16.697,-0.9336878,69.0
IRQ,Iraq,2015,4440.142,38.364,30.056,123.677,15.7,26.7,,,,0.351,,68.0,2.727,84.3,97.33,,,,,,,,0.578,14.08,26.524,0.675,69.977,6.597,24.2,30.631,25.475,16.495,-0.9826935,70.0
IRQ,Iraq,2016,4932.927,38.481,29.108,,16.1,25.9,,,,0.335,,71.0,2.392,83.9,97.41,,83.0,,,0.393,-1.229,0.878,0.558,14.55,26.524,0.676,68.683,6.628,24.264,30.631,25.475,16.685,-1.071314,71.0
IRQ,Iraq,2017,4736.327,36.436,27.379,,16.0,25.1,,,,0.296,,81.0,2.231,84.0,97.49,,86.0,,,0.371,-1.222,0.868,0.579,11.18,25.305,0.681,69.788,6.658,24.001,30.631,25.475,15.898,-0.8469599,72.0
IRQ,Iraq,2018,4749.009,35.693,26.848,,15.8,24.4,,,,0.269,,86.0,2.332,84.2,97.56,,,,,,,,0.573,11.08,25.228,0.689,71.116,6.688,23.429,29.746,25.475,15.067,-0.94621,73.0
IRQ,Iraq,2019,4898.149,34.81,26.264,,15.4,23.6,,,,0.26,,84.0,2.275,84.6,97.64,,,,,,,,0.571,10.97,25.228,0.693,71.245,6.718,23.391,29.746,25.475,14.953,-0.9461818,74.0
IRQ,Iraq,2020,4213.998,33.952,27.019,137.297,15.1,22.9,,,,0.217,,74.0,2.219,84.9,97.71,,,,,,,,0.569,10.87,26.444,0.68,69.651,6.749,23.225,29.746,25.475,14.454,,
IRL,Ireland,1990,23456.999,,84.554,,,7.6,89.369,,,0.021,,65.0,0.084,,99.24,,,,,,,,0.222,35.38,13.717,0.776,74.838,9.132,,,,,1.025664,45.0
IRL,Ireland,1991,23772.566,51.31,83.826,,,7.2,88.847,78.045,,0.019,,67.0,0.575,,99.28,,,,,,,,0.221,36.05,13.717,0.78,75.027,9.27,,,,,1.120381,46.0
IRL,Ireland,1992,24400.306,51.142,80.432,,,6.7,87.952,79.511,,0.018,,68.0,0.682,,99.33,,,,,,,,0.218,36.82,13.717,0.787,75.423,9.41,,,,,1.087056,47.0
IRL,Ireland,1993,24932.377,51.319,80.717,,,6.4,87.588,,,0.016,,70.0,0.5,,99.36,,,,,,,,0.204,38.56,13.717,0.794,75.289,9.55,,,,,1.156527,48.0
IRL,Ireland,1994,26263.709,52.383,79.821,,,6.1,87.643,,,0.015,,71.0,0.394,,99.39,,,,,,,,0.197,39.5,13.717,0.805,75.796,9.69,,,,,1.083132,49.0
IRL,Ireland,1995,28646.818,54.331,80.264,,,6.1,87.943,82.851,,0.015,,73.0,0.513,,99.39,,,,,,,,0.196,39.93,13.717,0.809,75.474,9.83,,,,,0.9962952,50.0
IRL,Ireland,1996,30518.404,55.57,80.954,,,6.1,88.806,82.534,,0.013,,74.0,0.791,,99.39,,,,,,,,0.198,41.54,13.717,0.816,75.826,9.97,,,,,1.022986,51.0
IRL,Ireland,1997,33543.994,56.034,78.668,,,6.1,,81.644,,0.015,,76.0,1.003,,99.39,,,,,,,,0.204,42.67,13.717,0.823,75.977,10.11,,,,,1.190282,52.0
IRL,Ireland,1998,36105.918,58.45,79.087,,,6.1,94.671,88.225,,0.013,,84.0,1.043,,99.39,,,,,,,,0.207,43.93,13.717,0.855,76.185,10.25,,,,,1.040378,53.0
IRL,Ireland,1999,39460.476,60.027,76.68,,,6.1,94.72,90.018,,0.013,,86.0,1.127,,99.39,,,,,,,,0.208,45.91,13.717,0.858,76.089,10.39,,,,,0.8907517,54.0
IRL,Ireland,2000,42599.48,61.579,76.222,,,6.0,94.794,90.367,,0.014,,86.0,1.333,,99.4,,,,,,,,0.209,47.15,13.717,0.869,76.535,10.53,,,,,0.8602915,55.0
IRL,Ireland,2001,44151.154,62.087,74.681,,2.5,5.8,94.637,90.541,50.675,0.013,,84.0,1.592,97.5,99.42,,,,,,,,0.206,47.56,13.717,0.876,77.1,10.67,,,,,0.9171226,56.0
IRL,Ireland,2002,45974.488,61.712,71.938,,2.5,5.5,94.808,91.593,53.535,0.012,,83.0,1.685,97.5,99.45,,,,,,,,0.2,48.78,14.159,0.883,77.59,10.81,,,,,0.8264342,57.0
IRL,Ireland,2003,46594.862,61.43,71.739,,2.5,5.1,94.889,92.274,55.846,0.011,,86.0,1.629,97.5,99.49,,,,,,,,0.197,49.14,14.159,0.891,78.1,10.95,,,,,0.761849,58.0
IRL,Ireland,2004,48856.324,61.473,69.799,,2.5,4.7,94.911,93.277,58.922,0.011,,89.0,1.828,97.5,99.53,,,,,,,,0.192,49.43,14.159,0.899,78.503,11.09,,,,,0.8522474,59.0
IRL,Ireland,2005,50547.212,62.883,71.117,,2.5,4.4,94.816,93.596,58.869,0.011,,90.0,2.179,97.5,99.56,,,,,,,,0.186,51.4,14.159,0.905,78.909,11.23,,,,,0.8428324,60.0
IRL,Ireland,2006,51656.819,63.208,70.138,,2.5,4.1,95.192,93.788,58.441,0.011,,91.0,2.696,97.5,99.59,,,,,,,,0.185,52.6,14.159,0.908,79.15,11.37,,,,,0.8374965,61.0
IRL,Ireland,2007,52849.695,63.299,69.374,,2.5,3.9,95.333,94.913,58.302,0.011,,92.0,2.891,97.5,99.61,,,,,,,,0.181,56.97,15.487,0.911,79.563,11.35,,,,,0.810599,62.0
IRL,Ireland,2008,49461.159,61.473,65.964,,2.5,3.8,95.407,94.539,54.017,0.013,,93.0,2.039,97.5,99.62,,,,,,,,0.178,56.83,15.487,0.907,79.788,11.423,,,,,0.8040777,63.0
IRL,Ireland,2009,46466.379,56.003,60.062,,2.5,3.7,95.468,95.876,56.504,0.012,,94.0,1.016,97.5,99.63,,,,,,,,0.17,56.11,16.071,0.907,80.095,11.497,,,,,0.8182974,64.0
IRL,Ireland,2010,46991.646,53.5,53.856,,2.5,3.6,95.207,96.663,63.126,0.011,,94.0,0.545,97.5,99.64,,,,,,,,0.163,55.25,16.071,0.915,80.599,11.57,8.562,4.896,16.929,3.861,0.7450183,65.0
IRL,Ireland,2011,47539.918,52.419,51.366,,2.5,3.5,97.527,,67.799,0.012,,95.0,0.436,97.5,99.65,,,,,,,,0.141,54.96,19.027,0.909,80.727,11.0,8.594,5.416,16.577,3.788,0.8427184,66.0
IRL,Ireland,2012,47147.16,52.073,50.275,,2.5,3.4,95.33,98.01,68.197,0.011,,95.0,0.424,97.5,99.66,,,,,,,,0.135,54.77,19.027,0.911,80.852,11.072,8.678,5.546,16.852,3.637,0.7258575,67.0
IRL,Ireland,2013,47928.035,53.402,49.889,,2.5,3.3,95.209,,71.7,0.009,,96.0,0.527,97.5,99.67,,,,,,,,0.121,55.27,19.912,0.915,81.065,11.143,8.457,4.919,16.747,3.705,0.8202266,68.0
IRL,Ireland,2014,52044.62,54.388,48.056,,2.5,3.3,95.357,98.071,73.813,0.009,,96.0,0.731,97.5,99.67,,,,,,,,0.116,54.93,19.469,0.921,81.406,11.215,8.078,3.363,17.291,3.58,0.8605546,69.0
IRL,Ireland,2015,64250.139,55.658,47.422,257.929,2.5,3.2,95.75,98.105,77.232,0.008,,95.0,0.945,97.5,99.68,,,,,,,,0.111,54.85,19.912,0.931,81.533,11.287,7.498,3.294,15.673,3.527,0.7136621,70.0
IRL,Ireland,2016,64205.98,56.917,50.463,,2.5,3.1,95.872,98.141,77.557,0.007,,95.0,1.284,97.5,99.69,,,,,,,,0.093,55.59,24.312,0.936,81.684,11.358,7.48,3.422,15.735,3.284,0.7820631,71.0
IRL,Ireland,2017,69748.622,57.764,46.685,,2.5,3.0,95.78,98.661,77.519,0.007,,95.0,1.35,97.5,99.7,,,,,,,,0.087,55.65,24.312,0.941,82.103,11.43,7.629,3.285,16.393,3.208,0.7595517,72.0
IRL,Ireland,2018,74029.055,58.575,46.718,,2.5,3.0,,,76.76,0.007,,94.0,1.451,97.5,99.7,,,,,,,,0.082,56.04,24.312,0.944,82.123,11.503,7.103,3.205,14.978,3.125,0.7447191,73.0
IRL,Ireland,2019,76485.636,59.227,47.061,,2.5,3.0,,,74.445,0.007,,94.0,1.589,97.5,99.7,,,,,,,,0.076,56.25,24.312,0.947,82.411,11.577,6.857,3.365,13.883,3.325,0.7918491,74.0
IRL,Ireland,2020,80927.936,57.655,43.681,264.083,2.5,3.1,,,74.196,0.008,,94.0,1.264,97.5,99.69,,,,,,,,0.066,55.1,27.273,0.948,82.39,11.651,6.68,2.678,14.259,3.103,,
ISR,Israel,1990,22395.112,,53.784,,,9.6,,,,0.077,,93.0,3.095,,99.04,,,,,,,,0.337,46.25,7.5,0.787,78.038,9.899,,,,,2.259146,45.0
ISR,Israel,1991,22716.567,51.118,55.182,,,9.2,,,,0.075,,94.0,6.017,,99.08,,,,,,,,0.331,46.66,7.5,0.791,77.583,9.966,,,,,2.383267,46.0
ISR,Israel,1992,23647.782,51.111,56.181,,,8.7,,,,0.073,,95.0,3.455,,99.13,,,,,,,,0.331,47.94,7.5,0.794,77.273,10.032,,,,,2.382083,47.0
ISR,Israel,1993,23975.469,53.128,60.194,,,8.1,,,,0.068,,96.0,2.658,,99.19,,,,,,,,0.317,49.06,7.5,0.801,77.862,10.099,,,,,2.341884,48.0
ISR,Israel,1994,25097.99,55.587,61.835,,,7.6,,,,0.063,,95.0,2.589,,99.24,,,,,,,,0.306,50.69,7.5,0.806,78.045,10.165,,,,,2.381565,49.0
ISR,Israel,1995,26050.727,56.668,61.687,,,7.2,,,,0.06,,96.0,2.668,,99.28,,,,,,,,0.296,51.64,7.5,0.81,78.052,10.232,,,,,2.835686,50.0
ISR,Israel,1996,26859.877,56.24,60.263,,,6.8,,,,0.053,,94.0,2.617,,99.32,,,,,,,,0.284,51.43,7.5,0.817,78.57,10.303,,,,,2.59501,51.0
ISR,Israel,1997,27143.456,55.074,59.217,,,6.4,,,,0.046,,95.0,2.498,,99.36,,,,,,,,0.271,51.38,7.5,0.824,78.552,10.375,,,,,2.51752,52.0
ISR,Israel,1998,27620.656,53.948,57.22,,,6.1,,,,0.037,,92.0,2.287,,99.39,,,,,,,,0.255,51.33,7.5,0.831,78.588,10.447,,,,,2.330431,53.0
ISR,Israel,1999,27814.026,53.976,57.024,,,5.8,97.504,97.143,,0.029,,91.0,2.546,,99.42,,,,,,,,0.206,52.48,11.667,0.839,78.891,10.519,,,,,2.211793,54.0
ISR,Israel,2000,29413.489,54.542,58.346,,,5.6,97.779,99.026,,0.023,,93.0,2.642,,99.44,,,,,,,,0.193,53.49,12.5,0.839,79.18,10.591,,,,,2.288434,55.0
ISR,Israel,2001,28808.13,54.089,57.434,,2.5,5.4,98.242,99.536,51.115,0.019,,92.0,2.357,97.5,99.46,,,,,,,,0.186,53.74,13.333,0.841,79.479,10.635,,,,,2.406623,56.0
ISR,Israel,2002,28195.868,52.757,53.43,,2.5,5.1,97.897,99.612,55.836,0.017,,90.0,2.014,97.5,99.49,,,,,,,,0.181,53.3,14.167,0.846,79.514,10.68,,,,,2.240758,57.0
ISR,Israel,2003,28092.618,52.657,53.599,,2.5,4.9,98.017,99.659,55.207,0.015,,93.0,1.806,97.5,99.51,,,,,,,,0.175,54.18,15.0,0.847,79.819,10.725,,,,,2.389821,58.0
ISR,Israel,2004,28883.248,53.373,54.447,,2.5,4.7,97.596,99.912,54.503,0.012,,95.0,1.768,97.5,99.53,,,,,,,,0.171,54.67,15.0,0.85,80.305,10.77,,,,,2.46504,59.0
ISR,Israel,2005,29623.717,54.79,55.772,,2.5,4.5,97.478,99.775,55.645,0.012,,93.0,1.763,97.5,99.55,,,,,,,,0.168,55.28,15.0,0.858,80.394,11.275,,,,,2.444359,60.0
ISR,Israel,2006,30734.962,55.56,56.225,,2.5,4.3,97.008,99.741,54.733,0.011,,95.0,1.768,97.5,99.57,,,,,,,,0.17,55.66,14.167,0.867,80.786,11.78,,,,,2.41684,61.0
ISR,Israel,2007,32103.163,56.885,55.574,,2.5,4.1,97.242,99.385,57.31,0.01,,95.0,1.776,97.5,99.59,,,,,,,,0.17,56.16,14.167,0.878,80.953,12.38,,,,,2.286259,62.0
ISR,Israel,2008,32554.041,57.972,53.969,,2.5,3.9,97.207,98.692,56.779,0.01,,94.0,1.777,97.5,99.61,,,,,,,,0.169,56.2,14.167,0.878,81.283,12.42,,,,,2.315673,63.0
ISR,Israel,2009,32178.573,56.88,52.74,,2.5,3.8,96.908,98.568,59.53,0.01,,96.0,2.39,97.5,99.62,,,,,,,,0.149,57.13,18.333,0.884,81.818,12.46,,,,,2.306125,64.0
ISR,Israel,2010,33344.721,57.893,52.683,231.328,2.5,3.7,97.044,98.337,62.129,0.01,,95.0,1.827,97.5,99.63,,,,,,,,0.144,57.47,19.167,0.889,81.974,12.5,13.395,8.529,27.748,3.907,2.404819,65.0
ISR,Israel,2011,34540.675,58.536,50.436,,2.5,3.5,96.695,98.456,62.76,0.01,,94.0,1.848,97.5,99.65,,,,,,,,0.137,57.13,20.0,0.892,81.989,12.6,12.966,8.431,26.767,3.7,2.354893,66.0
ISR,Israel,2012,34738.659,60.847,52.457,,2.5,3.4,97.301,98.495,64.235,0.009,,94.0,1.846,97.5,99.66,,,,,,,,0.133,59.37,20.0,0.893,81.985,12.69,12.979,7.633,27.63,3.673,2.381687,67.0
ISR,Israel,2013,35489.509,61.115,52.51,,2.5,3.3,96.883,98.619,62.652,0.009,,96.0,1.866,97.5,99.67,,,,,,,,0.118,59.23,22.5,0.899,82.354,12.8,11.968,6.972,25.501,3.431,2.524467,68.0
ISR,Israel,2014,36129.315,61.821,52.53,,2.5,3.2,96.713,98.741,62.622,0.009,,95.0,1.92,97.5,99.68,,,,,,,,0.116,60.18,22.5,0.902,82.361,12.92,11.931,6.737,25.581,3.476,2.469649,69.0
ISR,Israel,2015,36213.104,62.157,51.761,254.775,2.5,3.1,97.202,98.992,61.627,0.008,,95.0,1.981,97.5,99.69,,,,,,,,0.103,60.15,26.667,0.902,82.254,12.96,11.785,6.605,25.377,3.375,2.396909,70.0
ISR,Israel,2016,37093.788,62.535,51.288,,2.5,3.1,96.733,98.581,61.443,0.009,,94.0,1.96,97.5,99.69,,,,,,,,0.1,60.45,26.667,0.905,82.612,13.054,11.448,6.557,24.45,3.338,2.391507,71.0
ISR,Israel,2017,37963.049,62.78,51.118,,2.5,3.0,97.019,98.638,60.343,0.009,,98.0,1.939,97.5,99.7,,,,,,,,0.096,60.32,27.5,0.908,82.699,13.149,11.316,6.583,24.019,3.348,2.531747,72.0
ISR,Israel,2018,38729.643,62.869,49.885,,2.5,2.9,,,58.611,0.008,,98.0,1.927,97.5,99.71,,,,,,,,0.09,60.89,27.5,0.911,82.918,13.244,10.916,5.429,24.021,3.298,2.597877,73.0
ISR,Israel,2019,39407.202,62.571,48.691,,2.5,2.9,,,57.456,0.008,,98.0,1.909,97.5,99.71,,,,,,,,0.094,60.65,23.333,0.913,82.905,13.34,10.943,5.57,24.021,3.239,2.587448,74.0
ISR,Israel,2020,37935.543,60.763,44.929,252.544,2.5,2.8,,,57.634,0.008,,98.0,1.764,97.5,99.72,,,,,,,,0.08,59.44,27.5,0.912,82.7,13.437,10.692,5.23,24.021,2.827,,
ITA,Italy,1990,27625.179,,46.932,,,8.4,,,,0.022,,83.0,0.084,,99.16,,,,,,,,0.24,34.97,10.042,0.787,76.994,7.438,,,,,1.725926,45.0
ITA,Italy,1991,28030.765,45.252,46.193,,,8.1,,,,0.022,,95.0,0.069,,99.19,,,,,,,,0.235,36.0,10.042,0.792,76.99,7.569,,,,,1.60052,46.0
ITA,Italy,1992,28245.427,43.999,42.204,,,7.7,,,,0.021,,95.0,0.068,,99.23,,,,,,,,0.23,34.01,10.042,0.8,77.365,7.699,,,,,1.593583,47.0
ITA,Italy,1993,27987.433,43.087,41.223,,,7.3,,,,0.019,,95.0,0.061,,99.27,,,,,,,,0.23,33.54,10.042,0.806,77.653,7.83,,,,,1.594035,48.0
ITA,Italy,1994,28583.626,42.005,39.112,,,6.8,,,,0.018,,95.0,0.02,,99.32,,,,,,,,0.223,33.51,10.042,0.816,77.873,7.96,,,,,1.58468,49.0
ITA,Italy,1995,29408.321,41.403,38.862,,,6.4,97.063,,,0.017,,95.0,0.002,,99.36,,,,,,,,0.218,33.54,10.042,0.823,78.125,8.091,,,,,1.262653,50.0
ITA,Italy,1996,29795.66,41.667,38.772,,,6.0,98.23,,,0.016,,96.0,0.028,,99.4,,,,,,,,0.211,33.97,10.042,0.829,78.438,8.224,,,,,1.443946,51.0
ITA,Italy,1997,30353.378,41.627,38.408,,,5.6,99.135,,,0.015,,95.0,0.053,,99.44,,,,,,,,0.195,34.17,10.042,0.836,78.735,8.356,,,,,1.470106,52.0
ITA,Italy,1998,30892.176,41.802,38.529,,,5.3,,,,0.014,,95.0,0.029,,99.47,,,,,,,,0.191,34.67,10.042,0.84,78.807,8.489,,,,,1.260181,53.0
ITA,Italy,1999,31405.261,42.215,38.202,,,5.0,98.83,85.169,,0.013,,95.0,0.017,,99.5,,,,,,,,0.188,35.37,10.042,0.845,79.205,8.622,,,,,1.120254,54.0
ITA,Italy,2000,32609.667,42.638,38.16,,,4.7,98.475,86.758,,0.013,,87.0,0.045,,99.53,,,,,,,,0.186,35.67,10.042,0.849,79.607,8.754,,,,,1.11955,55.0
ITA,Italy,2001,33243.599,43.286,36.367,,2.5,4.5,98.663,88.251,53.453,0.012,,93.0,0.061,97.5,99.55,,98.0,,,0.834,,0.272,0.189,36.2,9.148,0.856,79.885,8.84,,,,,1.144188,56.0
ITA,Italy,2002,33267.447,43.8,35.344,,2.5,4.3,98.592,90.554,56.315,0.012,,93.0,0.198,97.5,99.57,,,,,,,,0.187,36.76,9.148,0.862,80.112,8.948,,,,,1.214439,57.0
ITA,Italy,2003,33110.17,44.311,34.707,,2.5,4.1,98.448,91.218,60.006,0.01,,96.0,0.54,97.5,99.59,,,,,,,,0.178,37.33,10.33,0.866,80.191,9.055,,,,,1.125396,58.0
ITA,Italy,2004,33348.974,45.596,36.797,,2.5,3.9,98.641,92.391,63.333,0.01,,94.0,0.745,97.5,99.61,,,,,,,,0.176,38.45,10.352,0.874,81.017,9.163,,,,,0.9813391,59.0
ITA,Italy,2005,33407.675,45.135,33.89,,2.5,3.8,98.408,92.366,65.327,0.01,,95.0,0.584,97.5,99.62,,,,,,,,0.173,38.07,10.352,0.876,81.02,9.27,,,,,1.000533,60.0
ITA,Italy,2006,33873.049,45.568,32.35,,2.5,3.7,98.391,93.36,67.284,0.009,,96.0,0.4,97.5,99.63,,,,,,,,0.14,38.19,16.071,0.881,81.414,9.39,,,,,0.863925,61.0
ITA,Italy,2007,34159.911,45.627,30.824,,2.5,3.6,98.438,92.97,68.873,0.009,,97.0,0.608,97.5,99.64,,,,,,,,0.14,37.94,16.176,0.885,81.5,9.53,,,,,0.9129769,62.0
ITA,Italy,2008,33550.634,45.632,30.744,,2.5,3.5,98.241,95.21,67.58,0.009,,96.0,0.771,97.5,99.65,,,,,,,,0.126,38.67,20.168,0.885,81.645,9.65,,,,,0.8926639,63.0
ITA,Italy,2009,31587.064,44.542,28.843,,2.5,3.4,97.619,95.037,66.952,0.01,,96.0,0.58,97.5,99.66,,,,,,,,0.125,38.23,20.273,0.884,81.762,9.73,,,,,1.047252,64.0
ITA,Italy,2010,31928.554,43.981,28.082,208.379,2.5,3.4,97.639,96.35,65.379,0.01,,96.0,0.442,97.5,99.66,,,,,,,,0.123,38.17,20.273,0.887,82.132,9.82,12.144,12.494,20.591,3.347,0.8945937,65.0
ITA,Italy,2011,32039.503,43.879,27.107,,2.5,3.3,97.185,94.327,64.249,0.01,,96.0,0.346,97.5,99.67,,99.0,0.3505309522151947,Europe,0.86,0.403,0.214,0.118,38.4,20.588,0.89,82.228,9.9,12.662,14.112,20.591,3.284,0.9776601,66.0
ITA,Italy,2012,30953.415,43.608,28.554,,2.5,3.2,97.422,93.972,62.345,0.01,,97.0,0.274,97.5,99.68,,,,,,,,0.114,39.71,20.61,0.887,82.252,10.02,12.213,12.862,20.591,3.185,0.8935574,67.0
ITA,Italy,2013,30330.022,42.603,27.141,,2.5,3.1,97.82,95.337,60.893,0.009,,96.0,0.2,97.5,99.69,,,,,,,,0.085,39.68,30.599,0.887,82.652,10.12,11.824,11.747,20.591,3.133,0.9865358,68.0
ITA,Italy,2014,30325.029,42.551,27.147,,2.5,3.1,97.133,95.406,60.883,0.009,,95.0,0.015,97.5,99.69,,,,,,,,0.081,40.12,30.623,0.89,82.901,10.22,12.896,11.512,24.163,3.015,0.9583093,69.0
ITA,Italy,2015,30639.883,42.837,26.193,212.667,2.5,3.0,96.569,95.555,60.941,0.008,,93.0,-0.151,97.5,99.7,,,,,,,,0.079,39.77,30.074,0.889,82.521,10.31,12.572,10.488,24.163,3.064,0.9916678,70.0
ITA,Italy,2016,31077.679,43.418,26.619,,2.5,2.9,96.007,95.079,61.357,0.008,,94.0,-0.19,97.5,99.71,,,,,,,,0.074,40.45,30.074,0.894,83.046,10.396,13.123,11.516,24.834,3.02,0.9671346,71.0
ITA,Italy,2017,31635.523,43.952,26.205,,2.5,2.8,95.656,94.663,62.696,0.008,,95.0,-0.188,97.5,99.72,,,,,,,,0.069,40.94,30.105,0.897,82.726,10.482,12.432,10.977,23.204,3.114,1.035395,72.0
ITA,Italy,2018,31819.397,44.392,25.994,,2.5,2.7,,,64.475,0.008,,95.0,0.244,97.5,99.73,,,,,,,,0.056,41.1,35.579,0.902,83.184,10.568,12.43,10.601,23.631,3.058,1.126094,73.0
ITA,Italy,2019,32180.434,44.688,25.965,,2.5,2.6,,,65.69,0.007,,96.0,-0.7,97.5,99.74,,99.0,0.3458367586135864,Europe,0.86,0.451,0.201,0.052,41.26,35.263,0.906,83.342,10.654,11.957,10.054,23.003,2.815,1.110598,74.0
ITA,Italy,2020,29469.799,43.785,23.839,216.918,2.5,2.5,,,68.723,0.007,,94.0,-0.487,97.5,99.75,,,,,,,,0.048,39.84,35.263,0.899,82.181,10.74,11.534,10.213,21.609,2.78,,
JAM,Jamaica,1990,4773.628,,54.398,,,25.1,97.368,,,0.182,,86.0,0.758,,97.49,,,,,,,,,,,,,,,,,,-0.1351409,45.0
JAM,Jamaica,1991,4960.83,66.473,53.464,,,24.5,95.725,,6.826,0.197,,85.0,0.878,,97.55,,,,,,,,,,,,,,,,,,-0.01020618,46.0
JAM,Jamaica,1992,5008.129,66.051,52.535,,,23.9,,,6.779,0.213,,84.0,0.988,,97.61,,,,,,,,,,,,,,,,,,-0.1226152,47.0
JAM,Jamaica,1993,5423.351,65.827,51.608,,,23.3,92.67,,,0.224,,91.0,1.035,,97.67,,,,,,,,0.447,62.39,12.346,0.664,71.758,6.937,,,,,-0.03174547,48.0
JAM,Jamaica,1994,5442.167,65.393,50.677,,,22.7,,,,0.231,,93.0,1.028,,97.73,,,,,,,,0.452,62.39,12.346,0.664,71.624,7.02,,,,,-0.1222995,49.0
JAM,Jamaica,1995,5514.513,65.006,49.74,,,22.1,,,,0.232,,90.0,1.002,,97.79,,,,,,,,0.458,61.8,12.346,0.665,71.488,7.104,,,,,-0.07376826,50.0
JAM,Jamaica,1996,5455.193,64.389,48.798,,,21.4,,,,0.233,,92.0,0.968,,97.86,,,,,,,,0.457,60.6,12.346,0.664,71.328,7.187,,,,,-0.1497887,51.0
JAM,Jamaica,1997,5343.48,63.882,47.852,,,20.7,,,,0.228,,90.0,0.922,,97.93,,,,,,,,0.459,59.0,12.346,0.663,71.216,7.271,,,,,-0.2356804,52.0
JAM,Jamaica,1998,5174.283,63.315,46.904,,,20.1,,,,0.22,,86.0,0.855,,97.99,,,,,,,,0.445,57.61,16.25,0.662,71.17,7.354,,,,,-0.2227291,53.0
JAM,Jamaica,1999,5187.996,62.654,44.815,,,19.5,90.09,81.202,8.558,0.212,,89.0,0.778,,98.05,,80.0,0.4407847225666046,North America,0.678,,0.169,0.441,56.5,16.049,0.662,71.189,7.438,,,,,-0.3518491,54.0
JAM,Jamaica,2000,5197.397,62.168,43.344,,,18.9,91.575,76.319,13.869,0.201,91.354,93.0,0.694,,98.11,90.8646,,,,,,,0.439,55.05,16.049,0.659,71.281,7.521,,,,,-0.3607114,55.0
JAM,Jamaica,2001,5234.027,61.723,41.901,,7.2,18.5,91.404,75.439,16.055,0.196,,98.0,0.634,92.8,98.15,,,,,,,,0.441,53.6,16.049,0.668,71.287,7.605,,,,,-0.4402058,56.0
JAM,Jamaica,2002,5305.877,61.41,41.149,,6.7,18.2,91.069,75.82,16.849,0.189,95.0,97.0,0.614,93.3,98.18,90.5,,,,,,,0.436,55.3,16.049,0.672,71.478,7.688,,,,,-0.4577798,57.0
JAM,Jamaica,2003,5467.174,61.127,40.399,,6.8,18.0,89.777,75.901,18.802,0.18,,94.0,0.606,93.2,98.2,,,,,,,,0.445,53.0,13.58,0.668,71.585,7.772,,,,,-0.5656909,58.0
JAM,Jamaica,2004,5507.201,61.087,39.587,,6.9,17.9,91.535,80.868,18.998,0.171,,96.0,0.586,93.1,98.21,,,,,,,,0.439,55.3,13.58,0.684,71.542,7.855,,,,,-0.5735361,59.0
JAM,Jamaica,2005,5525.736,60.89,39.298,,7.1,17.8,,80.616,17.277,0.174,,99.0,0.554,92.9,98.22,,,,,,,,0.44,55.87,13.58,0.687,71.493,7.939,,,,,-0.635633,60.0
JAM,Jamaica,2006,5656.668,60.65,39.01,,7.3,17.9,,,17.269,0.184,92.55,94.0,0.516,92.7,98.21,90.745,,,,,,,0.443,56.43,13.58,0.696,71.395,8.022,,,,,-0.4689863,61.0
JAM,Jamaica,2007,5710.539,60.397,38.722,,7.9,17.9,,,,0.177,,91.0,0.474,92.1,98.21,,,,,,,,0.438,57.0,13.58,0.704,71.405,8.106,,,,,-0.5301319,62.0
JAM,Jamaica,2008,5639.59,60.093,38.434,,8.5,17.9,,,22.319,0.174,,90.0,0.435,91.5,98.21,,,,,,,,0.441,55.5,13.58,0.711,71.502,8.189,,,,,-0.5572927,63.0
JAM,Jamaica,2009,5372.142,57.627,34.408,,8.6,17.9,,,22.232,0.17,73.2,90.0,0.416,91.4,98.21,92.68,,,,,,,0.438,53.63,13.58,0.711,71.717,8.273,,,,,-0.4433346,64.0
JAM,Jamaica,2010,5271.572,55.876,31.082,,8.2,17.9,,,25.377,0.165,113.1,94.0,0.422,91.8,98.21,88.69,,,,,,,0.43,52.21,13.58,0.708,71.979,8.356,,,35.059,11.426,-0.5551278,65.0
JAM,Jamaica,2011,5339.622,55.93,33.264,,7.8,17.9,,76.804,24.768,0.149,95.8,92.0,0.433,92.2,98.21,90.42,,,,,,,0.412,52.29,15.476,0.711,72.245,8.44,17.337,5.606,35.059,11.346,-0.4113821,66.0
JAM,Jamaica,2012,5284.009,55.451,30.992,,7.7,17.8,,,27.069,0.142,101.343,96.0,0.431,92.3,98.22,89.8657,,,,,,,0.413,52.59,15.476,0.711,72.405,8.578,17.173,5.606,34.615,11.297,-0.5381729,67.0
JAM,Jamaica,2013,5289.884,55.845,32.497,,7.7,17.8,,72.929,25.621,0.145,106.5,93.0,0.405,92.3,98.22,89.35,,,,,,,0.417,52.9,15.476,0.711,72.435,8.716,18.372,5.606,38.251,11.258,-0.4843013,68.0
JAM,Jamaica,2014,5307.192,56.891,32.82,,7.5,17.7,,72.783,,0.15,113.5,92.0,0.361,92.5,98.23,88.65,,,,,,,0.419,53.1,16.667,0.712,72.357,8.855,16.739,5.606,33.373,11.238,-0.5726827,69.0
JAM,Jamaica,2015,5339.307,59.716,33.996,182.113,8.0,17.6,84.965,71.88,26.233,0.147,87.1,91.0,0.314,92.0,98.24,91.29,,,,,,,0.409,56.25,16.667,0.713,72.214,8.993,16.843,5.606,33.683,11.239,-0.4749007,70.0
JAM,Jamaica,2016,5472.283,59.316,36.334,,7.6,17.6,84.057,72.666,,0.146,110.6,99.0,0.263,92.4,98.24,88.94,,,,,,,0.399,56.06,19.048,0.714,72.052,9.131,16.847,5.606,33.683,11.251,-0.3543971,71.0
JAM,Jamaica,2017,5586.137,60.815,36.489,,7.3,17.6,82.517,73.202,,0.146,61.0,93.0,0.208,92.7,98.24,93.9,,,,,,,0.397,56.87,19.048,0.715,71.879,9.269,16.855,5.606,33.683,11.275,-0.5038294,72.0
JAM,Jamaica,2018,5717.876,61.902,34.319,,6.3,17.7,81.019,73.968,,0.152,96.466,97.0,0.154,93.7,98.23,90.3534,,,,,,,0.384,56.27,19.048,0.715,71.606,9.407,17.162,6.315,33.683,11.488,-0.4927981,73.0
JAM,Jamaica,2019,5814.793,63.628,35.712,,6.7,17.8,,,,0.161,117.607,96.0,0.112,93.3,98.22,88.2393,,,,,,,0.385,57.55,19.048,0.716,71.532,9.545,17.194,6.315,33.683,11.584,-0.4807406,74.0
JAM,Jamaica,2020,5317.841,60.619,34.453,187.656,7.0,18.0,,,,0.167,117.852,96.0,0.264,93.0,98.2,88.2148,,,,,,,0.362,55.37,30.952,0.711,71.452,9.684,17.18,6.315,33.683,11.543,,
JPN,Japan,1990,28422.213,,44.088,,,4.6,,,,0.016,,90.0,0.332,,99.54,,,,,,,,0.166,50.12,7.713,0.853,78.993,11.64,,,,,1.497266,45.0
JPN,Japan,1991,29308.274,62.48,45.434,,,4.5,,,,0.015,9.457,92.0,0.393,,99.55,99.0543,,,,,,,0.165,50.68,7.713,0.857,79.262,11.685,,,,,1.304788,46.0
JPN,Japan,1992,29462.654,62.608,46.599,,,4.4,,,,0.014,,87.0,0.371,,99.56,,,,,,,,0.167,50.73,7.713,0.859,79.303,11.729,,,,,1.036725,47.0
JPN,Japan,1993,29232.44,62.189,47.186,,,4.4,,,,0.013,,85.0,0.324,,99.56,,,,,,,,0.165,50.33,7.713,0.865,79.446,11.774,,,,,1.231207,48.0
JPN,Japan,1994,29466.755,61.771,47.608,,,4.3,,,,0.013,,80.0,0.279,,99.57,,,,,,,,0.161,50.18,7.713,0.872,79.837,11.818,,,,,1.254078,49.0
JPN,Japan,1995,30171.164,61.421,47.655,,,4.1,,,,0.013,,74.0,0.235,,99.59,,,,,,,,0.163,49.98,7.713,0.874,79.684,11.863,,,,,1.00955,50.0
JPN,Japan,1996,31046.17,61.34,48.287,,,4.0,,,,0.013,,99.0,0.227,,99.6,,,,,,,,0.159,50.04,7.713,0.88,80.363,11.907,,,,,1.071118,51.0
JPN,Japan,1997,31276.193,61.526,48.575,,,3.8,,,,0.012,,70.0,0.238,,99.62,,,,,,,,0.162,50.38,7.713,0.883,80.584,11.952,,,,,0.8431047,52.0
JPN,Japan,1998,30795.089,60.746,48.33,,,3.6,,,,0.012,,75.0,0.272,,99.64,,,,,,,,0.165,50.14,7.713,0.884,80.649,11.996,,,,,0.7790807,53.0
JPN,Japan,1999,30636.266,59.908,47.257,,,3.4,,,,0.011,,80.0,0.183,,99.66,,,,,,,,0.159,49.6,8.777,0.885,80.613,12.041,,,,,0.7394229,54.0
JPN,Japan,2000,31430.631,59.478,47.003,,,3.3,,,,0.011,,85.0,0.167,,99.67,,,,,,,,0.15,49.28,10.656,0.889,81.179,12.085,,,,,0.7302326,55.0
JPN,Japan,2001,31476.052,58.881,46.208,,,3.1,,,,0.01,,95.0,0.241,,99.69,,,,,,,,0.154,49.15,10.656,0.892,81.51,12.13,,,,,0.7796405,56.0
JPN,Japan,2002,31416.124,57.936,45.412,,,3.0,,,,0.009,,96.0,0.233,,99.7,,,,,,,,0.16,48.54,10.041,0.894,81.795,12.174,,,,,0.7699989,57.0
JPN,Japan,2003,31830.218,57.575,44.7,,,2.9,,,,0.009,,97.0,0.214,,99.71,,,,,,,,0.159,48.25,9.904,0.896,81.854,12.218,,,,,0.7556846,58.0
JPN,Japan,2004,32515.116,57.559,43.997,,,2.8,,,,0.009,,99.0,0.034,,99.72,,,,,,,,0.16,48.25,9.28,0.899,82.127,12.263,,,,,0.7738878,59.0
JPN,Japan,2005,33098.547,57.731,44.538,,,2.7,,,,0.008,,98.0,0.009,,99.73,,,,,,,,0.146,48.37,10.665,0.9,82.007,12.307,,,,,0.7208024,60.0
JPN,Japan,2006,33531.519,57.89,44.868,,,2.7,,,,0.008,,98.0,0.063,,99.73,,,,,,,,0.141,48.48,11.08,0.903,82.37,12.352,,,,,0.8756701,61.0
JPN,Japan,2007,33990.036,58.047,44.684,,,2.6,,,,0.008,,98.0,0.115,,99.74,,,,,,,,0.133,48.45,12.327,0.905,82.549,12.396,,,,,0.6037992,62.0
JPN,Japan,2008,33557.645,57.748,44.447,,,2.5,,,,0.008,,98.0,0.048,,99.75,,,,,,,,0.132,48.42,12.327,0.905,82.633,12.441,,,,,0.5392071,63.0
JPN,Japan,2009,31651.084,56.83,43.541,,,2.4,,,,0.007,,97.0,-0.012,,99.76,,,,,,,,0.123,48.5,13.296,0.905,82.97,12.485,,,,,0.6062141,64.0
JPN,Japan,2010,32942.202,56.539,43.026,,,2.4,,,,0.007,,97.0,0.018,,99.76,,,,,,,,0.118,48.4,13.573,0.907,82.916,12.53,9.087,4.467,19.598,3.197,0.6525393,65.0
JPN,Japan,2011,33011.134,56.553,42.629,,,2.3,,,,0.007,,97.0,-0.185,,99.77,,,,,,,,0.117,48.15,13.435,0.906,82.671,12.544,7.879,4.467,15.803,3.367,0.6831635,66.0
JPN,Japan,2012,33518.445,56.44,41.5,,,2.2,,,,0.007,,97.0,-0.16,,99.78,,,,,,,,0.126,48.09,11.313,0.909,83.168,12.558,7.777,4.467,15.803,3.063,0.6299582,67.0
JPN,Japan,2013,34239.886,56.853,42.47,,,2.2,,,62.642,0.006,,96.0,-0.144,,99.78,,,,,,,,0.128,48.8,10.803,0.912,83.402,12.572,7.742,4.467,15.803,2.956,0.7200577,68.0
JPN,Japan,2014,34386.906,57.309,42.956,,,2.1,,,62.833,0.006,,96.0,-0.133,,99.79,,,,,,,,0.126,49.23,10.803,0.914,83.643,12.586,8.174,4.467,17.123,2.933,0.9138186,69.0
JPN,Japan,2015,34960.639,57.485,42.918,275.744,,2.0,,,62.45,0.006,,96.0,-0.106,,99.8,,,,,,,,0.118,49.46,11.576,0.917,83.883,12.6,8.14,4.467,17.123,2.829,0.6920245,70.0
JPN,Japan,2016,35242.199,58.107,44.799,,,2.0,,,62.498,0.006,,99.0,-0.051,,99.8,,,,,,,,0.104,50.26,13.25,0.918,84.057,12.614,8.132,4.467,17.123,2.806,0.7438845,71.0
JPN,Japan,2017,35861.973,58.738,44.595,,,1.9,,,63.288,0.005,,99.0,-0.082,,99.81,,,,,,,,0.096,51.07,13.72,0.92,84.189,12.628,8.398,5.374,17.123,2.697,0.6646888,72.0
JPN,Japan,2018,36138.529,59.931,47.392,,,1.9,,,62.606,0.005,,98.0,-0.127,,99.81,,,,,,,,0.091,52.41,13.72,0.921,84.289,12.642,8.858,6.744,17.123,2.705,0.7979462,73.0
JPN,Japan,2019,36043.784,60.55,49.082,,,1.8,,,62.401,0.005,,98.0,-0.14,,99.82,,,,,,,,0.082,53.27,14.507,0.922,84.418,12.656,8.682,6.216,17.123,2.705,0.7229835,74.0
JPN,Japan,2020,34642.972,60.207,48.545,281.123,,1.8,,,62.299,0.004,,96.0,-0.294,,99.82,,,,,,,,0.079,53.12,14.366,0.922,84.67,12.67,8.506,5.752,17.123,2.642,,
JOR,Jordan,1990,3202.337,,33.284,,,30.9,,,19.662,0.376,,92.0,7.815,,96.91,,,,,,,,,,,,,,,,,,-0.7595891,45.0
JOR,Jordan,1991,3010.137,31.037,32.837,,,29.9,,,19.519,0.395,,92.0,7.785,,97.01,,,,,,,,,,,,,,,,,,-1.083087,46.0
JOR,Jordan,1992,3264.845,31.542,32.347,,,28.9,,,19.447,0.377,,92.0,5.287,,97.11,,,,,,,,,,,,,,,,,,-0.8073282,47.0
JOR,Jordan,1993,3238.475,31.672,32.081,,,28.1,,,19.505,0.363,,91.0,5.2,,97.19,,,,,,,,,,,,,,,,,,-0.9195782,48.0
JOR,Jordan,1994,3240.445,32.795,31.84,,,27.2,,,18.215,0.353,,94.0,4.791,,97.28,,,,,,,,,,,,,,,,,,-0.981972,49.0
JOR,Jordan,1995,3303.287,33.682,31.623,,,26.4,,,18.074,0.344,,95.0,4.095,,97.36,,,,,,,,,,,,,,,,,,-0.7610324,50.0
JOR,Jordan,1996,3262.106,34.06,31.541,,,25.7,,,20.211,0.329,,96.0,3.32,,97.43,,,,,,,,,,,,,,,,,,-0.6312301,51.0
JOR,Jordan,1997,3280.698,34.037,31.455,,,25.0,,,23.024,0.307,,99.0,2.687,,97.5,,,,,,,,,,,,,,,,,,-0.5996563,52.0
JOR,Jordan,1998,3302.299,33.988,31.373,,,24.2,,,,0.284,,99.0,2.311,,97.58,,,,,,,,,,,,,,,,,,-0.9459393,53.0
JOR,Jordan,1999,3341.656,34.004,31.27,,,23.5,87.105,74.419,,0.265,,85.0,2.149,,97.65,,,,,,,,,,,,,,,,,,-0.8279735,54.0
JOR,Jordan,2000,3412.077,34.002,31.138,,,22.9,87.775,75.842,28.797,0.247,,91.0,2.073,,97.71,,,,,,,,0.614,12.3,2.5,0.672,71.926,7.36,,,,,-1.182138,55.0
JOR,Jordan,2001,3518.766,33.096,30.923,,9.0,22.2,,,,0.234,,99.0,2.057,91.0,97.78,,,,,,,,0.601,11.7,3.333,0.679,72.141,7.506,,,,,-1.233564,56.0
JOR,Jordan,2002,3644.624,32.525,30.807,,7.2,21.6,89.658,78.92,32.278,0.225,,95.0,2.108,92.8,97.84,,,,,,,,0.593,12.3,3.333,0.686,72.359,7.653,,,,,-1.259553,57.0
JOR,Jordan,2003,3713.152,31.977,30.593,,6.0,20.9,90.936,79.264,36.056,0.217,,97.0,2.215,94.0,97.91,,90.0,,,0.21,0.144,0.376,0.554,11.2,7.879,0.693,72.585,7.8,,,,,-1.288363,58.0
JOR,Jordan,2004,3935.157,32.313,30.355,,5.4,20.3,91.026,78.513,40.468,0.203,,95.0,2.413,94.6,97.97,,,,,,,,0.552,11.45,7.879,0.705,72.788,8.144,,,,,-0.7147334,59.0
JOR,Jordan,2005,4151.613,32.632,30.119,,5.4,19.7,89.885,76.041,39.707,0.192,,95.0,2.477,94.6,98.03,,91.0,,,0.23,-0.014,0.508,0.552,11.7,7.273,0.713,72.977,8.488,,,,,-0.9207688,60.0
JOR,Jordan,2006,4209.869,32.422,29.99,,5.6,19.1,87.973,79.174,37.866,0.172,,98.0,6.389,94.4,98.09,,,,,,,,0.54,11.9,7.879,0.719,73.225,8.832,,,,,-0.5113056,61.0
JOR,Jordan,2007,4287.352,34.586,29.955,,6.1,18.5,85.207,,38.734,0.188,,98.0,6.035,93.9,98.15,,92.0,,,0.232,0.222,0.508,0.516,14.7,8.485,0.725,73.407,9.176,,,,,-0.7066588,62.0
JOR,Jordan,2008,4489.955,34.483,29.69,,6.6,18.0,82.779,79.648,41.368,0.187,,97.0,2.354,93.4,98.2,,,,,,,,0.517,14.2,8.485,0.733,73.563,9.52,,,,,-0.6073336,63.0
JOR,Jordan,2009,4615.231,34.927,29.518,,7.5,17.5,,,42.063,0.182,,98.0,2.15,92.5,98.25,,,,,,,,0.514,14.9,8.485,0.735,73.707,9.565,,,,,-0.6728534,64.0
JOR,Jordan,2010,4621.574,34.563,29.385,173.261,8.4,17.0,80.726,,37.758,0.175,,98.0,2.151,91.6,98.3,,93.0,0.3365572988986969,Asia,0.24,0.086,0.505,0.489,14.7,12.222,0.732,73.797,9.61,19.734,22.4,24.747,12.055,-0.6354737,65.0
JOR,Jordan,2011,4631.677,33.969,29.253,,9.1,16.6,78.269,76.605,37.422,0.167,,98.0,2.482,90.9,98.34,,96.0,,,0.247,0.092,0.503,0.488,14.7,11.111,0.734,73.929,9.763,20.149,22.4,26.248,11.799,-0.6315974,66.0
JOR,Jordan,2012,4677.476,33.364,29.091,,9.1,16.2,75.454,,43.916,0.162,,98.0,1.416,90.9,98.38,,98.0,,,0.248,0.04,0.503,0.491,14.1,11.111,0.74,74.087,9.917,18.232,16.902,26.248,11.546,-0.7064687,67.0
JOR,Jordan,2013,4556.52,32.425,29.092,,8.2,15.8,74.832,70.122,,0.14,,98.0,5.196,91.8,98.42,,,,,,,,0.488,13.2,12.108,0.742,74.282,10.07,18.146,16.902,26.248,11.289,-0.6378234,68.0
JOR,Jordan,2014,4282.119,32.068,29.255,,7.6,15.4,,68.234,,0.133,,98.0,9.539,92.4,98.46,,,,,,,,0.489,12.6,12.0,0.742,74.606,10.224,17.338,16.902,24.111,11.003,-0.7111468,69.0
JOR,Jordan,2015,4042.757,32.735,29.344,174.68,7.4,15.0,,,36.628,0.125,,99.0,8.218,92.6,98.5,,,,,,,,0.477,14.04,11.556,0.743,75.06,10.377,17.24,16.902,24.111,10.707,-0.6594979,70.0
JOR,Jordan,2016,3933.147,32.987,29.286,,8.0,14.7,76.758,,34.061,0.123,,98.0,4.723,92.0,98.53,,,,,,,,0.442,15.47,15.385,0.745,75.55,10.53,17.197,16.902,24.111,10.579,-0.8882244,71.0
JOR,Jordan,2017,3940.702,32.937,29.154,,9.2,14.3,80.094,61.903,28.621,0.113,,99.0,2.252,90.8,98.57,,,,,,,,0.427,16.91,15.385,0.747,76.071,10.684,16.612,15.442,24.111,10.282,-0.7503287,72.0
JOR,Jordan,2018,3928.77,32.024,26.385,,10.6,14.0,80.864,62.597,31.556,0.104,,96.0,2.204,89.4,98.6,,95.43145,,,0.262,0.095,0.485,0.434,14.6,15.385,0.747,76.491,10.35,16.522,15.442,24.111,10.015,-0.6844512,73.0
JOR,Jordan,2019,3919.064,32.649,25.684,,12.8,13.6,,,30.111,0.098,,89.0,1.983,87.2,98.64,,,,,,,,0.439,13.39,15.385,0.75,76.865,10.4,16.423,15.442,24.111,9.717,-0.7842296,74.0
JOR,Jordan,2020,3806.879,32.272,24.785,184.865,15.2,13.3,,,30.288,0.112,,77.0,1.795,84.8,98.67,,,,,,,,0.442,14.69,11.282,0.743,75.583,10.45,16.327,15.442,24.111,9.427,,
KAZ,Kazakhstan,1990,5557.082,,50.359,,,44.5,,,37.3,0.178,,,0.92,,95.55,,,,,,,,,,,,,,,,,,,
KAZ,Kazakhstan,1991,4910.153,69.723,52.049,,,44.2,,,36.371,0.172,,,0.723,,95.58,,,,,,,,,,,,,,,,,,,
KAZ,Kazakhstan,1992,4635.422,69.88,52.875,,,44.4,,,35.256,0.169,,81.0,0.312,,95.56,,,,,,,,,,,,,,,,,,0.5820959,47.0
KAZ,Kazakhstan,1993,4223.128,70.223,54.262,,,44.9,,,,0.168,,76.0,-0.336,,95.51,,,,,,,,,,,,,,,,,,0.5362335,48.0
KAZ,Kazakhstan,1994,3740.978,66.256,56.157,,,45.3,,,32.867,0.167,,76.0,-1.345,,95.47,,,,,,,,,,,,,,,,,,0.5629771,49.0
KAZ,Kazakhstan,1995,3498.515,64.15,57.245,,,45.0,,,33.145,0.161,,93.0,-1.855,,95.5,,,,,,,,,,,,,,,,,,0.560346,50.0
KAZ,Kazakhstan,1996,3583.369,62.594,56.853,,,44.0,,,29.146,0.149,,95.0,-1.898,,95.6,,,,,,,,,,,,,,,,,,0.556302,51.0
KAZ,Kazakhstan,1997,3728.964,62.353,56.209,,,42.5,,,,0.137,,97.0,-2.297,,95.75,,,,,,,,,,,,,,,,,,0.4075609,52.0
KAZ,Kazakhstan,1998,3750.565,62.238,56.116,,,40.5,,,,0.129,,99.0,-2.496,,95.95,,,,,,,,,,,,,,,,,,0.3517787,53.0
KAZ,Kazakhstan,1999,3899.657,61.812,55.499,,,38.3,,,24.028,0.113,,98.0,-1.234,,96.17,,100.0,,,0.272,,0.83,,,,,,,,,,,0.4391185,54.0
KAZ,Kazakhstan,2000,4269.33,61.911,54.105,,,36.0,87.046,88.667,30.799,0.102,,97.0,0.292,,96.4,,,,,,,,0.37,64.83,11.207,0.692,63.793,9.788,,,,,0.3844765,55.0
KAZ,Kazakhstan,2001,4822.529,63.08,52.319,,6.5,33.7,89.511,,,0.093,,95.0,0.479,93.5,96.63,,,,,,,,0.357,64.83,11.207,0.707,64.108,10.035,,,,,0.1974537,56.0
KAZ,Kazakhstan,2002,5267.699,63.569,51.094,,6.6,31.7,91.592,,,0.086,,95.0,0.52,93.4,96.83,,,,,,,,0.347,64.92,11.207,0.72,64.441,10.283,,,,,0.1738805,57.0
KAZ,Kazakhstan,2003,5724.432,63.872,50.564,,7.1,29.7,92.018,,,0.084,,99.0,0.578,92.9,97.03,,,,,,,,0.35,65.01,8.621,0.732,64.753,10.53,,,,,0.147987,58.0
KAZ,Kazakhstan,2004,6233.294,63.992,49.482,,7.4,27.9,92.585,,,0.082,,82.0,0.651,92.6,97.21,,,,,,,,0.333,64.75,9.483,0.743,65.04,10.778,,,,,-0.09207849,59.0
KAZ,Kazakhstan,2005,6787.412,63.804,48.84,,7.3,26.0,91.097,,,0.079,,98.0,0.741,92.7,97.4,,,,,,,,0.337,65.23,8.621,0.754,65.356,11.025,,,,,-0.1694761,60.0
KAZ,Kazakhstan,2006,7450.397,64.252,48.199,,6.3,24.2,89.95,94.718,54.524,0.076,,99.0,0.846,93.7,97.58,,,,,,,,0.328,65.72,8.621,0.765,65.722,11.273,,,,,-0.2409013,61.0
KAZ,Kazakhstan,2007,8036.876,65.28,47.558,,5.0,22.3,89.518,,,0.073,,93.0,0.949,95.0,97.77,,,,,,,,0.302,66.2,12.338,0.772,66.18,11.52,,,,,-0.1768073,62.0
KAZ,Kazakhstan,2008,8216.522,66.405,46.918,,4.2,20.4,90.611,,,0.07,,99.0,1.036,95.8,97.96,,,,,,,,0.3,66.68,12.338,0.771,66.759,11.265,,,,,-0.2092539,63.0
KAZ,Kazakhstan,2009,8218.399,66.37,46.921,,3.8,18.5,89.49,,,0.061,,98.0,1.17,96.2,98.15,,100.0,0.2820886671543121,Asia,0.242,-0.44,0.848,0.282,66.43,13.636,0.774,67.46,11.01,,,,,-0.2081385,64.0
KAZ,Kazakhstan,2010,8704.707,66.831,46.348,208.294,3.4,16.7,89.46,92.556,46.723,0.054,,99.0,1.297,96.6,98.33,,,,,,,,0.27,66.18,13.636,0.781,68.257,11.175,11.345,5.874,15.015,13.146,-0.2986185,65.0
KAZ,Kazakhstan,2011,9223.302,67.008,45.799,,3.0,14.9,87.956,92.915,50.428,0.047,,99.0,1.352,97.0,98.51,,,,,,,,0.26,65.94,13.636,0.79,69.108,11.339,10.955,5.874,14.954,12.035,-0.3985297,66.0
KAZ,Kazakhstan,2012,9531.915,66.985,45.501,,2.6,13.3,86.319,93.626,52.153,0.042,,99.0,1.397,97.4,98.67,,,,,,,,0.236,65.69,18.182,0.799,69.939,11.504,10.672,5.874,15.021,11.123,-0.3331826,67.0
KAZ,Kazakhstan,2013,9959.726,66.955,45.117,,2.5,11.7,86.151,93.578,45.867,0.039,,98.0,1.436,97.5,98.83,,,,,,,,0.233,65.44,18.182,0.808,70.719,11.669,10.147,5.874,14.267,10.299,-0.5099485,68.0
KAZ,Kazakhstan,2014,10226.71,66.96,44.894,,2.5,10.5,86.521,96.955,51.088,0.037,,95.0,1.469,97.5,98.95,,,,,,,,0.229,65.19,19.753,0.813,71.415,11.833,9.889,5.874,14.286,9.506,-0.3861943,69.0
KAZ,Kazakhstan,2015,10196.123,66.957,44.924,229.741,2.5,9.5,86.312,98.206,48.346,0.034,,98.0,1.492,97.5,99.05,,,,,,,,0.217,64.94,20.13,0.819,72.024,11.998,8.723,3.167,14.077,8.925,-0.5633625,70.0
KAZ,Kazakhstan,2016,10151.423,66.841,44.966,,2.5,8.8,87.363,98.669,46.049,0.033,,83.0,1.533,97.5,99.12,,,,,,,,0.212,64.69,20.779,0.82,72.549,12.069,8.691,3.167,14.438,8.468,-0.4176026,71.0
KAZ,Kazakhstan,2017,10404.272,66.789,44.764,,2.5,8.4,86.241,99.835,49.971,0.031,,99.0,1.558,97.5,99.16,,,,,,,,0.198,64.45,22.078,0.824,72.996,12.139,8.58,3.167,14.452,8.121,-0.5385171,72.0
KAZ,Kazakhstan,2018,10670.212,66.729,44.562,,2.5,8.2,87.587,99.837,51.966,0.031,,98.0,1.494,97.5,99.18,,,,,,,,0.195,64.2,22.078,0.828,73.369,12.21,8.58,3.167,14.709,7.864,-0.3933846,73.0
KAZ,Kazakhstan,2019,10989.684,66.716,44.33,,2.5,8.1,86.856,99.84,57.342,0.03,,97.0,1.452,97.5,99.19,,,,,,,,0.192,63.95,22.078,0.834,73.658,12.321,8.517,3.167,14.709,7.674,-0.6101132,74.0
KAZ,Kazakhstan,2020,10565.036,65.816,43.489,233.825,2.5,8.0,,,62.292,0.052,,88.0,1.409,97.5,99.2,,,,,,,,0.182,63.7,24.516,0.826,71.195,12.434,8.446,3.167,14.709,7.463,,
KEN,Kenya,1990,1329.333,,53.06,,,67.4,,,,3.638,,84.0,3.44,,93.26,,,,,,,,,,,,,,,,,,-0.241464,45.0
KEN,Kenya,1991,1305.464,70.91,52.665,,,69.1,,,,2.978,,86.0,3.24,,93.09,,,,,,,,,,,,,,,,,,-0.481668,46.0
KEN,Kenya,1992,1255.939,70.77,52.258,,,70.4,,,,2.452,,87.0,3.065,,92.96,,,,,,,,,,,,,,,,,,-0.3109811,47.0
KEN,Kenya,1993,1223.506,70.644,51.805,,,71.2,,,,2.07,,89.0,2.969,,92.88,,,,,,,,,,,,,,,,,,0.08537619,48.0
KEN,Kenya,1994,1219.784,70.592,51.31,,,71.4,,,,1.897,,92.0,2.903,,92.86,,,,,,,,,,,,,,,,,,-0.3860287,49.0
KEN,Kenya,1995,1237.883,70.601,50.819,,,71.0,,,,1.691,,94.0,2.839,,92.9,,,,,,,,,,,,,,,,,,-0.3135227,50.0
KEN,Kenya,1996,1254.21,70.59,50.355,,,70.3,,,,1.484,,87.0,2.753,,92.97,,,,,,,,,,,,,,,,,,-0.2764798,51.0
KEN,Kenya,1997,1226.195,70.49,49.884,,,69.4,,,,1.351,,79.0,2.733,,93.06,,,,,,,,,,,,,,,,,,-0.6144307,52.0
KEN,Kenya,1998,1232.067,70.406,49.419,,,67.9,,,,1.327,,81.0,2.76,,93.21,,,,,,,,,,,,,,,,,,-0.4975986,53.0
KEN,Kenya,1999,1224.634,70.303,48.896,,,66.0,60.992,,,1.137,,82.0,2.884,,93.4,,,,,,,,0.682,70.44,3.571,0.499,55.866,5.278,,,,,-0.5795274,54.0
KEN,Kenya,2000,1195.413,70.421,48.673,,,63.8,63.707,32.874,2.815,1.068,,82.0,3.013,,93.62,,82.0,,,0.373,-0.62,0.846,0.683,68.14,3.571,0.5,56.084,5.427,,,,,-0.4748094,55.0
KEN,Kenya,2001,1202.293,70.544,48.449,,31.8,61.2,64.822,,2.883,0.965,,80.0,3.136,68.2,93.88,,,,,,,,0.684,65.83,3.571,0.505,56.501,5.542,,,,,-0.5247321,56.0
KEN,Kenya,2002,1171.426,70.632,48.225,,33.3,58.3,59.552,34.257,2.877,0.921,,84.0,3.146,66.7,94.17,,,,,,,,0.681,63.53,3.571,0.504,56.759,5.658,,,,,-0.5569654,57.0
KEN,Kenya,2003,1169.144,70.782,48.001,,34.5,55.5,70.656,35.81,,0.883,,73.0,3.085,65.5,94.45,,,,,,,,0.649,61.23,7.143,0.515,57.369,5.774,,,,,-0.7213424,58.0
KEN,Kenya,2004,1191.254,70.917,47.777,,31.6,52.5,68.99,38.541,2.963,0.87,,73.0,3.105,68.4,94.75,,,,,,,,0.648,58.92,7.143,0.526,57.947,5.889,,,,,-0.1708308,59.0
KEN,Kenya,2005,1223.447,71.11,47.553,,28.0,49.4,69.589,40.253,3.001,0.866,,76.0,3.072,72.0,95.06,,,,,,,,0.647,56.62,7.143,0.532,58.51,6.005,,,,,-0.484734,60.0
KEN,Kenya,2006,1263.542,71.274,47.329,,25.8,46.9,68.693,41.161,,0.909,,80.0,3.047,74.2,95.31,,,,,,,,0.64,60.35,7.306,0.541,59.059,6.081,,,,,-0.3532625,61.0
KEN,Kenya,2007,1309.911,71.413,47.104,,26.8,44.9,78.522,43.234,,0.953,,81.0,3.022,73.2,95.51,,,,,,,,0.636,64.08,7.246,0.548,59.407,6.157,,,,,-0.4179431,62.0
KEN,Kenya,2008,1273.772,71.448,46.88,,26.7,42.4,74.755,47.818,,0.936,,88.0,3.03,73.3,95.76,,,,,,,,0.617,67.81,9.821,0.553,59.955,6.234,,,,,-0.5259643,63.0
KEN,Kenya,2009,1276.735,71.515,46.655,,24.3,41.9,75.946,47.421,3.992,0.97,,88.0,3.021,75.7,95.81,,,,,,,,0.61,71.54,9.821,0.553,60.483,6.31,,,,,-0.4242922,64.0
KEN,Kenya,2010,1340.165,71.646,46.431,143.66,21.7,41.4,,,,0.958,,90.0,2.902,78.3,95.86,,,,,,,,0.607,71.53,9.821,0.552,60.915,5.82,34.244,26.018,51.661,25.054,-0.583499,65.0
KEN,Kenya,2011,1370.58,71.83,46.207,,19.9,41.1,,,,0.921,,96.0,2.75,80.1,95.89,,,,,,,,0.603,71.52,9.821,0.56,61.283,6.062,34.019,26.018,51.661,24.379,-0.7523545,66.0
KEN,Kenya,2012,1396.302,71.96,45.983,,19.1,41.3,79.968,,,0.908,,94.0,2.608,80.9,95.87,,,,,,,,0.601,71.51,9.821,0.565,61.537,6.303,33.9,26.018,51.661,24.022,-0.6269879,67.0
KEN,Kenya,2013,1413.941,72.011,45.759,,18.9,40.9,,,,0.842,,87.0,2.472,81.1,95.91,,,,,,,,0.568,71.49,19.856,0.57,61.729,6.545,33.767,26.018,51.661,23.623,-0.5123599,68.0
KEN,Kenya,2014,1450.593,72.121,45.535,,19.0,40.1,,,,0.802,,92.0,2.339,81.0,95.99,,,,,,,,0.562,71.48,20.335,0.576,61.99,6.787,32.586,22.896,51.661,23.202,-0.4991068,69.0
KEN,Kenya,2015,1489.12,72.237,45.311,149.743,20.8,39.1,,,9.253,0.785,,89.0,2.227,79.2,96.09,,,,,,,,0.551,71.47,20.813,0.583,62.279,7.028,32.521,22.896,51.661,23.007,-0.5553579,70.0
KEN,Kenya,2016,1517.978,72.354,45.087,,22.2,38.7,,,11.635,0.737,,88.0,2.208,77.8,96.13,,,,,,,,0.547,71.46,20.813,0.594,62.526,7.27,29.523,22.896,43.052,22.622,-0.8044241,71.0
KEN,Kenya,2017,1542.338,69.745,42.566,,23.6,38.5,,,11.805,0.684,,81.0,2.174,76.4,96.15,,,,,,,,0.536,68.61,23.261,0.599,62.725,7.511,29.412,22.896,43.052,22.287,-0.7703185,72.0
KEN,Kenya,2018,1596.69,67.099,40.085,,22.9,37.8,,,,0.656,,91.0,2.031,77.1,96.22,,,,,,,,0.538,65.76,23.261,0.605,62.825,7.753,29.319,22.896,43.052,22.009,-0.759093,73.0
KEN,Kenya,2019,1645.71,64.404,37.653,,23.7,37.2,,,10.498,0.608,,93.0,1.964,76.3,96.28,,,,,,,,0.535,62.9,23.261,0.611,62.939,7.995,29.229,22.896,43.052,21.74,-0.4584624,74.0
KEN,Kenya,2020,1609.334,63.316,36.583,170.062,26.3,36.9,,,,0.62,,93.0,1.962,73.7,96.31,,,,,,,,0.533,62.88,23.261,0.6,61.596,7.686,27.758,22.896,37.722,22.655,,
ROK,Korea; Rep.,1990,9672.578,,34.285,,,12.1,99.777,,,0.05,,74.0,0.985,,98.79,,,,,,,,,,,,,,,,,,,
ROK,Korea; Rep.,1991,10618.843,58.66,36.633,,,11.2,99.74,88.068,,0.051,,79.0,0.99,,98.88,,,,,,,,,,,,,,,,,,0.4956893,46.0
ROK,Korea; Rep.,1992,11176.561,58.876,36.761,,,10.3,99.58,86.853,,0.048,,84.0,1.039,,98.97,,,,,,,,,,,,,,,,,,0.5313209,47.0
ROK,Korea; Rep.,1993,11837.469,58.673,36.203,,,9.5,99.352,,,0.042,,88.0,1.016,,99.05,,,,,,,,,,,,,,,,,,0.5495011,48.0
ROK,Korea; Rep.,1994,12817.245,59.617,36.576,,,8.8,99.008,,,0.041,,93.0,1.006,,99.12,,,,,,,,,,,,,,,,,,0.5566962,49.0
ROK,Korea; Rep.,1995,13924.304,60.192,36.278,,,8.1,98.516,,,0.038,,99.0,1.006,,99.19,,,,,,,,,,,,,,,,,,0.5104875,50.0
ROK,Korea; Rep.,1996,14894.328,60.406,35.337,,,7.5,98.243,95.937,,0.034,,90.0,0.953,,99.25,,,,,,,,,,,,,,,,,,0.594958,51.0
ROK,Korea; Rep.,1997,15682.272,60.404,34.198,,,7.0,98.304,94.285,,0.031,,80.0,0.938,,99.3,,,,,,,,,,,,,,,,,,0.573706,52.0
ROK,Korea; Rep.,1998,14800.509,56.021,31.71,,,6.6,97.722,93.84,,0.027,,74.0,0.722,,99.34,,,,,,,,,,,,,,,,,,0.7203831,53.0
ROK,Korea; Rep.,1999,16402.917,56.362,31.651,,,6.2,98.502,93.267,,0.024,,86.0,0.711,,99.38,,,,,,,,,,,,,,,,,,0.5773149,54.0
ROK,Korea; Rep.,2000,17763.135,58.285,30.516,,,5.8,99.061,92.636,74.69,0.022,,97.0,0.836,,99.42,,,,,,,,,,,,,,,,,,0.6185182,55.0
ROK,Korea; Rep.,2001,18460.429,58.849,31.39,,2.5,5.5,98.119,92.984,77.343,0.018,,97.0,0.767,97.5,99.45,,,,,,,,,,,,,,,,,,0.6510997,56.0
ROK,Korea; Rep.,2002,19775.38,59.74,32.073,,2.6,5.3,97.732,92.858,80.716,0.016,,97.0,0.578,97.4,99.47,,,,,,,,,,,,,,,,,,0.7825615,57.0
ROK,Korea; Rep.,2003,20278.041,59.067,31.951,,2.7,5.0,98.526,93.756,84.456,0.015,,97.0,0.518,97.3,99.5,,,,,,,,,,,,,,,,,,0.770996,58.0
ROK,Korea; Rep.,2004,21244.814,59.701,32.457,,2.5,4.7,98.195,94.513,89.801,0.013,,88.0,0.396,97.5,99.53,,,,,,,,,,,,,,,,,,0.7335653,59.0
ROK,Korea; Rep.,2005,22123.761,59.414,30.565,,2.5,4.4,99.389,95.19,95.37,0.012,,96.0,0.212,97.5,99.56,,,,,,,,,,,,,,,,,,0.5469612,60.0
ROK,Korea; Rep.,2006,23162.186,59.463,28.019,,2.5,4.1,99.41,94.379,99.949,0.011,,98.0,0.525,97.5,99.59,,,,,,,,,,,,,,,,,,0.696663,61.0
ROK,Korea; Rep.,2007,24391.765,59.47,25.757,,2.5,3.8,99.471,94.147,102.949,0.011,,91.0,0.505,97.5,99.62,,,,,,,,,,,,,,,,,,0.5464,62.0
ROK,Korea; Rep.,2008,24934.54,59.013,23.533,,2.5,3.6,99.506,93.383,103.136,0.01,,94.0,0.759,97.5,99.64,,,,,,,,,,,,,,,,,,0.604941,63.0
ROK,Korea; Rep.,2009,25009.915,58.199,22.568,,2.5,3.4,99.495,94.65,102.658,0.009,,94.0,0.515,97.5,99.66,,,,,,,,,,,,,,,,,,0.6463598,64.0
ROK,Korea; Rep.,2010,26623.049,58.328,22.667,,2.5,3.3,98.382,94.903,101.673,0.009,,94.0,0.498,97.5,99.67,,,,,,,,,,,,,,,,,,0.6053535,65.0
ROK,Korea; Rep.,2011,27393.455,58.822,23.337,,2.5,3.2,98.886,95.635,100.82,0.009,,99.0,0.769,97.5,99.68,,,,,,,,,,,,,,,,,,0.7049528,66.0
ROK,Korea; Rep.,2012,27944.056,59.215,24.075,,2.5,3.1,97.849,96.425,98.287,0.008,,99.0,0.526,97.5,99.69,,,,,,,,,,,,,,,,,,0.7296196,67.0
ROK,Korea; Rep.,2013,28732.711,59.517,24.632,,2.5,3.0,95.369,97.761,96.338,0.007,,99.0,0.455,97.5,99.7,,,,,,,,,,,,,,,,,,0.7038018,68.0
ROK,Korea; Rep.,2014,29470.673,60.358,26.305,,2.5,2.9,95.818,98.167,94.442,0.007,11.023,99.0,0.628,97.5,99.71,98.8977,,,,,,,,,,,,,,,,,0.7961942,69.0
ROK,Korea; Rep.,2015,30171.791,60.361,27.832,261.334,2.5,2.9,97.985,97.708,93.968,0.006,,98.0,0.527,97.5,99.71,,,,,,,,,,,,,,,,,,0.8174249,70.0
ROK,Korea; Rep.,2016,31005.407,60.34,27.975,,2.5,2.8,96.862,98.146,93.658,0.006,,98.0,0.397,97.5,99.72,,,,,,,,,,,,,,,,,,1.056609,71.0
ROK,Korea; Rep.,2017,31979.903,60.612,27.748,,2.5,2.7,97.255,98.007,93.723,0.005,,97.0,0.281,97.5,99.73,,,,,,,,,,,,,,,,,,0.9814132,72.0
ROK,Korea; Rep.,2018,32852.889,60.357,26.911,,2.5,2.7,,,93.328,0.004,,98.0,0.434,97.5,99.73,,,,,,,,,,,,,,,,,,0.9417426,73.0
ROK,Korea; Rep.,2019,33496.311,60.635,27.301,,2.5,2.6,,,93.999,0.004,,98.0,0.348,97.5,99.74,,,,,,,,,,,,,,,,,,0.8708524,74.0
ROK,Korea; Rep.,2020,33215.93,59.826,25.966,264.39,2.5,2.5,,,96.877,0.008,,98.0,0.138,97.5,99.75,,,,,,,,,,,,,,,,,,,
XKX,Kosovo,2008,2543.599,,,,,21.5,,,,,,,-0.346,,97.85,,,,,,,,,,,,,,,,,,,
XKX,Kosovo,2009,2680.861,,,,,19.8,,,,,,,-0.344,,98.02,,,,,,,,,,,,,,,,,,,
XKX,Kosovo,2010,2822.634,,,,,18.3,,,,,,,-0.331,,98.17,,,,,,,,,,,,,,,,,,,
XKX,Kosovo,2011,2995.65,,,,,17.0,,,,,,,0.179,,98.3,,,,,,,,,,,,,,,,,,,
XKX,Kosovo,2012,3021.351,,,,,15.9,,,,,,,0.843,,98.41,,,,,,,,,,,,,,,,,,,
XKX,Kosovo,2013,3163.472,,,,,14.8,,,,,,,0.606,,98.52,,,,,,,,,,,,,,,,,,,
XKX,Kosovo,2014,3279.025,,,,,13.9,,,,,,,-0.294,,98.61,,,,,,,,,,,,,,,,,,,
XKX,Kosovo,2015,3520.629,,,,,13.0,,,,,,,-1.362,,98.7,,,,,,,,,,,,,,,,,,,
XKX,Kosovo,2016,3739.176,,,,,12.3,,,,,,,-0.6,,98.77,,,,,,,,,,,,,,,,,,,
XKX,Kosovo,2017,3890.178,,,,,11.5,,,,,,,0.754,,98.85,,,,,,,,,,,,,,,,,,,
XKX,Kosovo,2018,4009.121,,,,,10.8,,,,,,,0.338,,98.92,,,,,,,,,,,,,,,,,,,
XKX,Kosovo,2019,4219.067,,,,,10.2,,,,,,,-0.457,,98.98,,,,,,,,,,,,,,,,,,,
XKX,Kosovo,2020,3990.946,,,,,9.6,,,,,,,0.07,,99.04,,,,,,,,,,,,,,,,,,,
KWT,Kuwait,1990,20140.783,,34.056,,,14.5,,,12.65,0.075,,71.0,-27.471,,98.55,,,,,,,,,,,,,,,,,,-0.7429397,45.0
KWT,Kuwait,1991,14812.92,63.537,33.983,,,13.8,,,,0.022,,80.0,-22.052,,98.62,,,,,,,,,,,,,,,,,,-0.721956,46.0
KWT,Kuwait,1992,22382.842,62.805,33.655,,,13.2,46.996,47.291,16.093,0.03,,88.0,19.048,,98.68,,,,,,,,,,,,,,,,,,-0.4136264,47.0
KWT,Kuwait,1993,29323.853,63.341,33.584,,,12.8,,,15.538,0.032,,97.0,2.249,,98.72,,,,,,,,,,,,,,,,,,-0.3575619,48.0
KWT,Kuwait,1994,31946.49,65.413,33.355,,,12.4,67.967,66.744,17.941,0.035,,99.0,-0.467,,98.76,,,,,,,,,,,,,,,,,,-0.3956161,49.0
KWT,Kuwait,1995,33156.847,66.785,33.038,,,12.2,,,22.526,0.038,,99.0,1.025,,98.78,,78.0,,,0.285,,0.503,0.716,43.51,0.0,0.763,75.665,5.823,,,,,-0.474379,50.0
KWT,Kuwait,1996,32417.963,66.851,33.261,,,11.9,89.252,91.966,23.086,0.038,,99.0,2.857,,98.81,,,,,,,,0.719,32.41,0.0,0.769,75.602,5.901,,,,,-0.4300845,51.0
KWT,Kuwait,1997,32152.437,66.331,33.484,,,11.5,88.847,89.088,21.099,0.038,,96.0,3.266,,98.85,,,,,,,,0.708,33.2,0.0,0.765,75.565,5.979,,,,,-0.4587411,52.0
KWT,Kuwait,1998,32306.669,65.874,33.591,,,11.2,88.528,,,0.036,,95.0,3.118,,98.88,,,,,,,,0.698,35.47,0.0,0.77,75.612,6.057,,,,,-0.6031303,53.0
KWT,Kuwait,1999,30798.095,65.565,33.596,,,10.9,88.293,81.772,19.734,0.035,,94.0,2.977,,98.91,,,,,,,,0.692,37.74,0.0,0.773,75.722,6.135,,,,,-0.5083294,54.0
KWT,Kuwait,2000,31341.978,65.404,33.523,,,10.6,85.392,82.005,,0.034,,98.0,2.837,,98.94,,,,,,,,0.688,40.01,0.0,0.778,75.873,6.212,,,,,-0.6421669,55.0
KWT,Kuwait,2001,30573.428,65.56,33.398,,2.5,10.5,84.94,82.032,18.321,0.034,,99.0,2.696,97.5,98.95,,,,,,,,0.685,42.28,0.0,0.777,76.037,6.192,,,,,-0.5929039,56.0
KWT,Kuwait,2002,30702.216,65.768,33.249,,2.5,10.3,88.945,,19.28,0.033,,99.0,2.549,97.5,98.97,,,,,,,,0.683,44.55,0.0,0.783,76.188,6.171,,,,,-0.6948264,57.0
KWT,Kuwait,2003,35169.634,66.261,33.095,,2.5,10.2,87.447,,19.589,0.032,,99.0,2.394,97.5,98.98,,,,,,,,0.681,46.82,0.0,0.795,76.304,6.151,,,,,-1.18192,58.0
KWT,Kuwait,2004,37918.541,66.772,32.384,,2.5,10.0,88.257,,19.975,0.032,,98.0,2.224,97.5,99.0,,,,,,,,0.68,46.32,0.0,0.798,76.388,6.13,,,,,-1.070602,59.0
KWT,Kuwait,2005,40451.255,67.309,31.66,,2.5,9.9,92.707,,,0.03,,99.0,3.617,97.5,99.01,,93.0,,,0.328,0.159,0.517,0.366,45.81,1.538,0.798,76.464,6.11,,,,,-1.142626,60.0
KWT,Kuwait,2006,41137.97,67.199,30.938,,2.5,9.8,,88.719,,0.027,,99.0,5.562,97.5,99.02,,93.0,,,0.327,0.268,0.517,0.347,55.5,1.538,0.799,76.554,6.14,,,,,-0.7991754,61.0
KWT,Kuwait,2007,41113.869,66.869,30.239,,2.5,9.6,91.546,88.973,,0.024,,99.0,5.878,97.5,99.04,,94.0,,,0.325,0.076,0.517,0.342,56.8,1.538,0.801,76.688,6.22,,,,,-1.025119,62.0
KWT,Kuwait,2008,39852.513,66.748,29.566,,2.5,9.5,92.413,87.512,,0.023,,99.0,5.566,97.5,99.05,,94.0,,,0.325,-0.033,0.517,0.284,56.38,3.077,0.805,76.889,6.43,,,,,-1.053491,63.0
KWT,Kuwait,2009,35124.085,67.099,28.916,,2.5,9.3,,84.581,,0.021,,99.0,5.291,97.5,99.07,,,,,,,,0.218,55.95,7.692,0.809,77.167,6.64,,,,,-1.104705,64.0
KWT,Kuwait,2010,32568.498,67.449,28.291,191.899,2.5,9.1,92.346,87.377,,0.02,,98.0,5.155,97.5,99.09,,94.0,,,0.32,0.145,0.523,0.207,59.47,7.692,0.812,77.499,6.85,,,,6.847,-1.062394,65.0
KWT,Kuwait,2011,33545.346,68.272,27.715,,2.5,8.8,92.741,86.353,,0.018,,99.0,6.238,97.5,99.12,,,,,,,,0.196,58.95,7.692,0.817,77.864,7.06,,,,6.69,-0.8145025,66.0
KWT,Kuwait,2012,33578.331,69.149,27.178,,2.5,8.5,92.6,86.533,,0.018,,98.0,6.317,97.5,99.15,,96.0,,,0.311,-0.089,0.523,0.211,58.42,6.154,0.822,78.227,7.27,,21.623,,6.534,-1.265388,67.0
KWT,Kuwait,2013,32311.18,69.57,26.66,,2.5,8.2,92.076,85.042,,0.016,,99.0,4.99,97.5,99.18,,96.0,,,0.312,-0.088,0.523,0.195,57.9,6.154,0.814,78.583,6.68,,22.909,,6.387,-0.9738735,68.0
KWT,Kuwait,2014,31073.154,69.762,26.209,,2.5,8.0,92.173,83.835,55.893,0.016,,95.0,4.407,97.5,99.2,,,,,,,,0.301,57.37,1.538,0.818,78.927,6.875,,22.909,,6.255,-1.076235,69.0
KWT,Kuwait,2015,29882.213,70.733,25.8,219.511,2.5,7.8,92.13,86.529,58.943,0.015,,99.0,4.499,97.5,99.22,,96.0,,,0.313,-0.079,0.523,0.3,56.85,1.538,0.832,79.219,7.07,,22.222,,6.169,-1.011471,70.0
KWT,Kuwait,2016,29454.443,71.133,25.394,,2.5,7.7,90.614,,59.221,0.015,,99.0,4.326,97.5,99.23,,,,,,,,0.284,49.89,2.0,0.836,79.516,7.13,,22.222,,6.057,-0.9310559,71.0
KWT,Kuwait,2017,27048.371,71.751,25.907,,2.5,7.6,85.871,,54.916,0.015,,99.0,3.695,97.5,99.24,,96.0,,,0.325,-0.216,0.501,0.248,48.59,3.077,0.838,79.731,7.19,,21.937,,5.988,-0.8041023,72.0
KWT,Kuwait,2018,26706.019,71.947,26.049,,2.5,7.6,82.633,,52.107,0.013,,91.0,3.98,97.5,99.24,,96.0,,,0.32,-0.121,0.501,0.24,47.79,3.077,0.84,79.899,7.22,,22.108,,5.939,-0.9115943,73.0
KWT,Kuwait,2019,26580.226,71.706,26.079,,2.5,7.6,,,50.44,0.012,,92.0,2.711,97.5,99.24,,,,,,,,0.202,47.65,4.615,0.843,80.022,7.334,,22.108,,5.894,-0.8311126,74.0
KWT,Kuwait,2020,25541.538,66.785,24.074,217.499,2.5,7.7,,,53.732,0.054,,93.0,-0.951,97.5,99.23,,96.0,,,0.317,-0.195,0.466,0.16,46.95,6.349,0.837,78.248,7.449,,22.108,,5.908,,
KGZ,Kyrgyz Rep.,1990,1203.472,,40.594,,,56.6,,,26.288,0.293,,,1.925,,94.34,,,,,,,,,,,,,,,,,,,
KGZ,Kyrgyz Rep.,1991,1089.9,59.942,42.825,,,56.2,,,24.896,0.287,,,1.635,,94.38,,,,,,,,,,,,,,,,,,,
KGZ,Kyrgyz Rep.,1992,928.316,62.199,46.69,,,56.2,,,23.963,0.29,,84.0,1.153,,94.38,,,,,,,,,,,,,,,,,,0.7024517,47.0
KGZ,Kyrgyz Rep.,1993,784.565,64.716,51.054,,,56.4,,,22.097,0.293,,64.0,0.03,,94.36,,,,,,,,,,,,,,,,,,0.387081,48.0
KGZ,Kyrgyz Rep.,1994,627.221,68.331,57.269,,,56.2,,,21.561,0.308,,82.0,-0.038,,94.38,,,,,,,,,,,,,,,,,,0.08328752,49.0
KGZ,Kyrgyz Rep.,1995,587.298,69.37,59.166,,,55.2,,,20.69,0.319,,93.0,1.0,,94.48,,,,,,,,,,,,,,,,,,0.0867565,50.0
KGZ,Kyrgyz Rep.,1996,619.668,68.374,57.624,,,53.5,92.242,,21.92,0.298,,98.0,1.48,,94.65,,,,,,,,,,,,,,,,,,0.3511698,51.0
KGZ,Kyrgyz Rep.,1997,671.25,66.958,55.359,,,51.3,,,23.837,0.256,,98.0,1.458,,94.87,,,,,,,,,,,,,,,,,,0.3560127,52.0
KGZ,Kyrgyz Rep.,1998,675.058,66.78,55.209,,,48.8,,,27.4,0.23,,97.0,1.534,,95.12,,,,,,,,,,,,,,,,,,0.4165337,53.0
KGZ,Kyrgyz Rep.,1999,689.414,66.334,54.627,,,46.4,87.082,,28.021,0.211,,99.0,1.486,,95.36,,,,,,,,,,,,,,,,,,,
KGZ,Kyrgyz Rep.,2000,718.343,65.561,53.492,,,44.0,86.234,,33.693,0.191,,99.0,1.19,,95.6,,,,,,,,,,,,,,,,,,0.0813358,55.0
KGZ,Kyrgyz Rep.,2001,749.424,64.785,52.335,,12.9,41.7,86.708,,39.267,0.187,,99.0,0.949,87.1,95.83,,,,,,,,,,,,,,,,,,,
KGZ,Kyrgyz Rep.,2002,742.443,64.842,52.593,,11.0,39.5,86.562,,42.228,0.189,,98.0,0.919,89.0,96.05,,,,,,,,,,,,,,,,,,0.08950831,57.0
KGZ,Kyrgyz Rep.,2003,786.35,63.834,51.041,,8.9,37.5,85.666,,39.491,0.192,,98.0,1.049,91.1,96.25,,,,,,,,,,,,,,,,,,0.06798037,58.0
KGZ,Kyrgyz Rep.,2004,831.482,62.874,49.564,,7.2,35.7,90.159,82.281,39.111,0.192,,99.0,1.21,92.8,96.43,,,,,,,,,,,,,,,,,,-0.1930374,59.0
KGZ,Kyrgyz Rep.,2005,820.71,62.988,49.907,,7.3,34.1,87.723,80.636,40.616,0.194,,98.0,1.128,92.7,96.59,,,,,,,,,,,,,,,,,,-0.1971901,60.0
KGZ,Kyrgyz Rep.,2006,837.138,62.588,49.388,,8.0,32.6,88.89,80.606,41.643,0.206,,92.0,1.074,92.0,96.74,,,,,,,,,,,,,,,,,,-0.3359238,61.0
KGZ,Kyrgyz Rep.,2007,900.028,61.404,47.524,,8.9,31.0,87.571,80.377,41.454,0.206,,94.0,0.954,91.1,96.9,,,,,,,,,,,,,,,,,,-0.4576845,62.0
KGZ,Kyrgyz Rep.,2008,966.41,60.288,45.749,,8.6,29.3,87.416,,45.584,0.206,,95.0,0.951,91.4,97.07,,,,,,,,,,,,,,,,,,-0.3261664,63.0
KGZ,Kyrgyz Rep.,2009,981.221,59.985,45.378,,8.4,27.4,86.848,,43.433,0.207,,95.0,1.324,91.6,97.26,,,,,,,,,,,,,,,,,,-0.3105086,64.0
KGZ,Kyrgyz Rep.,2010,962.765,60.158,45.844,168.286,7.7,25.7,87.359,,42.218,0.219,,96.0,1.426,92.3,97.43,,,,,,,,,,,,,,,,,,-0.1743296,65.0
KGZ,Kyrgyz Rep.,2011,1005.483,60.992,45.503,,7.1,24.0,87.318,,42.437,0.22,,96.0,1.444,92.9,97.6,,,,,,,,,,,,,,,,,,-0.2902841,66.0
KGZ,Kyrgyz Rep.,2012,985.847,59.176,41.532,,6.4,22.7,89.625,,45.233,0.214,,96.0,1.884,93.6,97.73,,,,,,,,,,,,,,,,,,-0.1553166,67.0
KGZ,Kyrgyz Rep.,2013,1069.784,56.229,42.989,,6.1,21.5,90.442,,48.573,0.199,,97.0,2.189,93.9,97.85,,,,,,,,,,,,,,,,,,-0.6378398,68.0
KGZ,Kyrgyz Rep.,2014,1088.582,56.801,40.587,,5.9,20.4,89.788,80.24,46.36,0.196,,96.0,2.203,94.1,97.96,,,,,,,,,,,,,,,,,,-0.5430293,69.0
KGZ,Kyrgyz Rep.,2015,1105.652,57.049,39.48,171.002,6.1,19.4,89.452,80.519,46.55,0.182,,97.0,2.247,93.9,98.06,,,,,,,,,,,,,,,,,,-0.7644666,70.0
KGZ,Kyrgyz Rep.,2016,1128.316,56.673,38.277,,5.9,18.4,89.364,82.185,44.589,0.162,,96.0,2.215,94.1,98.16,,,,,,,,,,,,,,,,,,-0.5971115,71.0
KGZ,Kyrgyz Rep.,2017,1157.183,54.352,35.739,,5.5,17.5,89.888,83.161,41.576,0.147,,92.0,2.105,94.5,98.25,,,,,,,,,,,,,,,,,,-0.6134712,72.0
KGZ,Kyrgyz Rep.,2018,1175.071,55.795,37.874,,5.0,16.7,89.858,84.387,39.568,0.164,,94.0,2.155,95.0,98.33,,,,,,,,,,,,,,,,,,-0.7376559,73.0
KGZ,Kyrgyz Rep.,2019,1201.877,55.661,35.816,,4.9,16.1,,,40.826,0.158,,95.0,2.242,95.1,98.39,,,,,,,,,,,,,,,,,,-0.7355174,74.0
KGZ,Kyrgyz Rep.,2020,1093.329,53.903,35.159,201.461,5.2,15.6,,,45.333,0.168,,87.0,2.048,94.8,98.44,,,,,,,,,,,,,,,,,,,
LAO,Lao People's Dem. Rep.,1990,634.525,,63.708,,,113.4,64.663,,1.116,4.747,,18.0,2.846,,88.66,,,,,,,,,,,,,,,,,,-0.7428994,45.0
LAO,Lao People's Dem. Rep.,1991,643.41,60.881,63.564,,,110.7,,,,4.525,,22.0,2.816,,88.93,,,,,,,,,,,,,,,,,,-0.85334,46.0
LAO,Lao People's Dem. Rep.,1992,660.634,60.701,63.289,,,108.1,57.914,13.912,,4.384,,23.0,2.769,,89.19,,,,,,,,,,,,,,,,,,-1.014907,47.0
LAO,Lao People's Dem. Rep.,1993,680.964,60.633,62.973,,,105.3,62.726,14.413,1.318,4.177,,25.0,2.713,,89.47,,,,,,,,,,,,,,,,,,-1.153396,48.0
LAO,Lao People's Dem. Rep.,1994,717.509,60.6,62.426,,,102.6,66.454,17.094,1.307,4.0,,48.0,2.616,,89.74,,,,,,,,,,,,,,,,,,-1.394321,49.0
LAO,Lao People's Dem. Rep.,1995,749.235,60.543,61.97,,,99.9,,,1.634,3.684,,54.0,2.468,,90.01,,,,,,,,,,,,,,,,,,-1.204227,50.0
LAO,Lao People's Dem. Rep.,1996,782.683,60.555,61.508,,,97.2,68.437,,2.37,3.432,,58.0,2.331,,90.28,,,,,,,,,,,,,,,,,,-1.145742,51.0
LAO,Lao People's Dem. Rep.,1997,819.206,60.531,61.024,,,94.6,70.952,20.728,2.522,3.228,,60.0,2.086,,90.54,,,,,,,,,,,,,,,,,,-1.303954,52.0
LAO,Lao People's Dem. Rep.,1998,836.088,60.531,60.807,,,92.1,74.278,22.951,2.006,3.062,,54.0,1.851,,90.79,,,,,,,,,,,,,,,,,,-1.131467,53.0
LAO,Lao People's Dem. Rep.,1999,881.634,60.517,60.24,,,89.5,74.947,25.632,2.31,2.935,,55.0,1.747,,91.05,,,,,,,,,,,,,,,,,,-1.16003,54.0
LAO,Lao People's Dem. Rep.,2000,917.228,60.509,59.814,,,86.8,75.859,27.419,2.647,2.692,,51.0,1.679,,91.32,,,,,,,,,,,,,,,,,,-1.175736,55.0
LAO,Lao People's Dem. Rep.,2001,954.124,60.535,59.389,,,84.1,75.377,28.966,3.047,2.469,,52.0,1.648,,91.59,,,,,,,,,,,,,,,,,,-1.310367,56.0
LAO,Lao People's Dem. Rep.,2002,994.492,60.52,58.941,,,81.3,76.568,29.973,4.059,2.289,,53.0,1.606,,91.87,,,,,,,,,,,,,,,,,,-1.077704,57.0
LAO,Lao People's Dem. Rep.,2003,1038.712,60.519,58.469,,,78.4,79.176,33.311,4.797,2.132,,49.0,1.54,,92.16,,,,,,,,,,,,,,,,,,-0.7309938,58.0
LAO,Lao People's Dem. Rep.,2004,1088.76,60.513,57.957,,,75.6,79.849,34.945,5.579,1.953,,45.0,1.458,,92.44,,,,,,,,,,,,,,,,,,-0.8633823,59.0
LAO,Lao People's Dem. Rep.,2005,1148.682,60.498,57.371,,,72.7,81.105,35.2,7.601,1.726,,49.0,1.509,,92.73,,,,,,,,,,,,,,,,,,-0.706509,60.0
LAO,Lao People's Dem. Rep.,2006,1228.089,60.455,56.639,,,69.8,82.622,34.419,8.786,1.58,,57.0,1.583,,93.02,,,,,,,,,,,,,,,,,,-0.9057626,61.0
LAO,Lao People's Dem. Rep.,2007,1301.086,60.418,56.004,,,66.9,85.235,35.53,11.263,1.436,,50.0,1.548,,93.31,,,,,,,,,,,,,,,,,,-0.770207,62.0
LAO,Lao People's Dem. Rep.,2008,1381.738,60.37,55.342,,,64.1,87.673,36.529,13.078,1.307,,61.0,1.52,,93.59,,,,,,,,,,,,,,,,,,-0.7844991,63.0
LAO,Lao People's Dem. Rep.,2009,1463.338,60.317,54.71,,,61.3,89.979,38.113,16.212,1.148,,67.0,1.496,,93.87,,,,,,,,,,,,,,,,,,-0.9056227,64.0
LAO,Lao People's Dem. Rep.,2010,1564.911,60.253,53.968,,,58.7,94.536,39.966,16.664,1.015,,74.0,1.472,,94.13,,,,,,,,,,,,,,,,,,-0.8596067,65.0
LAO,Lao People's Dem. Rep.,2011,1666.401,59.966,53.273,,,56.1,94.331,40.661,17.495,0.871,,76.0,1.448,,94.39,,,,,,,,,,,,,,,,,,-0.9556472,66.0
LAO,Lao People's Dem. Rep.,2012,1774.636,59.681,52.576,,,53.7,94.322,43.585,17.331,0.762,,77.0,1.427,,94.63,,,,,,,,,,,,,,,,,,-0.7483954,67.0
LAO,Lao People's Dem. Rep.,2013,1890.279,59.387,51.875,,,51.4,96.237,47.072,18.922,0.664,,83.0,1.408,,94.86,,,,,,,,,,,,,,,,,,-0.8911476,68.0
LAO,Lao People's Dem. Rep.,2014,2006.312,59.098,51.213,,,49.2,96.543,52.322,18.495,0.578,,83.0,1.379,,95.08,,,,,,,,,,,,,,,,,,-1.095788,69.0
LAO,Lao People's Dem. Rep.,2015,2121.013,58.812,50.595,150.275,,47.1,94.893,55.823,18.157,0.535,,82.0,1.458,,95.29,,,,,,,,,,,,,,,,,,-1.198651,70.0
LAO,Lao People's Dem. Rep.,2016,2234.761,58.32,50.015,,,45.2,94.004,58.733,17.088,0.481,,82.0,1.563,,95.48,,,,,,,,,,,,,,,,,,-0.9615447,71.0
LAO,Lao People's Dem. Rep.,2017,2351.574,57.829,49.449,,,43.5,92.486,60.13,15.411,0.439,,78.0,1.57,,95.65,,,,,,,,,,,,,,,,,,-1.184827,72.0
LAO,Lao People's Dem. Rep.,2018,2459.979,59.222,50.257,,,41.9,91.467,60.012,14.497,0.405,,75.0,1.554,,95.81,,,,,,,,,,,,,,,,,,-1.071351,73.0
LAO,Lao People's Dem. Rep.,2019,2554.956,60.633,51.123,,,40.4,,,13.74,0.374,,66.0,1.526,,95.96,,,,,,,,,,,,,,,,,,-0.9003623,74.0
LAO,Lao People's Dem. Rep.,2020,2529.746,61.434,51.924,128.209,,39.0,,,12.562,0.354,,61.0,1.493,,96.1,,,,,,,,,,,,,,,,,,,
LVA,Latvia,1990,7622.698,,41.151,,,13.2,,,,0.082,,,-0.143,,98.68,,,,,,,,,,,,,,,,,,,
LVA,Latvia,1991,6694.199,58.97,42.859,,,14.3,,,,0.075,,,-0.473,,98.57,,,,,,,,,,,,,,,,,,1.284647,46.0
LVA,Latvia,1992,4607.114,57.507,48.674,,,15.2,,,,0.072,,87.0,-1.377,,98.48,,,,,,,,,,,,,,,,,,1.243257,47.0
LVA,Latvia,1993,4464.721,51.054,49.215,,,15.7,,,,0.074,,80.0,-1.972,,98.43,,,,,,,,,,,,,,,,,,1.074148,48.0
LVA,Latvia,1994,4639.506,49.363,48.531,,,15.9,,78.852,,0.077,,97.0,-1.674,,98.41,,,,,,,,,,,,,,,,,,1.3262,49.0
LVA,Latvia,1995,4661.668,48.956,48.438,,,15.8,,,,0.063,,98.0,-1.426,,98.42,,,,,,,,,,,,,,,,,,1.788022,50.0
LVA,Latvia,1996,4822.904,47.634,47.857,,,15.3,,,,0.045,,93.0,-1.126,,98.47,,,,,,,,,,,,,,,,,,1.359052,51.0
LVA,Latvia,1997,5317.98,50.578,46.242,,,14.4,,,,0.039,,92.0,-0.997,,98.56,,,,,,,,0.337,51.64,9.0,0.727,69.225,11.05,,,,,1.408367,52.0
LVA,Latvia,1998,5719.989,50.49,45.094,,,13.4,,,,0.038,,94.0,-0.943,,98.66,,,,,,,,0.329,51.64,9.0,0.738,68.851,11.19,,,,,1.233188,53.0
LVA,Latvia,1999,5929.268,49.74,42.324,,,12.5,96.838,,,0.039,,95.0,-0.814,,98.75,,,,,,,,0.277,49.91,17.0,0.753,69.648,11.331,,,,,1.134031,54.0
LVA,Latvia,2000,6336.383,48.171,38.443,,,11.6,,,,0.035,,96.0,-0.964,,98.84,,100.0,,,0.817,0.21,0.289,0.272,49.02,17.0,0.764,70.175,11.471,,,,,1.202259,55.0
LVA,Latvia,2001,6833.435,48.617,37.395,,5.2,10.8,,,63.492,0.033,,97.0,-1.291,94.8,98.92,,,,,,,,0.265,50.22,17.0,0.775,69.906,11.636,,,,,1.18982,56.0
LVA,Latvia,2002,7443.229,49.773,37.851,,3.7,10.3,,,67.809,0.031,,97.0,-1.162,96.3,98.97,,,,,,,,0.25,51.39,18.0,0.786,70.175,11.801,,,,,1.14945,57.0
LVA,Latvia,2003,8149.002,50.035,38.871,,3.0,9.7,,,71.034,0.033,,98.0,-0.966,97.0,99.03,,,,,,,,0.258,50.85,21.0,0.798,70.636,11.965,,,,,1.128315,58.0
LVA,Latvia,2004,8957.234,50.499,36.973,,2.5,9.2,,,74.609,0.03,,99.0,-1.091,97.5,99.08,,,,,,,,0.249,50.75,21.0,0.809,70.939,12.13,,,,,1.167946,59.0
LVA,Latvia,2005,10106.263,51.46,38.046,,2.5,8.6,,,75.419,0.031,,99.0,-1.081,97.5,99.14,,,,,,,,0.245,50.69,21.0,0.818,70.632,12.25,,,,,1.151246,60.0
LVA,Latvia,2006,11507.465,54.804,40.899,,2.5,8.1,,,74.597,0.034,,96.0,-0.917,97.5,99.19,,,,,,,,0.252,52.23,19.0,0.823,70.55,12.3,,,,,1.022594,61.0
LVA,Latvia,2007,12810.041,56.556,42.637,,2.5,7.7,,,73.043,0.036,,94.0,-0.816,97.5,99.23,,,,,,,,0.249,53.12,20.0,0.829,70.789,12.17,,,,,1.035732,62.0
LVA,Latvia,2008,12506.695,56.753,42.866,,2.5,7.3,96.06,91.064,72.364,0.033,,94.0,-1.051,97.5,99.27,,,,,,,,0.242,55.0,20.0,0.837,71.999,12.35,,,,,0.9931102,63.0
LVA,Latvia,2009,10675.425,49.552,41.249,,2.5,6.9,96.755,89.642,73.055,0.031,,94.0,-1.651,97.5,99.31,,,,,,,,0.229,54.53,22.0,0.836,72.697,12.46,,,,,0.9535213,64.0
LVA,Latvia,2010,10500.867,47.359,39.754,225.484,2.5,6.5,97.184,90.394,69.051,0.026,,92.0,-2.081,97.5,99.35,,,,,,,,0.229,53.92,20.0,0.833,73.028,12.56,10.353,3.191,21.838,6.029,1.092473,65.0
LVA,Latvia,2011,11018.515,49.017,37.481,,2.5,6.0,97.303,91.401,67.953,0.026,,92.0,-1.821,97.5,99.4,,100.0,0.3577257096767425,Europe,0.82,0.689,0.119,0.221,53.07,23.0,0.84,73.718,12.61,10.156,3.216,20.788,6.464,1.04234,66.0
LVA,Latvia,2012,11971.011,50.697,40.146,,2.5,5.5,96.508,90.988,66.644,0.026,,91.0,-1.24,97.5,99.45,,,,,,,,0.219,54.34,23.0,0.843,73.939,12.7,9.993,2.931,20.779,6.271,1.055352,67.0
LVA,Latvia,2013,12353.539,52.273,39.369,,2.5,5.0,96.118,93.353,69.077,0.032,,94.0,-1.071,97.5,99.5,,,,,,,,0.21,54.04,23.0,0.852,74.187,12.81,9.625,3.241,20.236,5.397,1.035856,68.0
LVA,Latvia,2014,12731.677,52.809,40.432,,2.5,4.6,95.802,92.926,70.898,0.032,,92.0,-0.942,97.5,99.54,,,,,,,,0.23,53.43,18.0,0.854,74.306,12.86,9.617,2.992,20.633,5.228,1.053954,69.0
LVA,Latvia,2015,13321.975,54.108,41.29,238.732,2.5,4.3,95.837,92.87,74.3,0.033,,94.0,-0.819,97.5,99.57,,,,,,,,0.225,54.12,18.0,0.859,74.665,12.87,9.356,2.83,20.127,5.111,1.154086,70.0
LVA,Latvia,2016,13787.337,54.528,39.694,,2.5,4.0,96.004,93.587,80.605,0.035,,98.0,-0.914,97.5,99.6,,,,,,,,0.212,54.99,18.0,0.864,74.757,12.93,8.95,2.913,18.983,4.955,1.192914,71.0
LVA,Latvia,2017,14382.861,55.489,39.759,,2.5,3.7,96.304,93.8,88.057,0.034,,98.0,-0.886,97.5,99.63,,,,,,,,0.215,55.18,16.0,0.87,74.8,13.055,9.008,2.583,19.347,5.094,1.12169,72.0
LVA,Latvia,2018,15120.07,56.792,37.726,,2.5,3.6,,,93.024,0.032,,96.0,-0.779,97.5,99.64,,,,,,,,0.168,55.81,31.0,0.875,74.979,13.18,9.16,2.53,20.455,4.497,1.237024,73.0
LVA,Latvia,2019,15328.386,57.231,36.3,,2.5,3.4,,,94.865,0.031,,99.0,-0.695,97.5,99.66,,,,,,,,0.164,55.68,30.0,0.88,75.628,13.25,8.896,2.564,19.527,4.596,1.216662,74.0
LVA,Latvia,2020,14900.73,56.58,34.844,254.576,2.5,3.2,,,94.511,0.028,,99.0,-0.701,97.5,99.68,,,,,,,,0.142,56.03,30.0,0.879,75.478,13.329,8.575,2.228,18.955,4.544,,
LBN,Lebanon,1990,2752.724,,34.269,,,28.1,,,,0.165,,82.0,1.963,,97.19,,,,,,,,,,,,,,,,,,-0.5502991,45.0
LBN,Lebanon,1991,4031.195,40.98,34.15,,,26.8,,,,0.128,,86.0,2.03,,97.32,,,,,,,,,,,,,,,,,,-0.5207408,46.0
LBN,Lebanon,1992,4595.581,40.933,33.698,,,25.5,,,23.675,0.114,,90.0,2.116,,97.45,,,,,,,,,,,,,,,,,,-0.8514411,47.0
LBN,Lebanon,1993,4992.699,40.794,33.361,,,24.4,,,,0.1,,91.0,1.937,,97.56,,,,,,,,,,,,,,,,,,-0.7896634,48.0
LBN,Lebanon,1994,5301.416,40.651,33.068,,,23.3,,,,0.088,,92.0,1.794,,97.67,,,,,,,,,,,,,,,,,,-0.9787905,49.0
LBN,Lebanon,1995,5542.227,40.535,32.8,,,22.3,,,,0.079,,93.0,1.807,,97.77,,,,,,,,,,,,,,,,,,-1.122068,50.0
LBN,Lebanon,1996,6054.529,40.372,32.422,,,21.3,,,21.619,0.075,,93.0,1.852,,97.87,,,,,,,,,,,,,,,,,,-1.368071,51.0
LBN,Lebanon,1997,6008.759,40.315,32.267,,,20.3,,,,0.071,,92.0,1.808,,97.97,,,,,,,,,,,,,,,,,,-1.065539,52.0
LBN,Lebanon,1998,6120.457,40.316,32.05,,,19.4,,,,0.068,,89.0,1.758,,98.06,,,,,,,,,,,,,,,,,,-1.3135,53.0
LBN,Lebanon,1999,5982.418,40.288,31.929,,,18.5,,,28.092,0.064,,86.0,1.754,,98.15,,,,,,,,,,,,,,,,,,-1.118961,54.0
LBN,Lebanon,2000,5958.978,40.378,31.771,,,17.6,,,28.109,0.06,,83.0,1.726,,98.24,,,,,,,,,,,,,,,,,,-1.020766,55.0
LBN,Lebanon,2001,6085.76,40.414,31.561,,7.4,16.6,,,31.808,0.055,,80.0,1.663,92.6,98.34,,,,,,,,,,,,,,,,,,-1.210623,56.0
LBN,Lebanon,2002,6207.241,40.499,31.349,,8.1,15.7,,,33.24,0.05,,77.0,1.389,91.9,98.43,,,,,,,,,,,,,,,,,,-1.080782,57.0
LBN,Lebanon,2003,6319.765,40.561,31.131,,8.5,14.9,,,33.001,0.045,,74.0,1.38,91.5,98.51,,,,,,,,,,,,,,,,,,-1.267588,58.0
LBN,Lebanon,2004,6633.753,40.564,30.836,,8.2,14.1,,,34.898,0.041,,75.0,1.617,91.8,98.59,,,,,,,,,,,,,,,,,,-1.161552,59.0
LBN,Lebanon,2005,6707.18,40.199,30.814,,7.1,13.4,,,36.916,0.037,,77.0,1.55,92.9,98.66,,,,,,,,,,,,,,,,,,-0.7443989,60.0
LBN,Lebanon,2006,6696.374,39.822,30.792,,6.2,12.7,,,38.106,0.036,,78.0,1.699,93.8,98.73,,,,,,,,,,,,,,,,,,-0.6878028,61.0
LBN,Lebanon,2007,7179.345,39.503,30.769,,5.4,12.2,,,40.492,0.033,,80.0,1.938,94.6,98.78,,90.0,,,0.444,-0.228,0.737,0.413,21.12,4.688,0.726,76.732,8.04,,,,,-0.7948399,62.0
LBN,Lebanon,2008,7701.298,40.492,31.438,,4.7,11.7,,,41.775,0.032,,81.0,1.663,95.3,98.83,,,,,,,,0.411,21.74,4.688,0.734,76.956,8.252,,,,,-0.8041082,63.0
LBN,Lebanon,2009,8375.489,41.492,32.114,,4.1,11.4,,,41.896,0.031,,81.0,1.35,95.9,98.86,,91.0,,,0.468,-0.392,0.737,0.437,22.35,3.125,0.743,77.262,8.464,,,,,-0.8557924,64.0
LBN,Lebanon,2010,8955.543,41.734,32.798,152.23,3.9,11.1,,,42.178,0.032,,82.0,0.977,96.1,98.89,,,,,,,,0.433,23.05,3.125,0.75,77.529,8.675,,,,8.503,-1.078462,65.0
LBN,Lebanon,2011,8936.2,41.895,33.49,,3.9,11.0,,,45.535,0.032,,82.0,1.08,96.1,98.9,,,,,,,,0.438,23.75,3.125,0.758,77.768,8.887,,,,8.395,-1.025745,66.0
LBN,Lebanon,2012,8920.806,42.045,34.188,,4.4,10.9,,,44.933,0.032,,83.0,2.705,95.6,98.91,,,,,,,,0.434,24.45,3.125,0.762,77.941,9.099,,,20.241,8.372,-1.159615,67.0
LBN,Lebanon,2013,8443.539,42.224,34.893,,4.8,10.9,,,48.309,0.028,,83.0,9.255,95.2,98.91,,,,,,,,0.432,25.15,3.125,0.762,78.037,9.311,,,20.241,8.444,-1.038277,68.0
LBN,Lebanon,2014,7830.415,42.475,35.604,,5.3,11.0,,,42.935,0.031,,83.0,9.992,94.7,98.9,,,,,,,,0.428,25.85,3.125,0.761,78.148,9.523,,,20.241,8.513,-1.077963,69.0
LBN,Lebanon,2015,7714.11,42.671,36.321,154.71,5.6,11.2,,,39.291,0.035,,83.0,1.958,94.4,98.88,,,,,,,,0.424,26.55,3.125,0.763,78.275,9.735,,,20.241,8.606,-0.8869312,70.0
LBN,Lebanon,2016,8019.142,42.859,37.038,,5.7,11.4,,,42.507,0.034,20.0,83.0,-2.335,94.3,98.86,98.0,,,,,,,0.421,27.25,3.125,0.767,78.306,9.946,,,20.241,8.553,-1.244867,71.0
LBN,Lebanon,2017,8305.574,43.052,37.754,,5.5,11.8,,,44.188,0.034,16.854,83.0,-2.611,94.5,98.82,98.3146,,,,,,,0.418,27.95,3.125,0.772,78.192,10.158,,,20.241,8.795,-1.095853,72.0
LBN,Lebanon,2018,8388.724,43.224,38.47,,5.6,12.3,,,47.23,0.033,13.371,83.0,-2.899,94.4,98.77,98.6629,93.0,,,0.444,-0.674,0.759,0.381,28.65,4.688,0.774,78.263,10.37,,,20.241,8.995,-0.983723,73.0
LBN,Lebanon,2019,8064.049,43.368,39.191,,7.1,12.8,,,50.148,0.032,13.7,83.0,-3.218,92.9,98.72,98.63,,,,,,,0.384,29.35,4.688,0.771,78.208,10.37,,,20.241,9.299,-1.143847,74.0
LBN,Lebanon,2020,6440.828,41.16,38.958,153.576,9.1,13.5,,,51.568,0.057,16.9,71.0,-1.604,90.9,98.65,98.31,,,,,,,0.387,29.31,4.688,0.75,76.299,10.37,,,20.241,11.686,,
LSO,Lesotho,1990,533.825,,69.757,,,74.5,65.088,,1.21,3.164,,82.0,1.911,,92.55,,,,,,,,,,,,,,,,,,-0.07997129,45.0
LSO,Lesotho,1991,560.885,62.252,69.725,,,73.9,66.28,13.603,1.242,2.957,,84.0,1.79,,92.61,,,,,,,,,,,,,,,,,,-0.2867279,46.0
LSO,Lesotho,1992,590.008,62.262,69.542,,,73.8,66.347,15.274,2.146,2.676,,85.0,1.663,,92.62,,,,,,,,,,,,,,,,,,-0.3837373,47.0
LSO,Lesotho,1993,601.558,62.131,69.201,,,74.4,64.004,15.987,2.273,2.306,,86.0,1.511,,92.56,,,,,,,,,,,,,,,,,,-0.5785083,48.0
LSO,Lesotho,1994,628.96,62.03,68.709,,,75.3,64.919,14.913,2.421,1.729,,87.0,1.353,,92.47,,,,,,,,,,,,,,,,,,-0.9944222,49.0
LSO,Lesotho,1995,641.759,61.824,68.11,,,75.9,63.896,,2.362,1.414,,88.0,1.223,,92.41,,,,,,,,0.605,26.63,11.224,0.476,56.368,4.527,,,,,-0.2041725,50.0
LSO,Lesotho,1996,670.47,61.809,67.477,,,76.3,64.105,16.46,2.409,1.234,,87.0,1.069,,92.37,,,,,,,,0.606,26.63,11.224,0.473,55.136,4.623,,,,,-0.4123823,51.0
LSO,Lesotho,1997,689.806,61.63,66.712,,,76.4,,,,1.174,,87.0,0.793,,92.36,,,,,,,,0.572,56.2,11.224,0.469,53.733,4.718,,,,,-0.783027,52.0
LSO,Lesotho,1998,696.936,61.444,65.762,,,76.7,57.228,12.367,,1.177,,88.0,0.498,,92.33,,,,,,,,0.568,61.87,11.224,0.469,52.029,4.813,,,,,-0.4342647,53.0
LSO,Lesotho,1999,698.441,61.131,64.742,,,77.4,54.285,16.21,1.933,1.241,,88.0,0.259,,92.26,,,,,,,,0.572,67.53,10.714,0.462,50.385,4.909,,,,,-0.4218732,54.0
LSO,Lesotho,2000,725.264,60.701,63.42,,,78.0,74.501,17.974,2.086,1.329,,84.0,0.034,,92.2,,86.0,,,0.317,-0.143,0.593,0.579,62.4,10.714,0.462,48.783,5.004,,,,,-0.6534696,55.0
LSO,Lesotho,2001,752.243,60.329,62.078,,,78.3,76.284,20.048,2.273,1.48,,79.0,-0.153,,92.17,,,,,,,,0.586,57.28,10.714,0.457,47.153,5.212,,,,,-0.5565453,56.0
LSO,Lesotho,2002,760.033,59.891,60.717,,,78.5,78.782,20.918,2.245,1.538,,85.0,-0.309,,92.15,,,,,,,,0.591,52.15,10.714,0.455,45.95,5.421,,,,,-0.5388599,57.0
LSO,Lesotho,2003,798.541,59.463,59.339,,,79.2,81.612,21.898,2.703,1.579,,90.0,-0.483,,92.08,,,,,,,,0.578,47.02,16.993,0.456,44.921,5.629,,,,,-0.7022734,58.0
LSO,Lesotho,2004,817.794,58.944,57.947,,,80.2,81.891,23.206,,1.499,,90.0,-0.704,,91.98,,,,,,,,0.575,41.89,16.993,0.454,44.039,5.837,,,,,-0.5861227,59.0
LSO,Lesotho,2005,853.961,58.577,56.542,,,81.4,83.754,25.086,3.448,1.626,939.0,89.0,-0.92,,91.86,6.099999999999994,,,,,,,0.583,36.77,16.993,0.454,43.611,6.045,,,,,-0.554733,60.0
LSO,Lesotho,2006,893.751,58.101,55.128,,,81.7,86.065,25.848,3.675,2.01,,89.0,-0.411,,91.83,,66.0,,,0.621,-0.53,0.566,0.598,31.64,16.993,0.451,43.182,5.83,,,,,-0.5956188,61.0
LSO,Lesotho,2007,927.269,57.715,53.706,,,80.2,84.603,27.232,,2.686,,88.0,0.421,,91.98,,,,,,,,0.579,35.86,24.667,0.458,43.66,5.685,,,,,-0.5271949,62.0
LSO,Lesotho,2008,971.881,57.308,52.279,,,83.1,86.171,29.591,,3.647,,88.0,0.677,,91.69,,,,,,,,0.58,40.08,25.828,0.463,44.304,5.54,,,,,-0.5463952,63.0
LSO,Lesotho,2009,952.748,56.656,50.848,,,78.3,86.824,32.391,,4.167,,91.0,0.727,,92.17,,,,,,,,0.591,43.52,22.876,0.468,45.055,5.705,,,,,-0.4904173,64.0
LSO,Lesotho,2010,995.233,56.212,49.418,77.402,,76.1,88.637,36.121,,3.934,,93.0,0.773,,92.39,,,,,,,,0.59,46.96,22.876,0.478,46.045,5.869,40.645,24.3,63.042,34.593,-0.5955662,65.0
LSO,Lesotho,2011,1031.997,55.699,47.988,,,73.3,88.931,38.968,,3.796,,96.0,0.886,,92.67,,,,,,,,0.589,50.4,23.529,0.485,46.93,6.034,40.418,24.3,63.042,33.913,-0.7657488,66.0
LSO,Lesotho,2012,1086.39,55.448,46.563,,,73.1,89.2,40.162,10.853,3.157,,95.0,1.005,,92.69,,,,,,,,0.583,53.84,26.797,0.496,48.235,6.198,40.225,24.3,63.042,33.333,-0.5077389,67.0
LSO,Lesotho,2013,1093.953,54.85,45.144,,,72.8,86.383,40.63,10.456,2.729,,93.0,1.083,,92.72,,,,,,,,0.575,57.28,26.797,0.502,49.547,6.363,40.025,24.3,63.042,32.734,-0.6991354,68.0
LSO,Lesotho,2014,1100.05,53.732,43.465,,,71.2,87.359,40.643,10.417,2.251,,88.0,1.14,,92.88,,,,,,,,0.57,55.89,26.797,0.509,50.786,6.528,39.135,21.916,63.042,32.447,-0.7765635,69.0
LSO,Lesotho,2015,1121.199,52.592,41.804,110.382,,69.3,88.608,41.859,9.725,1.891,,83.0,1.172,,93.07,,,,,,,,0.568,54.5,24.837,0.517,51.83,6.692,39.022,21.916,63.042,32.108,-0.528729,70.0
LSO,Lesotho,2016,1147.587,51.59,40.163,,,68.3,90.577,41.352,,1.649,,87.0,1.219,,93.17,,97.0,,,0.582,-0.878,0.528,0.565,53.1,24.837,0.526,52.908,6.857,38.962,21.916,63.042,31.929,-0.7717216,71.0
LSO,Lesotho,2017,1097.822,50.376,38.549,,,68.2,93.311,,10.313,1.466,,89.0,1.245,,93.18,,,,,,,,0.566,51.71,22.727,0.531,53.874,7.021,38.859,21.916,63.042,31.618,-0.7310747,72.0
LSO,Lesotho,2018,1068.445,49.161,36.965,,,64.9,,,9.938,1.495,,90.0,1.221,,93.51,,86.24087,,,0.603,-0.922,0.505,0.559,50.32,22.727,0.538,54.638,7.186,34.114,19.557,51.429,31.357,-0.4067077,73.0
LSO,Lesotho,2019,1040.994,47.925,35.415,,,63.3,,,,1.376,,92.0,1.175,,93.67,,,,,,,,0.56,48.93,23.026,0.541,55.249,7.363,34.08,19.557,51.429,31.255,-0.3182754,74.0
LSO,Lesotho,2020,944.834,46.608,35.081,109.021,,61.2,,,,1.502,,93.0,1.184,,93.88,,,,,,,,0.548,50.64,23.026,0.537,55.133,7.544,34.07,19.557,51.429,31.225,,
LBR,Liberia,1990,754.134,,59.791,,,169.6,,,,14.376,,,-12.425,,83.03999999999999,,,,,,,,,,,,,,,,,,,
LBR,Liberia,1991,735.181,75.215,59.884,,,170.9,,,,9.247,,,-12.799,,82.91,,,,,,,,,,,,,,,,,,-0.2502776,46.0
LBR,Liberia,1992,450.539,75.202,59.722,,,170.5,,,,9.35,,,5.757,,82.95,,,,,,,,,,,,,,,,,,-0.4392522,47.0
LBR,Liberia,1993,290.389,75.189,59.516,,,168.2,,,,9.767,,,3.911,,83.18,,,,,,,,,,,,,,,,,,,
LBR,Liberia,1994,227.743,75.197,59.259,,,164.5,,,,10.572,,,-0.241,,83.55,,,,,,,,,,,,,,,,,,,
LBR,Liberia,1995,216.094,75.212,58.993,,,159.4,,,,8.585,,,0.891,,84.06,,,,,,,,,,,,,,,,,,-0.4306372,50.0
LBR,Liberia,1996,235.435,75.329,58.764,,,153.5,,,,8.196,,,2.869,,84.65,,,,,,,,,,,,,,,,,,-0.6093687,51.0
LBR,Liberia,1997,449.286,75.459,58.559,,,146.7,,,,5.568,,,7.784,,85.33,,,,,,,,,,,,,,,,,,-0.443938,52.0
LBR,Liberia,1998,528.67,75.542,58.403,,,139.5,,,,5.336,,,10.126,,86.05,,,,,,,,,,,,,,,,,,,
LBR,Liberia,1999,609.041,75.566,58.268,,,131.9,48.104,,7.765,4.747,,52.0,5.521,,86.81,,,,,,,,,,,,,,,,,,,
LBR,Liberia,2000,754.851,75.542,58.148,,,123.9,,,18.527,4.382,,48.0,3.703,,87.61,,,,,,,,,,,,,,,,,,,
LBR,Liberia,2001,754.422,75.462,58.045,,34.9,116.0,,,,3.965,,44.0,2.935,65.1,88.4,,,,,,,,,,,,,,,,,,,
LBR,Liberia,2002,762.716,75.362,57.976,,36.2,108.2,,,,3.81,,39.0,2.601,63.8,89.18,,,,,,,,,,,,,,,,,,,
LBR,Liberia,2003,528.567,75.206,57.952,,35.9,100.8,,,,4.116,,35.0,0.797,64.1,89.92,,,,,,,,,,,,,,,,,,,
LBR,Liberia,2004,535.996,75.206,57.977,,36.0,93.9,,,,3.448,,31.0,1.191,64.0,90.61,,,,,,,,,,,,,,,,,,-0.4038147,59.0
LBR,Liberia,2005,539.665,75.225,58.053,,35.7,87.9,,,,3.279,,60.0,4.464,64.3,91.21,,,,,,,,0.652,73.02,13.83,0.446,56.765,3.851,,,,,-0.4388773,60.0
LBR,Liberia,2006,551.377,75.344,58.18,,35.4,82.8,36.086,,,3.459,,60.0,5.59,64.6,91.72,,,,,,,,0.651,73.02,13.83,0.45,57.495,3.914,,,,,-0.3962126,61.0
LBR,Liberia,2007,574.609,75.399,58.324,,35.1,78.7,,,,3.501,,65.0,4.981,64.9,92.13,,,,,,,,0.65,68.2,13.83,0.455,58.147,3.977,,,,,-0.2233548,62.0
LBR,Liberia,2008,591.185,75.408,58.32,,34.9,75.5,43.791,,,3.462,,75.0,4.058,65.1,92.45,,,,,,,,0.646,63.7,13.83,0.459,58.675,4.041,,,,,-0.1446151,63.0
LBR,Liberia,2009,603.256,75.384,58.257,,34.8,72.9,40.554,,,3.444,,81.0,3.144,65.2,92.71,,,,,,,,0.646,59.2,13.83,0.463,59.106,4.104,,,,,-0.1506811,64.0
LBR,Liberia,2010,621.783,75.36,58.22,,35.2,70.8,,,9.008,3.56,,70.0,2.896,64.8,92.92,,,,,,,,0.644,54.69,13.83,0.467,59.358,4.167,,,39.081,36.231,-0.3240047,65.0
LBR,Liberia,2011,646.909,75.319,57.583,,35.6,69.0,40.79,,,3.499,,77.0,3.92,64.4,93.1,,,,,,,,0.657,58.84,10.68,0.471,59.486,4.257,,,39.081,35.336,-0.3080888,66.0
LBR,Liberia,2012,674.36,75.311,57.13,,36.5,67.3,,,10.839,3.539,,80.0,3.534,63.5,93.27,,,,,,,,0.654,62.98,11.65,0.475,59.785,4.346,,,39.081,34.716,-0.1658142,67.0
LBR,Liberia,2013,717.007,75.38,57.27,,36.4,65.7,,,,3.423,,80.0,2.198,63.6,93.43,,,,,,,,0.653,67.13,11.65,0.481,59.992,4.436,38.72,42.871,39.081,34.207,-0.3060409,68.0
LBR,Liberia,2014,707.158,75.382,57.284,,36.6,66.5,38.389,16.961,,3.661,,63.0,2.082,63.4,93.35,,,,,,,,0.664,71.27,11.65,0.479,59.21,4.525,37.275,42.871,34.38,34.573,-0.09884492,69.0
LBR,Liberia,2015,692.59,74.997,57.15,134.446,35.7,63.3,,15.691,,3.492,,65.0,2.063,64.3,93.67,,,,,,,,0.664,71.71,10.68,0.48,59.248,4.615,37.139,42.871,34.38,34.167,-0.06344484,70.0
LBR,Liberia,2016,668.032,74.567,56.943,,35.1,61.8,,,,3.053,,73.0,2.043,64.9,93.82,,,,,,,,0.662,72.16,10.68,0.485,60.483,4.756,37.336,42.871,36.424,32.712,-0.2757001,71.0
LBR,Liberia,2017,671.261,74.551,56.737,,34.9,60.6,44.256,,,3.062,,80.0,1.943,65.1,93.94,,,,,,,,0.652,43.58,9.901,0.491,60.777,5.024,37.171,42.871,36.424,32.217,-0.242677,72.0
LBR,Liberia,2018,665.875,74.522,56.46,,35.3,59.4,,,,3.037,,81.0,1.956,64.7,94.06,,,,,,,,0.649,43.49,11.65,0.495,60.999,5.292,37.035,42.871,36.424,31.81,0.1819965,73.0
LBR,Liberia,2019,636.699,74.464,56.086,,36.6,58.2,,,,2.91,742.0,71.0,1.982,63.4,94.18,25.8,,,,,,,0.65,43.95,11.65,0.497,61.232,5.56,36.584,42.12,36.424,31.209,0.3762154,74.0
LBR,Liberia,2020,605.025,72.972,55.061,113.39,37.5,56.8,,,,2.754,,66.0,2.075,62.5,94.32,,,,,,,,0.654,45.34,9.709,0.498,61.267,5.857,36.414,42.12,36.424,30.698,,
LBY,Libya,1990,11085.944,,19.039,,,31.6,,,11.217,0.277,,84.0,2.329,,96.84,,,,,,,,,,,,,,,,,,-0.7621235,45.0
LBY,Libya,1991,12541.693,37.086,18.975,,,30.0,,,,0.247,,87.0,2.206,,97.0,,,,,,,,,,,,,,,,,,-0.9125794,46.0
LBY,Libya,1992,11949.228,37.001,18.913,,,28.6,,,14.902,0.221,,90.0,2.089,,97.14,,,,,,,,,,,,,,,,,,-1.301157,47.0
LBY,Libya,1993,11274.345,36.952,18.851,,,27.3,,,,0.202,,96.0,1.978,,97.27,,,,,,,,,,,,,,,,,,-1.605016,48.0
LBY,Libya,1994,11280.383,36.856,18.789,,,26.2,,,,0.189,,95.0,1.863,,97.38,,,,,,,,,,,,,,,,,,-1.773094,49.0
LBY,Libya,1995,10839.28,36.93,18.724,,,25.2,,,,0.181,,95.0,1.743,,97.48,,,,,,,,,,,,,,,,,,-2.066052,50.0
LBY,Libya,1996,10891.806,37.091,18.657,,,24.3,,,,0.18,,96.0,1.628,,97.57,,,,,,,,,,,,,,,,,,-1.845644,51.0
LBY,Libya,1997,11284.778,37.253,18.588,,,23.5,,,,0.181,,96.0,1.537,,97.65,,,,,,,,,,,,,,,,,,-2.00429,52.0
LBY,Libya,1998,10722.87,37.402,18.517,,,22.8,,,,0.186,,95.0,1.491,,97.72,,,,,,,,,,,,,,,,,,-1.694127,53.0
LBY,Libya,1999,10643.145,37.579,18.436,,,22.1,,,50.362,0.191,,94.0,1.493,,97.79,,,,,,,,,,,,,,,,,,-1.479095,54.0
LBY,Libya,2000,10853.806,37.594,18.355,,,21.5,,,46.539,0.193,,94.0,1.653,,97.85,,,,,,,,,,,,,,,,,,-1.751092,55.0
LBY,Libya,2001,10467.878,37.512,18.286,,3.7,20.9,,,51.064,0.191,,94.0,1.842,96.3,97.91,,,,,,,,,,,,,,,,,,-1.722989,56.0
LBY,Libya,2002,10170.31,37.46,18.218,,4.0,20.3,,,56.24,0.189,,93.0,1.92,96.0,97.97,,,,,,,,,,,,,,,,,,-1.675506,57.0
LBY,Libya,2003,11267.063,37.586,18.148,,4.3,19.6,,,58.544,0.186,,95.0,1.995,95.7,98.04,,,,,,,,,,,,,,,,,,-1.594432,58.0
LBY,Libya,2004,11529.109,37.721,18.078,,4.6,18.8,,,,0.183,,97.0,2.066,95.4,98.12,,,,,,,,,,,,,,,,,,-1.36497,59.0
LBY,Libya,2005,12628.896,37.943,18.008,,4.9,17.9,,,,0.184,,98.0,2.106,95.1,98.21,,,,,,,,,,,,,,,,,,-1.248074,60.0
LBY,Libya,2006,13176.776,38.137,17.931,,5.2,16.8,,,,0.183,,98.0,2.051,94.8,98.32,,,,,,,,,,,,,,,,,,-1.489918,61.0
LBY,Libya,2007,13712.96,38.55,17.852,,5.5,15.7,,,,0.182,,98.0,2.055,94.5,98.43,,,,,,,,,,,,,,,,,,-1.528686,62.0
LBY,Libya,2008,13403.0,38.793,17.782,,5.9,14.7,,,,0.182,,98.0,2.124,94.1,98.53,,,,,,,,,,,,,,,,,,-1.542023,63.0
LBY,Libya,2009,12549.085,39.037,17.717,,6.3,13.8,,,,0.184,,98.0,2.083,93.7,98.62,,,,,,,,,,,,,,,,,,-1.319661,64.0
LBY,Libya,2010,12913.933,39.375,17.653,,7.1,13.0,,,,0.189,,98.0,2.039,92.9,98.7,,,,,,,,0.294,33.68,7.692,0.755,72.196,7.31,,,,10.609,-1.325122,65.0
LBY,Libya,2011,6569.595,39.472,17.622,,8.1,13.9,,,,0.232,,98.0,-2.409,91.9,98.61,,,,,,,,0.302,33.68,7.692,0.715,69.95,7.56,,,,12.43,-0.5944742,66.0
LBY,Libya,2012,12599.259,39.799,17.599,,9.0,11.9,,,,0.198,,98.0,-2.617,91.0,98.81,,,,,,,,0.258,33.76,16.5,0.758,72.188,7.81,,,,10.039,-0.7111268,67.0
LBY,Libya,2013,10126.315,39.789,17.547,,9.8,11.4,,,,0.198,,96.0,2.007,90.2,98.86,,,,,,,,0.267,33.84,16.5,0.748,72.339,7.808,,,,9.777,-0.7743694,68.0
LBY,Libya,2014,7644.248,39.865,17.496,,10.2,11.0,,,,0.206,,94.0,1.926,89.8,98.9,,,,,,,,0.268,33.63,15.957,0.728,71.3,7.805,,,,10.299,-0.6133029,69.0
LBY,Libya,2015,7458.489,39.674,17.448,,10.7,10.6,,,,0.197,,97.0,1.614,89.3,98.94,,,,,,,,0.268,34.77,15.957,0.728,71.644,7.803,,,,9.914,-0.7997235,70.0
LBY,Libya,2016,7236.164,39.716,17.402,,11.0,10.2,,,,0.186,,97.0,1.524,89.0,98.98,,,,,,,,0.269,34.48,15.957,0.725,71.799,7.801,,,,9.71,-0.8534329,71.0
LBY,Libya,2017,9435.601,39.93,17.363,,11.4,9.8,,,,0.168,,97.0,1.595,88.6,99.02,,,,,,,,0.26,33.91,15.957,0.74,72.721,7.799,,,,9.004,-0.8131703,72.0
LBY,Libya,2018,10020.917,39.979,17.331,,11.9,9.5,,,,0.156,,73.0,1.623,88.1,99.05,,,,,,,,0.262,33.4,15.957,0.743,73.151,7.792,,,,8.59,-0.6106088,73.0
LBY,Libya,2019,8768.41,39.81,17.296,,13.2,9.2,,,,0.147,,73.0,1.478,86.8,99.08,,,,,,,,0.264,33.03,15.957,0.737,72.941,7.785,,,,8.771,-0.8062231,74.0
LBY,Libya,2020,6102.799,36.174,15.412,,14.5,9.0,,,,0.157,,73.0,1.348,85.5,99.1,,,,,,,,0.262,32.34,15.957,0.688,72.388,7.779,,,,8.243,,
LIE,Liechtenstein,2015,167187.157,,,,,,94.301,91.54,33.542,,,,0.658,,,,,,,,,,,,,,,,,,,,0.7547567,70.0
LTU,Lithuania,1990,8333.351,,49.961,,,12.0,,,,0.054,,,0.368,,98.8,,,,,,,,,,,,,,,,,,,
LTU,Lithuania,1991,7847.017,65.418,49.215,,,13.2,,,,0.055,,,0.17,,98.68,,,,,,,,,,,,,,,,,,1.111913,46.0
LTU,Lithuania,1992,6185.535,64.624,48.475,,,14.1,,,,0.052,,78.0,-0.109,,98.59,,,,,,,,,,,,,,,,,,1.143431,47.0
LTU,Lithuania,1993,5206.443,55.722,47.745,,,14.2,,,,0.046,,83.0,-0.474,,98.58,,,,,,,,,,,,,,,,,,1.098257,48.0
LTU,Lithuania,1994,4730.696,55.101,47.007,,,13.4,,,,0.044,,83.0,-0.694,,98.66,,,,,,,,,,,,,,,,,,1.289407,49.0
LTU,Lithuania,1995,4924.097,52.159,46.26,,,12.0,,83.089,,0.04,,90.0,-0.77,,98.8,,,,,,,,0.314,54.32,17.518,0.706,69.018,10.027,,,,,1.183041,50.0
LTU,Lithuania,1996,5211.1,52.292,45.535,,,10.7,,85.243,,0.034,,91.0,-0.76,,98.93,,,,,,,,0.289,54.32,17.518,0.723,70.193,10.211,,,,,1.424821,51.0
LTU,Lithuania,1997,5685.449,53.054,44.832,,,9.8,,,,0.027,,90.0,-0.738,,99.02,,,,,,,,0.276,53.88,17.518,0.739,71.029,10.395,,,,,1.376102,52.0
LTU,Lithuania,1998,6154.172,52.629,44.149,,,9.3,94.995,89.393,,0.025,,93.0,-0.724,,99.07,,,,,,,,0.265,53.44,17.518,0.751,71.33,10.58,,,,,1.218348,53.0
LTU,Lithuania,1999,6129.998,52.994,43.069,,,8.9,95.212,89.188,,0.023,,93.0,-0.709,,99.11,,,,,,,,0.246,55.13,17.518,0.762,71.717,10.764,,,,,1.177203,54.0
LTU,Lithuania,2000,6384.309,50.596,37.307,,,8.6,95.594,90.952,,0.019,,94.0,-0.703,,99.14,,,,,,,,0.265,54.97,10.638,0.778,72.139,10.948,,,,,1.18051,55.0
LTU,Lithuania,2001,6854.525,48.885,33.045,,2.5,8.2,95.672,92.719,57.348,0.017,,95.0,-0.824,97.5,99.18,,100.0,,,0.818,,0.194,0.258,53.57,10.638,0.787,71.712,11.133,,,,,1.144087,56.0
LTU,Lithuania,2002,7374.098,50.475,31.778,,2.5,7.9,95.363,94.483,63.07,0.014,,95.0,-0.803,97.5,99.21,,,,,,,,0.241,52.61,10.638,0.799,71.839,11.317,,,,,1.127751,57.0
LTU,Lithuania,2003,8218.693,52.253,32.295,,2.5,7.7,95.392,96.39,69.63,0.015,,94.0,-0.812,97.5,99.23,,,,,,,,0.234,55.03,10.638,0.812,72.088,11.501,,,,,1.199648,58.0
LTU,Lithuania,2004,8851.926,50.917,25.804,,2.5,7.5,95.288,97.509,74.901,0.013,,94.0,-1.123,97.5,99.25,,,,,,,,0.182,51.47,21.986,0.821,72.001,11.686,,,,,0.9892769,59.0
LTU,Lithuania,2005,9692.869,51.482,25.195,,2.5,7.3,95.662,98.608,79.73,0.014,,94.0,-1.628,97.5,99.27,,,,,,,,0.178,50.76,21.986,0.828,71.246,11.87,,,,,1.015944,60.0
LTU,Lithuania,2006,10577.215,51.95,26.289,,2.5,7.0,96.121,99.646,82.453,0.015,,94.0,-1.596,97.5,99.3,,,,,,,,0.181,50.2,24.823,0.834,70.964,12.01,,,,,1.007046,61.0
LTU,Lithuania,2007,11889.355,53.067,27.063,,2.5,6.5,95.756,99.301,82.516,0.015,,95.0,-1.188,97.5,99.35,,,,,,,,0.177,50.2,22.695,0.839,70.698,12.16,,,,,1.021775,62.0
LTU,Lithuania,2008,12324.52,52.537,30.023,,2.5,6.0,95.101,98.242,85.745,0.015,,96.0,-1.028,97.5,99.4,,,,,,,,0.183,50.52,17.73,0.849,71.696,12.3,,,,,0.9726272,63.0
LTU,Lithuania,2009,10612.92,48.743,29.311,,2.5,5.4,95.732,97.24,89.252,0.013,,98.0,-1.11,97.5,99.46,,,,,,,,0.16,52.04,19.149,0.851,72.85,12.32,,,,,1.068421,64.0
LTU,Lithuania,2010,10884.116,46.541,28.433,230.018,2.5,4.9,96.326,96.981,86.573,0.013,,95.0,-2.097,97.5,99.51,,,,,,,,0.15,52.53,19.149,0.854,73.196,12.46,11.564,6.823,21.979,5.889,1.105339,65.0
LTU,Lithuania,2011,11836.72,48.569,28.165,,2.5,4.5,96.762,97.308,84.056,0.013,,92.0,-2.258,97.5,99.55,,100.0,0.3248642981052398,Europe,0.844,0.699,0.145,0.154,52.71,19.149,0.86,73.608,12.57,10.272,6.978,18.034,5.804,1.043457,66.0
LTU,Lithuania,2012,12516.618,50.028,29.294,,2.5,4.3,97.346,97.04,79.752,0.013,,93.0,-1.295,97.5,99.57,,,,,,,,0.14,53.2,24.46,0.862,73.964,12.56,9.436,6.511,16.464,5.334,1.050855,67.0
LTU,Lithuania,2013,13145.807,51.165,31.518,,2.5,4.2,97.935,97.46,74.397,0.013,,93.0,-0.937,97.5,99.58,,,,,,,,0.138,52.95,24.113,0.865,74.027,12.59,9.967,5.888,18.827,5.186,1.030797,68.0
LTU,Lithuania,2014,13753.19,52.63,34.221,,2.5,4.2,98.154,97.597,72.035,0.012,,93.0,-0.814,97.5,99.58,,,,,,,,0.135,53.88,24.113,0.866,74.596,12.8,9.854,5.382,18.829,5.351,1.078548,69.0
LTU,Lithuania,2015,14269.804,53.755,33.834,246.68,2.5,4.1,98.17,97.502,72.116,0.014,,93.0,-0.894,97.5,99.59,,,,,,,,0.138,54.44,23.404,0.869,74.474,12.96,10.638,4.816,21.732,5.365,1.173817,70.0
LTU,Lithuania,2016,14823.107,55.563,35.356,,2.5,4.0,98.286,97.524,74.086,0.013,,94.0,-1.167,97.5,99.6,,,,,,,,0.139,55.65,21.277,0.875,74.82,13.11,10.43,4.488,21.517,5.287,1.237333,71.0
LTU,Lithuania,2017,15695.999,56.325,35.056,,2.5,3.8,98.175,98.426,76.539,0.013,,94.0,-1.213,97.5,99.62,,,,,,,,0.134,55.83,21.277,0.885,75.701,13.19,10.371,4.279,22.483,4.352,1.126341,72.0
LTU,Lithuania,2018,16604.902,57.761,36.491,,2.5,3.5,,,77.358,0.012,,92.0,-0.828,97.5,99.65,,,,,,,,0.129,56.53,21.277,0.889,75.909,13.293,9.93,3.881,21.334,4.576,1.252097,73.0
LTU,Lithuania,2019,17431.724,58.187,37.327,,2.5,3.3,,,75.094,0.012,,92.0,-0.288,97.5,99.67,,,,,,,,0.121,57.27,21.277,0.894,76.424,13.397,9.402,4.018,19.795,4.392,1.260623,74.0
LTU,Lithuania,2020,17443.655,57.34,36.601,253.9,2.5,3.1,,,73.589,0.01,,91.0,-0.026,97.5,99.69,,,,,,,,0.095,57.34,26.95,0.888,75.105,13.5,8.819,3.577,18.774,4.104,,
LUX,Luxembourg,1990,66027.075,,44.937,,,7.3,,,,0.038,,90.0,1.252,,99.27,,,,,,,,0.207,33.61,20.0,0.787,74.967,8.819,,,,,1.865117,45.0
LUX,Luxembourg,1991,70779.974,51.208,53.174,,,6.9,,,,0.04,,91.0,1.34,,99.31,,,,,,,,0.192,35.88,20.0,0.796,74.964,8.99,,,,,1.664662,46.0
LUX,Luxembourg,1992,71116.941,51.885,51.323,,,6.5,,,,0.041,,93.0,1.328,,99.35,,,,,,,,0.187,39.06,20.0,0.801,74.746,9.164,,,,,1.589453,47.0
LUX,Luxembourg,1993,73116.193,51.083,47.81,,,6.1,,,,0.034,,94.0,1.342,,99.39,,,,,,,,0.185,37.56,20.0,0.812,75.426,9.338,,,,,1.574526,48.0
LUX,Luxembourg,1994,74883.142,50.382,46.492,,,5.7,,,,0.032,,95.0,1.362,,99.43,,,,,,,,0.176,38.36,20.0,0.82,75.931,9.512,,,,,1.556407,49.0
LUX,Luxembourg,1995,74896.096,48.87,41.211,,,5.3,,65.99,,0.036,,97.0,1.405,,99.47,,,,,,,,0.17,35.87,20.0,0.824,75.878,9.686,,,,,1.249232,50.0
LUX,Luxembourg,1996,74916.507,49.285,40.677,,,5.0,,69.398,,0.039,,98.0,1.361,,99.5,,,,,,,,0.164,37.03,20.0,0.832,76.168,9.86,,,,,1.540003,51.0
LUX,Luxembourg,1997,77993.057,49.948,37.396,,,4.7,,69.352,,0.036,,98.0,1.254,,99.53,,,,,,,,0.161,38.14,20.0,0.837,76.39,10.034,,,,,1.565165,52.0
LUX,Luxembourg,1998,82170.239,49.999,35.321,,,4.4,,,,0.028,,98.0,1.244,,99.56,,,,,,,,0.157,38.51,20.0,0.845,76.571,10.208,,,,,1.307957,53.0
LUX,Luxembourg,1999,87695.339,51.005,33.956,,,4.1,96.156,83.97,,0.034,,98.0,1.351,,99.59,,,,,,,,0.17,40.72,16.667,0.858,76.986,10.382,,,,,1.245451,54.0
LUX,Luxembourg,2000,92527.711,52.164,34.03,,,3.9,95.835,83.938,,0.028,,99.0,1.344,,99.61,,,,,,,,0.169,41.37,16.667,0.861,77.263,10.556,,,,,1.249699,55.0
LUX,Luxembourg,2001,94243.707,52.208,34.486,,2.5,3.7,95.976,80.669,9.918,0.028,,99.0,1.19,97.5,99.63,,,,,,,,0.174,42.39,16.667,0.863,77.53,10.73,,,,,1.210836,56.0
LUX,Luxembourg,2002,96269.58,52.815,34.73,,2.5,3.5,96.104,79.992,11.631,0.025,,99.0,1.048,97.5,99.65,,,,,,,,0.174,43.51,16.667,0.868,77.552,10.995,,,,,1.152928,57.0
LUX,Luxembourg,2003,97597.997,51.591,30.36,,2.5,3.3,94.919,80.106,12.061,0.021,,98.0,1.215,97.5,99.67,,,,,,,,0.178,43.66,16.667,0.87,77.262,11.26,,,,,1.211519,58.0
LUX,Luxembourg,2004,100292.567,51.634,28.016,,2.5,3.1,95.627,79.721,,0.024,,99.0,1.421,97.5,99.69,,,,,,,,0.14,45.41,23.333,0.878,78.658,11.353,,,,,0.9824677,59.0
LUX,Luxembourg,2005,101222.044,52.658,28.879,,2.5,2.9,96.252,82.971,,0.023,,99.0,1.53,97.5,99.71,,,,,,,,0.137,46.35,23.333,0.879,78.879,11.445,,,,,1.01543,60.0
LUX,Luxembourg,2006,105614.179,52.54,28.929,,2.5,2.7,96.529,83.498,9.854,0.023,,99.0,1.595,97.5,99.73,,,,,,,,0.127,49.39,23.333,0.88,78.838,11.538,,,,,0.9993024,61.0
LUX,Luxembourg,2007,112417.877,52.946,28.984,,2.5,2.6,96.624,84.142,,0.019,,99.0,1.544,97.5,99.74,,,,,,,,0.112,50.37,23.333,0.883,79.116,11.63,,,,,1.007861,62.0
LUX,Luxembourg,2008,110094.792,52.429,29.047,,2.5,2.5,95.794,84.992,10.672,0.018,,99.0,1.787,97.5,99.75,,,,,,,,0.115,48.06,23.333,0.896,80.107,12.22,,,,,0.981894,63.0
LUX,Luxembourg,2009,104574.349,54.472,32.974,,2.5,2.4,,,,0.021,,99.0,1.852,97.5,99.76,,,,,,,,0.114,49.88,20.0,0.905,79.907,12.81,,,,,0.9527207,64.0
LUX,Luxembourg,2010,106544.057,54.53,26.579,231.355,2.5,2.4,92.738,86.772,18.202,0.023,,99.0,1.825,97.5,99.76,,,,,,,,0.112,49.66,20.0,0.909,80.099,12.84,8.918,7.523,14.883,4.347,0.8970192,65.0
LUX,Luxembourg,2011,105290.249,53.973,25.16,,2.5,2.3,92.066,86.472,,0.017,,99.0,2.223,97.5,99.77,,,,,,,,0.091,50.32,25.0,0.911,80.285,12.86,8.766,7.035,14.448,4.814,0.9147742,66.0
LUX,Luxembourg,2012,104487.744,55.274,27.088,,2.5,2.3,92.967,85.923,19.118,0.018,,99.0,2.402,97.5,99.77,,,,,,,,0.097,51.98,21.667,0.914,80.438,13.0,8.53,7.053,14.448,4.089,0.8802738,67.0
LUX,Luxembourg,2013,105338.956,54.991,26.348,,2.5,2.2,92.737,85.71,,0.021,,99.0,2.311,97.5,99.78,,,,,,,,0.075,52.59,28.333,0.919,80.854,13.2,8.669,6.839,14.448,4.72,0.9583214,68.0
LUX,Luxembourg,2014,105583.937,55.413,27.535,,2.5,2.2,93.343,84.972,,0.017,,99.0,2.357,97.5,99.78,,,,,,,,0.073,53.28,28.333,0.924,81.236,13.43,9.447,8.223,16.132,3.986,0.929021,69.0
LUX,Luxembourg,2015,105462.013,55.801,35.52,234.437,2.5,2.2,94.914,84.435,20.291,0.017,,99.0,2.36,97.5,99.78,,,,,,,,0.068,55.26,28.333,0.913,81.256,12.46,9.442,9.434,14.717,4.177,1.059822,70.0
LUX,Luxembourg,2016,108351.452,55.165,30.457,,2.5,2.1,95.535,84.64,19.92,0.017,,99.0,2.155,97.5,99.79,,,,,,,,0.063,54.71,28.333,0.916,81.62,12.481,9.969,8.724,16.747,4.437,1.043034,71.0
LUX,Luxembourg,2017,107142.127,55.493,30.802,,2.5,2.1,95.031,83.582,19.599,0.019,,99.0,2.431,97.5,99.79,,,,,,,,0.058,54.97,28.333,0.913,81.089,12.502,9.345,8.003,15.689,4.345,1.091036,72.0
LUX,Luxembourg,2018,106788.729,55.977,33.128,,2.5,2.1,,,19.392,0.012,,99.0,1.929,97.5,99.79,,,,,,,,0.074,55.8,20.0,0.915,81.519,12.524,9.575,6.29,17.856,4.581,1.017694,73.0
LUX,Luxembourg,2019,107591.966,56.684,34.645,,2.5,2.1,,,19.397,0.015,,99.0,1.963,97.5,99.79,,,,,,,,0.062,55.82,25.0,0.916,81.588,12.545,9.664,5.301,18.561,5.129,1.104811,74.0
LUX,Luxembourg,2020,105274.247,56.036,32.376,237.123,2.5,2.1,,,19.961,0.008,,99.0,1.666,97.5,99.79,,,,,,,,0.048,56.99,30.0,0.916,81.411,12.566,9.123,5.156,17.399,4.814,,
MAC,Macao SAR; China,1990,31378.83,,48.721,,,,90.265,47.395,,,,,2.985,,,,,,,,,,,,,,,,,,,,,
MAC,Macao SAR; China,1991,30982.379,56.525,49.186,,,,,,,,,,4.866,,,,,,,,,,,,,,,,,,,,,
MAC,Macao SAR; China,1992,33280.853,56.965,47.566,,,,85.438,56.348,,,,,5.33,,,,,,,,,,,,,,,,,,,,,
MAC,Macao SAR; China,1993,33812.633,58.933,47.335,,,,,,,,,,3.471,,,,,,,,,,,,,,,,,,,,,
MAC,Macao SAR; China,1994,34113.753,60.301,47.086,,,,,,,,,,3.279,,,,,,,,,,,,,,,,,,,,,
MAC,Macao SAR; China,1995,34162.013,61.021,46.826,,,,,,,,,,3.102,,,,,,,,,,,,,,,,,,,,,
MAC,Macao SAR; China,1996,33543.254,61.799,46.563,,,,,,,,,,1.407,,,,,,,,,,,,,,,,,,,,,
MAC,Macao SAR; China,1997,33273.326,63.514,46.3,,,,,,,,,,0.529,,,,,,,,,,,,,,,,,,,,,
MAC,Macao SAR; China,1998,31376.423,62.402,43.14,,,,,,,,,,1.191,,,,,,,,,,,,,,,,,,,,,
MAC,Macao SAR; China,1999,30270.809,61.55,42.768,,,,87.291,65.311,,,,,1.2,,,,,,,,,,,,,,,,,,,,,
MAC,Macao SAR; China,2000,31772.63,61.016,42.386,,,,86.427,68.899,,,,,0.746,,,,,,,,,,,,,,,,,,,,,
MAC,Macao SAR; China,2001,32441.676,60.776,40.13,,20.1,,84.106,71.128,50.431,,,,0.763,79.9,,,,,,,,,,,,,,,,,,,,
MAC,Macao SAR; China,2002,34967.891,60.107,37.904,,19.4,,84.762,70.35,66.038,,,,1.032,80.6,,,,,,,,,,,,,,,,,,,,
MAC,Macao SAR; China,2003,38581.698,58.002,30.661,,17.9,,84.804,70.064,80.227,,,,1.179,82.1,,,,,,,,,,,,,,,,,,,,
MAC,Macao SAR; China,2004,47665.933,59.629,31.812,,16.4,,85.263,69.705,69.073,,,,2.471,83.6,,,,,,,,,,,,,,,,,,,,
MAC,Macao SAR; China,2005,49470.94,61.254,35.351,,14.9,,85.434,69.306,57.061,,,,4.051,85.1,,,,,,,,,,,,,,,,,,,,
MAC,Macao SAR; China,2006,53240.205,63.333,38.138,,13.9,,85.116,68.899,49.776,,,,5.225,86.1,,,,,,,,,,,,,,,,,,,,
MAC,Macao SAR; China,2007,58376.118,66.354,44.307,,13.0,,86.133,68.666,46.432,,,,4.315,87.0,,,,,,,,,,,,,,,,,,,,
MAC,Macao SAR; China,2008,58146.329,67.665,46.135,,12.0,,85.998,68.432,48.17,,,,3.731,88.0,,,,,,,,,,,,,,,,,,,,
MAC,Macao SAR; China,2009,59528.835,67.463,47.968,,11.3,,84.406,69.909,56.215,,,,-1.06,88.7,,,,,,,,,,,,,,,,,,,,
MAC,Macao SAR; China,2010,74195.058,67.998,46.746,233.197,10.2,,83.692,72.419,63.404,,,,0.373,89.8,,,,,,,,,,,,,,,,,,,,
MAC,Macao SAR; China,2011,88168.971,69.053,47.164,,9.4,,84.496,74.753,70.346,,,,2.319,90.6,,,,,,,,,,,,,,,,,,,,
MAC,Macao SAR; China,2012,93192.886,69.345,45.17,,8.4,,85.459,75.052,53.935,,,,3.275,91.6,,,,,,,,,,,,,,,,,,,,
MAC,Macao SAR; China,2013,99054.498,69.569,45.551,,7.6,,86.947,75.34,61.862,,,,4.139,92.4,,,,,,,,,,,,,,,,,,,,
MAC,Macao SAR; China,2014,92383.843,70.211,44.953,,6.7,,90.715,76.037,69.298,,,,4.912,93.3,,,,,,,,,,,,,,,,,,,,
MAC,Macao SAR; China,2015,69902.961,69.524,43.355,256.363,6.2,,94.019,77.745,76.166,,,,3.353,93.8,,,,,,,,,,,,,,,,,,,,
MAC,Macao SAR; China,2016,68391.342,68.703,42.415,,6.1,,96.732,81.708,79.925,,,,1.482,93.9,,,,,,,,,,,,,,,,,,,,
MAC,Macao SAR; China,2017,75650.126,68.478,42.797,,6.0,,96.786,84.382,81.266,,,,-0.63,94.0,,,,,,,,,,,,,,,,,,,,
MAC,Macao SAR; China,2018,79178.651,68.819,43.65,,5.9,,96.396,86.421,76.794,,,,1.606,94.1,,,,,,,,,,,,,,,,,,,,
MAC,Macao SAR; China,2019,75724.608,68.582,44.009,,7.3,,,,80.091,,,,1.969,92.7,,,,,,,,,,,,,,,,,,,,
MAC,Macao SAR; China,2020,33853.776,66.927,43.166,261.262,8.7,,,,86.796,,,,1.974,91.3,,,,,,,,,,,,,,,,,,,,
MDG,Madagascar,1990,538.536,,74.172,,,91.1,64.255,,3.233,4.093,,46.0,2.952,,90.89,,,,,,,,,,,,,,,,,,-0.8333129,45.0
MDG,Madagascar,1991,489.716,80.887,74.002,,,88.5,,,3.006,4.074,,53.0,2.989,,91.15,,,,,,,,,,,,,,,,,,-0.7012538,46.0
MDG,Madagascar,1992,480.811,80.745,73.844,,,86.1,,,,4.091,,65.0,3.009,,91.39,,,,,,,,,,,,,,,,,,-0.8000989,47.0
MDG,Madagascar,1993,476.16,80.665,73.703,,,83.8,,,3.326,4.04,,66.0,3.05,,91.62,,,,,,,,,,,,,,,,,,-0.7910066,48.0
MDG,Madagascar,1994,461.398,80.825,73.591,,,81.5,,,2.706,4.046,,66.0,3.107,,91.85,,,,,,,,,,,,,,,,,,-0.5554111,49.0
MDG,Madagascar,1995,454.538,80.833,73.525,,,79.1,54.711,,2.188,4.045,,57.0,3.163,,92.09,,,,,,,,,,,,,,,,,,-0.6018712,50.0
MDG,Madagascar,1996,449.628,80.858,73.514,,,76.6,56.92,,2.037,4.027,,49.0,3.217,,92.34,,,,,,,,,,,,,,,,,,-0.5439499,51.0
MDG,Madagascar,1997,451.303,81.003,73.542,,,73.8,,,1.832,3.993,,49.0,3.255,,92.62,,,,,,,,,,,,,,,,,,-0.2924274,52.0
MDG,Madagascar,1998,453.886,81.117,73.592,,,71.0,,,2.049,3.896,,52.0,3.272,,92.9,,,,,,,,,,,,,,,,,,-0.6100305,53.0
MDG,Madagascar,1999,460.034,81.24,73.637,,,68.3,64.618,,1.994,3.728,,55.0,3.247,,93.17,,,,,,,,,,,,,,,,,,-0.4569272,54.0
MDG,Madagascar,2000,465.53,81.308,73.65,,,65.5,66.156,,2.024,3.581,,57.0,3.173,,93.45,,71.0,,,0.503,-0.599,0.845,,,,,,,,,,,-0.7374351,55.0
MDG,Madagascar,2001,478.406,81.742,73.654,,33.4,63.0,67.29,,1.895,3.362,,60.0,3.08,66.6,93.7,,,,,,,,,,,,,,,,,,-0.4948432,56.0
MDG,Madagascar,2002,406.701,81.706,73.65,,34.8,60.6,68.003,,1.929,3.193,,62.0,2.99,65.2,93.94,,,,,,,,,,,,,,,,,,-0.2159043,57.0
MDG,Madagascar,2003,433.601,82.164,73.605,,36.1,58.3,77.722,,2.1,3.029,,66.0,2.931,63.9,94.17,,,,,,,,,,,,,,,,,,-0.5348899,58.0
MDG,Madagascar,2004,443.279,83.095,73.509,,34.6,56.2,,,2.441,2.907,,78.0,2.916,65.4,94.38,,,,,,,,,,,,,,,,,,-0.5551593,59.0
MDG,Madagascar,2005,450.955,84.237,73.348,,32.9,54.2,,17.3,2.546,2.795,,85.0,2.929,67.1,94.58,,59.0,0.3993634581565857,Africa,0.488,-0.38,0.766,,,,,,,,,,,-0.413822,60.0
MDG,Madagascar,2006,461.54,83.984,73.488,,30.6,52.3,,,2.746,2.7,,85.0,2.938,69.4,94.77,,,,,,,,,,,,,,,,,,-0.3103243,61.0
MDG,Madagascar,2007,473.785,83.777,73.628,,30.2,50.4,,21.808,3.135,2.651,,84.0,2.935,69.8,94.96,,,,,,,,,,,,,,,,,,-0.2732492,62.0
MDG,Madagascar,2008,490.964,83.578,73.766,,30.0,48.8,,23.296,3.236,2.577,,77.0,2.935,70.0,95.12,,,,,,,,,,,,,,,,,,-0.3904063,63.0
MDG,Madagascar,2009,457.79,83.167,73.903,,29.4,47.4,,24.938,3.449,2.546,,77.0,2.936,70.6,95.26,,,,,,,,,,,,,,,,,,-0.4099343,64.0
MDG,Madagascar,2010,447.417,82.79,74.04,137.804,28.1,46.2,,,3.61,2.459,,70.0,2.909,71.9,95.38,,,,,,,,,,,,,,,,,,-0.4196463,65.0
MDG,Madagascar,2011,441.755,84.26,74.174,,27.4,45.2,,29.937,3.992,2.345,,73.0,2.84,72.6,95.48,,,,,,,,,,,,,,,,,,-0.4051206,66.0
MDG,Madagascar,2012,442.642,85.84,74.308,,28.6,44.6,,30.994,4.05,2.266,,68.0,2.766,71.4,95.54,,72.0,0.426376074552536,Africa,0.226,-1.117,0.954,,,,,,,,,,,-0.4516354,67.0
MDG,Madagascar,2013,440.675,85.409,74.441,,30.1,44.1,,,4.187,2.202,,70.0,2.72,69.9,95.59,,,,,,,,,,,,,,,,,,-0.5052568,68.0
MDG,Madagascar,2014,443.344,84.966,74.573,,32.1,43.9,,31.015,4.685,2.139,,68.0,2.681,67.9,95.61,,,,,,,,,,,,,,,,,,0.02853318,69.0
MDG,Madagascar,2015,445.32,84.506,74.703,144.359,33.3,43.8,,30.288,4.659,2.087,,62.0,2.639,66.7,95.62,,,,,,,,,,,,,,,,,,-0.4400896,70.0
MDG,Madagascar,2016,451.157,84.157,74.154,,35.0,43.8,,30.148,4.658,2.049,,68.0,2.613,65.0,95.62,,,,,,,,,,,,,,,,,,-0.5946963,71.0
MDG,Madagascar,2017,456.852,83.828,73.653,,36.0,43.9,,29.12,5.075,2.033,,65.0,2.603,64.0,95.61,,,,,,,,,,,,,,,,,,-0.5361545,72.0
MDG,Madagascar,2018,459.33,83.527,73.202,,37.5,44.2,95.604,29.847,5.119,2.015,,74.0,2.603,62.5,95.58,,77.0,,,0.492,-1.212,0.714,,,,,,,,,,,-0.6614284,73.0
MDG,Madagascar,2019,467.277,83.25,72.788,,38.9,44.5,,,5.286,1.989,,69.0,2.601,61.1,95.55,,,,,,,,,,,,,,,,,,-0.5955179,74.0
MDG,Madagascar,2020,422.924,81.804,72.096,124.925,40.6,44.7,,,5.173,1.904,,67.0,2.568,59.4,95.53,,,,,,,,,,,,,,,,,,,
MWI,Malawi,1990,353.771,,67.535,,,133.1,,,0.517,6.756,,87.0,3.949,,86.69,,,,,,,,,,,,,,,,,,0.3441086,45.0
MWI,Malawi,1991,372.998,76.748,67.884,,,129.5,,,0.537,6.528,,87.0,3.078,,87.05,,,,,,,,,,,,,,,,,,0.117123,46.0
MWI,Malawi,1992,335.727,76.66,68.216,,,125.5,,,0.54,6.233,,87.0,2.912,,87.45,,,,,,,,,,,,,,,,,,0.1518991,47.0
MWI,Malawi,1993,362.931,76.76,68.493,,,121.6,,,0.54,6.002,,91.0,1.459,,87.84,,,,,,,,,,,,,,,,,,-0.1238445,48.0
MWI,Malawi,1994,329.584,76.481,68.699,,,118.2,,,0.574,5.461,,82.0,-1.165,,88.18,,,,,,,,,,,,,,,,,,-0.3248347,49.0
MWI,Malawi,1995,385.28,76.88,68.816,,,115.1,,,0.589,4.504,,89.0,-0.145,,88.49,,,,,,,,,,,,,,,,,,-0.2925093,50.0
MWI,Malawi,1996,405.397,76.849,68.859,,,113.2,,,0.598,4.046,,90.0,1.972,,88.68,,,,,,,,,,,,,,,,,,-0.3104546,51.0
MWI,Malawi,1997,412.413,77.055,68.887,,,111.4,,,,3.788,,95.0,2.006,,88.86,,,,,,,,,,,,,,,,,,-0.275797,52.0
MWI,Malawi,1998,419.313,76.878,68.964,,,109.1,,27.124,,3.68,,96.0,2.162,,89.09,,64.0,,,0.559,-0.341,0.652,0.694,75.48,5.65,0.384,44.3,2.71,,,,,-0.4733527,53.0
MWI,Malawi,1999,422.1,76.813,68.967,,,105.5,97.574,29.884,0.309,3.21,,85.0,2.335,,89.45,,,,,,,,0.673,77.58,8.29,0.392,45.06,2.862,,,,,-0.227606,54.0
MWI,Malawi,2000,418.593,76.764,68.861,,,100.2,,30.676,0.332,2.8,,75.0,2.398,,89.98,,,,,,,,0.665,79.69,9.326,0.394,46.17,3.014,,,,,-0.5274841,55.0
MWI,Malawi,2001,388.26,76.612,68.782,,23.2,93.1,,27.602,0.365,2.466,,90.0,2.419,76.8,90.69,,,,,,,,0.659,81.79,9.326,0.4,47.205,3.166,,,,,-0.240479,56.0
MWI,Malawi,2002,385.309,76.582,68.731,,23.4,85.1,,26.563,0.385,2.234,,64.0,2.449,76.6,91.49,,,,,,,,0.653,83.89,9.326,0.407,48.176,3.318,,,,,-0.484197,57.0
MWI,Malawi,2003,397.225,76.641,68.668,,24.1,77.2,,,0.392,1.929,,84.0,2.503,75.9,92.28,,,,,,,,0.648,86.0,9.326,0.414,49.601,3.47,,,,,-0.4777245,58.0
MWI,Malawi,2004,408.065,76.797,68.621,,23.2,70.2,97.709,24.152,0.463,1.713,,89.0,2.586,76.8,92.98,,,,,,,,0.62,88.1,13.99,0.421,51.073,3.622,,,,,0.02851923,59.0
MWI,Malawi,2005,410.268,76.822,68.626,,21.5,65.1,97.782,23.443,0.453,1.617,,93.0,2.678,78.5,93.49,,,,,,,,0.619,78.08,13.613,0.427,52.469,3.774,,,,,-0.3848561,60.0
MWI,Malawi,2006,417.878,75.743,67.211,,19.3,61.9,97.188,24.899,0.479,1.631,,99.0,2.755,80.7,93.81,,,,,,,,0.615,76.52,13.613,0.436,53.652,3.926,,,,,-0.05209563,61.0
MWI,Malawi,2007,445.254,74.695,65.765,,17.5,59.9,94.516,25.159,0.477,1.884,,87.0,2.821,82.5,94.01,,,,,,,,0.62,74.96,12.953,0.444,54.687,4.078,,,,,-0.2688535,62.0
MWI,Malawi,2008,465.551,73.601,64.288,,15.9,57.3,97.24,27.302,,2.402,,91.0,2.904,84.1,94.27,,,,,,,,0.628,73.41,12.953,0.455,55.715,4.23,,,,,-0.5902959,63.0
MWI,Malawi,2009,489.631,72.448,62.783,,14.7,55.5,97.649,27.734,,2.81,,93.0,2.956,85.3,94.45,,,,,,,,0.61,71.85,20.833,0.465,56.714,4.382,,,,,-0.3556632,64.0
MWI,Malawi,2010,508.089,71.164,61.253,114.177,14.1,53.6,,29.124,1.262,2.778,,93.0,2.948,85.9,94.64,,,,,,,,0.614,70.29,20.833,0.475,57.787,4.534,34.0,30.201,40.047,31.751,-0.4432134,65.0
MWI,Malawi,2011,517.834,69.836,59.7,,13.9,49.9,,30.061,1.552,2.556,,97.0,2.915,86.1,95.01,,,,,,,,0.607,68.73,22.28,0.483,58.859,4.686,35.838,30.201,46.731,30.583,-0.3676186,66.0
MWI,Malawi,2012,512.74,68.294,57.939,,14.2,46.6,,30.456,0.839,2.286,,96.0,2.871,85.8,95.34,,,,,,,,0.607,70.76,22.28,0.488,59.87,4.838,35.381,30.201,46.731,29.211,-0.2266323,67.0
MWI,Malawi,2013,525.358,66.77,56.158,,14.9,43.6,,32.74,,2.055,,89.0,2.838,85.1,95.64,,,,,,,,0.602,72.78,22.28,0.494,60.816,4.989,34.281,28.214,46.731,27.898,-0.0930752,68.0
MWI,Malawi,2014,539.563,65.226,54.36,,15.5,41.4,,33.543,0.828,1.777,,91.0,2.805,84.5,95.86,,,,,,,,0.611,69.31,16.667,0.5,61.651,5.141,33.865,28.214,46.731,26.65,-0.3081506,69.0
MWI,Malawi,2015,539.605,63.64,52.551,120.818,16.3,39.3,,34.246,0.81,1.65,439.0,88.0,2.754,83.7,96.07,56.1,,,,,,,0.609,65.83,16.667,0.504,62.324,5.293,33.591,28.424,46.731,25.618,-0.4854761,70.0
MWI,Malawi,2016,538.222,61.963,50.735,,16.7,37.6,,32.957,,1.406,,84.0,2.726,83.3,96.24,,,,,,,,0.603,62.35,16.667,0.506,63.163,5.283,33.244,28.424,46.731,24.578,-0.3132933,71.0
MWI,Malawi,2017,544.796,60.264,48.916,,17.6,36.1,,,,1.252,,88.0,2.708,82.4,96.39,,,,,,,,0.592,58.88,16.667,0.508,63.914,5.274,32.067,28.424,44.202,23.575,-0.4716461,72.0
MWI,Malawi,2018,553.529,60.192,48.303,,18.3,34.5,,34.239,1.694,1.158,,92.0,2.671,81.7,96.55,,,,,,,,0.596,60.33,16.667,0.51,64.464,5.264,31.843,28.424,44.202,22.902,-0.3118968,73.0
MWI,Malawi,2019,569.866,60.13,47.629,,19.3,33.6,,,,1.104,,95.0,2.651,80.7,96.64,,,,,,,,0.577,61.78,22.917,0.513,64.995,5.254,31.486,28.007,44.202,22.25,-0.42021,74.0
MWI,Malawi,2020,559.447,64.36,56.862,116.961,19.9,32.3,,,2.402,1.071,,94.0,2.636,80.1,96.77,,70.15227,,,0.539,-0.818,0.654,0.579,63.23,22.917,0.512,65.216,5.244,29.547,28.007,39.253,21.381,,
MYS,Malaysia,1990,4184.761,,47.016,,,12.7,,,7.258,0.172,,90.0,2.949,,98.73,,,,,,,,0.374,47.76,10.345,0.653,70.952,6.147,,,,,-0.7447847,45.0
MYS,Malaysia,1991,4456.931,54.233,46.375,,,12.1,,,8.06,0.167,,92.0,2.816,,98.79,,83.0,,,0.259,,0.551,0.388,35.65,10.345,0.661,71.219,6.341,,,,,-1.265489,46.0
MYS,Malaysia,1992,4726.138,54.577,46.147,,,11.6,,,9.164,0.163,,94.0,2.648,,98.84,,,,,,,,0.369,46.94,10.345,0.67,71.483,6.535,,,,,-1.134028,47.0
MYS,Malaysia,1993,5062.591,54.698,45.922,,,11.1,,,9.457,0.157,,91.0,2.558,,98.89,,,,,,,,0.367,46.52,10.345,0.677,71.721,6.729,,,,,-1.144714,48.0
MYS,Malaysia,1994,5390.102,55.314,45.696,,,10.6,97.254,,10.398,0.149,,95.0,2.544,,98.94,,,,,,,,0.363,45.6,10.345,0.684,71.865,6.923,,,,,-0.825638,49.0
MYS,Malaysia,1995,5771.352,55.953,45.47,,,10.2,,,11.261,0.143,,98.0,2.541,,98.98,,,,,,,,0.351,44.68,10.345,0.691,71.979,7.117,,,,,-0.7081681,50.0
MYS,Malaysia,1996,6190.464,56.684,45.241,,,9.9,,,,0.139,,97.0,2.523,,99.01,,,,,,,,0.345,46.76,10.345,0.701,72.119,7.23,,,,,-0.709416,51.0
MYS,Malaysia,1997,6480.556,57.095,45.01,,,9.4,,,,0.13,,98.0,2.487,,99.06,,,,,,,,0.342,45.95,10.345,0.713,72.296,7.528,,,,,-0.7307247,52.0
MYS,Malaysia,1998,5857.967,57.018,44.778,,,8.9,95.784,76.196,22.928,0.12,,97.0,2.456,,99.11,,,,,,,,0.34,44.39,10.345,0.718,72.385,7.825,,,,,-0.6943839,53.0
MYS,Malaysia,1999,6070.956,57.229,44.546,,,8.3,95.618,75.691,24.185,0.115,,97.0,2.385,,99.17,,,,,,,,0.326,44.67,10.345,0.723,72.428,8.123,,,,,-0.6770912,54.0
MYS,Malaysia,2000,6455.614,57.757,44.329,,,7.7,98.415,75.305,27.552,0.105,,98.0,2.345,,99.23,,89.0,,,0.278,0.993,0.569,0.292,47.57,14.504,0.733,72.732,8.42,,,,,-0.7170871,55.0
MYS,Malaysia,2001,6334.928,57.613,44.132,,2.5,7.2,97.815,75.248,26.961,0.095,,96.0,2.404,97.5,99.28,,,,,,,,0.296,46.83,14.504,0.731,73.08,8.254,,,,,-0.9707743,56.0
MYS,Malaysia,2002,6516.907,57.768,43.937,,2.8,6.9,96.591,74.686,28.93,0.086,,94.0,2.419,97.2,99.31,,,,,,,,0.293,46.69,14.504,0.732,73.469,8.088,,,,,-0.8086235,57.0
MYS,Malaysia,2003,6732.92,57.814,43.732,,2.9,6.7,97.093,80.322,31.264,0.081,,96.0,2.366,97.1,99.33,,,,,,,,0.273,47.73,16.327,0.737,73.727,7.922,,,,,-1.019912,58.0
MYS,Malaysia,2004,7025.346,57.985,43.518,,3.1,6.6,99.375,80.89,29.78,0.075,,95.0,2.312,96.9,99.34,,,,,,,,0.285,47.24,13.149,0.739,74.027,7.756,,,,,-0.8351454,59.0
MYS,Malaysia,2005,7234.024,58.139,43.292,,3.2,6.5,99.593,76.927,27.116,0.069,,96.0,2.268,96.8,99.35,,,,,,,,0.282,45.93,13.149,0.736,74.37,7.59,,,,,-1.141909,60.0
MYS,Malaysia,2006,7469.811,58.448,43.055,,3.4,6.5,95.411,78.448,27.67,0.065,,95.0,2.227,96.6,99.35,,,,,,,,0.276,46.28,13.149,0.742,74.697,8.083,,,,,-0.8188019,61.0
MYS,Malaysia,2007,7769.597,58.677,42.81,,3.6,6.5,95.113,74.472,29.376,0.062,,97.0,2.174,96.4,99.35,,,,,,,,0.26,46.63,14.085,0.754,74.961,8.575,,,,,-1.150309,62.0
MYS,Malaysia,2008,7976.118,58.922,42.562,,3.6,6.5,95.068,74.093,32.904,0.062,,97.0,2.095,96.4,99.35,,,,,,,,0.269,46.98,14.591,0.765,75.151,9.068,,,,,-0.9006664,63.0
MYS,Malaysia,2009,7700.461,59.049,42.313,,3.8,6.5,95.869,74.001,35.06,0.061,,97.0,1.992,96.2,99.35,,,,,,,,0.273,47.33,13.986,0.773,75.269,9.56,,,,,-1.085097,64.0
MYS,Malaysia,2010,8118.923,59.557,42.075,197.154,3.5,6.5,96.233,74.338,36.677,0.059,,96.0,1.87,96.5,99.35,,93.0,,,0.332,1.046,0.602,0.262,47.68,13.986,0.779,75.376,9.7,16.991,14.731,29.883,6.36,-1.214377,65.0
MYS,Malaysia,2011,8400.322,60.048,41.863,,3.4,6.5,97.061,74.168,35.566,0.059,,96.0,1.751,96.6,99.35,,,,,,,,0.262,48.03,12.937,0.782,75.488,9.812,16.989,14.731,29.883,6.354,-0.7337141,66.0
MYS,Malaysia,2012,8710.527,61.038,42.419,,3.5,6.5,98.544,75.757,36.826,0.059,,97.0,1.703,96.5,99.35,,,,,,,,0.253,49.91,13.24,0.787,75.552,9.923,16.319,14.731,27.885,6.342,-0.8216565,67.0
MYS,Malaysia,2013,8964.807,61.955,42.979,,3.7,6.5,99.664,76.255,38.07,0.058,,97.0,1.709,96.3,99.35,,,,,,,,0.246,51.8,13.879,0.791,75.464,10.035,16.319,14.731,27.885,6.341,-0.6120587,68.0
MYS,Malaysia,2014,9341.731,63.091,43.538,,3.8,6.6,99.892,74.652,38.392,0.06,,97.0,1.715,96.2,99.34,,,,,,,,0.236,53.68,14.235,0.795,75.345,10.147,15.298,14.731,24.833,6.331,-0.8141416,69.0
MYS,Malaysia,2015,9648.68,63.164,42.878,201.491,3.7,6.6,99.517,,44.29,0.059,,99.0,1.733,96.3,99.34,,,,,,,,0.233,54.1,13.24,0.8,75.288,10.258,15.296,14.731,24.833,6.324,-0.7539126,70.0
MYS,Malaysia,2016,9901.48,62.851,43.151,,3.3,6.7,99.821,73.401,45.403,0.056,,98.0,1.767,96.7,99.33,,95.0,,,0.328,0.818,0.575,0.224,54.31,12.937,0.805,75.371,10.37,14.405,12.067,24.833,6.314,-0.7258002,71.0
MYS,Malaysia,2017,10293.763,62.978,43.206,,3.1,6.7,99.646,74.398,42.293,0.055,,99.0,1.765,96.9,99.33,,95.0,,,0.338,0.777,0.506,0.212,54.73,13.103,0.807,75.542,10.463,13.003,8.114,24.595,6.299,-0.7285891,72.0
MYS,Malaysia,2018,10610.195,63.41,44.007,,2.9,6.7,,72.211,43.31,0.052,,99.0,1.702,97.1,99.33,,95.0,0.4117677509784698,Asia,0.445,1.054,0.268,0.193,55.23,15.808,0.809,75.734,10.557,13.012,8.168,24.595,6.272,-0.707167,73.0
MYS,Malaysia,2019,10902.983,63.678,45.979,,2.8,6.7,,,40.808,0.049,,98.0,1.596,97.2,99.33,,95.0,,,0.472,0.968,0.29,0.193,55.62,15.517,0.812,75.9,10.65,13.508,9.521,24.759,6.244,-0.7350401,74.0
MYS,Malaysia,2020,10171.466,62.501,43.047,208.152,2.7,6.7,,,39.745,0.047,,98.0,1.334,97.3,99.33,,,,,,,,0.182,55.35,15.862,0.81,76.057,10.797,12.707,7.155,24.759,6.207,,
MDV,Maldives,1990,4582.261,,40.2,,,71.8,,,,2.164,,94.0,3.175,,92.82,,96.0,,,0.166,,0.774,0.674,20.21,6.25,,63.148,,,,,,-0.8008822,45.0
MDV,Maldives,1991,4507.195,49.485,39.633,,,68.0,,,,1.847,,98.0,3.084,,93.2,,,,,,,,0.655,21.79,6.25,,63.911,,,,,,-0.760853,46.0
MDV,Maldives,1992,4671.996,49.84,39.068,,,64.2,,,,1.583,,98.0,2.867,,93.58,,,,,,,,0.639,23.38,6.25,,64.664,,,,,,-0.6102158,47.0
MDV,Maldives,1993,4803.91,50.192,38.505,,,60.5,,,,1.325,,90.0,2.624,,93.95,,,,,,,,0.623,24.96,6.25,,65.434,,,,,,-0.6041447,48.0
MDV,Maldives,1994,5053.646,50.548,37.945,,,56.7,,,,1.094,,96.0,2.396,,94.33,,,,,,,,0.611,26.55,6.25,,66.197,,,,,,-0.5197874,49.0
MDV,Maldives,1995,5580.263,50.905,37.389,,,52.8,,,,0.864,,94.0,2.297,,94.72,,96.0,,,0.16,,0.773,0.588,28.13,6.25,,66.962,,,,,,-0.5134476,50.0
MDV,Maldives,1996,5888.072,51.48,37.714,,,48.9,,,,0.682,,97.0,2.196,,95.11,,,,,,,,0.569,29.99,6.25,,67.734,,,,,,-0.5070592,51.0
MDV,Maldives,1997,6254.759,52.05,38.04,,,45.1,93.683,,,0.545,,97.0,2.023,,95.49,,,,,,,,0.548,31.85,6.25,,68.517,,,,,,-0.5687437,52.0
MDV,Maldives,1998,6599.872,52.612,38.369,,,41.2,,,,0.452,,97.0,1.856,,95.88,,,,,,,,0.524,33.71,6.25,,69.303,,,,,,-0.4101259,53.0
MDV,Maldives,1999,6889.012,53.171,38.698,,,37.3,95.568,29.422,,0.334,,97.0,1.705,,96.27,,,,,,,,0.509,35.57,6.25,,70.157,,,,,,-0.4079163,54.0
MDV,Maldives,2000,7037.085,53.72,39.029,,,33.5,96.652,36.88,,0.259,,98.0,1.647,,96.65,,96.0,,,0.16,0.873,0.781,0.491,37.43,6.0,0.639,70.892,3.469,,,,,-0.5366556,55.0
MDV,Maldives,2001,6647.65,52.845,39.336,,,29.8,96.923,,,0.209,,98.0,1.67,,97.02,,,,,,,,0.47,37.51,6.0,0.639,71.659,3.474,,,,,-0.5293999,56.0
MDV,Maldives,2002,7012.256,51.983,39.641,,,26.5,97.14,47.035,,0.187,,98.0,1.677,,97.35,,,,,,,,0.447,37.6,6.0,0.645,72.36,3.478,,,,,-0.5067363,57.0
MDV,Maldives,2003,7845.293,51.139,39.946,,,23.4,,,0.214,0.166,,98.0,1.658,,97.66,,,,,,,,0.435,37.68,6.0,0.654,73.263,3.483,,,,,-0.6823131,58.0
MDV,Maldives,2004,8174.416,50.305,40.25,,,21.8,98.78,,,0.148,,96.0,1.646,,97.82,,,,,,,,0.432,37.77,6.0,0.655,73.008,3.487,,,,,-0.726452,59.0
MDV,Maldives,2005,7141.884,49.404,40.555,,,18.6,97.255,,,0.122,,98.0,1.65,,98.14,,,,,,,,0.385,37.85,12.0,0.657,74.785,3.492,,,,,-0.8465556,60.0
MDV,Maldives,2006,8620.728,48.579,40.86,,,16.7,97.272,,,0.119,,98.0,2.393,,98.33,,98.0,,,0.299,0.171,0.699,0.373,37.93,12.0,0.672,75.256,3.79,,,,,-0.5904766,61.0
MDV,Maldives,2007,8933.172,47.736,41.169,,,15.2,96.664,,10.327,0.121,,98.0,3.33,,98.48,,,,,,,,0.359,38.02,12.0,0.672,75.711,4.062,,,,,-0.7899909,62.0
MDV,Maldives,2008,9396.497,46.971,41.484,,,13.9,96.866,,11.393,0.134,,98.0,3.54,,98.61,,,,,,,,0.367,38.1,12.0,0.681,75.999,4.335,,,,,-0.54179,63.0
MDV,Maldives,2009,8313.41,46.005,41.806,,,12.8,,,,0.135,,98.0,3.538,,98.72,,,,,,,,0.409,38.19,6.494,0.682,76.371,4.607,,,,,-0.3703216,64.0
MDV,Maldives,2010,8569.525,47.048,42.647,,,11.9,,,,0.126,,96.0,3.531,,98.81,,,,,,,,0.395,40.15,6.494,0.689,76.756,4.879,29.543,39.966,40.397,8.266,-0.4085158,65.0
MDV,Maldives,2011,9005.814,48.106,43.497,,,11.1,,,,0.122,,96.0,3.508,,98.89,,,,,,,,0.39,42.12,6.494,0.698,77.141,5.151,29.388,39.966,40.397,7.801,-0.2977886,66.0
MDV,Maldives,2012,8907.661,49.217,44.354,,,10.4,,,,0.118,,99.0,3.457,,98.96,,,,,,,,0.373,44.08,6.494,0.704,77.512,5.424,29.217,39.966,40.397,7.288,-0.5887996,67.0
MDV,Maldives,2013,9213.328,50.299,45.222,,,9.8,,,,0.114,,99.0,3.369,,99.02,,,,,,,,0.358,46.05,6.494,0.71,77.847,5.696,29.077,39.966,40.397,6.87,-0.4737822,68.0
MDV,Maldives,2014,9612.079,51.389,46.095,,,9.1,,,13.684,0.099,,99.0,3.33,,99.09,,99.0,,,0.402,-0.339,0.72,0.369,48.01,5.882,0.718,78.187,5.968,28.946,39.966,40.397,6.475,-0.7005953,69.0
MDV,Maldives,2015,9644.907,52.497,46.953,,,8.5,96.133,,,0.09,,99.0,3.454,,99.15,,,,,,,,0.364,45.08,5.882,0.725,78.607,6.24,28.822,39.966,40.397,6.103,-0.6635593,70.0
MDV,Maldives,2016,9909.077,53.61,47.797,,,8.0,96.257,,,0.086,,98.0,3.478,,99.2,,98.0,0.3128564655780792,Asia,0.362,-0.283,0.713,0.348,42.15,5.882,0.732,78.913,6.513,22.042,29.319,31.052,5.753,-0.5256204,71.0
MDV,Maldives,2017,10263.299,55.999,49.459,,,7.4,95.415,,33.329,0.081,,98.0,3.323,,99.26,,94.50551,,,0.354,-0.451,0.705,0.328,44.97,5.882,0.739,79.228,6.785,21.91,29.319,31.052,5.359,-0.6216771,72.0
MDV,Maldives,2018,10793.894,58.383,51.124,,,6.9,,,,0.074,,98.0,3.181,,99.31,,,,,,,,0.318,47.79,5.882,0.744,79.433,6.948,21.803,29.319,31.052,5.038,-0.528757,73.0
MDV,Maldives,2019,11194.925,60.729,52.789,,,6.4,,,24.648,0.071,,98.0,3.046,,99.36,,98.21186,0.292850911617279,Asia,0.568,-0.196,0.499,0.325,50.61,4.598,0.749,79.707,7.111,21.705,29.319,31.052,4.745,-0.5895118,74.0
MDV,Maldives,2020,7295.602,55.144,47.246,,,6.0,,,27.081,0.083,,98.0,2.907,,99.4,,,,,,,,0.325,52.17,4.598,0.73,78.713,7.274,20.868,29.319,28.565,4.721,,
MLI,Mali,1990,589.775,,57.914,,,124.2,,,0.615,7.113,,42.0,1.968,,87.58,,,,,,,,,,,,,,,,,,-0.6778999,45.0
MLI,Mali,1991,651.363,69.386,58.115,,,122.2,,5.541,0.596,6.98,,34.0,1.985,,87.78,,,,,,,,,,,,,,,,,,-0.8248647,46.0
MLI,Mali,1992,606.068,69.353,58.281,,,120.4,,,0.759,6.697,,38.0,2.016,,87.96,,,,,,,,,,,,,,,,,,-0.4254615,47.0
MLI,Mali,1993,619.374,69.412,58.369,,,118.7,,,0.88,6.43,,46.0,2.085,,88.13,,,,,,,,,,,,,,,,,,-0.8925195,48.0
MLI,Mali,1994,640.081,69.348,58.381,,,117.1,,,,6.083,,39.0,2.152,,88.29,,,,,,,,,,,,,,,,,,-0.8105355,49.0
MLI,Mali,1995,630.924,69.372,58.32,,,115.4,,,0.9,5.74,,49.0,2.167,,88.46,,,,,,,,,,,,,,,,,,-0.5639013,50.0
MLI,Mali,1996,656.778,69.387,58.222,,,113.4,,,1.01,5.592,,53.0,2.155,,88.66,,,,,,,,,,,,,,,,,,-0.6116815,51.0
MLI,Mali,1997,668.48,69.376,58.1,,,111.2,,,1.389,5.282,,52.0,2.273,,88.88,,,,,,,,,,,,,,,,,,-0.703031,52.0
MLI,Mali,1998,695.126,69.396,57.921,,,108.7,,,1.354,5.06,,52.0,2.533,,89.13,,19.0,,,0.521,-1.174,0.85,,,,,,,,,,,-0.766126,53.0
MLI,Mali,1999,707.882,69.354,57.723,,,105.9,44.041,,1.75,4.909,,40.0,2.78,,89.41,,,,,,,,,,,,,,,,,,-0.8299165,54.0
MLI,Mali,2000,682.497,69.289,57.552,,,102.8,,,1.777,4.842,,43.0,2.913,,89.72,,,,,,,,,,,,,,,,,,-0.7044458,55.0
MLI,Mali,2001,766.96,69.319,57.384,,14.2,99.7,,,1.89,4.539,,49.0,3.007,85.8,90.03,,,,,,,,,,,,,,,,,,-0.724746,56.0
MLI,Mali,2002,766.074,69.278,57.251,,13.3,96.5,51.613,,1.885,4.271,,61.0,3.107,86.7,90.35,,,,,,,,,,,,,,,,,,-0.919012,57.0
MLI,Mali,2003,814.808,69.33,57.183,,13.2,93.4,51.589,,,4.072,,63.0,3.179,86.8,90.66,,24.0,,,0.625,-0.724,0.851,,,,,,,,,,,-0.7349137,58.0
MLI,Mali,2004,800.502,69.232,57.193,,12.4,90.5,51.605,,,3.936,,69.0,3.238,87.6,90.95,,,,,,,,0.67,36.8,10.204,0.359,53.253,1.325,,,,,-0.5949649,59.0
MLI,Mali,2005,794.373,69.281,57.299,,11.2,87.8,56.651,,,3.855,,77.0,3.275,88.8,91.22,,,,,,,,0.658,51.55,10.204,0.368,53.792,1.36,,,,,-0.6036374,60.0
MLI,Mali,2006,797.101,69.286,57.458,,9.8,85.4,57.967,,,3.776,,78.0,3.28,90.2,91.46,,26.0,0.3892908990383148,Africa,0.625,-0.76,0.851,0.627,66.3,10.204,0.377,54.305,1.44,,,,,-0.584331,61.0
MLI,Mali,2007,784.894,69.33,57.631,,8.5,83.2,60.112,,,3.811,,74.0,3.288,91.5,91.68,,,,,,,,0.629,77.3,10.204,0.386,54.756,1.556,,,,,-0.6442576,62.0
MLI,Mali,2008,787.157,69.354,57.84,,7.4,81.1,,27.695,4.79,3.792,,74.0,3.286,92.6,91.89,,,,,,,,0.642,68.32,10.204,0.395,55.187,1.672,,,,,-0.5852359,63.0
MLI,Mali,2009,803.487,69.377,58.088,,6.7,79.1,63.687,28.781,5.296,3.738,,73.0,3.258,93.3,92.09,,,,,,,,0.652,59.35,10.204,0.403,55.588,1.788,,,,,-0.7415001,64.0
MLI,Mali,2010,821.181,69.445,58.381,98.768,6.2,77.3,64.286,30.674,5.506,3.692,,73.0,3.249,93.8,92.27,,31.0,,,0.602,-0.847,0.865,0.666,50.37,10.204,0.41,55.993,1.904,,,45.579,42.309,-0.6614504,65.0
MLI,Mali,2011,818.399,69.476,58.699,,5.8,75.5,64.878,31.989,4.969,3.643,,66.0,3.233,94.2,92.45,,31.0,,,0.604,-0.796,0.865,0.666,57.31,10.204,0.415,56.367,2.02,43.706,44.014,45.579,41.526,-0.8275635,66.0
MLI,Mali,2012,786.323,69.506,59.158,,5.4,73.9,62.847,,6.419,3.622,,65.0,2.92,94.6,92.61,,,,,,,,0.663,64.26,10.204,0.411,56.696,1.972,39.733,44.014,34.256,40.928,-0.5898476,67.0
MLI,Mali,2013,788.819,69.526,59.531,,5.2,72.3,58.634,33.12,5.941,3.421,,64.0,2.921,94.8,92.77,,,,,,,,0.659,71.2,10.204,0.409,57.052,1.925,38.48,40.994,34.256,40.188,-0.5207239,68.0
MLI,Mali,2014,813.976,69.574,59.652,,5.0,70.8,59.289,35.019,5.535,3.27,,66.0,3.161,95.0,92.92,,,,,,,,0.67,60.72,9.524,0.414,57.482,1.878,37.057,40.39,31.195,39.584,-0.6995195,69.0
MLI,Mali,2015,838.12,69.57,59.97,98.522,4.9,69.4,55.642,31.369,5.128,3.126,,70.0,3.129,95.1,93.06,,33.0,,,0.542,-0.959,0.794,0.646,61.76,8.844,0.413,57.852,1.83,33.863,40.846,21.72,39.024,-0.9634965,70.0
MLI,Mali,2016,860.753,68.909,59.405,,4.5,68.0,56.98,32.537,,2.97,,76.0,3.167,95.5,93.2,,,,,,,,0.671,49.95,8.844,0.411,58.286,1.53,33.262,41.132,20.378,38.275,-0.7699971,71.0
MLI,Mali,2017,878.561,68.123,58.837,,4.6,66.6,61.277,29.346,,2.817,,77.0,3.188,95.4,93.34,,,,,,,,0.664,58.57,8.844,0.416,58.562,1.7,33.589,42.009,20.989,37.769,-0.1591111,72.0
MLI,Mali,2018,892.978,67.178,56.221,,4.6,65.1,58.941,29.927,,2.641,325.0,76.0,3.125,95.4,93.49,67.5,35.0,0.359633594751358,Africa,0.512,-1.026,0.822,0.666,51.6,8.844,0.421,58.873,1.87,33.713,43.686,20.359,37.093,-0.2570528,73.0
MLI,Mali,2019,909.751,65.177,53.526,,4.8,63.7,,,,2.434,,77.0,3.018,95.2,93.63,,,,,,,,0.671,38.66,9.524,0.425,59.217,2.042,32.903,42.18,20.139,36.39,-0.128372,74.0
MLI,Mali,2020,872.389,63.591,50.624,88.251,4.7,62.1,,,,2.346,,70.0,3.018,95.3,93.79,,,,,,,,0.605,51.54,27.891,0.414,58.858,1.63,33.791,40.622,25.017,35.734,,
MLT,Malta,1990,10067.752,,65.977,,,10.0,95.799,77.434,,0.032,,63.0,0.978,,99.0,,,,,,,,0.305,18.67,5.797,0.735,76.16,6.464,,,,,0.6273302,45.0
MLT,Malta,1991,10413.179,46.675,65.556,,,9.6,95.922,78.063,,0.03,,86.0,2.695,,99.04,,,,,,,,0.339,18.83,5.797,0.742,76.488,6.573,,,,,0.4973933,46.0
MLT,Malta,1992,10789.767,46.732,64.99,,,9.3,95.848,80.8,,0.03,,82.0,1.032,,99.07,,,,,,,,0.352,18.98,5.797,0.748,76.68,6.683,,,,,0.7750911,47.0
MLT,Malta,1993,11161.198,46.765,63.942,,,8.9,96.161,80.703,,0.028,,83.0,0.999,,99.11,,,,,,,,0.327,19.14,5.797,0.754,76.834,6.792,,,,,0.9092219,48.0
MLT,Malta,1994,11682.157,46.717,63.358,,,8.6,94.975,80.589,,0.025,,88.0,0.935,,99.14,,,,,,,,0.334,23.84,5.797,0.758,76.946,6.902,,,,,1.030943,49.0
MLT,Malta,1995,12336.791,46.71,63.164,,,8.2,95.915,81.255,,0.022,,92.0,0.697,,99.18,,88.0,,,0.779,,0.175,0.312,24.63,5.797,0.763,76.982,7.011,,,,,0.8207669,50.0
MLT,Malta,1996,12719.015,46.919,62.856,,,7.9,97.455,79.824,,0.026,,92.0,0.657,,99.21,,,,,,,,0.335,25.42,5.797,0.763,76.321,7.103,,,,,0.3755258,51.0
MLT,Malta,1997,13286.717,47.042,61.367,,,7.6,98.347,80.778,,0.024,,92.0,0.757,,99.24,,,,,,,,0.34,25.64,5.797,0.772,77.316,7.195,,,,,0.3694402,52.0
MLT,Malta,1998,13877.254,47.108,61.382,,,7.2,,80.312,,0.021,,92.0,0.65,,99.28,,,,,,,,0.333,25.88,5.797,0.781,77.799,7.286,,,,,0.4123908,53.0
MLT,Malta,1999,14446.356,47.079,60.771,,,6.9,,80.118,,0.022,,93.0,0.593,,99.31,,,,,,,,0.27,21.45,9.231,0.784,77.752,7.378,,,,,0.6627169,54.0
MLT,Malta,2000,17178.377,46.548,59.411,,,6.7,,82.027,,0.017,,94.0,0.645,,99.33,,,,,,,,0.283,29.71,9.231,0.79,77.903,7.47,,,,,0.6448665,55.0
MLT,Malta,2001,16920.731,46.652,64.344,,2.5,6.5,,81.043,24.995,0.015,,95.0,0.751,97.5,99.35,,,,,,,,0.278,29.56,9.231,0.801,78.902,7.932,,,,,0.7229879,56.0
MLT,Malta,2002,17255.43,46.583,60.392,,2.5,6.3,,82.1,24.256,0.016,,95.0,0.746,97.5,99.37,,,,,,,,0.232,30.96,9.231,0.806,78.467,8.394,,,,,0.6103898,57.0
MLT,Malta,2003,17775.426,46.027,60.05,,2.5,6.2,,86.267,30.087,0.017,,94.0,0.658,97.5,99.38,,,,,,,,0.28,30.78,7.692,0.818,78.696,8.856,,,,,0.7256835,58.0
MLT,Malta,2004,17728.366,44.787,55.424,,2.5,6.1,,87.594,26.624,0.013,,89.0,0.672,97.5,99.39,,,,,,,,0.297,28.58,9.231,0.832,79.166,9.318,,,,,0.6596361,59.0
MLT,Malta,2005,18123.269,45.345,53.62,,2.5,6.1,,87.581,32.205,0.013,,92.0,0.637,97.5,99.39,,92.0,,,0.786,0.817,0.175,0.287,30.28,9.231,0.84,79.489,9.78,,,,,0.6631745,60.0
MLT,Malta,2006,18479.213,45.53,53.053,,2.5,6.0,,85.295,31.225,0.015,,85.0,0.364,97.5,99.4,,,,,,,,0.273,30.44,9.231,0.838,79.561,9.82,,,,,0.7278731,61.0
MLT,Malta,2007,19342.325,46.382,54.097,,2.5,6.0,,,34.669,0.012,,74.0,0.349,97.5,99.4,,,,,,,,0.265,32.34,9.231,0.845,79.737,9.86,,,,,0.7298313,62.0
MLT,Malta,2008,20064.461,46.747,52.713,,2.5,6.0,,80.249,33.322,0.012,,72.0,0.651,97.5,99.4,,,,,,,,0.271,33.45,8.696,0.848,79.69,10.01,,,,,0.6806013,63.0
MLT,Malta,2009,19635.916,46.557,51.559,,2.5,6.0,,,35.788,0.013,,73.0,0.754,97.5,99.4,,,,,,,,0.27,36.76,8.696,0.854,80.415,10.16,,,,,0.7012443,64.0
MLT,Malta,2010,20750.648,47.152,50.94,,2.5,6.0,,83.81,36.834,0.011,,76.0,0.491,97.5,99.4,,,,,,,,0.263,37.69,8.696,0.867,81.398,10.31,8.908,7.255,14.504,4.965,0.6267842,65.0
MLT,Malta,2011,20867.931,48.1,51.924,,2.5,6.0,99.172,,39.449,0.014,,96.0,0.424,97.5,99.4,,93.0,0.2914210557937622,Europe,0.821,1.19,0.172,0.259,39.2,8.696,0.862,80.804,10.47,8.634,7.177,13.261,5.465,0.6865187,66.0
MLT,Malta,2012,21529.398,49.391,51.725,,2.5,6.0,99.754,88.908,42.547,0.012,,99.0,0.899,97.5,99.4,,,,,,,,0.243,42.63,8.696,0.87,81.064,10.8,8.37,7.181,13.271,4.657,0.5869829,67.0
MLT,Malta,2013,22626.498,50.773,53.516,,2.5,5.9,99.51,87.851,44.481,0.009,,99.0,1.132,97.5,99.41,,,,,,,,0.194,45.05,14.286,0.88,81.818,11.03,8.609,6.898,13.781,5.148,0.6580358,68.0
MLT,Malta,2014,23866.067,52.007,52.899,,2.5,5.9,98.904,88.229,45.41,0.01,,99.0,2.021,97.5,99.41,,,,,,,,0.187,46.87,14.286,0.886,82.318,11.13,8.175,6.907,13.095,4.523,0.7030528,69.0
MLT,Malta,2015,25529.681,52.635,51.64,226.165,2.5,5.8,98.944,88.885,48.039,0.009,,97.0,2.447,97.5,99.42,,,,,,,,0.189,47.72,12.857,0.892,82.591,11.21,8.422,7.029,13.269,4.968,0.5715557,70.0
MLT,Malta,2016,25969.512,53.92,51.76,,2.5,5.7,98.461,89.556,49.217,0.012,,97.0,2.289,97.5,99.43,,,,,,,,0.188,49.56,12.857,0.891,82.657,11.29,8.811,7.063,13.648,5.723,0.6758048,71.0
MLT,Malta,2017,28546.66,55.346,52.912,,2.5,5.6,99.538,92.961,54.089,0.009,,98.0,2.735,97.5,99.44,,,,,,,,0.187,51.24,11.94,0.901,83.089,11.565,8.392,6.695,13.153,5.329,0.7098961,72.0
MLT,Malta,2018,29536.805,56.911,54.486,,2.5,5.5,,,57.841,0.011,,97.0,3.533,97.5,99.45,,,,,,,,0.182,54.27,11.94,0.908,82.908,11.84,8.163,6.188,13.479,4.823,0.7289038,73.0
MLT,Malta,2019,29522.662,57.823,54.364,,2.5,5.4,,,58.499,0.01,,98.0,4.052,97.5,99.46,,,,,,,,0.161,56.24,14.925,0.91,82.839,12.025,7.983,5.59,12.973,5.386,0.7706619,74.0
MLT,Malta,2020,27861.82,58.493,52.863,244.456,2.5,5.2,,,61.477,0.011,,98.0,2.272,97.5,99.48,,,,,,,,0.162,58.3,13.433,0.903,82.336,12.21,8.067,5.192,15.089,3.92,,
MHL,Marshall Islands,1990,3148.1,,,,,37.0,,,,2.033,,92.0,2.365,,96.3,,,,,,,,,,,,,,,,,,,
MHL,Marshall Islands,1991,3085.935,,,,,35.7,,,,1.855,,71.0,2.082,,96.43,,,,,,,,,,,,,,,,,,0.6289847,46.0
MHL,Marshall Islands,1992,3247.853,,,,,34.6,,,,1.932,,82.0,1.784,,96.54,,,,,,,,,,,,,,,,,,0.96885,47.0
MHL,Marshall Islands,1993,3391.385,,,,,33.6,,,,1.851,,56.0,1.508,,96.64,,,,,,,,,,,,,,,,,,0.7766899,48.0
MHL,Marshall Islands,1994,3544.136,,,,,32.9,,,,1.695,,67.0,1.306,,96.71,,,,,,,,,,,,,,,,,,0.8337791,49.0
MHL,Marshall Islands,1995,3791.205,,,,,32.6,,,,1.64,,70.0,1.154,,96.74,,,,,,,,,,,,,,,,,,0.5646653,50.0
MHL,Marshall Islands,1996,3365.111,,,,,32.5,,,,1.545,,78.0,1.049,,96.75,,,,,,,,,,,,,,,,,,0.8932491,51.0
MHL,Marshall Islands,1997,3117.274,,,,,32.7,,,,1.423,,78.0,0.987,,96.73,,,,,,,,,,,,,,,,,,0.833267,52.0
MHL,Marshall Islands,1998,3067.737,,,,,33.1,,,,1.318,,86.0,0.925,,96.69,,,,,,,,,,,,,,,,,,1.17384,53.0
MHL,Marshall Islands,1999,2997.55,,,,,33.4,,,,1.247,,66.0,0.971,,96.66,,,,,,,,,,,,,,,,,,1.312082,54.0
MHL,Marshall Islands,2000,3040.597,,,,,33.7,,,,1.227,,39.0,0.999,,96.63,,,,,,,,,,,,,,,,,,1.380792,55.0
MHL,Marshall Islands,2001,3224.791,,,,,33.8,,,,1.106,,48.0,0.819,,96.62,,,,,,,,,,,,,,,,,,2.363735,56.0
MHL,Marshall Islands,2002,3322.411,,,,,33.8,96.301,58.573,16.048,1.051,,80.0,0.589,,96.62,,,,,,,,,,,,,,,,,,2.669966,57.0
MHL,Marshall Islands,2003,3256.972,,,,,33.7,,,,1.032,,68.0,0.415,,96.63,,,,,,,,,,,,,,,,,,1.924904,58.0
MHL,Marshall Islands,2004,3234.153,,,,,33.5,,,,1.096,,64.0,0.294,,96.65,,,,,,,,,,,,,,,,,,1.223105,59.0
MHL,Marshall Islands,2005,3284.784,,,,,33.3,,,,1.067,,77.0,0.222,,96.67,,,,,,,,,,,,,,,,,,1.878725,60.0
MHL,Marshall Islands,2006,3285.121,,,,,33.0,,,,1.043,,74.0,0.166,,96.7,,,,,,,,,,,,,,,,,,1.978829,61.0
MHL,Marshall Islands,2007,3403.478,,,,,32.8,,49.121,,1.002,,93.0,0.083,,96.72,,,,,,,,,,,,,,,,,,1.75147,62.0
MHL,Marshall Islands,2008,3146.262,,,,,32.5,,,,0.959,,95.0,-0.01,,96.75,,,,,,,,,,,,,,,,,,1.34154,63.0
MHL,Marshall Islands,2009,3262.27,,,,,32.2,,,,0.912,,96.0,-0.021,,96.78,,,,,,,,,,,,,,,,,,1.231843,64.0
MHL,Marshall Islands,2010,3441.319,,,,,32.0,,,,0.823,,94.0,0.048,,96.8,,,,,,,,,,,,,,,,,,1.312722,65.0
MHL,Marshall Islands,2011,3433.063,,,,,31.7,94.114,,,0.774,,87.0,-0.264,,96.83,,98.0,,,,,,,,,,,,,,,,1.343525,66.0
MHL,Marshall Islands,2012,3420.914,,,,,31.2,,,29.366,0.726,,80.0,-0.945,,96.88,,,,,,,,,,,,,,,,,,1.330237,67.0
MHL,Marshall Islands,2013,3602.928,,,,,30.7,,,,0.669,,79.0,-1.446,,96.93,,,,,,,,,,,,,,,,,,0.9972911,68.0
MHL,Marshall Islands,2014,3620.773,,,,,30.0,,,,0.642,,78.0,-1.762,,97.0,,,,,,,,,,,,,,,,,,0.8658009,69.0
MHL,Marshall Islands,2015,3764.344,,,,,29.3,72.458,55.841,34.321,0.577,,85.0,-2.02,,97.07,,,,,,,,,,,,,,,,,,0.7415974,70.0
MHL,Marshall Islands,2016,3946.844,,,,,28.7,73.151,55.852,36.661,0.563,,71.0,-2.261,,97.13,,,,,,,,,,,,,,,,,,0.783511,71.0
MHL,Marshall Islands,2017,4190.935,,,,,27.9,,,,0.54,,80.0,-2.504,,97.21,,,,,,,,,,,,,,,,,,0.9675352,72.0
MHL,Marshall Islands,2018,4542.343,,,,,27.2,,,,0.496,,81.0,-2.71,,97.28,,,,,,,,,,,,,,,,,,0.8829566,73.0
MHL,Marshall Islands,2019,5162.815,,,,,26.5,,,37.363,0.489,,79.0,-2.863,,97.35,,,,,,,,,,,,,,,,,,1.038664,74.0
MHL,Marshall Islands,2020,5172.575,,,,,25.8,,,,0.508,,82.0,-3.001,,97.42,,,,,,,,,,,,,,,,,,,
MRT,Mauritania,1990,1437.75,,26.211,,,72.7,,,3.077,4.915,,33.0,2.534,,92.73,,,,,,,,,,,,,,,,,,-0.7655327,45.0
MRT,Mauritania,1991,1421.326,41.802,26.084,,,72.4,,,2.74,4.819,,29.0,2.921,,92.76,,,,,,,,,,,,,,,,,,-0.881067,46.0
MRT,Mauritania,1992,1393.601,41.721,25.559,,,72.4,,,2.913,4.525,,39.0,3.827,,92.76,,,,,,,,,,,,,,,,,,-0.9035355,47.0
MRT,Mauritania,1993,1416.967,41.772,25.02,,,72.5,,,3.518,4.603,,44.0,4.045,,92.75,,,,,,,,,,,,,,,,,,-0.9008905,48.0
MRT,Mauritania,1994,1327.723,41.669,24.843,,,72.7,46.502,,3.486,4.57,,50.0,3.397,,92.73,,,,,,,,,,,,,,,,,,-0.694656,49.0
MRT,Mauritania,1995,1418.647,41.724,24.942,,,72.8,52.808,,3.425,4.595,,55.0,2.743,,92.72,,,,,,,,,,,,,,,,,,-0.7123389,50.0
MRT,Mauritania,1996,1471.803,41.682,25.286,,,72.7,56.184,,3.707,4.519,,50.0,1.977,,92.73,,,,,,,,,,,,,,,,,,-0.5283537,51.0
MRT,Mauritania,1997,1381.163,41.627,25.409,,,72.2,,,3.995,4.073,,28.0,2.227,,92.78,,,,,,,,,,,,,,,,,,-0.5292592,52.0
MRT,Mauritania,1998,1383.192,41.498,25.281,,,71.3,59.851,,3.904,3.713,,16.0,2.593,,92.87,,,,,,,,,,,,,,,,,,-0.6669407,53.0
MRT,Mauritania,1999,1396.172,41.428,25.072,,,69.7,59.539,,4.196,3.51,,53.0,2.673,,93.03,,,,,,,,,,,,,,,,,,,
MRT,Mauritania,2000,1304.644,41.386,24.813,,,67.6,60.068,,,3.359,,51.0,2.784,,93.24,,51.0,0.3902847468852997,Africa,0.307,-0.143,0.854,0.732,28.5,2.963,0.468,61.044,3.019,,,,,-1.209625,55.0
MRT,Mauritania,2001,1262.656,41.155,24.715,,9.8,64.9,63.826,13.531,3.479,3.22,,75.0,2.469,90.2,93.51,,,,,,,,0.73,28.46,2.963,0.47,61.662,3.096,,,,,-1.247188,56.0
MRT,Mauritania,2002,1252.103,40.939,24.752,,9.2,61.8,63.37,13.617,3.084,3.069,,89.0,2.211,90.8,93.82,,,,,,,,0.73,28.42,2.963,0.475,62.249,3.173,,,,,-1.00294,57.0
MRT,Mauritania,2003,1308.563,40.887,24.765,,9.5,58.4,66.718,,3.293,2.975,,76.0,2.288,90.5,94.16,,,,,,,,0.715,28.38,4.38,0.482,62.805,3.251,,,,,-1.24713,58.0
MRT,Mauritania,2004,1338.668,40.767,24.781,,9.5,55.0,74.012,13.088,3.342,2.922,,70.0,2.35,90.5,94.5,,,,,,,,0.715,28.34,4.38,0.494,63.369,3.328,,,,,-1.065549,59.0
MRT,Mauritania,2005,1418.532,40.663,24.801,,10.3,51.8,72.549,14.257,3.079,2.816,,71.0,2.424,89.7,94.82,,,,,,,,0.715,28.31,4.38,0.5,63.92,3.405,,,,,-0.3223551,60.0
MRT,Mauritania,2006,1637.042,40.603,24.824,,9.3,49.0,75.217,14.527,3.487,2.755,,68.0,2.507,90.7,95.1,,,,,,,,0.656,28.27,17.895,0.512,64.493,3.49,,,,,-0.7824637,61.0
MRT,Mauritania,2007,1563.606,40.342,24.852,,8.4,46.7,76.045,,3.95,2.745,,75.0,2.601,91.6,95.33,,,,,,,,0.65,28.23,19.868,0.512,64.885,3.576,,,,,-0.5629763,62.0
MRT,Mauritania,2008,1514.266,40.054,24.709,,7.3,44.8,72.678,,4.072,2.68,,74.0,2.875,92.7,95.52,,,,,,,,0.649,28.19,19.868,0.512,65.233,3.661,,,,,-0.890924,63.0
MRT,Mauritania,2009,1469.054,39.651,24.472,,7.1,43.4,72.058,,4.124,2.627,,64.0,3.129,92.9,95.66,,,,,,,,0.645,28.15,19.205,0.522,65.485,3.747,,,,,-1.067054,64.0
MRT,Mauritania,2010,1460.192,39.521,24.384,97.997,7.0,42.4,72.374,,4.668,2.609,,64.0,3.192,93.0,95.76,,,,,,,,0.644,28.11,19.205,0.525,65.661,3.832,35.226,42.06,38.454,25.163,-0.9486497,65.0
MRT,Mauritania,2011,1472.552,39.389,24.447,,6.5,41.5,72.447,,5.066,2.575,,75.0,3.245,93.5,95.85,,,,,,,,0.64,28.07,19.205,0.53,65.754,3.958,34.664,40.785,38.454,24.752,-0.7496573,66.0
MRT,Mauritania,2012,1488.972,39.255,24.621,,6.2,40.8,71.16,22.443,5.493,2.573,,80.0,3.264,93.8,95.92,,,,,,,,0.637,28.03,19.205,0.538,65.808,4.084,34.485,40.785,38.454,24.215,-0.7540485,67.0
MRT,Mauritania,2013,1502.901,38.785,23.78,,6.1,40.1,74.549,22.06,5.796,2.554,,80.0,3.136,93.9,95.99,,62.0,,,0.417,-0.993,0.856,0.633,27.87,19.205,0.544,65.89,4.21,34.319,40.785,38.454,23.719,-0.6855051,68.0
MRT,Mauritania,2014,1520.646,38.299,22.958,,6.3,39.3,76.294,23.703,,2.466,,81.0,3.012,93.7,96.07,,,,,,,,0.627,27.71,22.167,0.547,66.207,4.213,33.049,40.785,34.999,23.362,-0.7282114,69.0
MRT,Mauritania,2015,1554.949,37.826,22.156,96.066,6.5,38.5,,24.98,5.884,2.37,,73.0,3.006,93.5,96.15,,65.11202,,,0.43,-1.067,0.856,0.624,27.55,22.167,0.551,66.498,4.216,33.393,42.344,34.999,22.837,-0.7890691,70.0
MRT,Mauritania,2016,1528.052,37.311,21.375,,6.7,37.6,73.113,27.461,5.562,2.28,,74.0,2.998,93.3,96.24,,,,,,,,0.619,27.38,22.167,0.548,66.823,4.324,33.216,42.344,34.999,22.304,-0.8504,71.0
MRT,Mauritania,2017,1576.069,36.854,20.613,,6.6,36.7,77.824,28.187,5.156,2.227,,76.0,2.988,93.4,96.33,,,,,,,,0.609,27.22,25.17,0.551,67.088,4.431,33.109,42.344,34.999,21.984,-0.6636923,72.0
MRT,Mauritania,2018,1602.902,36.803,20.525,,6.5,35.8,79.574,30.977,5.133,2.139,,77.0,2.974,93.5,96.42,,,,,,,,0.618,28.5,20.261,0.561,67.419,4.539,32.925,42.344,34.999,21.431,-0.7386133,73.0
MRT,Mauritania,2019,1605.135,36.77,20.394,,6.6,34.8,,,5.888,2.047,,80.0,2.953,93.4,96.52,,,,,,,,0.612,29.78,20.261,0.566,67.64,4.646,33.367,43.987,34.999,21.114,-0.9255639,74.0
MRT,Mauritania,2020,1553.306,36.067,20.006,,7.0,33.8,,,5.972,1.966,424.0,81.0,2.921,93.0,96.62,57.6,59.52966,,,0.392,-0.839,0.841,0.614,30.38,20.261,0.554,66.794,4.754,33.163,43.987,34.999,20.502,,
MUS,Mauritius,1990,3859.644,,54.217,,,19.9,97.177,,3.397,0.194,,85.0,0.712,,98.01,,80.0,,,0.717,,0.466,0.53,34.65,7.576,0.627,69.771,5.86,,,,,-0.2489356,45.0
MUS,Mauritius,1991,3987.559,54.424,53.605,,,18.9,92.623,,4.017,0.184,,91.0,1.079,,98.11,,,,,,,,0.511,40.8,7.576,0.632,70.051,5.904,,,,,-0.04518639,46.0
MUS,Mauritius,1992,4191.74,54.391,52.95,,,18.4,,,,0.181,,88.0,1.316,,98.16,,,,,,,,0.506,41.61,7.576,0.637,70.213,5.948,,,,,-0.2342738,47.0
MUS,Mauritius,1993,4352.855,54.271,52.256,,,18.4,92.763,,5.996,0.168,,88.0,1.186,,98.16,,,,,,,,0.493,42.33,7.576,0.641,70.365,5.992,,,,,-0.1945555,48.0
MUS,Mauritius,1994,4469.874,54.173,51.49,,,18.8,93.739,,5.464,0.144,,89.0,1.4,,98.12,,,,,,,,0.488,43.18,7.576,0.645,70.42,6.036,,,,,-0.3284456,49.0
MUS,Mauritius,1995,4621.616,54.023,50.674,,,19.4,94.683,,5.957,0.119,,93.0,0.86,,98.06,,,,,,,,0.489,38.8,7.576,0.65,70.6,6.08,,,,,-0.4579176,50.0
MUS,Mauritius,1996,4830.21,53.924,50.485,,,19.8,96.982,,6.694,0.108,,89.0,1.023,,98.02,,,,,,,,0.475,38.75,7.576,0.653,70.524,6.124,,,,,-0.1385898,51.0
MUS,Mauritius,1997,5041.407,53.849,50.304,,,19.7,97.904,,6.513,0.098,,90.0,1.252,,98.03,,,,,,,,0.468,38.69,7.576,0.659,70.684,6.168,,,,,-0.1057817,52.0
MUS,Mauritius,1998,5291.588,53.766,50.126,,,19.0,95.799,64.426,,0.089,,89.0,1.051,,98.1,,,,,,,,0.465,38.64,7.576,0.667,70.894,6.212,,,,,-0.272963,53.0
MUS,Mauritius,1999,5361.159,53.57,49.947,,,17.8,92.758,66.434,9.555,0.09,,85.0,1.271,,98.22,,,,,,,,0.459,38.58,7.576,0.675,71.39,6.256,,,,,-0.3326472,54.0
MUS,Mauritius,2000,5744.198,53.473,49.768,,,16.6,93.227,68.241,10.676,0.082,,88.0,0.983,,98.34,,84.0,,,0.736,0.431,0.466,0.476,38.53,5.714,0.683,71.76,6.3,,,,,-0.3692177,55.0
MUS,Mauritius,2001,5889.771,52.305,46.826,,5.9,15.4,92.752,70.418,16.449,0.076,,92.0,0.79,94.1,98.46,,,,,,,,0.472,36.79,5.714,0.697,71.985,6.502,,,,,-0.267613,56.0
MUS,Mauritius,2002,5943.481,53.477,46.467,,5.8,14.6,94.334,73.487,15.124,0.076,,88.0,0.694,94.2,98.54,,,,,,,,0.466,38.41,5.714,0.701,72.055,6.704,,,,,-0.2671669,57.0
MUS,Mauritius,2003,6250.264,55.485,47.843,,5.6,14.1,93.724,,15.758,0.073,,99.0,0.724,94.4,98.59,,,,,,,,0.457,41.81,5.714,0.709,72.307,6.905,,,,,-0.3022394,58.0
MUS,Mauritius,2004,6480.136,53.944,45.651,,5.6,13.8,94.39,79.381,17.285,0.074,,98.0,0.627,94.4,98.62,,,,,,,,0.456,40.36,5.714,0.716,72.546,7.107,,,,,-0.5175809,59.0
MUS,Mauritius,2005,6556.388,53.622,44.299,,5.4,13.6,96.02,,21.053,0.072,,97.0,0.592,94.6,98.64,,,,,,,,0.382,41.82,17.143,0.723,72.644,7.309,,,,,-0.5067364,60.0
MUS,Mauritius,2006,6843.4,53.689,43.503,,5.4,13.5,96.038,,23.605,0.07,,97.0,0.466,94.6,98.65,,,,,,,,0.37,41.81,17.143,0.729,72.781,7.511,,,,,-0.3408529,61.0
MUS,Mauritius,2007,7202.439,53.275,40.961,,5.6,13.4,96.515,,24.524,0.069,,97.0,0.456,94.4,98.66,,,,,,,,0.373,40.77,17.143,0.736,72.886,7.713,,,,,-0.3744353,62.0
MUS,Mauritius,2008,7563.031,54.124,38.715,,5.4,13.2,96.676,,27.027,0.068,,99.0,0.362,94.6,98.68,,,,,,,,0.371,41.67,17.143,0.742,73.124,7.915,,,,,-0.3899182,63.0
MUS,Mauritius,2009,7793.031,54.192,37.883,,5.5,13.0,96.588,,31.399,0.069,,99.0,0.266,94.5,98.7,,,,,,,,0.373,42.13,17.143,0.748,73.26,8.116,,,,,-0.4400007,64.0
MUS,Mauritius,2010,8114.821,54.671,39.072,193.602,5.5,13.0,96.509,,33.08,0.07,,99.0,0.238,94.5,98.7,,,,,,,,0.37,43.62,18.841,0.755,73.647,8.318,17.791,13.353,30.423,9.598,-0.5294773,65.0
MUS,Mauritius,2011,8432.191,54.075,38.598,,6.1,13.1,96.476,,34.227,0.072,,98.0,0.16,93.9,98.69,,89.0,,,0.749,0.883,0.422,0.35,42.6,18.841,0.762,74.068,8.52,17.799,13.353,30.423,9.621,-0.3659324,66.0
MUS,Mauritius,2012,8702.822,54.304,38.882,,6.5,13.2,93.661,,40.375,0.071,,98.0,0.277,93.5,98.68,,92.0,0.3846539855003357,Africa,0.749,1.04,0.422,0.355,42.92,18.841,0.778,74.33,8.749,18.66,13.515,32.947,9.517,-0.5879035,67.0
MUS,Mauritius,2013,8973.516,55.336,39.375,,6.7,13.1,96.03,,41.402,0.073,,98.0,0.242,93.3,98.69,,91.0,,,0.739,0.917,0.439,0.344,44.83,18.841,0.781,74.43,8.978,18.646,13.26,32.947,9.729,-0.4802933,68.0
MUS,Mauritius,2014,9300.079,55.495,40.197,,6.8,13.0,96.166,,40.038,0.073,,97.0,0.181,93.2,98.7,,92.0,,,0.73,1.15,0.439,0.343,45.05,18.841,0.79,74.614,9.206,18.354,12.488,32.947,9.628,-0.5484139,69.0
MUS,Mauritius,2015,9630.544,55.871,41.922,188.719,7.1,13.0,96.137,85.349,37.761,0.072,,97.0,0.132,92.9,98.7,,93.0,,,0.737,1.127,0.457,0.373,46.18,11.594,0.792,74.673,9.435,18.142,11.867,32.947,9.613,-0.3176099,70.0
MUS,Mauritius,2016,9995.65,55.593,41.114,,7.2,13.0,94.941,84.306,38.411,0.075,,96.0,0.069,92.8,98.7,,93.0,,,0.734,1.019,0.457,0.37,45.13,11.594,0.795,74.85,9.547,17.978,11.61,32.947,9.375,-0.4575621,71.0
MUS,Mauritius,2017,10379.914,55.844,40.826,,7.3,13.2,95.807,84.546,39.662,0.081,,94.0,0.09,92.7,98.68,,,,,,,,0.36,45.36,11.594,0.799,75.024,9.658,17.472,11.547,31.444,9.426,-0.6868059,72.0
MUS,Mauritius,2018,10789.924,55.465,41.579,,7.1,13.6,94.805,84.308,40.408,0.081,,97.0,0.055,92.9,98.64,,,,,,,,0.363,45.19,11.594,0.801,74.491,9.769,17.704,11.53,31.444,10.137,-0.4672914,73.0
MUS,Mauritius,2019,11098.314,55.964,40.044,,7.6,13.9,,,42.988,0.081,,96.0,0.032,92.4,98.61,,,,,,,,0.325,45.94,20.0,0.803,74.181,9.881,17.557,10.849,31.444,10.378,-0.5305041,74.0
MUS,Mauritius,2020,9483.676,50.908,33.21,195.339,7.5,14.1,,,42.538,0.072,,95.0,0.002,92.5,98.59,,,,,,,,0.359,58.27,20.0,0.795,74.657,9.992,17.651,10.849,31.444,10.66,,
MEX,Mexico,1990,8036.861,,52.54,,,37.8,98.374,46.721,,0.3,,53.0,1.918,,96.22,,88.0,,,0.389,,0.766,0.552,21.56,13.854,0.668,69.034,5.95,,,,,-0.7777366,45.0
MEX,Mexico,1991,8197.012,56.376,52.404,,,36.1,98.009,46.101,,0.279,,88.0,1.926,,96.39,,,,,,,,0.51,35.7,13.854,0.67,69.368,6.021,,,,,-0.7721827,46.0
MEX,Mexico,1992,8330.264,56.815,53.283,,,34.5,98.25,,,0.261,,90.0,1.894,,96.55,,,,,,,,0.505,36.57,13.854,0.672,69.663,6.092,,,,,-0.4675503,47.0
MEX,Mexico,1993,8411.796,57.294,54.186,,,32.9,97.813,,,0.247,,82.0,1.853,,96.71,,,,,,,,0.498,38.81,13.854,0.675,69.961,6.163,,,,,-0.3273066,48.0
MEX,Mexico,1994,8623.48,56.694,53.794,,,31.4,97.017,47.71,,0.234,,91.0,1.815,,96.86,,,,,,,,0.492,38.11,13.854,0.68,70.302,6.234,,,,,-0.6509281,49.0
MEX,Mexico,1995,7970.64,55.187,54.117,,,30.0,96.532,49.323,,0.219,78.77,91.0,1.78,,97.0,92.123,,,,,,,0.485,39.48,13.854,0.68,70.703,6.305,,,,,-0.4435281,50.0
MEX,Mexico,1996,8320.653,56.214,53.079,,,28.6,96.065,51.151,,0.206,78.39,95.0,1.735,,97.14,92.161,,,,,,,0.483,39.58,13.854,0.687,71.088,6.376,,,,,-0.4238879,51.0
MEX,Mexico,1997,8770.845,58.21,53.293,,,27.3,96.075,,,0.194,76.35,95.0,1.682,,97.27,92.365,,,,,,,0.477,41.72,13.854,0.694,71.472,6.447,,,,,-0.4631647,52.0
MEX,Mexico,1998,9161.895,58.217,53.753,,,26.1,96.73,,,0.182,76.35,96.0,1.639,,97.39,92.365,,,,,,,0.459,41.37,16.879,0.701,71.792,6.518,,,,,-0.6540874,53.0
MEX,Mexico,1999,9264.977,58.148,52.388,,,24.9,97.538,54.986,,0.172,77.31,96.0,1.599,,97.51,92.269,,,,,,,0.454,40.61,17.994,0.706,72.203,6.589,,,,,-0.4769572,54.0
MEX,Mexico,2000,9581.97,57.994,51.517,,,23.7,97.671,56.092,20.526,0.163,71.31,97.0,1.543,,97.63,92.869,91.0,0.5341742038726807,North America,0.664,0.276,0.55,0.459,40.99,15.924,0.712,72.562,6.66,,,,,-0.4675304,55.0
MEX,Mexico,2001,9398.351,57.388,49.642,,2.8,22.7,97.91,,21.378,0.156,66.54,97.0,1.483,97.2,97.73,93.346,,,,,,,0.46,40.36,15.924,0.715,72.912,6.817,,,,,-0.5741138,56.0
MEX,Mexico,2002,9242.279,56.701,47.229,,3.2,21.7,97.551,60.415,22.315,0.152,54.58,97.0,1.438,96.8,97.83,94.542,90.0,0.505828857421875,North America,0.688,0.218,0.573,0.46,38.14,15.924,0.722,73.106,6.975,,,,,-0.3511936,57.0
MEX,Mexico,2003,9221.997,56.783,47.114,,3.8,20.8,97.536,63.262,23.048,0.146,55.37,98.0,1.398,96.2,97.92,94.463,,,,,,,0.435,38.77,21.178,0.728,73.308,7.132,,,,,-0.3066981,58.0
MEX,Mexico,2004,9421.29,57.038,47.133,,4.1,20.0,97.66,65.154,23.703,0.14,52.62,98.0,1.365,95.9,98.0,94.738,91.0,0.5034302473068237,North America,0.71,0.076,0.608,0.433,39.93,21.178,0.732,73.432,7.29,,,,,-0.1513581,59.0
MEX,Mexico,2005,9491.517,57.981,48.133,,4.0,19.2,97.877,66.678,24.131,0.133,52.91,98.0,1.349,96.0,98.08,94.709,92.0,0.5093890428543091,North America,0.71,0.031,0.608,0.425,40.91,23.726,0.736,73.627,7.49,,,,,-0.1020065,60.0
MEX,Mexico,2006,9813.828,58.704,48.767,,3.7,18.5,98.05,67.838,24.569,0.127,49.6,98.0,1.354,96.3,98.15,95.04,92.0,0.4971226453781128,North America,0.671,0.05,0.607,0.43,42.1,21.497,0.745,73.746,7.87,,,,,-0.06057972,61.0
MEX,Mexico,2007,9877.695,58.711,48.68,,3.7,17.9,98.013,68.935,25.147,0.122,46.45,98.0,1.408,96.3,98.21,95.355,93.0,,,0.637,0.136,0.607,0.43,42.44,22.134,0.747,73.796,7.88,,,,,-0.08254503,62.0
MEX,Mexico,2008,9826.342,58.289,48.019,,3.9,17.3,98.086,69.604,25.779,0.122,47.19,96.0,1.46,96.1,98.27,95.281,93.0,0.5084356069564819,North America,0.642,0.161,0.607,0.433,42.27,22.134,0.75,73.695,7.95,,,,,-0.09114103,63.0
MEX,Mexico,2009,9074.119,57.313,47.0,,4.1,16.8,98.233,69.682,26.211,0.12,50.9,95.0,1.462,95.9,98.32,94.91,93.0,,,0.648,0.142,0.607,0.415,42.76,25.955,0.749,73.628,8.14,,,,,-0.09125353,64.0
MEX,Mexico,2010,9389.067,57.189,47.189,180.735,4.0,16.2,98.077,70.085,27.167,0.116,42.09,95.0,1.44,96.0,98.38,95.791,93.0,0.4765793085098266,North America,0.661,0.096,0.632,0.418,42.52,24.841,0.751,73.718,8.01,22.377,19.711,35.481,11.938,-0.04953546,65.0
MEX,Mexico,2011,9575.934,57.394,46.965,,3.9,15.7,97.985,70.655,28.036,0.109,42.75,97.0,1.415,96.1,98.43,95.725,94.0,,,0.66,0.252,0.632,0.414,42.9,25.478,0.757,73.921,8.25,22.281,19.711,35.481,11.652,-0.03563819,66.0
MEX,Mexico,2012,9782.518,58.226,47.294,,3.8,15.2,97.923,71.827,29.35,0.104,42.07,99.0,1.357,96.2,98.48,95.793,94.0,0.4959723353385925,North America,0.649,0.296,0.661,0.391,43.91,35.987,0.764,74.128,8.49,22.353,19.205,36.501,11.353,-0.06558571,67.0
MEX,Mexico,2013,9738.711,58.029,46.448,,3.7,14.8,97.576,75.57,30.33,0.101,38.08,83.0,1.297,96.3,98.52,96.192,94.0,,,0.623,0.303,0.759,0.39,43.94,35.987,0.765,74.289,8.36,22.251,19.205,36.501,11.048,-0.0915455,68.0
MEX,Mexico,2014,9862.481,57.561,45.493,,3.7,14.3,96.798,77.663,31.205,0.095,38.91,87.0,1.21,96.3,98.57,96.109,95.0,0.4891233742237091,North America,0.62,0.134,0.759,0.388,43.13,36.783,0.769,74.404,8.4,21.626,18.11,36.008,10.76,-0.1175072,69.0
MEX,Mexico,2015,10021.239,57.941,44.822,188.624,3.7,13.9,96.073,80.026,31.972,0.09,35.21,87.0,1.07,96.3,98.61,96.479,94.0,,,0.639,0.118,0.726,0.379,43.43,40.575,0.773,74.431,8.6,21.552,18.11,36.008,10.537,-0.231038,70.0
MEX,Mexico,2016,10100.502,58.099,44.275,,3.7,13.5,95.691,81.223,38.59,0.087,37.77,93.0,0.969,96.3,98.65,96.223,95.0,0.4691242277622223,North America,0.64,0.028,0.726,0.37,43.48,40.605,0.778,74.376,8.6,20.555,16.808,34.477,10.38,-0.1148278,71.0
MEX,Mexico,2017,10193.773,58.15,43.849,,3.7,13.0,95.301,81.156,40.339,0.086,35.56,85.0,0.935,96.3,98.7,96.444,95.0,,,0.635,-0.065,0.686,0.372,43.06,41.401,0.781,74.261,8.74,20.521,16.808,34.477,10.277,0.03654825,72.0
MEX,Mexico,2018,10296.869,58.45,43.837,,3.6,12.6,,,41.638,0.086,35.22,88.0,0.947,96.4,98.74,96.478,95.0,0.4595489203929901,North America,0.675,-0.293,0.655,0.365,43.55,48.408,0.785,74.301,8.93,19.266,16.318,31.377,10.104,0.003485052,73.0
MEX,Mexico,2019,10159.445,58.995,44.977,,3.4,12.2,,,43.044,0.084,35.56,82.0,0.95,96.6,98.78,96.444,,,,,,,0.366,44.77,48.408,0.788,74.53,9.075,19.162,16.318,31.377,9.79,-0.01019728,74.0
MEX,Mexico,2020,9234.644,53.921,40.03,192.017,3.1,11.8,,,45.165,0.116,55.23,72.0,0.82,96.9,98.82,94.477,95.0,0.4459430575370788,North America,0.663,-0.27,0.598,0.368,40.96,48.408,0.763,70.449,9.22,18.575,15.576,30.499,9.651,,
FSM,Micronesia; Fed. Sts.,1990,2384.945,,,,,41.8,,,,1.046,,85.0,1.886,,95.82,,,,,,,,,,,,,,,,,,,
FSM,Micronesia; Fed. Sts.,1991,2515.555,,,,,40.8,,,,1.01,,79.0,1.833,,95.92,,,,,,,,,,,,,,,,,,0.4832318,46.0
FSM,Micronesia; Fed. Sts.,1992,2565.153,,,,,40.0,,,,0.97,,91.0,1.977,,96.0,,,,,,,,,,,,,,,,,,1.236173,47.0
FSM,Micronesia; Fed. Sts.,1993,2715.419,,,,,39.3,,,,0.94,,78.0,2.133,,96.07,,,,,,,,,,,,,,,,,,0.772318,48.0
FSM,Micronesia; Fed. Sts.,1994,2651.158,,,,,38.6,,,,0.894,,81.0,1.859,,96.14,,,,,,,,,,,,,,,,,,,
FSM,Micronesia; Fed. Sts.,1995,2807.395,,,,,38.0,,,,0.898,,83.0,1.053,,96.2,,,,,,,,,,,,,,,,,,0.5365258,50.0
FSM,Micronesia; Fed. Sts.,1996,2701.889,,,,,37.2,,,,0.883,,79.0,0.435,,96.28,,,,,,,,,,,,,,,,,,0.8368527,51.0
FSM,Micronesia; Fed. Sts.,1997,2525.837,,,,,36.2,,,,0.851,,75.0,0.326,,96.38,,,,,,,,,,,,,,,,,,1.502107,52.0
FSM,Micronesia; Fed. Sts.,1998,2590.353,,,,,35.3,,,,0.847,,80.0,0.275,,96.47,,,,,,,,,,,,,,,,,,2.031149,53.0
FSM,Micronesia; Fed. Sts.,1999,2612.486,,,,,34.3,,,13.36,0.825,,76.0,0.272,,96.57,,,,,,,,,,,,,,,,,,1.945578,54.0
FSM,Micronesia; Fed. Sts.,2000,2724.422,,,,,33.4,,,13.358,0.827,,85.0,0.325,,96.66,,,,,,,,,,,,,,,,,,1.918271,55.0
FSM,Micronesia; Fed. Sts.,2001,2766.086,,,,,32.7,,,,0.771,,75.0,0.286,,96.73,,,,,,,,,,,,,,,,,,2.098244,56.0
FSM,Micronesia; Fed. Sts.,2002,2776.296,,,,,33.9,,,,0.807,,84.0,0.074,,96.61,,,,,,,,,,,,,,,,,,2.324437,57.0
FSM,Micronesia; Fed. Sts.,2003,2829.336,,,,,31.8,,,,0.7,,92.0,-0.145,,96.82,,,,,,,,,,,,,,,,,,2.256632,58.0
FSM,Micronesia; Fed. Sts.,2004,2747.88,,,,,31.6,,,,0.682,,78.0,-0.321,,96.84,,,,,,,,,,,,,,,,,,1.970679,59.0
FSM,Micronesia; Fed. Sts.,2005,2824.415,,,,,31.5,,,,0.659,,94.0,-0.459,,96.85,,,,,,,,,,,,,,,,,,1.849385,60.0
FSM,Micronesia; Fed. Sts.,2006,2836.182,,,,,31.6,,,,0.647,,67.0,-0.615,,96.84,,,,,,,,,,,,,,,,,,1.76761,61.0
FSM,Micronesia; Fed. Sts.,2007,2808.832,,,,,31.5,,,,0.62,,79.0,-0.77,,96.85,,,,,,,,,,,,,,,,,,1.72683,62.0
FSM,Micronesia; Fed. Sts.,2008,2759.977,,,,,31.2,,,,0.601,,85.0,-0.863,,96.88,,,,,,,,,,,,,,,,,,1.929006,63.0
FSM,Micronesia; Fed. Sts.,2009,2815.598,,,,,30.8,,,,0.581,,91.0,-0.903,,96.92,,,,,,,,,,,,,,,,,,2.021074,64.0
FSM,Micronesia; Fed. Sts.,2010,2884.917,,,,,30.3,,,,0.561,,85.0,-0.387,,96.97,,,,,,,,,,,,,,,,,,1.979641,65.0
FSM,Micronesia; Fed. Sts.,2011,2989.682,,,,,29.7,,,,0.541,,84.0,0.147,,97.03,,,,,,,,,,,,,,,,,,2.109126,66.0
FSM,Micronesia; Fed. Sts.,2012,2933.8,,,,,28.9,,,,0.532,,81.0,0.178,,97.11,,,,,,,,,,,,,,,,,,1.908927,67.0
FSM,Micronesia; Fed. Sts.,2013,2819.903,,,,,28.1,,,,0.527,,81.0,0.214,,97.19,,,,,,,,,,,,,,,,,,2.138295,68.0
FSM,Micronesia; Fed. Sts.,2014,2740.017,,,,,27.3,86.232,,,0.511,,77.0,0.254,,97.27,,,,,,,,,,,,,,,,,,1.481461,69.0
FSM,Micronesia; Fed. Sts.,2015,2853.076,,,,,26.5,85.457,,,0.519,,72.0,0.295,,97.35,,,,,,,,,,,,,,,,,,2.048598,70.0
FSM,Micronesia; Fed. Sts.,2016,2870.494,,,,,25.7,,,,0.489,,69.0,0.33,,97.43,,,,,,,,,,,,,,,,,,1.569653,71.0
FSM,Micronesia; Fed. Sts.,2017,2922.072,,,,,25.0,,,,0.481,,73.0,0.372,,97.5,,,,,,,,,,,,,,,,,,1.561229,72.0
FSM,Micronesia; Fed. Sts.,2018,2910.694,,,,,24.3,,,,0.46,,75.0,0.39,,97.57,,,,,,,,,,,,,,,,,,1.521892,73.0
FSM,Micronesia; Fed. Sts.,2019,3019.251,,,,,23.6,,,,0.431,,78.0,0.339,,97.64,,,,,,,,,,,,,,,,,,1.305978,74.0
FSM,Micronesia; Fed. Sts.,2020,2951.771,,,143.407,,22.9,,,,0.418,,83.0,0.573,,97.71,,,,,,,,,,,,,,,,,,,
MDA,Moldova,1990,3740.101,,32.145,,,29.1,,,,0.117,,,0.265,,97.09,,,,,,,,,,,,,,,,,,,
MDA,Moldova,1991,3137.835,57.733,33.346,,,29.5,,,,0.11,,,0.123,,97.05,,,,,,,,,,,,,,,,,,,
MDA,Moldova,1992,2225.174,56.96,34.21,,,30.4,,,,0.11,,84.0,-0.02,,96.96,,,,,,,,,,,,,,,,,,1.152681,47.0
MDA,Moldova,1993,2202.164,57.087,34.592,,,31.7,,,,0.105,,70.0,-0.168,,96.83,,,,,,,,,,,,,,,,,,1.173469,48.0
MDA,Moldova,1994,1526.425,55.959,34.951,,,33.0,,,,0.1,,86.0,-0.31,,96.7,,,,,,,,,,,,,,,,,,1.217158,49.0
MDA,Moldova,1995,1511.958,56.23,34.872,,,33.8,,,,0.089,,96.0,-0.458,,96.62,,,,,,,,,,,,,,,,,,1.09886,50.0
MDA,Moldova,1996,1425.952,54.924,35.615,,,34.0,,,,0.082,,97.0,-0.2,,96.6,,,,,,,,,,,,,,,,,,1.058657,51.0
MDA,Moldova,1997,1454.809,54.836,35.34,,,33.5,,,,0.083,,97.0,-0.37,,96.65,,,,,,,,,,,,,,,,,,1.096337,52.0
MDA,Moldova,1998,1360.182,53.878,36.274,,,32.1,,,,0.07,,97.0,-0.04,,96.79,,,,,,,,,,,,,,,,,,1.003194,53.0
MDA,Moldova,1999,1316.433,53.338,36.736,,,30.2,,,,0.059,,97.0,-0.157,,96.98,,,,,,,,,,,,,,,,,,0.9815193,54.0
MDA,Moldova,2000,1346.916,54.796,36.417,,,27.9,89.108,78.242,,0.05,,95.0,-0.203,,97.21,,97.0,0.3642438948154449,Europe,0.575,-0.536,0.713,,,,,,,,,,,0.9013278,55.0
MDA,Moldova,2001,1432.277,53.677,33.302,,24.3,25.4,92.526,78.037,,0.045,,97.0,-0.224,75.7,97.46,,,,,,,,,,,,,,,,,,0.9111806,56.0
MDA,Moldova,2002,1547.574,53.308,31.629,,26.9,23.0,91.364,78.916,,0.04,,97.0,-0.232,73.1,97.7,,,,,,,,,,,,,,,,,,0.8771969,57.0
MDA,Moldova,2003,1654.366,53.596,27.442,,29.6,21.0,92.663,80.066,,0.038,,98.0,-0.282,70.4,97.9,,,,,,,,,,,,,,,,,,0.7303974,58.0
MDA,Moldova,2004,1781.191,51.6,25.235,,31.7,19.3,92.374,81.08,,0.038,,98.0,-0.247,68.3,98.07,,,,,,,,,,,,,,,,,,0.686117,59.0
MDA,Moldova,2005,1919.446,51.727,24.018,,32.3,18.0,90.99,81.79,,0.037,,98.0,-0.243,67.7,98.2,,,,,,,,,,,,,,,,,,0.8070226,60.0
MDA,Moldova,2006,2017.177,55.618,31.374,,30.6,17.2,87.786,81.349,,0.036,,97.0,-0.278,69.4,98.28,,,,,,,,,,,,,,,,,,1.040998,61.0
MDA,Moldova,2007,2082.513,57.228,29.388,,27.5,16.5,87.571,80.554,,0.036,,92.0,-0.232,72.5,98.35,,,,,,,,,,,,,,,,,,0.8945433,62.0
MDA,Moldova,2008,2249.226,58.338,30.856,,22.9,16.0,87.718,83.499,,0.036,,90.0,-0.19,77.1,98.4,,,,,,,,,,,,,,,,,,0.8708361,63.0
MDA,Moldova,2009,2116.944,58.85,34.697,,17.9,15.6,87.516,79.559,,0.036,,85.0,-0.126,82.1,98.44,,,,,,,,,,,,,,,,,,0.9380412,64.0
MDA,Moldova,2010,2269.511,61.487,40.819,197.256,12.9,15.3,87.591,78.624,38.145,0.033,,90.0,-0.1,87.1,98.47,,,,,,,,,,,,,,,,,,0.8978959,65.0
MDA,Moldova,2011,2402.944,62.671,41.499,,8.4,15.1,87.811,77.748,39.448,0.03,,93.0,-0.058,91.6,98.49,,,,,,,,,,,,,,,,,,0.9367599,66.0
MDA,Moldova,2012,2389.087,63.369,41.479,,5.7,14.8,87.929,77.909,40.109,0.03,,92.0,-0.013,94.3,98.52,,,,,,,,,,,,,,,,,,0.9535984,67.0
MDA,Moldova,2013,2605.85,64.013,42.534,,4.4,14.6,87.855,77.192,41.277,0.029,,90.0,-0.027,95.6,98.54,,,,,,,,,,,,,,,,,,0.9367664,68.0
MDA,Moldova,2014,2737.802,68.261,43.855,,3.8,14.4,87.146,76.864,52.152,0.035,,90.0,-0.061,96.2,98.56,,99.0,0.268338531255722,Europe,0.617,-0.405,0.723,,,,,,,,,,,0.9462787,69.0
MDA,Moldova,2015,2749.551,68.964,47.152,206.576,3.3,14.2,86.855,76.401,52.1,0.037,,87.0,-0.767,96.7,98.58,,,,,,,,,,,,,,,,,,0.9050831,70.0
MDA,Moldova,2016,2910.955,68.795,43.583,,2.5,14.0,86.883,76.594,52.844,0.037,,89.0,-1.163,97.5,98.6,,,,,,,,,,,,,,,,,,0.8699908,71.0
MDA,Moldova,2017,3085.333,67.222,41.496,,2.5,13.9,86.506,77.855,51.949,0.034,,88.0,-1.727,97.5,98.61,,,,,,,,,,,,,,,,,,0.7913308,72.0
MDA,Moldova,2018,3267.996,66.222,36.594,,2.5,13.8,86.314,77.956,52.842,0.034,,93.0,-1.757,97.5,98.62,,,,,,,,,,,,,,,,,,0.7908538,73.0
MDA,Moldova,2019,3438.677,68.29,38.74,,2.5,13.7,,,54.781,0.033,,91.0,-1.6,97.5,98.63,,,,,,,,,,,,,,,,,,0.7108663,74.0
MDA,Moldova,2020,3188.917,68.839,38.295,218.087,2.5,13.7,,,56.25,0.044,,86.0,-1.098,97.5,98.63,,,,,,,,,,,,,,,,,,,
MCO,Monaco,1990,105878.373,,,,,6.3,,,,0.024,,99.0,0.907,,99.37,,,,,,,,,,,,,,,,,,,
MCO,Monaco,1991,106020.718,,,,,6.1,,,,0.023,,98.0,0.876,,99.39,,,,,,,,,,,,,,,,,,,
MCO,Monaco,1992,106558.024,,,,,5.8,,,,0.022,,98.0,0.852,,99.42,,,,,,,,,,,,,,,,,,,
MCO,Monaco,1993,104739.794,,,,,5.5,,,,0.015,,99.0,0.803,,99.45,,,,,,,,,,,,,,,,,,-0.2195307,48.0
MCO,Monaco,1994,106244.899,,,,,5.3,,,,0.015,,99.0,0.765,,99.47,,,,,,,,,,,,,,,,,,1.526928,49.0
MCO,Monaco,1995,107691.088,,,,,5.1,,,,0.015,,99.0,0.743,,99.49,,,,,,,,,,,,,,,,,,1.418973,50.0
MCO,Monaco,1996,108107.453,,,,,4.9,,,,0.015,,99.0,0.719,,99.51,,,,,,,,,,,,,,,,,,1.406013,51.0
MCO,Monaco,1997,109747.029,,,,,4.7,,,,0.016,,99.0,0.707,,99.53,,,,,,,,,,,,,,,,,,1.288525,52.0
MCO,Monaco,1998,112873.604,,,,,4.5,,,,0.016,,99.0,0.634,,99.55,,,,,,,,,,,,,,,,,,1.443819,53.0
MCO,Monaco,1999,116084.581,,,,,4.4,,,,0.017,,99.0,0.442,,99.56,,,,,,,,,,,,,,,,,,1.398301,54.0
MCO,Monaco,2000,120456.506,,,,,4.2,,,,0.017,,99.0,0.139,,99.58,,,,,,,,,,,,,,,,,,1.209158,55.0
MCO,Monaco,2001,123122.123,,,,,4.1,,,,0.018,,99.0,-0.025,,99.59,,,,,,,,,,,,,,,,,,1.147105,56.0
MCO,Monaco,2002,124481.88,,,,,4.0,,,,0.017,,99.0,-0.077,,99.6,,,,,,,,,,,,,,,,,,1.148006,57.0
MCO,Monaco,2003,126022.239,,,,,3.8,,,,0.008,,99.0,-0.148,,99.62,,,,,,,,,,,,,,,,,,1.088812,58.0
MCO,Monaco,2004,129403.405,,,,,3.7,,,,0.008,,99.0,-0.207,,99.63,,,,,,,,,,,,,,,,,,0.9756046,59.0
MCO,Monaco,2005,132253.218,,,,,3.7,,,,0.008,,99.0,-0.301,,99.63,,,,,,,,,,,,,,,,,,1.006843,60.0
MCO,Monaco,2006,140615.179,,,,,3.6,,,,0.008,,99.0,-0.476,,99.64,,,,,,,,,,,,,,,,,,0.9872469,61.0
MCO,Monaco,2007,162028.481,,,,,3.5,,,,0.017,,99.0,-0.689,,99.65,,,,,,,,,,,,,,,,,,0.9659732,62.0
MCO,Monaco,2008,163243.752,,,,,3.4,,,,0.019,,99.0,-0.003,,99.66,,,,,,,,,,,,,,,,,,0.9610452,63.0
MCO,Monaco,2009,142375.532,,,,,3.3,,,,0.018,,99.0,1.645,,99.67,,,,,,,,,,,,,,,,,,0.919669,64.0
MCO,Monaco,2010,141814.787,,,,,3.3,,,,0.018,,99.0,2.439,,99.67,,,,,,,,,,,,,,,,,,0.9004621,65.0
MCO,Monaco,2011,148272.712,,,,,3.2,,,,0.017,,99.0,2.334,,99.68,,,,,,,,,,,,,,,,,,0.93636,66.0
MCO,Monaco,2012,146472.678,,,,,3.1,,,,0.009,,99.0,2.229,,99.69,,,,,,,,,,,,,,,,,,0.9504613,67.0
MCO,Monaco,2013,157167.975,,,,,3.0,,,,0.009,,99.0,2.098,,99.7,,,,,,,,,,,,,,,,,,0.9529004,68.0
MCO,Monaco,2014,165288.2,,,,,3.0,,,,0.01,,99.0,1.903,,99.7,,,,,,,,,,,,,,,,,,1.003917,69.0
MCO,Monaco,2015,170437.101,,,,,2.9,,,,0.01,,99.0,1.726,,99.71,,,,,,,,,,,,,,,,,,1.117052,70.0
MCO,Monaco,2016,173120.19,,,,,2.8,,,53.567,0.011,,99.0,1.402,,99.72,,,,,,,,,,,,,,,,,,1.195539,71.0
MCO,Monaco,2017,165781.779,,,,,2.7,,,,0.01,,99.0,1.073,,99.73,,,,,,,,,,,,,,,,,,1.015886,72.0
MCO,Monaco,2018,173041.761,,,,,2.6,,,,0.011,,99.0,1.255,,99.74,,,,,,,,,,,,,,,,,,1.090363,73.0
MCO,Monaco,2019,185582.756,,,,,2.6,,,,0.01,,99.0,-0.118,,99.74,,,,,,,,,,,,,,,,,,1.065959,74.0
MCO,Monaco,2020,161262.926,,,,,2.5,,,,0.044,,99.0,-0.155,,99.75,,,,,,,,,,,,,,,,,,,
MNG,Mongolia,1990,1823.456,,39.57,,,73.5,,,18.553,1.229,,84.0,-1.207,,92.65,,,,,,,,,,,,,,,,,,-0.634399,45.0
MNG,Mongolia,1991,1613.7,54.556,40.927,,,71.2,,,16.261,0.945,,81.0,3.126,,92.88,,,,,,,,,,,,,,,,,,-0.218383,46.0
MNG,Mongolia,1992,1462.675,54.978,42.032,,,69.0,,,14.437,0.741,203.9,64.0,0.113,,93.1,79.61,,,,,,,,,,,,,,,,,-0.3455308,47.0
MNG,Mongolia,1993,1418.066,55.258,42.382,,,67.0,,,12.402,0.601,259.0,79.0,-0.123,,93.3,74.1,,,,,,,,,,,,,,,,,1.897437,48.0
MNG,Mongolia,1994,1432.281,55.465,42.267,,,64.8,,,12.823,0.553,219.0,78.0,1.114,,93.52,78.1,,,,,,,,,,,,,,,,,-0.1584246,49.0
MNG,Mongolia,1995,1499.265,55.576,41.747,,,62.5,81.081,59.406,14.138,0.53,186.0,88.0,1.611,,93.75,81.4,,,,,,,,,,,,,,,,,-0.09650543,50.0
MNG,Mongolia,1996,1509.329,55.706,41.672,,,60.0,84.631,60.712,15.702,0.513,173.7,90.0,1.541,,94.0,82.63,,,,,,,,,,,,,,,,,-0.01303108,51.0
MNG,Mongolia,1997,1546.081,55.754,41.401,,,57.2,85.107,57.521,17.72,0.487,143.5,92.0,1.417,,94.28,85.65,,,,,,,,,,,,,,,,,-0.1070962,52.0
MNG,Mongolia,1998,1575.677,55.788,41.189,,,54.1,86.627,58.897,20.346,0.447,162.4,94.0,1.389,,94.59,83.75999999999999,,,,,,,,,,,,,,,,,-0.2380442,53.0
MNG,Mongolia,1999,1601.314,55.86,41.009,,,50.8,88.136,58.164,25.945,0.404,182.0,94.0,1.41,,94.92,81.8,,,,,,,,,,,,,,,,,-0.2306939,54.0
MNG,Mongolia,2000,1598.313,55.941,41.034,,,47.4,90.0,62.027,29.276,0.349,166.2,94.0,1.327,,95.26,83.38,98.0,,,0.679,-0.326,0.575,0.433,36.07,10.526,0.611,63.458,9.04,,,,,-0.2396149,55.0
MNG,Mongolia,2001,1625.462,55.951,40.85,,30.1,44.0,91.198,67.906,33.287,0.302,165.0,95.0,1.226,69.9,95.6,83.5,,,,,,,0.423,36.07,10.526,0.622,63.806,9.14,,,,,-0.2986676,56.0
MNG,Mongolia,2002,1680.653,55.904,40.481,,29.5,40.6,89.56,71.645,34.798,0.263,121.5,98.0,1.285,70.5,95.94,87.85,,,,,,,0.403,36.07,10.526,0.631,63.992,9.24,,,,,-0.4317398,57.0
MNG,Mongolia,2003,1775.649,55.493,39.874,,29.6,37.4,82.571,76.579,36.879,0.236,107.2,98.0,1.272,70.4,96.26,89.28,,,,,,,0.381,56.04,10.526,0.643,64.135,9.34,,,,,-0.3893046,58.0
MNG,Mongolia,2004,1942.363,55.27,38.891,,29.5,34.4,87.448,80.712,39.6,0.217,96.7,99.0,1.124,70.5,96.56,90.33,,,,,,,0.391,57.52,6.757,0.658,64.343,9.44,,,,,-0.443437,59.0
MNG,Mongolia,2005,2060.262,55.104,38.253,,28.4,31.5,87.925,82.747,43.483,0.199,92.7,99.0,1.11,71.6,96.85,90.73,,,,,,,0.385,56.33,6.667,0.671,64.811,9.54,,,,,-0.4504643,60.0
MNG,Mongolia,2006,2209.743,54.931,37.503,,26.5,28.9,91.673,81.887,46.815,0.193,67.2,99.0,1.205,73.5,97.11,93.28,,,,,,,0.405,55.67,6.579,0.683,65.569,9.64,,,,,-0.2959829,61.0
MNG,Mongolia,2007,2403.724,54.876,36.613,,24.5,26.6,88.994,,46.977,0.19,88.3,95.0,1.342,75.5,97.34,91.17,,,,,,,0.393,55.7,6.579,0.696,66.471,9.74,,,,,-0.2802197,62.0
MNG,Mongolia,2008,2576.713,55.201,33.567,,21.9,24.4,87.733,,49.175,0.196,48.6,96.0,1.577,78.1,97.56,95.14,,,,,,,0.425,54.08,4.167,0.707,67.086,9.84,,,,,-0.303752,63.0
MNG,Mongolia,2009,2498.73,55.24,31.992,,19.8,22.5,95.465,,53.181,0.197,81.0,95.0,1.796,80.2,97.75,91.9,,,,,,,0.422,53.85,3.947,0.711,67.173,9.94,,,,,-0.3895594,64.0
MNG,Mongolia,2010,2611.673,54.957,31.836,186.753,17.1,20.8,97.303,,56.078,0.181,47.4,96.0,1.75,82.9,97.92,95.26,98.0,0.3308121263980865,Asia,0.679,-0.562,0.658,0.416,54.26,3.947,0.714,67.1,10.04,15.511,11.448,19.399,15.685,-0.2776255,65.0
MNG,Mongolia,2011,3010.816,56.953,32.675,,14.8,19.4,97.828,,56.748,0.176,48.7,99.0,1.727,85.2,98.06,95.13,,,,,,,0.42,55.03,3.947,0.725,67.167,10.148,15.394,11.448,19.912,14.822,-0.2307236,66.0
MNG,Mongolia,2012,3318.165,57.324,32.3,,13.0,18.2,97.197,,61.307,0.173,51.5,99.0,1.898,87.0,98.18,94.85,,,,,,,0.347,55.68,14.865,0.735,67.611,10.256,15.133,11.448,19.854,14.096,-0.2127547,67.0
MNG,Mongolia,2013,3628.907,56.98,31.93,,11.9,17.3,94.619,,64.817,0.174,42.6,98.0,2.067,88.1,98.27,95.74,,,,,,,0.339,54.01,14.865,0.744,68.21,10.364,15.052,11.92,19.854,13.382,-0.4436629,68.0
MNG,Mongolia,2014,3830.359,56.782,30.547,,10.6,16.5,94.624,,66.679,0.168,30.2,99.0,2.187,89.4,98.35,96.98,,,,,,,0.332,54.5,14.865,0.748,68.737,10.472,14.45,11.92,18.698,12.733,-0.4419048,69.0
MNG,Mongolia,2015,3838.921,56.773,29.282,207.774,8.9,15.7,96.002,,70.359,0.155,,99.0,2.129,91.1,98.43,,,,,,,,0.336,54.03,14.474,0.753,69.239,10.58,14.227,11.92,18.698,12.062,-0.4684656,70.0
MNG,Mongolia,2016,3817.92,54.172,27.805,,8.1,15.0,97.821,,65.248,0.141,,99.0,2.027,91.9,98.5,,,,,,,,0.331,52.93,17.105,0.759,69.736,10.688,14.088,11.92,18.811,11.534,-0.5233522,71.0
MNG,Mongolia,2017,3956.205,55.378,26.828,,6.8,14.2,97.869,,64.406,0.129,,99.0,1.926,93.2,98.58,,,,,,,,0.33,53.95,17.105,0.759,70.171,10.796,13.928,11.92,18.811,11.054,-0.5387652,72.0
MNG,Mongolia,2018,4183.856,56.534,28.981,,6.2,13.5,97.698,,65.103,0.127,,99.0,1.865,93.8,98.65,,96.89635,0.3274098932743072,Asia,0.653,-0.246,0.694,0.322,52.15,17.105,0.767,70.574,10.904,13.882,11.884,19.193,10.568,-0.5027852,73.0
MNG,Mongolia,2019,4337.817,59.679,38.811,,5.1,12.8,,,67.971,0.13,,98.0,1.837,94.9,98.72,,,,,,,,0.311,58.33,17.333,0.758,70.663,10.162,13.77,11.884,19.193,10.235,-0.6013225,74.0
MNG,Mongolia,2020,4066.034,59.364,36.203,211.854,4.3,12.2,,,66.256,0.131,,96.0,1.805,95.7,98.78,,99.0,,,0.633,-0.42,0.692,0.301,56.13,17.333,0.741,70.029,9.42,13.804,11.884,19.193,10.336,,
MNE,Montenegro,1997,4448.045,34.623,23.207,,,13.5,,,,0.021,,,-0.243,,98.65,,,,,,,,,,,,,,,,,,,
MNE,Montenegro,1998,4680.266,34.442,22.772,,,13.3,,,,0.02,,,-0.305,,98.67,,,,,,,,,,,,,,,,,,,
MNE,Montenegro,1999,4251.943,34.432,23.67,,,13.1,,,,0.02,,,-0.419,,98.69,,,,,,,,,,,,,,,,,,,
MNE,Montenegro,2000,4391.37,34.301,23.366,,,12.7,,,18.111,0.019,,,-0.028,,98.73,,,,,,,,,,,,,,,,,,,
MNE,Montenegro,2001,4421.84,34.171,23.306,,9.4,12.2,,,18.932,0.018,,,0.402,90.6,98.78,,,,,,,,,,,,,,,,,,,
MNE,Montenegro,2002,4488.007,34.119,23.167,,9.0,11.5,,,17.719,0.016,,,0.401,91.0,98.85,,,,,,,,,,,,,,,,,,,
MNE,Montenegro,2003,4581.107,33.925,22.974,,7.5,10.8,97.343,,18.68,0.016,,,0.399,92.5,98.92,,98.0,,,0.484,,0.556,,,,,,,,,,,,
MNE,Montenegro,2004,4775.399,33.776,22.604,,5.7,10.1,,,22.11,0.014,,,0.177,94.3,98.99,,,,,,,,,,,,,,,,,,,
MNE,Montenegro,2005,4967.685,33.679,22.271,,4.1,9.3,97.917,,24.929,0.013,,,0.148,95.9,99.07,,,,,,,,,,,,,,,,,,,
MNE,Montenegro,2006,5386.538,36.232,21.615,,3.0,8.5,98.462,,29.194,0.013,,90.0,0.124,97.0,99.15,,,,,,,,0.23,43.9,8.642,0.785,74.671,10.755,,,,,0.9528281,61.0
MNE,Montenegro,2007,5763.04,38.846,21.13,,2.5,7.8,96.179,,36.327,0.013,,92.0,0.138,97.5,99.22,,,,,,,,0.217,43.9,11.111,0.795,74.674,10.86,,,,,0.9219342,62.0
MNE,Montenegro,2008,6149.686,39.997,20.647,,2.5,7.0,96.018,,43.557,0.013,,95.0,0.177,97.5,99.3,,,,,,,,0.223,43.9,11.111,0.806,75.001,10.965,,,,,0.913518,63.0
MNE,Montenegro,2009,5768.657,39.037,21.11,,2.5,6.3,,,51.66,0.013,,92.0,0.215,97.5,99.37,,,,,,,,0.226,43.3,11.111,0.809,75.397,11.07,,,,,0.9350704,64.0
MNE,Montenegro,2010,5917.918,38.777,20.928,204.661,2.5,5.7,,,55.296,0.012,,94.0,0.183,97.5,99.43,,,,,,,,0.21,42.19,11.111,0.815,75.713,11.175,11.996,9.596,20.983,5.41,0.8962835,65.0
MNE,Montenegro,2011,6110.66,38.73,20.707,,2.5,5.1,90.779,,59.012,0.011,,95.0,0.148,97.5,99.49,,98.0,,,0.498,0.077,0.524,0.19,42.11,12.346,0.822,75.961,11.28,12.628,9.596,23.229,5.057,0.8725114,66.0
MNE,Montenegro,2012,5948.379,39.644,24.031,,2.5,4.6,96.268,,60.309,0.011,,94.0,0.173,97.5,99.54,,,,,,,,0.159,43.49,17.284,0.825,76.237,11.427,12.605,9.596,23.229,4.988,0.8270553,67.0
MNE,Montenegro,2013,6138.252,39.741,23.14,,2.5,4.2,,,60.435,0.011,,94.0,0.188,97.5,99.58,,,,,,,,0.159,43.68,16.049,0.83,76.354,11.574,12.242,7.367,24.761,4.597,0.8434597,68.0
MNE,Montenegro,2014,6272.091,42.315,29.127,,2.5,3.8,,,63.22,0.011,,91.0,0.186,97.5,99.62,,,,,,,,0.149,46.23,17.284,0.833,76.468,11.721,11.572,7.367,22.859,4.491,0.7722915,69.0
MNE,Montenegro,2015,6421.003,43.18,30.108,191.025,2.5,3.5,93.977,,63.937,0.011,,89.0,0.145,97.5,99.65,,,,,,,,0.145,47.64,17.284,0.839,76.594,11.869,11.171,7.367,22.569,3.577,0.795417,70.0
MNE,Montenegro,2016,6634.385,43.394,32.673,,2.5,3.2,93.603,90.053,59.184,0.01,,89.0,0.112,97.5,99.68,,,,,,,,0.124,47.58,23.457,0.836,76.565,12.016,11.391,7.367,22.633,4.173,1.167658,71.0
MNE,Montenegro,2017,6840.912,44.174,31.124,,2.5,3.0,95.715,89.336,60.91,0.012,,87.0,0.101,97.5,99.7,,,,,,,,0.122,47.46,23.457,0.843,76.593,12.163,11.637,7.367,24.161,3.384,1.078601,72.0
MNE,Montenegro,2018,7159.471,45.429,32.714,,2.5,2.8,96.548,89.075,58.183,0.01,,86.0,0.073,97.5,99.72,,98.5344,0.3680895864963531,Europe,0.463,0.091,0.549,0.122,48.1,23.457,0.849,76.921,12.31,11.698,7.815,24.018,3.261,1.042067,73.0
MNE,Montenegro,2019,7470.296,46.304,36.409,,2.5,2.6,,,56.263,0.01,,87.0,0.05,97.5,99.74,,,,,,,,0.113,49.91,28.395,0.851,76.639,12.463,11.235,7.815,22.158,3.733,1.08861,74.0
MNE,Montenegro,2020,6351.955,41.367,30.718,210.057,2.5,2.5,,,58.094,0.023,,84.0,-0.026,97.5,99.75,,,,,,,,0.125,46.4,22.222,0.841,75.85,12.617,10.575,7.815,20.083,3.826,,
MAR,Morocco,1990,1695.636,,45.857,,,65.1,56.023,,10.673,1.982,,81.0,1.805,,93.49,,,,,,,,0.749,25.1,0.672,0.451,62.396,2.11,,,,,-0.700128,45.0
MAR,Morocco,1991,1786.763,44.297,45.456,,,62.8,55.671,,10.548,1.824,,81.0,1.722,,93.72,,,,,,,,0.751,23.86,0.672,0.457,62.919,2.22,,,,,-0.8259323,46.0
MAR,Morocco,1992,1720.422,44.204,45.33,,,60.6,56.171,,10.278,1.63,,87.0,1.653,,93.94,,,,,,,,0.749,22.62,0.672,0.461,63.388,2.33,,,,,-0.6895711,47.0
MAR,Morocco,1993,1680.71,44.118,45.146,,,58.5,58.31,,10.643,1.448,,86.0,1.582,,94.15,,,,,,,,0.751,21.38,0.672,0.468,63.868,2.44,,,,,-0.8786708,48.0
MAR,Morocco,1994,1830.881,44.155,44.606,,,56.4,60.944,,10.78,1.309,228.0,87.0,1.497,,94.36,77.2,42.0,,,0.193,,0.779,0.75,20.15,0.672,0.48,64.346,2.55,,,,,-0.1835193,49.0
MAR,Morocco,1995,1705.448,44.136,44.557,,,54.4,63.774,,11.264,1.199,,90.0,1.521,,94.56,,,,,,,,0.718,30.51,0.672,0.484,64.725,2.66,,,,,-0.2466007,50.0
MAR,Morocco,1996,1886.672,44.424,43.993,,,52.4,66.1,,,1.105,,95.0,1.536,,94.76,,,,,,,,0.722,27.76,0.672,0.495,65.226,2.78,,,,,-0.6509792,51.0
MAR,Morocco,1997,1828.969,44.132,43.834,,,50.5,67.704,,11.553,1.017,,94.0,1.5,,94.95,,,,,,,,0.723,25.01,0.672,0.5,65.616,2.9,,,,,-0.7690817,52.0
MAR,Morocco,1998,1931.74,44.442,43.428,,,48.7,66.981,,9.104,0.924,,93.0,1.489,,95.13,,,,,,,,0.727,22.26,0.672,0.507,66.008,3.02,,,,,-0.7862343,53.0
MAR,Morocco,1999,1935.479,44.161,43.185,,,46.9,71.79,,9.545,0.817,,91.0,1.457,,95.31,,,,,,,,0.708,30.31,0.672,0.517,66.404,3.14,,,,,-0.8287167,54.0
MAR,Morocco,2000,1957.141,44.353,42.922,,,45.2,76.576,,10.146,0.733,,95.0,1.404,,95.48,,,,,,,,0.702,29.0,0.672,0.528,66.794,3.26,,,,,-0.5191724,55.0
MAR,Morocco,2001,2078.966,44.882,42.525,,5.8,43.5,80.446,,10.507,0.664,,96.0,1.367,94.2,95.65,,,,,,,,0.719,25.46,0.504,0.539,67.2,3.366,,,,,-0.9350522,56.0
MAR,Morocco,2002,2127.507,44.815,41.669,,5.4,41.9,84.582,,10.617,0.605,,94.0,1.322,94.6,95.81,,,,,,,,0.601,24.88,6.05,0.55,67.582,3.472,,,,,-1.058536,57.0
MAR,Morocco,2003,2229.576,44.633,41.211,,5.1,40.2,85.85,,11.042,0.566,,91.0,1.27,94.9,95.98,,,,,,,,0.59,27.25,6.05,0.56,67.958,3.578,,,,,-1.145662,58.0
MAR,Morocco,2004,2301.082,45.171,40.754,,4.9,38.5,85.719,,11.136,0.538,,97.0,1.282,95.1,96.15,,52.0,,,0.252,-0.224,0.718,0.581,28.37,6.387,0.567,68.272,3.684,,,,,-1.014674,59.0
MAR,Morocco,2005,2342.155,45.065,40.3,,4.8,36.7,86.738,40.143,11.699,0.496,,98.0,1.343,95.2,96.33,,,,,,,,0.577,27.92,6.387,0.573,68.748,3.79,,,,,-0.9877204,60.0
MAR,Morocco,2006,2489.993,45.728,39.846,,4.8,34.9,87.996,42.489,12.165,0.46,,97.0,1.351,95.2,96.51,,,,,,,,0.57,19.43,6.387,0.579,69.157,3.88,,,,,-0.678148,61.0
MAR,Morocco,2007,2540.615,45.769,39.395,,4.8,33.1,89.267,45.266,11.604,0.428,,95.0,1.341,95.2,96.69,,,,,,,,0.568,28.25,6.218,0.586,69.62,3.97,,,,,-0.7018669,62.0
MAR,Morocco,2008,2648.586,45.749,38.946,,4.8,31.4,89.833,47.383,12.637,0.399,,99.0,1.339,95.2,96.86,,55.0,,,0.252,-0.357,0.694,0.566,26.56,6.218,0.593,70.051,4.06,,,,,-0.6827187,63.0
MAR,Morocco,2009,2710.667,45.611,37.6,,4.8,29.7,89.526,,13.099,0.376,112.0,99.0,1.333,95.2,97.03,88.8,56.0,,,0.252,-0.283,0.694,0.556,19.27,6.723,0.598,70.454,4.15,,,,,-0.7287621,64.0
MAR,Morocco,2010,2767.042,45.1,36.272,123.248,4.7,28.2,92.288,51.016,13.99,0.355,,99.0,1.353,95.3,97.18,,,,,,,,0.554,25.88,6.723,0.607,70.821,4.24,29.711,45.8,26.785,16.547,-0.654224,65.0
MAR,Morocco,2011,2879.539,44.78,34.992,,4.5,26.7,93.227,53.844,15.854,0.326,,99.0,1.363,95.5,97.33,,67.0,,,0.262,-0.266,0.68,0.519,25.48,10.977,0.619,71.263,4.468,29.516,45.8,26.785,15.962,-0.6055059,66.0
MAR,Morocco,2012,2927.45,44.058,33.502,,4.3,25.3,92.485,56.699,19.047,0.297,,99.0,1.336,95.7,97.47,,69.0,,,0.264,-0.141,0.679,0.512,24.74,10.977,0.629,71.674,4.696,29.283,45.8,26.785,15.265,-0.6809674,67.0
MAR,Morocco,2013,3008.186,43.851,32.234,,4.1,24.0,93.191,,22.407,0.269,,99.0,1.288,95.9,97.6,,,,,,,,0.502,25.12,10.977,0.639,72.117,4.924,29.036,45.8,26.785,14.522,-0.7165349,68.0
MAR,Morocco,2014,3051.459,43.398,32.317,,3.9,22.7,93.262,,25.311,0.247,,99.0,1.227,96.1,97.73,,76.0,,,0.268,-0.136,0.683,0.495,25.24,10.977,0.648,72.522,5.152,28.584,45.8,25.923,14.029,-0.6900617,69.0
MAR,Morocco,2015,3146.248,42.979,30.363,124.265,3.7,21.6,,,28.552,0.23,,99.0,1.171,96.3,97.84,,,,,,,,0.469,24.79,15.728,0.659,72.894,5.38,28.381,45.8,25.923,13.419,-0.5491333,70.0
MAR,Morocco,2016,3124.425,42.221,28.69,,3.7,20.5,94.615,,32.095,0.216,,99.0,1.195,96.3,97.95,,,,,,,,0.453,23.72,18.447,0.665,73.228,5.514,28.204,45.8,25.923,12.888,-0.6641078,71.0
MAR,Morocco,2017,3242.644,41.305,28.513,,3.5,19.6,96.894,63.467,33.474,0.2,,99.0,1.2,96.5,98.04,,,,,,,,0.45,23.16,18.447,0.674,73.608,5.648,28.086,45.8,25.923,12.534,-0.3735686,72.0
MAR,Morocco,2018,3304.712,41.581,28.379,,3.6,18.7,99.099,64.492,35.319,0.186,,99.0,1.104,96.4,98.13,,,,,,,,0.449,22.59,18.447,0.68,73.946,5.782,26.623,41.871,25.923,12.075,-0.430251,73.0
MAR,Morocco,2019,3364.74,41.918,28.251,,4.1,18.0,,,37.721,0.176,,99.0,1.03,95.9,98.2,,,,,,,,0.448,22.03,18.447,0.687,74.245,5.916,26.491,41.871,25.923,11.68,-0.6369529,74.0
MAR,Morocco,2020,3090.894,39.556,26.407,143.732,5.3,17.3,,,39.686,0.177,,99.0,1.026,94.7,98.27,,,,,,,,0.445,21.46,18.447,0.683,73.133,6.05,26.35,41.871,25.923,11.258,,
MOZ,Mozambique,1990,221.049,,76.432,,,146.7,46.333,,,6.666,,46.0,1.444,,85.33,,,,,,,,,,,,,,,,,,-0.7405469,45.0
MOZ,Mozambique,1991,227.463,81.683,76.339,,,145.6,44.547,,,6.263,,46.0,1.948,,85.44,,,,,,,,,,,,,,,,,,-0.6523153,46.0
MOZ,Mozambique,1992,206.195,81.513,76.237,,,144.0,42.716,6.546,0.368,5.913,,50.0,1.938,,85.6,,,,,,,,,,,,,,,,,,-0.5585082,47.0
MOZ,Mozambique,1993,221.625,81.606,76.053,,,142.0,41.556,6.571,0.408,5.337,,49.0,3.166,,85.8,,,,,,,,,,,,,,,,,,-0.6792153,48.0
MOZ,Mozambique,1994,220.479,81.592,75.764,,,139.1,42.614,6.375,0.453,4.79,,55.0,6.76,,86.09,,,,,,,,,,,,,,,,,,-0.7755093,49.0
MOZ,Mozambique,1995,212.086,81.66,75.436,,,135.3,44.853,6.638,0.45,4.77,,57.0,5.981,,86.47,,,,,,,,0.61,86.82,25.2,0.257,46.546,1.542,,,,,-0.6020214,50.0
MOZ,Mozambique,1996,227.198,81.627,75.15,,,130.5,,,0.47,4.419,,60.0,3.279,,86.95,,,,,,,,0.605,86.82,25.2,0.269,47.121,1.584,,,,,-0.5360883,51.0
MOZ,Mozambique,1997,247.185,81.674,75.08,,,125.0,,,,3.984,,62.0,2.736,,87.5,,39.0,,,0.465,,0.505,0.601,86.96,25.2,0.281,47.8,1.627,,,,,-0.7102563,52.0
MOZ,Mozambique,1998,266.673,82.079,74.037,,,118.8,49.554,,,3.718,,65.0,2.278,,88.12,,,,,,,,0.595,87.1,25.2,0.292,48.212,1.669,,,,,-0.5413068,53.0
MOZ,Mozambique,1999,291.56,82.409,72.966,,,112.4,53.231,2.767,0.602,3.34,,68.0,2.247,,88.76,,,,,,,,0.591,87.24,25.2,0.304,48.837,1.712,,,,,-0.6813137,54.0
MOZ,Mozambique,2000,287.391,82.607,71.866,,,106.1,56.996,3.28,0.613,2.919,,70.0,2.204,,89.39,,,,,,,,0.576,87.38,30.0,0.311,49.476,1.754,,,,,-0.7197525,55.0
MOZ,Mozambique,2001,317.186,82.937,70.738,,36.4,100.1,61.507,3.517,0.603,2.507,,73.0,2.226,63.6,89.99,,,,,,,,0.574,87.52,30.0,0.326,50.259,1.831,,,,,-0.6255343,56.0
MOZ,Mozambique,2002,340.135,83.211,69.581,,34.9,94.5,57.04,4.367,0.682,2.086,,76.0,2.244,65.1,90.55,,,,,,,,0.57,87.66,30.0,0.335,50.879,1.908,,,,,-0.6258187,57.0
MOZ,Mozambique,2003,356.521,83.572,68.399,,32.8,89.5,,,0.929,1.867,,85.0,2.264,67.2,91.05,,48.0,,,0.421,-0.539,0.52,0.568,87.8,30.0,0.35,51.383,1.985,,,,,-0.6935023,58.0
MOZ,Mozambique,2004,377.065,83.006,67.935,,30.9,84.6,70.219,4.136,1.156,1.655,,83.0,2.283,69.1,91.54,,,,,,,,0.558,87.0,34.8,0.36,51.855,2.062,,,,,-0.6186359,59.0
MOZ,Mozambique,2005,391.7,82.439,67.467,,29.2,80.2,75.352,7.076,1.432,1.545,,80.0,2.313,70.8,91.98,,,,,,,,0.557,86.19,34.8,0.371,52.322,2.14,,,,,-0.6210827,60.0
MOZ,Mozambique,2006,420.526,81.927,66.995,,27.3,75.7,79.218,8.963,2.128,1.525,,78.0,2.349,72.7,92.43,,,,,,,,0.555,85.39,34.8,0.379,52.748,2.19,,,,,-0.5380794,61.0
MOZ,Mozambique,2007,442.05,81.364,66.518,,25.4,69.7,84.22,10.583,3.039,1.685,,75.0,2.379,74.6,93.03,,,,,,,,0.554,84.58,34.8,0.392,53.255,2.24,,,,,-0.4975988,62.0
MOZ,Mozambique,2008,460.947,80.798,66.037,,23.6,67.0,87.588,12.217,3.519,1.944,,75.0,2.466,76.4,93.3,,,,,,,,0.555,83.78,34.8,0.403,53.799,2.29,,,,,-0.5173079,63.0
MOZ,Mozambique,2009,475.788,80.165,65.552,,21.7,63.7,88.583,14.579,3.821,1.916,,74.0,2.591,78.3,93.63,,51.0,,,0.46,-0.6,0.52,0.546,82.97,39.2,0.411,54.4,2.34,,,,,-0.6413489,64.0
MOZ,Mozambique,2010,494.163,79.552,65.063,119.136,20.0,63.5,89.833,15.97,4.603,1.672,,74.0,2.677,80.0,93.65,,,,,,,,0.545,82.17,39.2,0.419,55.04,2.48,,,51.694,36.792,-0.6559665,65.0
MOZ,Mozambique,2011,514.87,78.938,64.57,,19.9,59.7,87.486,17.066,4.904,1.468,,77.0,2.786,80.1,94.03,,,,,,,,0.546,81.36,39.2,0.424,55.733,2.62,39.447,30.804,51.694,35.842,-0.6734805,66.0
MOZ,Mozambique,2012,540.295,78.332,64.073,,21.6,57.5,87.737,17.455,5.2,1.188,,80.0,2.871,78.4,94.25,,,,,,,,0.537,80.56,39.2,0.431,56.46,2.762,39.143,30.804,51.694,34.929,-0.3337694,67.0
MOZ,Mozambique,2013,559.394,77.684,63.572,,26.4,56.1,88.887,19.898,5.593,1.062,,82.0,2.891,73.6,94.39,,,,,,,,0.527,79.75,39.2,0.443,57.189,2.905,38.861,30.804,51.694,34.085,-0.6808926,68.0
MOZ,Mozambique,2014,585.267,77.029,63.069,,32.6,54.8,89.912,20.222,6.25,1.125,,85.0,2.899,67.4,94.52,,,,,,,,0.524,78.95,39.2,0.45,57.965,3.048,38.578,30.804,51.694,33.237,-0.7461319,69.0
MOZ,Mozambique,2015,610.564,76.345,62.562,118.217,39.9,53.8,91.515,19.278,6.732,1.152,,85.0,2.901,60.1,94.62,,56.0,,,0.439,-0.828,0.499,0.517,78.14,39.6,0.457,58.711,3.19,42.195,37.233,56.872,32.479,-0.8437692,70.0
MOZ,Mozambique,2016,620.78,76.135,62.892,,41.6,52.9,90.766,,7.342,1.073,,85.0,2.931,58.4,94.71,,,,,,,,0.513,74.56,39.6,0.46,59.455,3.125,41.887,37.233,56.872,31.554,-0.7608598,71.0
MOZ,Mozambique,2017,618.398,75.875,63.203,,38.3,51.5,89.874,,7.246,0.984,,85.0,2.988,61.7,94.85,,61.0,,,0.406,-0.958,0.521,0.513,72.34,39.6,0.461,60.148,3.06,41.658,37.233,56.872,30.868,-0.768198,72.0
MOZ,Mozambique,2018,621.154,75.626,63.528,,32.5,50.6,93.929,,7.463,0.835,,85.0,2.981,67.5,94.94,,,,,,,,0.502,72.08,39.6,0.469,60.79,3.327,41.462,37.233,56.872,30.279,-0.6598282,73.0
MOZ,Mozambique,2019,617.139,75.396,63.872,,28.3,49.7,,,,0.694,,85.0,2.94,71.7,95.03,,,,,,,,0.491,72.22,41.2,0.475,61.306,3.593,41.242,37.233,56.872,29.62,-0.6490787,74.0
MOZ,Mozambique,2020,591.804,74.227,63.718,,25.8,49.1,,,,0.637,,71.0,2.965,74.2,95.09,,60.0,,,0.369,-0.77,0.548,0.474,74.81,42.4,0.477,61.39,3.86,40.548,38.267,54.413,28.963,,
MMR,Myanmar,1990,170.233,,81.35,,,90.6,,,5.357,1.96,,88.0,1.525,,90.94,,,,,,,,,,,,,,,,,,-0.3229671,45.0
MMR,Myanmar,1991,166.71,67.697,81.554,,,89.0,,,,1.866,,66.0,1.438,,91.1,,,,,,,,,,,,,,,,,,-0.4307426,46.0
MMR,Myanmar,1992,180.333,67.603,80.787,,,87.4,,,4.656,1.75,,71.0,1.368,,91.26,,,,,,,,,,,,,,,,,,-0.8682711,47.0
MMR,Myanmar,1993,188.681,67.546,80.34,,,85.7,,,5.73,1.651,,73.0,1.339,,91.43,,,,,,,,,,,,,,,,,,-1.157129,48.0
MMR,Myanmar,1994,200.125,67.484,79.753,,,84.0,,,5.468,1.536,,77.0,1.323,,91.6,,,,,,,,,,,,,,,,,,-1.152974,49.0
MMR,Myanmar,1995,211.266,67.39,79.207,,,82.3,,,5.635,1.423,,84.0,1.3,,91.77,,,,,,,,,,,,,,,,,,-1.531422,50.0
MMR,Myanmar,1996,222.013,67.312,78.703,,,80.6,,,,1.303,,88.0,1.282,,91.94,,,,,,,,,,,,,,,,,,-1.682332,51.0
MMR,Myanmar,1997,231.588,67.238,78.271,,,78.8,,,,1.196,,90.0,1.275,,92.12,,,,,,,,,,,,,,,,,,-1.505077,52.0
MMR,Myanmar,1998,242.132,67.162,77.812,,,77.2,,,7.361,1.114,,90.0,1.248,,92.28,,,,,,,,,,,,,,,,,,-1.057921,53.0
MMR,Myanmar,1999,265.455,67.028,76.853,,,75.5,,29.668,,1.058,255.0,75.0,1.19,,92.45,74.5,,,,,,,,,,,,,,,,,-1.340186,54.0
MMR,Myanmar,2000,298.59,66.86,75.608,,,73.9,89.725,32.958,,1.005,,82.0,1.117,,92.61,,90.0,,,0.094,-1.207,0.887,,,,,,,,,,,-1.369382,55.0
MMR,Myanmar,2001,328.974,66.712,74.567,,38.6,72.3,90.838,35.764,11.685,0.959,,73.0,1.055,61.4,92.77,,,,,,,,,,,,,,,,,,-1.403949,56.0
MMR,Myanmar,2002,364.856,66.535,73.439,,35.8,70.5,88.727,35.511,,0.909,,79.0,1.003,64.2,92.95,,,,,,,,,,,,,,,,,,-1.274037,57.0
MMR,Myanmar,2003,411.499,66.323,72.11,,32.6,68.8,90.539,36.094,,0.851,,78.0,0.936,67.4,93.12,,,,,,,,,,,,,,,,,,-1.482567,58.0
MMR,Myanmar,2004,463.33,66.114,70.78,,28.8,66.9,89.085,40.449,,0.793,315.86,82.0,0.857,71.2,93.31,68.414,,,,,,,,,,,,,,,,,-1.323424,59.0
MMR,Myanmar,2005,522.1,65.897,69.422,,24.8,65.0,88.826,41.002,,0.742,,73.0,0.782,75.2,93.5,,,,,,,,,,,,,,,,,,-1.119268,60.0
MMR,Myanmar,2006,586.086,65.676,68.089,,21.0,62.9,88.611,43.17,,0.703,,82.0,0.728,79.0,93.71,,,,,,,,,,,,,,,,,,-1.219376,61.0
MMR,Myanmar,2007,651.73,65.465,66.851,,17.4,60.8,88.96,43.459,11.051,0.67,,86.0,0.709,82.6,93.92,,,,,,,,,,,,,,,,,,-1.180168,62.0
MMR,Myanmar,2008,714.62,65.274,65.767,,14.0,70.8,89.838,45.298,,0.624,,85.0,0.551,86.0,92.92,,,,,,,,,,,,,,,,,,-1.334652,63.0
MMR,Myanmar,2009,785.635,65.076,64.641,,11.1,56.4,88.933,44.794,,0.598,,90.0,0.556,88.9,94.36,,,,,,,,,,,,,,,,,,-1.343642,64.0
MMR,Myanmar,2010,854.932,64.896,63.63,,9.2,54.2,89.007,45.052,,0.567,,90.0,0.745,90.8,94.58,,,,,,,,,,,,,,,,,,-1.066657,65.0
MMR,Myanmar,2011,895.513,64.785,63.074,,8.0,52.1,,,14.325,0.537,,84.0,0.803,92.0,94.79,,,,,,,,,,,,,,,,,,-1.320165,66.0
MMR,Myanmar,2012,953.123,64.644,62.322,,7.4,50.0,,,13.738,0.517,,84.0,0.842,92.6,95.0,,,,,,,,,,,,,,,,,,-0.9500457,67.0
MMR,Myanmar,2013,1024.691,64.487,61.444,,6.4,48.1,,,,0.501,,75.0,0.85,93.6,95.19,,,,,,,,,,,,,,,,,,-1.235385,68.0
MMR,Myanmar,2014,1099.244,64.346,60.589,,5.5,46.3,96.131,48.717,,0.478,,88.0,0.83,94.5,95.37,,90.0,,,0.352,-1.298,0.605,,,,,,,,,,,-0.9868319,69.0
MMR,Myanmar,2015,1166.733,64.216,59.862,153.152,4.5,44.6,,,,0.468,,89.0,0.801,95.5,95.54,,,,,,,,0.495,51.6,13.035,0.566,65.288,4.734,24.737,26.853,22.988,24.369,-0.968403,70.0
MMR,Myanmar,2016,1225.379,62.707,55.772,,3.8,43.1,,56.316,,0.454,,90.0,0.793,96.2,95.69,,,,,,,,0.512,50.06,10.046,0.574,65.64,4.849,24.499,26.853,22.988,23.657,-0.7506956,71.0
MMR,Myanmar,2017,1290.564,61.182,51.602,,3.5,41.6,97.663,59.624,,0.436,,89.0,0.772,96.5,95.84,,,,,,,,0.512,48.51,10.245,0.587,65.909,5.36,22.544,26.853,17.556,23.222,-0.7321876,72.0
MMR,Myanmar,2018,1361.568,61.883,49.702,,3.4,40.2,97.932,64.059,20.372,0.414,,91.0,0.724,96.6,95.98,,,,,,,,0.501,49.28,10.245,0.6,66.232,5.87,22.321,26.853,17.556,22.553,-0.8032776,73.0
MMR,Myanmar,2019,1440.99,60.255,46.549,,3.2,38.9,,,,0.396,,90.0,0.702,96.8,96.11,,89.0,,,0.422,-1.185,0.384,0.5,47.14,11.568,0.61,66.457,6.38,22.13,26.853,17.556,21.981,-0.7116446,74.0
MMR,Myanmar,2020,1301.314,59.263,45.29,146.733,3.7,37.6,,,,0.397,,84.0,0.711,96.3,96.24,,,,,,,,0.472,45.63,16.421,0.609,66.612,6.38,21.965,26.853,17.556,21.487,,
NAM,Namibia,1990,2857.338,,36.146,,,56.1,77.481,,,1.691,,,6.048,,94.39,,,,,,,,0.546,49.04,17.347,0.597,61.359,5.701,,,,,-0.8487587,45.0
NAM,Namibia,1991,2989.4,44.551,36.038,,,54.7,,,2.849,1.716,,69.0,3.331,,94.53,,76.0,,,0.592,,0.19,0.546,49.04,17.347,0.602,60.833,5.71,,,,,-1.028412,46.0
NAM,Namibia,1992,3104.245,44.682,36.015,,,53.5,80.409,,,1.698,,70.0,3.173,,94.65,,,,,,,,0.548,48.75,17.347,0.603,60.16,5.719,,,,,-1.069139,47.0
NAM,Namibia,1993,2959.275,44.577,35.988,,,52.4,,,,1.661,,73.0,3.19,,94.76,,,,,,,,0.546,48.47,17.347,0.601,59.26,5.728,,,,,-0.9464913,48.0
NAM,Namibia,1994,2918.377,44.394,35.951,,,51.5,82.403,,6.219,1.631,,79.0,3.107,,94.85,,,,,,,,0.547,48.18,17.347,0.6,58.441,5.737,,,,,-0.9306778,49.0
NAM,Namibia,1995,2945.362,42.912,34.131,,,50.8,83.303,31.601,7.098,1.542,,74.0,2.905,,94.92,,,,,,,,0.548,47.76,17.347,0.595,57.518,5.746,,,,,-0.8105809,50.0
NAM,Namibia,1996,2958.241,41.686,32.357,,,50.1,82.854,,,1.527,,70.0,2.705,,94.99,,,,,,,,0.552,47.34,17.347,0.587,56.639,5.755,,,,,-0.7285652,51.0
NAM,Namibia,1997,3004.308,40.419,30.632,,,49.6,84.275,,5.321,1.488,,66.0,2.588,,95.04,,,,,,,,0.555,46.92,17.347,0.58,55.844,5.764,,,,,-0.9394176,52.0
NAM,Namibia,1998,3025.327,41.312,30.311,,,48.7,85.606,35.752,6.537,1.524,,74.0,2.541,,95.13,,,,,,,,0.559,47.12,17.347,0.574,54.767,5.773,,,,,-0.6101003,53.0
NAM,Namibia,1999,3050.461,42.237,29.991,,,47.5,86.3,38.643,,1.406,,72.0,2.486,,95.25,,,,,,,,0.558,47.33,18.367,0.565,53.983,5.782,,,,,-0.7613076,54.0
NAM,Namibia,2000,3083.597,43.142,29.672,,,45.9,87.804,42.159,,1.386,,79.0,2.352,,95.41,,,,,,,,0.556,47.53,20.408,0.561,52.946,5.791,,,,,-0.6769744,55.0
NAM,Namibia,2001,3055.404,42.983,29.79,,15.7,44.5,89.444,44.036,7.403,1.292,,78.0,2.09,84.3,95.55,,85.0,,,0.649,,0.19,0.549,49.33,20.408,0.555,51.98,5.8,,,,,-0.6699918,56.0
NAM,Namibia,2002,3145.946,42.919,29.909,,16.5,43.5,91.669,49.635,6.05,1.039,,77.0,1.757,83.5,95.65,,,,,,,,0.548,46.49,20.408,0.555,51.988,5.88,,,,,-0.6192221,57.0
NAM,Namibia,2003,3232.306,42.832,30.028,,17.7,42.6,92.035,46.729,6.391,0.933,,79.0,1.444,82.3,95.74,,,,,,,,0.548,43.64,21.429,0.558,51.918,5.96,,,,,-0.675372,58.0
NAM,Namibia,2004,3582.895,43.061,30.147,,18.4,41.5,89.882,48.016,,0.9,,81.0,1.276,81.6,95.85,,,,,,,,0.534,40.8,25.51,0.563,52.175,6.041,,,,,-0.5678057,59.0
NAM,Namibia,2005,3627.751,43.272,30.267,,19.9,38.4,90.367,49.943,7.107,1.104,,86.0,1.254,80.1,96.16,,,,,,,,0.532,43.08,26.923,0.564,52.557,6.121,,,,,-0.4778975,60.0
NAM,Namibia,2006,3834.999,43.639,30.387,,22.0,36.8,88.982,50.484,6.753,1.322,,86.0,1.279,78.0,96.32,,,,,,,,0.531,45.35,26.923,0.569,53.183,6.177,,,,,-0.6534371,61.0
NAM,Namibia,2007,3987.618,43.708,30.507,,24.1,38.4,90.531,52.041,,1.599,,86.0,1.332,75.9,96.16,,,,,,,,0.53,47.63,26.923,0.576,54.026,6.232,,,,,-0.5052568,62.0
NAM,Namibia,2008,4036.382,43.993,30.628,,26.1,40.7,90.322,,9.494,1.775,,83.0,1.4,73.9,95.93,,,,,,,,0.53,49.9,26.923,0.581,54.74,6.288,,,,,-0.652699,63.0
NAM,Namibia,2009,3989.207,44.063,30.749,,28.2,43.1,90.986,,,1.824,,83.0,1.471,71.8,95.69,,,,,,,,0.534,52.5,26.923,0.585,55.347,6.343,,,,,-0.9267083,64.0
NAM,Namibia,2010,4165.13,44.368,30.87,108.553,29.1,42.7,91.784,,,1.798,,83.0,1.548,70.9,95.73,,,,,,,,0.541,55.1,25.0,0.591,56.093,6.399,35.089,27.765,52.731,24.77,-0.7315977,65.0
NAM,Namibia,2011,4302.725,46.099,30.992,,27.6,44.4,,,,1.701,,82.0,1.716,72.4,95.56,,88.0,,,0.647,0.135,0.19,0.531,54.13,25.0,0.598,56.647,6.516,35.002,27.765,52.731,24.509,-0.7307361,66.0
NAM,Namibia,2012,4420.967,47.884,31.114,,25.1,48.0,95.221,,16.905,1.528,,84.0,2.227,74.9,95.2,,,,,,,,0.523,53.15,25.0,0.607,57.733,6.633,34.736,27.765,52.731,23.712,-0.7882382,67.0
NAM,Namibia,2013,4549.268,49.961,34.241,,23.3,47.6,97.227,,17.46,1.398,,89.0,2.602,76.7,95.24,,,,,,,,0.51,58.65,25.0,0.616,58.468,6.751,33.75,25.016,52.731,23.505,-0.8443816,68.0
NAM,Namibia,2014,4701.957,49.56,32.654,,22.5,46.9,,,18.465,1.287,,88.0,2.613,77.5,95.31,,,,,,,,0.504,57.21,25.0,0.624,59.311,6.868,33.615,25.016,52.731,23.097,-0.8020539,69.0
NAM,Namibia,2015,4774.107,48.031,34.594,130.659,21.7,47.5,,,19.655,1.066,,92.0,2.653,78.3,95.25,,,,,,,,0.482,56.42,37.692,0.63,60.008,6.985,33.484,25.016,52.731,22.706,-1.033526,70.0
NAM,Namibia,2016,4648.627,46.336,36.586,,20.6,47.6,,,21.437,0.868,,85.0,2.697,79.4,95.24,,,,,,,,0.471,55.62,36.301,0.634,60.81,7.037,33.431,25.016,52.992,22.284,-0.7946889,71.0
NAM,Namibia,2017,4476.733,46.692,32.8,,20.0,46.3,97.341,,22.48,0.734,,88.0,2.735,80.0,95.37,,,,,,,,0.463,55.52,36.301,0.638,61.661,7.088,33.352,25.016,52.992,22.049,-0.7898716,72.0
NAM,Namibia,2018,4400.475,47.175,29.226,,19.2,45.7,97.489,,23.7,0.677,,89.0,2.772,80.8,95.43,,,,,,,,0.453,55.42,39.726,0.642,62.579,7.139,33.211,25.016,52.992,21.624,-0.6770204,73.0
NAM,Namibia,2019,4243.093,47.18,29.42,,18.9,44.6,,,25.897,0.593,,87.0,2.799,81.1,95.54,,,,,,,,0.456,55.37,36.957,0.647,63.546,7.191,33.059,25.016,52.992,21.168,-0.4932577,74.0
NAM,Namibia,2020,3787.499,44.224,27.302,140.499,18.5,43.1,,,25.987,0.481,81.1,93.0,2.91,81.5,95.69,91.89,,,,,,,0.452,55.33,36.301,0.647,64.071,7.242,32.832,25.016,52.992,20.487,,
NPL,Nepal,1990,422.725,,34.389,,,101.2,,,4.943,4.606,,43.0,2.42,,89.88,,,,,,,,0.743,48.73,4.528,0.404,54.771,2.467,,,,,-0.2382763,45.0
NPL,Nepal,1991,438.156,37.197,34.394,,,96.6,,,5.65,4.242,,46.0,2.588,,90.34,,33.0,,,0.38,,0.831,0.737,48.73,4.528,0.412,55.65,2.521,,,,,-0.5269078,46.0
NPL,Nepal,1992,443.462,37.205,34.439,,,92.1,,,5.172,3.819,,49.0,2.821,,90.79,,,,,,,,0.732,52.28,4.528,0.42,56.686,2.575,,,,,-0.3683716,47.0
NPL,Nepal,1993,448.131,37.197,34.446,,,87.8,,,4.959,3.532,,51.0,2.73,,91.22,,,,,,,,0.724,55.84,4.528,0.425,57.597,2.629,,,,,-0.2131412,48.0
NPL,Nepal,1994,472.951,37.19,34.394,,,83.6,,,4.647,3.273,,54.0,2.505,,91.64,,,,,,,,0.717,59.39,4.528,0.433,58.631,2.682,,,,,-0.5022868,49.0
NPL,Nepal,1995,477.741,37.154,34.318,,,79.7,,,4.264,3.088,,54.0,2.402,,92.03,,,,,,,,0.714,62.95,4.528,0.438,59.323,2.736,,,,,-0.4216636,50.0
NPL,Nepal,1996,492.212,37.129,34.221,,,75.9,,,4.73,2.774,,65.0,2.207,,92.41,,,,,,,,0.704,66.5,4.528,0.447,60.044,2.768,,,,,-0.6239845,51.0
NPL,Nepal,1997,506.427,37.074,34.143,,,72.2,,,,2.499,,78.0,2.078,,92.78,,,,,,,,0.696,71.63,4.528,0.453,60.823,2.8,,,,,-0.6610843,52.0
NPL,Nepal,1998,511.549,37.047,34.088,,,68.6,,,,2.297,,71.0,1.966,,93.14,,,,,,,,0.692,76.75,4.528,0.459,61.532,2.831,,,,,-0.5332387,53.0
NPL,Nepal,1999,524.273,37.019,34.043,,,65.1,65.864,,,2.182,,65.0,1.861,,93.49,,,,,,,,0.673,81.88,6.415,0.464,62.035,2.863,,,,,-0.8567324,54.0
NPL,Nepal,2000,547.221,37.008,33.997,,,61.8,72.11,,4.122,1.987,,74.0,1.731,,93.82,,,,,,,,0.657,84.91,7.925,0.471,62.642,2.895,,,,,-0.6600015,55.0
NPL,Nepal,2001,564.286,37.005,33.955,,23.7,58.8,,,4.41,1.761,,72.0,1.617,76.3,94.12,,49.0,,,0.355,,0.819,0.651,87.94,7.925,0.472,63.288,3.0,,,,,-0.7519432,56.0
NPL,Nepal,2002,556.438,36.95,33.876,,22.0,55.9,,,4.988,1.575,,72.0,1.521,78.0,94.41,,,,,,,,0.645,90.97,7.925,0.479,63.507,3.052,,,,,-0.7665987,57.0
NPL,Nepal,2003,570.29,36.91,33.756,,20.0,53.3,79.868,,4.911,1.419,,78.0,1.41,80.0,94.67,,,,,,,,0.638,94.0,7.925,0.486,64.229,3.104,,,,,-0.5042829,58.0
NPL,Nepal,2004,589.47,36.889,33.632,,17.8,50.9,80.52,,5.695,1.283,,80.0,1.268,82.2,94.91,,,,,,,,0.64,91.12,6.415,0.493,64.744,3.156,,,,,-0.7270433,59.0
NPL,Nepal,2005,603.19,36.877,33.446,,16.9,48.8,,,7.154,1.157,,75.0,1.119,83.1,95.12,,,,,,,,0.636,88.24,6.415,0.5,65.275,3.208,,,,,-0.4530437,60.0
NPL,Nepal,2006,617.478,36.804,33.179,,16.0,46.9,,,7.627,1.022,,89.0,0.968,84.0,95.31,,,,,,,,0.626,85.36,6.757,0.512,65.891,3.26,,,,,-0.376254,61.0
NPL,Nepal,2007,633.226,36.717,32.883,,14.9,45.1,,44.288,9.504,0.957,,82.0,0.836,85.1,95.49,,,,,,,,0.575,82.48,17.325,0.516,66.169,3.312,,,,,-0.4105025,62.0
NPL,Nepal,2008,666.865,36.667,32.608,,13.1,43.4,,47.412,10.475,0.899,229.0,82.0,0.75,86.9,95.66,77.1,,,,,,,0.533,79.6,33.165,0.526,66.442,3.364,,,,,-0.4541366,63.0
NPL,Nepal,2009,692.4,36.619,32.376,,11.7,41.8,,,10.447,0.859,,95.0,0.676,88.3,95.82,,,,,,,,0.53,79.18,33.165,0.538,66.6,3.416,,,,,-0.5373161,64.0
NPL,Nepal,2010,721.265,36.587,32.189,,10.8,40.2,,,13.324,0.827,,93.0,0.62,89.2,95.98,,,,,,,,0.529,78.76,33.165,0.551,66.772,3.468,,42.5,,22.866,-0.5572656,65.0
NPL,Nepal,2011,742.617,36.496,31.974,,10.1,38.7,99.143,,13.287,0.777,,92.0,0.447,89.9,96.13,,60.0,,,0.557,-0.92,0.717,0.517,78.34,33.165,0.559,67.123,3.52,31.793,41.377,31.913,22.09,-0.7586163,66.0
NPL,Nepal,2012,775.311,36.37,31.631,,9.4,37.1,99.713,,,0.732,,90.0,0.256,90.6,96.29,,,,,,,,0.516,77.92,33.165,0.565,67.364,3.563,31.617,41.377,31.913,21.562,-0.5772013,67.0
NPL,Nepal,2013,801.039,36.191,31.171,,8.7,35.6,,,15.472,0.682,,92.0,0.2,91.3,96.44,,,,,,,,0.51,77.5,33.165,0.57,67.598,3.606,31.396,41.377,31.913,20.898,-0.735422,68.0
NPL,Nepal,2014,846.666,36.055,30.732,,8.2,34.1,98.79,,13.238,0.637,,92.0,0.298,91.8,96.59,,,,,,,,0.515,79.7,29.481,0.574,67.812,3.648,32.013,43.891,31.913,20.233,-0.6871758,69.0
NPL,Nepal,2015,875.544,35.943,30.418,147.854,7.1,32.6,98.099,,12.283,0.598,,91.0,0.545,92.9,96.74,,,,,,,,0.511,79.8,29.549,0.575,67.374,3.691,32.108,43.891,31.913,20.518,-0.7329375,70.0
NPL,Nepal,2016,875.189,35.8,30.043,,5.9,31.2,98.183,55.375,11.093,0.535,239.0,87.0,0.473,94.1,96.88,76.1,65.50101,,,0.661,-0.894,0.66,0.512,53.86,29.58,0.58,68.444,3.734,30.552,40.881,31.913,18.863,-0.738784,71.0
NPL,Nepal,2017,951.857,35.66,29.51,,4.9,29.9,96.334,57.514,11.436,0.482,,90.0,0.199,95.1,97.01,,,,,,,,0.536,27.91,29.58,0.588,68.74,3.934,30.386,40.881,31.913,18.363,-0.7783507,72.0
NPL,Nepal,2018,1021.915,35.533,28.956,,4.5,28.5,,,12.614,0.435,,91.0,0.244,95.5,97.15,,,,,,,,0.519,27.18,33.533,0.596,69.036,4.133,30.152,40.881,31.913,17.662,-0.5900013,73.0
NPL,Nepal,2019,1077.118,35.599,28.596,,4.6,27.3,96.298,61.873,13.807,0.393,,93.0,1.184,95.4,97.27,,68.7125,,,0.601,-1.093,0.658,0.503,29.46,33.533,0.604,69.299,4.333,30.033,41.099,31.913,17.086,-0.6327142,74.0
NPL,Nepal,2020,1031.536,34.253,28.316,126.24,5.0,26.1,,,14.2,0.343,,84.0,1.926,95.0,97.39,,,,,,,,0.494,30.85,33.634,0.599,69.106,4.418,29.904,41.099,31.913,16.698,,
NLD,Netherlands; The,1990,31308.913,,84.101,,,6.8,95.82,83.747,,0.019,,97.0,0.689,,99.32,,,,,,,,0.122,43.89,28.444,0.855,77.012,11.103,,,,,1.864108,45.0
NLD,Netherlands; The,1991,31820.831,61.704,83.896,,,6.5,95.117,83.691,,0.019,,97.0,0.788,,99.35,,,,,,,,0.122,44.79,28.444,0.86,77.162,11.165,,,,,1.744557,46.0
NLD,Netherlands; The,1992,32119.952,63.029,83.357,,,6.3,94.159,84.404,,0.019,,98.0,0.756,,99.37,,,,,,,,0.115,46.11,28.444,0.861,77.365,11.227,,,,,1.609353,47.0
NLD,Netherlands; The,1993,32297.977,62.602,83.107,,,6.1,93.533,85.834,,0.019,,97.0,0.697,,99.39,,,,,,,,0.111,46.54,28.444,0.863,77.041,11.29,,,,,1.657647,48.0
NLD,Netherlands; The,1994,33054.45,62.037,82.879,,,5.9,98.962,,,0.019,,97.0,0.603,,99.41,,,,,,,,0.106,47.7,28.444,0.889,77.518,11.352,,,,,1.598102,49.0
NLD,Netherlands; The,1995,33916.501,62.033,83.105,,,5.7,99.207,90.928,,0.018,,97.0,0.494,,99.43,,,,,,,,0.099,48.3,28.444,0.886,77.551,11.414,,,,,1.346031,50.0
NLD,Netherlands; The,1996,34915.172,62.646,82.918,,,5.5,99.387,90.875,,0.018,,97.0,0.461,,99.45,,,,,,,,0.096,49.29,28.444,0.89,77.556,11.489,,,,,1.586188,51.0
NLD,Netherlands; The,1997,36211.649,63.409,82.73,,,5.4,99.665,89.451,,0.019,,97.0,0.515,,99.46,,,,,,,,0.099,50.64,28.444,0.891,77.931,11.565,,,,,1.608812,52.0
NLD,Netherlands; The,1998,37661.734,64.335,82.633,,,5.3,,,,0.019,,97.0,0.617,,99.47,,,,,,,,0.093,51.47,31.556,0.893,78.004,11.64,,,,,1.322572,53.0
NLD,Netherlands; The,1999,39298.733,65.091,82.398,,,5.2,99.356,90.994,,0.021,,97.0,0.665,,99.48,,,,,,,,0.097,53.05,32.889,0.894,77.968,11.715,,,,,1.302069,54.0
NLD,Netherlands; The,2000,40665.338,65.956,82.172,,,5.1,99.391,,,0.021,,97.0,0.715,,99.49,,,,,,,,0.1,54.14,32.889,0.9,78.13,11.79,,,,,1.254739,55.0
NLD,Netherlands; The,2001,41297.32,66.509,81.731,,2.5,5.0,99.349,,52.979,0.02,,97.0,0.755,97.5,99.5,,,,,,,,0.099,55.1,32.889,0.902,78.338,11.79,,,,,1.236018,56.0
NLD,Netherlands; The,2002,41135.419,66.138,81.151,,2.5,4.9,99.3,89.331,54.251,0.02,,97.0,0.638,97.5,99.51,,,,,,,,0.098,55.88,31.556,0.898,78.412,11.79,,,,,1.308382,57.0
NLD,Netherlands; The,2003,40981.848,65.239,80.605,,2.5,4.8,98.802,88.127,54.996,0.018,,98.0,0.472,97.5,99.52,,,,,,,,0.085,56.48,35.111,0.901,78.665,11.79,,,,,1.120644,58.0
NLD,Netherlands; The,2004,41663.148,64.29,80.513,,2.5,4.6,98.211,88.736,56.771,0.016,,98.0,0.347,97.5,99.54,,,,,,,,0.076,56.93,34.222,0.904,79.239,11.79,,,,,0.9846194,59.0
NLD,Netherlands; The,2005,42411.345,63.258,80.886,,2.5,4.4,98.113,86.907,58.79,0.015,,96.0,0.234,97.5,99.56,,,,,,,,0.068,55.62,34.222,0.907,79.488,11.79,,,,,1.058359,60.0
NLD,Netherlands; The,2006,43841.122,63.802,80.67,,2.5,4.3,98.504,88.554,59.827,0.013,,96.0,0.161,97.5,99.57,,,,,,,,0.061,56.12,34.222,0.914,79.847,11.89,,,,,1.011862,61.0
NLD,Netherlands; The,2007,45445.523,64.378,80.782,,2.5,4.1,99.325,88.542,60.394,0.012,,97.0,0.218,97.5,99.59,,,,,,,,0.054,57.39,37.778,0.92,80.255,11.99,,,,,1.042589,62.0
NLD,Netherlands; The,2008,46227.211,64.696,80.637,,2.5,4.0,99.591,88.177,61.017,0.011,,97.0,0.389,97.5,99.6,,,,,,,,0.053,58.27,39.111,0.92,80.387,11.91,,,,,1.012595,63.0
NLD,Netherlands; The,2009,44304.412,63.91,80.232,,2.5,3.9,99.798,87.633,61.428,0.01,,97.0,0.514,97.5,99.61,,,,,,,,0.053,58.78,39.556,0.92,80.671,11.94,,,,,1.141736,64.0
NLD,Netherlands; The,2010,44659.273,63.182,78.37,,2.5,3.8,99.513,87.879,63.705,0.009,,97.0,0.513,97.5,99.62,,,,,,,,0.052,58.71,38.667,0.925,80.829,11.98,7.309,4.091,14.129,3.706,1.063312,65.0
NLD,Netherlands; The,2011,45239.732,63.081,78.156,,2.5,3.7,99.221,89.021,75.519,0.009,,97.0,0.466,97.5,99.63,,,,,,,,0.049,58.77,39.111,0.935,81.11,11.96,6.792,4.131,12.672,3.571,1.098612,66.0
NLD,Netherlands; The,2012,44631.875,62.892,79.248,,2.5,3.6,98.487,89.579,75.814,0.008,,97.0,0.37,97.5,99.64,,,,,,,,0.046,59.3,37.778,0.935,81.059,12.02,6.789,4.058,12.672,3.636,0.9848681,67.0
NLD,Netherlands; The,2013,44487.031,61.903,79.16,,2.5,3.6,,,,0.008,,97.0,0.295,97.5,99.64,,,,,,,,0.041,59.23,37.778,0.937,81.301,12.07,6.837,4.251,12.672,3.588,1.016144,68.0
NLD,Netherlands; The,2014,45042.067,61.25,77.267,,2.5,3.5,,,,0.008,,96.0,0.36,97.5,99.65,,,,,,,,0.038,58.44,37.778,0.939,81.65,12.09,7.033,4.5,13.032,3.566,1.068928,69.0
NLD,Netherlands; The,2015,45793.814,61.897,78.354,263.781,2.5,3.5,96.424,92.546,80.16,0.007,,95.0,0.443,97.5,99.65,,,,,,,,0.034,58.79,36.444,0.94,81.49,12.14,6.969,4.569,13.032,3.306,1.114162,70.0
NLD,Netherlands; The,2016,46655.036,62.299,78.0,,2.5,3.5,97.326,93.173,79.845,0.007,,95.0,0.532,97.5,99.65,,,,,,,,0.031,58.73,36.444,0.941,81.555,12.18,7.292,5.323,13.117,3.436,1.089799,71.0
NLD,Netherlands; The,2017,47670.106,62.928,78.043,,2.5,3.5,98.648,93.164,83.201,0.007,,94.0,0.591,97.5,99.65,,,,,,,,0.029,58.79,35.556,0.945,81.737,12.25,7.165,4.929,13.097,3.47,1.040756,72.0
NLD,Netherlands; The,2018,48463.03,63.838,78.504,,2.5,3.5,,,83.652,0.006,,93.0,0.584,97.5,99.65,,,,,,,,0.027,59.11,35.556,0.947,81.781,12.32,7.383,5.367,13.402,3.38,1.127675,73.0
NLD,Netherlands; The,2019,49254.016,64.453,79.617,,2.5,3.5,,,,0.006,,94.0,0.655,97.5,99.65,,,,,,,,0.027,59.83,33.778,0.95,82.053,12.45,7.203,5.233,12.883,3.493,1.101498,74.0
NLD,Netherlands; The,2020,47086.58,64.002,78.302,267.337,2.5,3.5,,,85.337,0.005,,94.0,0.556,97.5,99.65,,,,,,,,0.024,59.87,35.111,0.945,81.393,12.58,7.402,4.848,13.813,3.544,,
NCL,New Caledonia,2015,30858.724,54.154,41.901,,7.8,,,,,,,,0.689,92.2,,,,,,,,,,,,,,,,,,,,
NZL,New Zealand,1990,26395.696,,68.54,,,9.1,99.521,84.597,,0.037,,90.0,0.923,,99.09,,,,,,,,0.237,53.98,29.167,0.811,75.425,10.14,,,,,0.9865511,45.0
NZL,New Zealand,1991,24873.012,56.693,67.44,,,8.6,98.98,86.529,,0.033,,81.0,,,99.14,,,,,,,,0.223,54.29,29.167,0.813,76.079,10.4,,,,,1.053393,46.0
NZL,New Zealand,1992,24884.496,56.228,65.562,,,8.2,97.55,87.547,,0.029,,81.0,1.042,,99.18,,,,,,,,0.214,54.01,29.167,0.822,76.191,10.667,,,,,0.9961395,47.0
NZL,New Zealand,1993,26174.834,56.703,64.703,,,7.8,,,,0.028,,83.0,1.14,,99.22,,,,,,,,0.211,53.92,29.167,0.838,76.499,10.934,,,,,0.7717881,48.0
NZL,New Zealand,1994,27151.472,58.36,66.058,,,7.4,97.155,92.276,,0.025,,84.0,1.329,,99.26,,,,,,,,0.206,55.06,29.167,0.852,76.918,11.201,,,,,0.8648835,49.0
NZL,New Zealand,1995,28020.249,60.157,67.137,,,7.1,98.512,89.881,,0.026,,89.0,1.464,,99.29,,,,,,,,0.216,55.84,29.167,0.858,76.785,11.468,,,,,0.6910455,50.0
NZL,New Zealand,1996,28576.44,61.056,66.988,,,6.9,98.979,93.051,,0.025,,88.0,1.583,,99.31,,,,,,,,0.213,57.18,29.167,0.862,76.807,11.735,,,,,0.704323,51.0
NZL,New Zealand,1997,28790.3,60.547,66.727,,,6.6,99.758,91.595,,0.023,,86.0,1.312,,99.34,,,,,,,,0.209,57.06,29.167,0.871,77.344,12.002,,,,,0.8710514,52.0
NZL,New Zealand,1998,28780.934,59.592,64.987,,,6.4,,,,0.021,,81.0,0.887,,99.36,,,,,,,,0.199,56.96,29.167,0.881,78.167,12.269,,,,,0.9476751,53.0
NZL,New Zealand,1999,30169.74,60.116,62.981,,,6.2,,,,0.021,,88.0,0.525,,99.38,,,,,,,,0.195,57.29,29.167,0.886,77.911,12.536,,,,,0.7657665,54.0
NZL,New Zealand,2000,30853.808,60.795,62.693,,,6.0,,,,0.019,,90.0,0.588,,99.4,,,,,,,,0.181,57.4,30.833,0.896,78.668,12.803,,,,,0.7827157,55.0
NZL,New Zealand,2001,31718.763,61.79,62.989,,2.5,5.9,,,,0.018,,90.0,0.589,97.5,99.41,,,,,,,,0.178,58.27,30.833,0.902,78.662,13.07,,,,,0.870519,56.0
NZL,New Zealand,2002,32641.82,62.556,63.642,,2.5,5.8,,,,0.017,,90.0,1.737,97.5,99.42,,,,,,,,0.17,58.98,29.167,0.905,78.866,13.12,,,,,0.743727,57.0
NZL,New Zealand,2003,33517.089,62.707,62.42,,2.5,5.7,,,,0.018,,90.0,1.974,97.5,99.43,,,,,,,,0.172,59.3,28.333,0.91,79.141,13.17,,,,,0.7470608,58.0
NZL,New Zealand,2004,34372.589,63.769,62.211,,2.5,5.5,,,,0.018,,89.0,1.486,97.5,99.45,,,,,,,,0.183,59.79,28.333,0.912,79.355,13.22,,,,,0.7515811,59.0
NZL,New Zealand,2005,35126.334,64.636,62.376,,2.5,5.5,,,,0.018,,89.0,1.129,97.5,99.45,,,,,,,,0.165,60.78,32.231,0.917,80.031,13.27,,,,,0.7277271,60.0
NZL,New Zealand,2006,35665.353,65.129,64.435,,2.5,5.4,,,,0.017,,89.0,1.219,97.5,99.46,,,,,,,,0.173,61.29,32.231,0.918,80.015,13.32,,,,,0.7207143,61.0
NZL,New Zealand,2007,36414.317,65.52,64.519,,2.5,5.3,,,,0.019,,88.0,0.932,97.5,99.47,,,,,,,,0.175,61.75,33.058,0.921,80.122,13.334,,,,,0.6261154,62.0
NZL,New Zealand,2008,35739.358,65.136,63.049,,2.5,5.3,,,,0.018,,89.0,0.849,97.5,99.47,,,,,,,,0.174,62.05,33.607,0.92,80.246,13.348,,,,,0.7071124,63.0
NZL,New Zealand,2009,35370.585,63.6,61.386,,2.5,5.2,,,,0.018,,92.0,1.0,97.5,99.48,,,,,,,,0.168,62.12,33.607,0.923,80.545,13.362,,,,,0.8754584,64.0
NZL,New Zealand,2010,35489.763,63.112,59.869,,2.5,5.2,,,,0.018,,93.0,1.112,97.5,99.48,,,,,,,,0.165,61.99,33.607,0.926,81.052,13.376,,,16.701,4.779,0.8342686,65.0
NZL,New Zealand,2011,35957.523,63.495,59.642,,2.5,5.1,,,,0.017,,95.0,0.762,97.5,99.49,,,,,,,,0.163,62.48,32.231,0.927,80.842,13.39,,,18.647,4.527,0.83015,66.0
NZL,New Zealand,2012,36607.149,62.953,59.283,,2.5,5.0,,,,0.016,,93.0,0.548,97.5,99.5,,,,,,,,0.155,62.59,32.231,0.929,81.167,13.38,,,16.613,4.315,0.7021439,67.0
NZL,New Zealand,2013,37267.659,63.47,57.9,,2.5,4.9,97.694,94.644,80.389,0.014,,92.0,0.768,97.5,99.51,,,,,,,,0.145,62.48,32.231,0.933,81.612,13.33,,,17.561,4.264,0.7186554,68.0
NZL,New Zealand,2014,38056.265,64.601,60.062,,2.5,4.8,97.419,94.712,80.71,0.012,,93.0,1.661,97.5,99.52,,,,,,,,0.141,63.39,29.752,0.932,81.411,13.28,,,18.232,4.893,0.7852338,69.0
NZL,New Zealand,2015,38665.372,64.695,61.406,260.992,2.5,4.7,97.668,95.322,82.182,0.013,,92.0,2.036,97.5,99.53,,,,,,,,0.136,63.41,31.405,0.934,81.587,13.23,,,18.704,4.216,0.6362166,70.0
NZL,New Zealand,2016,39235.37,65.966,62.374,,2.5,4.6,98.467,96.104,81.863,0.012,,92.0,2.246,97.5,99.54,,,,,,,,0.126,64.62,31.405,0.938,82.003,13.33,,,17.777,3.826,0.702135,71.0
NZL,New Zealand,2017,39722.607,67.142,63.198,,2.5,4.5,99.117,96.86,81.27,0.012,,94.0,2.089,97.5,99.55,,,,,,,,0.11,65.52,38.333,0.936,81.605,13.232,,,18.253,4.044,0.6684324,72.0
NZL,New Zealand,2018,40371.546,67.45,63.725,,2.5,4.4,,,81.251,0.011,,93.0,1.791,97.5,99.56,,,,,,,,0.103,65.75,38.333,0.938,81.884,13.135,,,18.094,3.953,0.7700357,73.0
NZL,New Zealand,2019,40727.882,67.291,63.534,,2.5,4.3,,,77.584,0.012,,92.0,1.412,97.5,99.57,,,,,,,,0.097,65.8,40.833,0.938,81.832,13.037,8.89,4.117,18.094,4.46,0.7645959,74.0
NZL,New Zealand,2020,39785.473,66.653,62.876,261.668,2.5,4.2,,,75.735,0.011,,92.0,2.033,97.5,99.58,,,,,,,,0.085,65.19,48.333,0.94,82.663,12.94,8.697,4.062,18.094,3.936,,
NIC,Nicaragua,1990,1260.874,,48.057,,,52.9,66.624,,7.32,1.422,,70.0,2.335,,94.71,,,,,,,,0.625,39.77,10.753,0.515,62.473,5.515,,,,,-0.5708086,45.0
NIC,Nicaragua,1991,1229.806,53.317,48.184,,,50.5,69.144,,7.248,1.341,,75.0,2.305,,94.95,,,,,,,,0.62,39.69,10.753,0.526,63.31,5.642,,,,,-0.622502,46.0
NIC,Nicaragua,1992,1206.962,53.314,48.278,,,48.1,72.509,,7.94,1.288,,81.0,2.261,,95.19,,,,,,,,0.62,38.12,10.753,0.531,63.672,5.769,,,,,-0.3656176,47.0
NIC,Nicaragua,1993,1176.115,53.216,48.408,,,45.7,73.336,,,1.208,,81.0,2.195,,95.43,,,,,,,,0.617,36.56,10.753,0.534,64.093,5.896,,,,,-0.03253885,48.0
NIC,Nicaragua,1994,1189.835,53.349,48.344,,,43.3,74.381,,,1.124,,81.0,2.123,,95.67,,,,,,,,0.616,34.99,10.753,0.54,64.549,6.022,,,,,0.01489158,49.0
NIC,Nicaragua,1995,1234.768,53.616,48.15,,,41.0,72.811,,10.233,1.059,,80.0,2.037,,95.9,,,,,,,,0.613,33.42,10.753,0.549,64.869,6.149,,,,,-0.03758015,50.0
NIC,Nicaragua,1996,1288.941,54.289,48.67,,,38.8,72.336,,,0.99,,80.0,1.857,,96.12,,,,,,,,0.608,33.74,10.753,0.559,65.215,6.289,,,,,-0.109454,51.0
NIC,Nicaragua,1997,1317.89,54.78,49.072,,,36.6,,,10.461,0.92,,80.0,1.669,,96.34,,,,,,,,0.6,34.02,10.753,0.568,65.523,6.43,,,,,-0.01891944,52.0
NIC,Nicaragua,1998,1346.073,55.196,49.479,,,37.3,,,,0.89,,73.0,1.529,,96.27,,,,,,,,0.599,34.3,10.753,0.569,64.111,6.57,,,,,0.1863249,53.0
NIC,Nicaragua,1999,1420.318,55.536,49.613,,,32.6,78.425,,,0.825,,79.0,1.431,,96.74,,,,,,,,0.597,34.61,9.677,0.585,65.892,6.71,,,,,-0.05472071,54.0
NIC,Nicaragua,2000,1458.375,55.861,49.747,,,30.8,81.009,34.656,,0.749,,83.0,1.376,,96.92,,,,,,,,0.569,44.5,9.677,0.593,66.36,6.85,,,,,-0.1227604,55.0
NIC,Nicaragua,2001,1482.315,56.161,49.881,,25.8,29.2,84.025,36.463,,0.656,87.0,87.0,1.29,74.2,97.08,91.3,77.0,0.5287476778030396,North America,0.592,,0.737,0.573,42.04,9.677,0.601,67.028,6.953,,,,,0.283895,56.0
NIC,Nicaragua,2002,1475.486,56.305,50.015,,23.6,27.6,90.238,38.667,17.965,0.555,89.4,85.0,1.213,76.4,97.24,91.06,,,,,,,0.526,44.22,20.652,0.609,67.95,7.055,,,,,-0.2624148,57.0
NIC,Nicaragua,2003,1494.956,56.575,50.15,,23.4,26.2,,,,0.492,72.0,86.0,1.179,76.6,97.38,92.8,,,,,,,0.521,46.4,20.652,0.615,68.749,7.158,,,,,-0.04942777,58.0
NIC,Nicaragua,2004,1555.874,57.628,50.284,,22.6,24.9,92.624,41.634,,0.441,87.3,79.0,1.182,77.4,97.51,91.27,,,,,,,0.524,44.6,20.652,0.623,69.51,7.26,,,,,0.01239513,59.0
NIC,Nicaragua,2005,1601.488,58.595,50.418,,21.9,23.6,92.466,43.936,,0.388,86.5,86.0,1.304,78.1,97.64,91.35,78.0,0.4882003664970398,North America,0.608,-0.826,0.756,0.521,44.8,20.652,0.63,70.374,7.363,,,,,-0.06097493,60.0
NIC,Nicaragua,2006,1644.372,58.958,50.553,,20.9,22.5,95.881,45.473,,0.349,90.4,88.0,1.426,79.1,97.75,90.96,,,,,,,0.528,43.48,15.217,0.636,70.958,7.508,,,,,-0.0425663,61.0
NIC,Nicaragua,2007,1703.208,59.546,50.688,,20.4,21.4,95.634,,,0.322,76.5,93.0,1.436,79.6,97.86,92.35,,,,,,,0.515,42.2,18.478,0.642,71.197,7.654,,,,,-0.756127,62.0
NIC,Nicaragua,2008,1736.657,59.046,50.824,,19.9,20.4,96.432,,,0.303,,97.0,1.433,80.1,97.96,,,,,,,,0.506,43.7,18.478,0.646,71.404,7.8,,,,,-1.008742,63.0
NIC,Nicaragua,2009,1655.72,58.125,50.961,,19.3,19.4,,,,0.292,,98.0,1.425,80.7,98.06,,,,,,,,0.488,49.44,20.652,0.646,71.499,7.945,,,,,-1.211935,64.0
NIC,Nicaragua,2010,1704.379,58.646,51.099,152.58,18.3,18.5,94.893,48.421,,0.279,,98.0,1.419,81.7,98.15,,,,,,,,0.478,55.19,20.652,0.651,71.761,8.091,24.61,28.426,31.319,14.086,-1.085155,65.0
NIC,Nicaragua,2011,1786.629,59.736,51.238,,17.2,17.6,,,,0.262,,98.0,1.412,82.8,98.24,,,,,,,,0.434,60.93,40.217,0.657,72.033,8.274,24.434,28.426,31.319,13.557,-1.530241,66.0
NIC,Nicaragua,2012,1876.176,60.953,51.377,,17.0,16.8,,,,0.245,49.7,98.0,1.403,83.0,98.32,95.03,,,,,,,0.426,66.68,40.217,0.664,72.435,8.458,24.277,28.426,31.319,13.085,-1.647284,67.0
NIC,Nicaragua,2013,1941.456,61.224,51.517,,17.3,16.0,,,,0.234,49.7,98.0,1.389,82.7,98.4,95.03,,,,,,,0.425,64.76,40.217,0.668,72.551,8.641,24.162,28.426,31.319,12.742,-1.58633,68.0
NIC,Nicaragua,2014,2006.649,62.034,51.658,,17.7,15.3,,,,0.221,37.0,98.0,1.372,82.3,98.47,96.3,,,,,,,0.431,48.05,42.391,0.674,72.792,8.825,24.417,25.799,35.279,12.172,-1.29667,69.0
NIC,Nicaragua,2015,2074.456,62.036,51.462,169.358,17.2,14.6,,,,0.212,42.2,98.0,1.358,82.8,98.54,95.78,,,,,,,0.431,47.83,41.304,0.679,72.899,9.008,24.305,25.799,35.279,11.837,-1.522454,70.0
NIC,Nicaragua,2016,2140.144,62.67,51.277,,16.3,13.9,,,,0.198,37.3,98.0,1.345,83.7,98.61,96.27,,,,,,,0.424,46.92,45.652,0.684,73.18,9.164,24.182,25.799,35.279,11.468,-1.498359,71.0
NIC,Nicaragua,2017,2209.633,63.177,51.088,,15.6,13.3,,,,0.183,34.4,98.0,1.332,84.4,98.67,96.56,,,,,,,0.424,46.24,45.652,0.688,73.389,9.321,24.067,25.799,35.279,11.123,-1.328055,72.0
NIC,Nicaragua,2018,2107.34,61.767,51.354,,15.5,12.7,,,,0.165,34.5,98.0,1.319,84.5,98.73,96.55,,,,,,,0.423,45.67,45.652,0.69,73.879,9.477,23.986,25.799,35.279,10.879,-1.52829,73.0
NIC,Nicaragua,2019,2019.915,61.449,51.588,,15.7,12.1,,,,0.168,31.1,98.0,1.297,84.3,98.79,96.89,,,,,,,0.421,47.84,44.565,0.69,73.764,9.634,23.888,25.799,35.279,10.586,-1.529366,74.0
NIC,Nicaragua,2020,1950.192,60.386,50.623,171.652,16.6,11.6,,,,0.206,37.5,92.0,1.251,83.4,98.84,96.25,,,,,,,0.418,47.86,47.253,0.676,70.766,9.79,23.715,25.799,35.279,10.066,,
NER,Niger,1990,465.924,,66.636,,,146.6,22.91,5.36,0.631,7.213,,22.0,3.079,,85.34,,,,,,,,,,,,,,,,,,-0.7345843,45.0
NER,Niger,1991,449.719,77.63,66.548,,,144.6,23.506,5.788,,7.015,,19.0,3.099,,85.54,,,,,,,,,,,,,,,,,,-0.7163061,46.0
NER,Niger,1992,444.633,77.635,66.48,,,141.7,21.424,,0.599,6.783,,20.0,3.118,,85.83,,,,,,,,,,,,,,,,,,-0.7505279,47.0
NER,Niger,1993,432.184,77.65,66.423,,,138.0,,,,6.618,,20.0,3.161,,86.2,,,,,,,,,,,,,,,,,,-0.7756982,48.0
NER,Niger,1994,426.268,77.675,66.38,,,133.4,,,,6.474,,20.0,3.216,,86.66,,,,,,,,,,,,,,,,,,-0.7153884,49.0
NER,Niger,1995,422.523,77.678,66.358,,,128.4,,,,6.364,,23.0,3.31,,87.16,,,,,,,,,,,,,,,,,,-0.7387953,50.0
NER,Niger,1996,409.039,77.684,66.418,,,123.5,,,,6.304,,23.0,3.344,,87.65,,,,,,,,,,,,,,,,,,-0.6511061,51.0
NER,Niger,1997,401.725,77.705,66.596,,,119.1,24.029,5.462,,6.239,,25.0,3.32,,88.09,,,,,,,,,,,,,,,,,,-0.9947415,52.0
NER,Niger,1998,427.086,77.835,66.837,,,115.0,24.377,,,6.255,,29.0,3.384,,88.5,,,,,,,,,,,,,,,,,,-0.7788357,53.0
NER,Niger,1999,411.736,77.872,67.127,,,111.3,25.957,5.386,,6.277,,32.0,3.441,,88.87,,,,,,,,,,,,,,,,,,,
NER,Niger,2000,392.899,77.885,67.457,,,107.7,26.828,,,6.304,,34.0,3.467,,89.23,,,,,,,,0.813,39.34,1.205,0.266,49.172,1.161,,,,,-0.7780687,55.0
NER,Niger,2001,406.923,77.901,67.81,,23.1,103.6,30.352,5.283,,6.291,,36.0,3.509,76.9,89.64,,14.0,,,0.542,,0.586,0.812,39.34,1.205,0.272,49.872,1.203,,,,,,
NER,Niger,2002,412.124,77.687,68.188,,22.2,99.0,33.801,5.506,,6.219,,39.0,3.531,77.8,90.1,,,,,,,,0.81,39.26,1.205,0.278,50.645,1.245,,,,,,
NER,Niger,2003,406.334,77.475,68.581,,21.1,94.1,37.507,6.138,0.828,6.056,,41.0,3.562,78.9,90.59,,,,,,,,0.808,39.18,1.205,0.284,51.545,1.288,,,,,-0.948882,58.0
NER,Niger,2004,393.399,77.051,68.984,,19.1,89.3,40.983,7.512,0.796,5.883,,43.0,3.598,80.9,91.07,,,,,,,,0.726,39.1,12.389,0.292,52.402,1.33,,,,,-0.9292258,59.0
NER,Niger,2005,407.191,76.829,69.379,,18.0,84.8,41.32,8.527,0.952,5.693,,45.0,3.63,82.0,91.52,,29.0,0.4438731670379638,Africa,0.568,-0.786,0.586,0.724,39.02,12.389,0.302,53.32,1.372,,,,,-0.5129292,60.0
NER,Niger,2006,415.852,77.335,69.75,,17.0,80.7,42.053,,0.96,5.489,,52.0,3.657,83.0,91.93,,,,,,,,0.715,44.05,12.389,0.309,54.223,1.404,,,,,-0.6514509,61.0
NER,Niger,2007,413.419,77.785,70.094,,16.1,77.2,43.238,8.863,0.906,5.248,,58.0,3.681,83.9,92.28,,,,,,,,0.707,49.08,12.389,0.313,55.063,1.435,,,,,-0.7828047,62.0
NER,Niger,2008,429.196,78.176,70.398,,15.2,74.5,47.233,9.465,1.038,4.977,,67.0,3.702,84.8,92.55,,,,,,,,0.699,54.11,12.389,0.323,55.852,1.467,,,,,-0.7444852,63.0
NER,Niger,2009,421.651,78.511,70.653,,14.3,72.3,51.048,9.594,1.256,4.812,,71.0,3.717,85.7,92.77,,,,,,,,0.701,59.14,9.735,0.329,56.487,1.499,,,,,-0.7505783,64.0
NER,Niger,2010,441.079,78.928,70.847,80.998,14.6,70.9,54.064,10.868,1.302,4.6,,70.0,3.725,85.4,92.91,,,,,,,,0.692,64.16,9.735,0.339,57.08,1.53,,,37.448,42.028,-0.6251804,65.0
NER,Niger,2011,434.986,79.265,70.963,,14.8,69.9,58.716,11.535,1.348,4.302,,75.0,3.721,85.2,93.01,,,,,,,,0.669,69.19,13.274,0.346,57.6,1.585,,,32.097,41.472,-0.7378708,66.0
NER,Niger,2012,463.066,75.959,68.141,,15.0,69.4,60.384,,1.543,4.031,,73.0,3.773,85.0,93.06,,31.0,,,0.618,-0.695,0.547,0.72,20.26,13.274,0.356,57.987,1.64,36.002,34.965,32.097,40.945,-0.6216205,67.0
NER,Niger,2013,469.69,74.606,65.182,,14.5,69.2,60.832,,,3.795,,75.0,3.758,85.5,93.08,,,,,,,,0.682,41.61,13.274,0.362,58.364,1.574,35.849,34.965,32.097,40.484,-0.6594398,68.0
NER,Niger,2014,482.745,73.18,62.105,,13.7,69.1,60.133,15.153,,3.546,,82.0,3.689,86.3,93.09,,,,,,,,0.664,62.97,13.274,0.369,58.693,1.509,36.796,34.965,35.135,40.287,-0.7241657,69.0
NER,Niger,2015,485.663,72.935,61.797,90.216,12.7,69.3,61.628,16.634,3.243,3.324,,84.0,3.696,87.3,93.07,,,,,,,,0.659,47.0,13.274,0.374,58.85,1.443,36.705,34.965,35.135,40.014,-0.8784853,70.0
NER,Niger,2016,495.017,72.716,61.488,,12.0,69.3,63.57,,3.45,3.111,,80.0,3.674,88.0,93.07,,,,,,,,0.657,31.03,14.62,0.38,59.228,1.377,36.603,34.965,35.135,39.708,-0.6106129,71.0
NER,Niger,2017,501.615,72.487,61.178,,11.1,69.4,65.125,20.067,3.667,2.929,,85.0,3.56,88.9,93.06,,,,,,,,0.666,15.06,16.959,0.384,59.524,1.312,36.511,34.965,35.135,39.433,-0.6275984,72.0
NER,Niger,2018,519.547,72.277,60.867,,10.9,69.4,,,4.338,2.775,,79.0,3.451,89.1,93.06,,33.04745,0.3725942373275757,Africa,0.529,-0.828,0.533,0.636,38.15,16.959,0.391,59.765,1.246,36.42,34.965,35.135,39.159,-0.7137935,73.0
NER,Niger,2019,532.186,72.053,60.555,,10.1,69.5,,,4.152,2.622,,81.0,3.367,89.9,93.05,,,,,,,,0.625,61.24,16.959,0.4,60.031,1.294,37.074,34.965,37.4,38.856,-0.6321093,74.0
NER,Niger,2020,533.194,73.707,63.727,96.595,10.9,69.4,,,,2.455,,81.0,3.3,89.1,93.06,,,,,,,,0.622,65.28,16.959,0.404,59.89,1.341,36.987,34.965,37.4,38.596,,
NGA,Nigeria,1990,1577.196,,80.106,,,105.5,,,,7.439,,56.0,2.703,,89.45,,,,,,,,,,,,,,,,,,-0.7613453,45.0
NGA,Nigeria,1991,1541.591,79.235,82.406,,,105.7,,,,7.352,,39.0,2.641,,89.43,,55.0,,,0.204,,0.837,,,,,,,,,,,-0.7362738,46.0
NGA,Nigeria,1992,1571.19,79.872,84.984,,,105.8,,,,7.111,,43.0,2.625,,89.42,,,,,,,,,,,,,,,,,,-0.7607231,47.0
NGA,Nigeria,1993,1498.959,80.061,86.047,,,105.9,,,,6.825,,29.0,2.65,,89.41,,,,,,,,,,,,,,,,,,-0.3894132,48.0
NGA,Nigeria,1994,1433.389,80.548,86.841,,,105.8,,,,6.732,,44.0,2.641,,89.42,,,,,,,,,,,,,,,,,,-0.5605957,49.0
NGA,Nigeria,1995,1395.075,80.604,86.756,,,105.4,,,,6.675,,34.0,2.637,,89.46,,,,,,,,,,,,,,,,,,-1.330662,50.0
NGA,Nigeria,1996,1416.102,80.5,85.733,,,104.7,,,,6.599,,26.0,2.614,,89.53,,,,,,,,,,,,,,,,,,-1.522127,51.0
NGA,Nigeria,1997,1420.239,80.479,84.434,,,103.4,,,,6.508,,21.0,2.603,,89.66,,,,,,,,,,,,,,,,,,-1.56376,52.0
NGA,Nigeria,1998,1419.318,80.388,83.45,,,101.6,,,,6.458,,21.0,2.613,,89.84,,,,,,,,,,,,,,,,,,-1.209613,53.0
NGA,Nigeria,1999,1390.469,80.271,82.4,,,99.5,62.07,,5.802,6.357,,31.0,2.636,,90.05,,,,,,,,,,,,,,,,,,-0.4928824,54.0
NGA,Nigeria,2000,1421.68,80.075,80.69,,,97.1,65.089,,,6.266,,29.0,2.674,,90.29,,,,,,,,,,,,,,,,,,-0.6848416,55.0
NGA,Nigeria,2001,1465.457,79.938,79.618,,8.7,94.6,,,,6.237,,27.0,2.716,91.3,90.54,,,,,,,,,,,,,,,,,,-0.6428604,56.0
NGA,Nigeria,2002,1644.395,79.898,78.444,,8.7,91.9,,,,6.156,,25.0,2.741,91.3,90.81,,,,,,,,,,,,,,,,,,-0.7375033,57.0
NGA,Nigeria,2003,1717.215,79.665,77.175,,8.8,89.1,,,9.283,6.017,,29.0,2.757,91.2,91.09,,55.0,0.4006081819534302,Africa,0.43,-0.916,0.934,0.703,47.82,4.283,0.464,48.618,5.043,,,,,-0.5939635,58.0
NGA,Nigeria,2004,1824.803,79.476,75.851,,8.9,86.4,66.399,,9.52,5.919,,33.0,2.771,91.1,91.36,,,,,,,,0.699,48.45,4.264,0.477,49.148,5.265,,,,,-0.8583854,59.0
NGA,Nigeria,2005,1889.252,79.109,74.431,,9.1,83.7,66.853,,10.097,5.845,,36.0,2.769,90.9,91.63,,,,,,,,0.686,49.66,5.757,0.484,49.538,5.488,,,,,-0.4855378,60.0
NGA,Nigeria,2006,1949.159,78.89,72.399,,9.2,81.2,67.343,,,5.875,,40.0,2.761,90.8,91.88,,70.0,,,0.416,-0.967,0.935,0.684,50.86,5.544,0.489,49.876,5.711,,,,,-0.3076524,61.0
NGA,Nigeria,2007,2020.833,78.694,70.725,,9.4,79.0,70.311,,,5.841,,42.0,2.772,90.6,92.1,,,,,,,,0.672,52.07,7.281,0.492,50.381,5.934,,,,,-0.397084,62.0
NGA,Nigeria,2008,2098.283,78.514,69.633,,9.6,77.1,63.4,,,5.943,,53.0,2.785,90.4,92.29,,,,,,,,0.672,53.28,7.281,0.497,50.748,6.157,,,,,-0.4664726,63.0
NGA,Nigeria,2009,2204.607,78.45,70.579,,9.9,75.4,64.341,,,5.959,,63.0,2.787,90.1,92.46,,,,,,,,0.672,54.49,7.281,0.499,51.08,6.195,,,,,-0.6619427,64.0
NGA,Nigeria,2010,2315.467,78.239,69.387,,10.4,74.0,64.138,,9.212,5.951,,56.0,2.795,89.6,92.6,,,,,,,,0.67,55.69,7.281,0.502,51.315,6.233,,45.243,,44.048,-0.5025394,65.0
NGA,Nigeria,2011,2370.977,78.061,69.536,,11.1,73.0,,,9.742,5.983,,53.0,2.803,88.9,92.7,,,,,,,,0.675,56.9,6.725,0.508,51.49,6.271,35.977,45.243,19.078,43.611,-0.501049,66.0
NGA,Nigeria,2012,2403.654,78.007,69.048,,11.7,72.0,,,,5.978,,36.0,2.774,88.3,92.8,,,,,,,,0.676,56.67,6.61,0.512,51.688,6.309,35.902,45.243,19.078,43.386,-0.5826996,67.0
NGA,Nigeria,2013,2495.341,77.844,68.211,,11.4,71.4,,,,5.998,,39.0,2.715,88.6,92.86,,,,,,,,0.677,56.43,6.61,0.517,51.827,6.347,35.137,43.297,19.078,43.038,-0.6347536,68.0
NGA,Nigeria,2014,2583.616,77.615,68.091,,11.1,70.8,,,,5.966,,43.0,2.642,88.9,92.92,,,,,,,,0.677,55.72,6.61,0.524,51.94,6.563,35.039,43.297,19.078,42.742,-0.7282204,69.0
NGA,Nigeria,2015,2585.734,77.453,67.714,116.014,10.7,70.2,,,,5.872,,42.0,2.536,89.3,92.98,,,,,,,,0.681,55.0,5.769,0.53,51.939,6.779,34.936,43.297,19.078,42.432,-0.9074588,70.0
NGA,Nigeria,2016,2481.815,77.206,66.923,,10.8,69.5,,,,5.619,,53.0,2.472,89.2,93.05,,58.22134,,,0.557,-1.12,0.916,0.679,54.29,5.769,0.532,52.189,6.995,33.124,38.095,19.078,42.2,-0.8008237,71.0
NGA,Nigeria,2017,2441.712,76.982,65.611,,11.5,68.6,,,,5.374,,55.0,2.432,88.5,93.14,,,,,,,,0.675,53.57,5.769,0.534,52.397,6.957,32.99,38.095,19.078,41.797,-0.5134405,72.0
NGA,Nigeria,2018,2431.779,76.851,64.758,,12.1,67.4,,,,5.099,512.0,61.0,2.312,87.9,93.26,48.8,,,,,,,0.672,52.86,5.769,0.537,52.669,6.919,33.602,40.415,19.078,41.314,-0.4214814,73.0
NGA,Nigeria,2019,2431.535,76.785,63.716,,14.3,66.1,,,,4.811,,66.0,2.194,85.7,93.39,,,,,,,,0.69,52.14,4.113,0.544,53.009,7.192,33.318,40.415,18.625,40.913,-0.392705,74.0
NGA,Nigeria,2020,2228.686,74.782,61.712,113.227,15.8,64.7,,,,4.55,,62.0,2.13,84.2,93.53,,,,,,,,0.679,60.44,4.478,0.547,53.072,7.389,33.075,40.415,18.625,40.185,,
MKD,North Macedonia,1990,3534.323,,43.577,,,33.3,,,17.011,0.034,,,0.39,,96.67,,,,,,,,0.432,45.69,3.333,0.644,71.339,4.603,,,,,,
MKD,North Macedonia,1991,3328.64,42.483,44.64,,,31.2,,,15.431,0.032,,,-0.374,,96.88,,,,,,,,0.419,45.69,3.333,0.647,71.752,4.779,,,,,,
MKD,North Macedonia,1992,3146.022,41.129,44.341,,,29.7,,,15.933,0.031,,,-1.148,,97.03,,,,,,,,0.432,43.13,3.333,0.642,71.302,4.963,,,,,,
MKD,North Macedonia,1993,2948.272,40.016,44.026,,,28.1,,,15.907,0.03,,90.0,-1.271,,97.19,,,,,,,,0.438,40.56,3.333,0.647,71.731,5.153,,,,,0.6105579,48.0
MKD,North Macedonia,1994,2917.059,38.393,43.709,,,25.5,,,16.903,0.029,,88.0,-0.709,,97.45,,94.0,,,0.317,,0.517,0.435,38.0,3.333,0.648,71.487,5.35,,,,,1.064724,49.0
MKD,North Macedonia,1995,2876.072,35.021,43.414,,,21.9,,,18.176,0.027,,95.0,0.294,,97.81,,,,,,,,0.427,40.48,3.333,0.653,71.965,5.571,,,,,0.9532236,50.0
MKD,North Macedonia,1996,2889.885,33.051,43.138,,,18.9,,,18.341,0.027,,93.0,0.699,,98.11,,,,,,,,0.41,42.95,3.333,0.657,71.854,5.792,,,,,1.117724,51.0
MKD,North Macedonia,1997,2954.524,34.424,42.863,,,17.2,,,18.967,0.024,,97.0,-0.782,,98.28,,,,,,,,0.401,41.2,3.333,0.661,71.881,6.014,,,,,1.133155,52.0
MKD,North Macedonia,1998,3038.14,34.827,40.727,,,16.3,91.521,,19.633,0.024,,94.0,0.532,,98.37,,,,,,,,0.394,42.2,3.333,0.666,71.802,6.235,,,,,0.9382911,53.0
MKD,North Macedonia,1999,3154.849,35.549,38.635,,,15.4,91.295,,21.362,0.019,,95.0,0.478,,98.46,,,,,,,,0.329,40.83,7.5,0.675,72.308,6.456,,,,,0.8895041,54.0
MKD,North Macedonia,2000,3283.379,35.759,37.507,,,14.2,90.232,,22.408,0.019,,95.0,0.455,,98.58,,,,,,,,0.329,41.7,6.667,0.686,72.569,6.677,,,,,0.9995807,55.0
MKD,North Macedonia,2001,3169.325,36.761,36.37,,6.7,13.2,89.272,,24.363,0.015,,91.0,0.42,93.3,98.68,,,,,,,,0.308,45.5,6.667,0.691,73.006,6.899,,,,,1.014964,56.0
MKD,North Macedonia,2002,3240.111,36.089,35.248,,6.8,12.7,88.735,,26.807,0.016,,96.0,-0.726,93.2,98.73,,96.0,,,0.525,-0.571,0.554,0.236,41.46,17.5,0.694,72.709,7.12,,,,,0.9874795,57.0
MKD,North Macedonia,2003,3307.92,33.86,35.131,,5.3,12.7,87.653,,27.822,0.013,,96.0,0.127,94.7,98.73,,,,,,,,0.229,43.39,18.333,0.7,73.047,7.405,,,,,1.010137,58.0
MKD,North Macedonia,2004,3473.765,33.534,34.158,,5.0,12.6,87.663,,28.25,0.011,,94.0,-0.324,95.0,98.74,,,,,,,,0.213,43.09,19.167,0.708,73.448,7.691,,,,,0.9496597,59.0
MKD,North Macedonia,2005,3657.563,33.392,33.202,,4.5,12.2,87.698,78.93,29.791,0.01,,97.0,-0.54,95.5,98.78,,,,,,,,0.21,42.78,19.167,0.717,73.608,7.976,,,,,0.9575762,60.0
MKD,North Macedonia,2006,3866.747,33.871,35.593,,4.1,11.5,86.836,,29.253,0.01,,93.0,-0.552,95.9,98.85,,,,,,,,0.186,41.61,28.333,0.726,73.791,8.261,,,,,0.975967,61.0
MKD,North Macedonia,2007,4140.634,35.157,35.783,,3.5,10.9,85.957,,35.243,0.01,,95.0,-0.571,96.5,98.91,,,,,,,,0.183,42.89,29.167,0.732,73.742,8.547,,,,,0.9679745,62.0
MKD,North Macedonia,2008,4392.551,36.141,35.706,,3.0,10.3,85.018,,39.639,0.008,,95.0,-0.579,97.0,98.97,,,,,,,,0.178,42.56,31.667,0.753,74.436,8.832,,,,,0.9757474,63.0
MKD,North Macedonia,2009,4405.2,37.004,34.837,,3.3,9.7,85.18,,39.838,0.008,,96.0,-0.647,96.7,99.03,,,,,,,,0.178,42.56,32.5,0.757,74.469,9.117,,,,,1.029647,64.0
MKD,North Macedonia,2010,4582.365,35.565,32.261,160.147,3.5,9.2,85.376,,38.148,0.008,,95.0,-0.639,96.5,99.08,,,,,,,,0.18,41.16,32.5,0.765,75.037,9.403,17.739,17.466,29.786,5.964,0.8489966,65.0
MKD,North Macedonia,2011,4711.13,37.349,32.124,,3.7,8.9,,,,0.007,,96.0,-0.458,96.3,99.11,,,,,,,,0.173,43.39,30.894,0.771,75.142,9.688,15.491,10.537,30.171,5.763,0.9395633,66.0
MKD,North Macedonia,2012,4708.052,37.395,33.53,,3.8,9.0,84.492,,39.796,0.008,,95.0,-0.392,96.2,99.1,,,,,,,,0.173,43.09,32.52,0.775,75.043,9.973,15.158,10.537,27.846,7.091,0.9372679,67.0
MKD,North Macedonia,2013,4863.681,38.803,33.688,,3.8,9.4,88.627,,38.95,0.007,,98.0,-0.369,96.2,99.06,,,,,,,,0.162,44.52,34.146,0.782,75.583,10.259,14.439,10.537,25.542,7.239,0.8613601,68.0
MKD,North Macedonia,2014,5053.75,39.204,32.623,,3.6,9.8,89.23,,39.321,0.007,,95.0,-0.269,96.4,99.02,,,,,,,,0.166,44.16,33.333,0.788,75.633,10.544,13.6,10.537,23.192,7.071,0.919819,69.0
MKD,North Macedonia,2015,5262.687,39.749,33.131,169.283,3.5,9.9,91.716,,42.081,0.006,,91.0,-0.268,96.5,99.01,,,,,,,,0.162,43.46,33.333,0.795,75.629,10.829,13.109,10.537,22.333,6.458,0.8388958,70.0
MKD,North Macedonia,2016,5429.947,40.447,31.699,,3.2,9.5,,,,0.006,,95.0,-0.32,96.8,99.05,,,,,,,,0.162,42.46,33.333,0.8,75.571,11.115,13.635,10.537,22.279,8.089,0.8362163,71.0
MKD,North Macedonia,2017,5510.819,41.007,33.029,,2.9,8.5,94.888,,43.51,0.005,,91.0,-0.402,97.1,99.15,,,,,,,,0.151,42.89,37.5,0.807,76.152,11.4,12.779,10.537,21.256,6.544,0.922751,72.0
MKD,North Macedonia,2018,5698.393,41.599,32.041,,2.6,7.2,,,43.855,0.005,,93.0,-0.507,97.4,99.28,,,,,,,,0.146,42.97,38.333,0.814,76.883,11.685,11.525,8.368,21.37,4.838,0.938577,73.0
MKD,North Macedonia,2019,5961.585,43.789,32.11,,2.8,6.1,,,43.199,0.005,,92.0,-0.679,97.2,99.39,,,,,,,,0.14,44.78,39.167,0.805,76.835,10.958,10.885,8.368,19.498,4.789,1.065817,74.0
MKD,North Macedonia,2020,5743.726,43.47,30.744,195.017,2.8,5.2,,,43.782,0.01,,84.0,-1.079,97.2,99.48,,,,,,,,0.139,43.89,39.167,0.783,74.469,10.23,11.24,8.368,20.481,4.87,,
NOR,Norway,1990,49937.456,,67.214,,,7.0,99.731,87.257,,0.016,,86.0,0.344,,99.3,,,,,,,,0.126,62.38,36.364,0.856,76.586,11.71,,,,,1.298585,45.0
NOR,Norway,1991,51233.036,58.552,66.973,,,6.4,99.957,87.627,,0.015,,96.0,0.477,,99.36,,,,,,,,0.124,62.33,36.364,0.863,77.038,11.747,,,,,1.320705,46.0
NOR,Norway,1992,52758.945,58.638,67.095,,,5.9,99.648,88.814,,0.013,,98.0,0.577,,99.41,,,,,,,,0.121,62.23,36.364,0.868,77.246,11.784,,,,,1.258504,47.0
NOR,Norway,1993,53938.021,59.054,66.958,,,5.4,98.668,90.644,,0.012,,94.0,0.595,,99.46,,,,,,,,0.117,62.25,36.364,0.875,77.221,11.821,,,,,1.317305,48.0
NOR,Norway,1994,56343.011,59.968,66.275,,,4.9,98.396,,,0.012,,93.0,0.569,,99.51,,,,,,,,0.113,62.69,36.364,0.89,77.773,11.859,,,,,1.347966,49.0
NOR,Norway,1995,58380.568,59.914,66.643,,,4.6,98.191,,,0.011,,97.0,0.519,,99.54,,,,,,,,0.107,64.54,36.364,0.887,77.797,11.896,,,,,1.178584,50.0
NOR,Norway,1996,61005.88,61.373,65.789,,,4.4,98.265,,,0.01,,97.0,0.507,,99.56,,,,,,,,0.105,66.11,36.364,0.894,78.233,11.933,,,,,1.373661,51.0
NOR,Norway,1997,63882.477,62.284,65.574,,,4.2,84.191,96.563,,0.009,,95.0,0.542,,99.58,,,,,,,,0.101,67.75,36.364,0.9,78.238,11.97,,,,,1.442428,52.0
NOR,Norway,1998,65197.946,63.489,65.226,,,4.1,99.736,96.16,,0.009,,93.0,0.595,,99.59,,,,,,,,0.099,69.18,36.364,0.908,78.408,12.007,,,,,1.214896,53.0
NOR,Norway,1999,66094.735,64.237,63.94,,,4.0,99.795,95.273,,0.009,,92.0,0.685,,99.6,,,,,,,,0.096,69.24,36.364,0.913,78.386,12.044,,,,,1.132996,54.0
NOR,Norway,2000,67846.597,64.475,63.448,,,3.9,99.705,94.758,,0.009,,90.0,0.649,,99.61,,,,,,,,0.096,69.21,36.364,0.924,78.692,12.081,,,,,1.152797,55.0
NOR,Norway,2001,68899.527,64.589,63.667,,2.5,3.8,99.76,94.368,69.963,0.009,,91.0,0.506,97.5,99.62,,,,,,,,0.092,69.5,35.758,0.923,78.896,12.119,,,,,1.217237,56.0
NOR,Norway,2002,69472.984,64.594,62.992,,2.5,3.7,99.727,94.169,72.317,0.008,,93.0,0.539,97.5,99.63,,,,,,,,0.083,70.48,36.364,0.923,78.96,12.156,,,,,1.146274,57.0
NOR,Norway,2003,69719.312,64.544,62.629,,2.5,3.6,99.856,95.105,77.971,0.009,,92.0,0.587,97.5,99.64,,,,,,,,0.078,69.11,36.364,0.93,79.529,12.193,,,,,1.171111,58.0
NOR,Norway,2004,72090.986,64.756,62.244,,2.5,3.4,99.352,96.115,78.613,0.009,,92.0,0.591,97.5,99.66,,,,,,,,0.07,69.09,38.182,0.937,79.965,12.23,,,,,0.9978609,59.0
NOR,Norway,2005,73524.255,64.932,63.161,,2.5,3.3,98.512,96.756,78.445,0.009,,91.0,0.681,97.5,99.67,,,,,,,,0.069,68.52,37.87,0.939,80.169,12.28,,,,,0.9242623,60.0
NOR,Norway,2006,74729.737,65.855,62.381,,2.5,3.2,98.595,97.165,77.931,0.009,,94.0,0.805,97.5,99.68,,,,,,,,0.073,68.26,37.87,0.942,80.44,12.37,,,,,1.008479,61.0
NOR,Norway,2007,76115.707,66.714,62.079,,2.5,3.0,99.077,97.468,77.037,0.008,,93.0,1.035,97.5,99.7,,,,,,,,0.077,69.39,36.095,0.943,80.502,12.41,,,,,0.9243456,62.0
NOR,Norway,2008,75535.212,66.7,62.183,,2.5,2.9,99.265,96.677,73.591,0.008,,94.0,1.246,97.5,99.71,,,,,,,,0.079,70.6,36.095,0.943,80.677,12.48,,,,,0.769685,63.0
NOR,Norway,2009,73141.307,65.914,61.405,,2.5,2.8,99.156,95.737,73.067,0.007,,94.0,1.261,97.5,99.72,,,,,,,,0.076,69.72,39.645,0.944,80.865,12.5,,,,,0.8333471,64.0
NOR,Norway,2010,72804.396,64.957,60.068,262.285,2.5,2.7,99.08,95.3,72.117,0.007,,93.0,1.246,97.5,99.73,,,,,,,,0.07,68.66,39.645,0.947,81.039,12.55,5.637,1.858,11.729,3.324,0.8590512,65.0
NOR,Norway,2011,72660.675,64.996,59.554,,2.5,2.6,99.402,94.869,71.061,0.006,,94.0,1.297,97.5,99.74,,,,,,,,0.061,68.63,39.645,0.949,81.245,12.61,5.596,1.934,11.729,3.126,0.8537449,66.0
NOR,Norway,2012,73661.679,64.976,60.653,,2.5,2.4,99.687,94.473,71.705,0.005,,95.0,1.313,97.5,99.76,,,,,,,,0.054,68.44,39.645,0.95,81.446,12.643,5.55,1.862,11.729,3.059,0.9016416,67.0
NOR,Norway,2013,73515.914,64.652,60.497,,2.5,2.4,99.861,95.007,75.864,0.004,,94.0,1.209,97.5,99.76,,,,,,,,0.049,68.36,39.645,0.953,81.668,12.677,5.686,1.978,12.066,3.014,0.9415419,68.0
NOR,Norway,2014,74180.324,64.236,57.992,,2.5,2.3,99.827,95.347,78.11,0.004,,93.0,1.128,97.5,99.77,,,,,,,,0.045,68.18,39.645,0.956,82.087,12.71,5.72,2.148,12.066,2.947,0.9847192,69.0
NOR,Norway,2015,74809.966,63.703,59.489,261.128,2.5,2.2,99.772,95.464,79.206,0.003,,95.0,0.995,97.5,99.78,,,,,,,,0.04,68.16,39.645,0.959,82.273,12.77,5.688,2.148,12.066,2.85,0.951494,70.0
NOR,Norway,2016,75017.494,63.102,58.087,,2.5,2.1,99.806,95.698,81.883,0.003,,96.0,0.881,97.5,99.79,,,,,,,,0.034,67.66,39.645,0.962,82.415,12.82,5.934,2.148,12.904,2.75,0.9503101,71.0
NOR,Norway,2017,76247.412,62.925,57.35,,2.5,2.1,99.883,95.608,83.735,0.003,,96.0,0.808,97.5,99.79,,,,,,,,0.023,67.05,41.42,0.965,82.624,12.95,5.949,2.148,12.904,2.795,0.9578766,72.0
NOR,Norway,2018,76373.647,63.403,57.951,,2.5,2.0,,,85.388,0.002,,96.0,0.66,97.5,99.8,,,,,,,,0.018,67.14,41.42,0.966,82.76,12.975,5.997,2.329,12.904,2.759,0.9650746,73.0
NOR,Norway,2019,76712.287,63.505,59.201,,2.5,2.0,,,85.763,0.002,,97.0,0.675,97.5,99.8,,,,,,,,0.014,64.52,40.828,0.967,82.955,13.0,5.899,2.329,12.654,2.714,0.9846448,74.0
NOR,Norway,2020,75287.206,62.772,59.347,264.574,2.5,1.9,,,87.169,0.003,,97.0,0.589,97.5,99.81,,,,,,,,0.009,61.98,41.42,0.969,83.195,13.059,5.909,2.329,12.907,2.492,,
OMN,Oman,1990,16629.456,,38.763,,,31.3,67.163,,3.609,0.194,,98.0,5.101,,96.87,,,,,,,,,,,,,,,,,,-0.5488813,45.0
OMN,Oman,1991,16805.722,54.897,38.69,,,28.4,68.234,,3.753,0.173,27.4,95.0,4.842,,97.16,97.26,,,,,,,,,,,,,,,,,-0.6258904,46.0
OMN,Oman,1992,17404.131,55.608,38.408,,,25.8,69.597,,4.221,0.156,15.9,99.0,4.58,,97.42,98.41,,,,,,,,,,,,,,,,,-0.6371399,47.0
OMN,Oman,1993,17694.161,56.421,38.181,,,23.4,72.958,49.319,4.197,0.139,6.0,97.0,4.215,,97.66,99.4,,,,,,,,,,,,,,,,,-0.7400871,48.0
OMN,Oman,1994,17848.819,56.456,38.006,,,21.3,74.202,,4.311,0.125,24.4,97.0,2.932,,97.87,97.56,,,,,,,,,,,,,,,,,-0.8107522,49.0
OMN,Oman,1995,18398.724,55.818,37.739,,,19.5,75.656,,5.001,0.112,22.0,99.0,1.842,,98.05,97.8,,,,,,,,,,,,,,,,,-0.7557748,50.0
OMN,Oman,1996,18639.204,55.278,37.577,,,17.9,78.295,,4.775,0.101,21.0,99.0,1.702,,98.21,97.9,,,,,,,,,,,,,,,,,-0.7687409,51.0
OMN,Oman,1997,19458.927,54.74,37.238,,,16.6,79.02,,5.805,0.092,13.3,99.0,1.555,,98.34,98.67,,,,,,,,,,,,,,,,,-0.8038917,52.0
OMN,Oman,1998,19167.755,54.383,37.222,,,15.4,79.552,,7.217,0.083,18.5,99.0,1.44,,98.46,98.15,,,,,,,,,,,,,,,,,-0.9066905,53.0
OMN,Oman,1999,18965.214,54.099,37.169,,,14.3,81.189,63.415,,0.076,13.7,99.0,1.359,,98.57,98.63,,,,,,,,,,,,,,,,,-0.8657041,54.0
OMN,Oman,2000,19881.736,53.685,36.783,,,13.3,82.124,67.563,,0.071,16.1,99.0,1.289,,98.67,98.39,,,,,,,,,,,,,,,,,-1.25341,55.0
OMN,Oman,2001,20546.055,53.483,36.468,,16.3,12.5,83.198,71.17,,0.066,23.1,99.0,1.223,83.7,98.75,97.69,,,,,,,,,,,,,,,,,-1.169027,56.0
OMN,Oman,2002,20150.113,53.497,36.43,,15.1,11.8,83.291,73.08,,0.063,37.5,99.0,1.159,84.9,98.82,96.25,,,,,,,,,,,,,,,,,-1.226536,57.0
OMN,Oman,2003,19485.644,53.511,36.473,,14.2,11.2,81.824,73.871,14.331,0.061,23.2,99.0,1.134,85.8,98.88,97.68,66.0,,,0.152,0.443,0.274,,,,,,,,,,,-1.289234,58.0
OMN,Oman,2004,19534.86,53.6,36.625,,12.3,10.8,,,15.15,0.057,18.5,99.0,1.721,87.7,98.92,98.15,,,,,,,0.364,24.66,7.801,0.743,74.82,6.614,,,,,-1.135381,59.0
OMN,Oman,2005,19629.045,53.775,36.962,,10.1,10.4,,,17.118,0.054,15.4,99.0,2.261,89.9,98.96,98.46,,,,,,,0.347,24.71,7.801,0.756,75.07,6.958,,,,,-1.192202,60.0
OMN,Oman,2006,20096.397,54.161,37.257,,8.3,10.1,,,19.233,0.051,12.1,98.0,2.211,91.7,98.99,98.79,,,,,,,0.336,24.77,7.801,0.766,75.354,7.302,,,,,-1.072752,61.0
OMN,Oman,2007,20642.749,54.662,37.469,,6.8,9.9,,,20.409,0.051,20.9,99.0,2.178,93.2,99.01,97.91,,,,,,,0.326,24.82,9.091,0.774,75.596,7.646,,,,,-1.39642,62.0
OMN,Oman,2008,22007.734,55.375,37.573,,5.5,9.8,,,20.446,0.05,15.4,99.0,2.169,94.5,99.02,98.46,87.0,,,0.157,0.393,0.274,0.329,24.87,9.091,0.782,76.124,7.99,,,,,-1.381272,63.0
OMN,Oman,2009,22819.198,56.255,37.561,,4.5,9.6,92.978,89.281,21.968,0.052,15.4,98.0,2.189,95.5,99.04,98.46,,,,,,,0.342,23.99,8.974,0.799,76.631,7.955,,,,,-1.335892,64.0
OMN,Oman,2010,22766.05,57.31,37.486,172.2,4.6,9.5,,,27.853,0.054,24.4,99.0,2.675,95.4,99.05,97.56,87.0,,,0.157,0.359,0.274,0.33,23.12,8.974,0.804,77.184,7.92,,30.33,,7.795,-1.291125,65.0
OMN,Oman,2011,20993.908,60.28,38.115,,5.5,9.4,95.442,89.672,31.556,0.049,16.2,99.0,10.957,94.5,99.06,98.38,,,,,,,0.319,22.24,9.581,0.822,77.74,8.276,20.573,30.33,23.685,7.702,-1.184727,66.0
OMN,Oman,2012,19824.122,63.629,38.93,,6.5,9.3,96.427,88.888,,0.05,16.5,98.0,14.225,93.5,99.07,98.35,,,,,,,0.316,21.36,9.581,0.824,78.187,8.632,20.546,30.33,23.685,7.622,-1.319628,67.0
OMN,Oman,2013,19299.94,65.391,39.09,,6.9,9.2,94.22,90.58,35.15,0.05,11.3,98.0,7.775,93.1,99.08,98.87,,,,,,,0.321,20.48,9.581,0.827,78.633,8.988,20.515,30.33,23.685,7.53,-1.212581,68.0
OMN,Oman,2014,18726.203,66.278,39.004,,6.8,9.1,93.885,,41.182,0.05,19.3,99.0,4.302,93.2,99.09,98.07,,,,,,,0.313,23.57,9.581,0.831,79.03,9.344,20.482,30.33,23.685,7.431,-1.347585,69.0
OMN,Oman,2015,18808.308,67.081,39.184,183.02,7.2,9.1,94.062,93.484,45.19,0.049,18.5,99.0,4.458,92.8,99.09,98.15,93.0,,,0.172,0.036,0.257,0.315,26.66,8.235,0.838,79.346,9.7,18.232,23.68,23.685,7.33,-1.311917,70.0
OMN,Oman,2016,18830.606,67.993,39.738,,7.2,9.0,95.011,95.46,46.824,0.049,12.5,99.0,4.805,92.8,99.1,98.75,,,,,,,0.304,29.75,8.824,0.845,79.581,10.13,18.199,23.68,23.685,7.231,-1.073391,71.0
OMN,Oman,2017,18277.946,68.924,39.895,,7.0,8.9,93.283,94.078,43.577,0.048,21.0,99.0,3.282,93.0,99.11,97.9,96.0,,,0.174,0.134,0.257,0.277,35.99,8.824,0.848,79.748,10.56,14.355,12.247,23.685,7.133,-1.033062,72.0
OMN,Oman,2018,18269.677,69.248,39.362,,6.3,8.8,86.254,96.193,44.954,0.045,15.2,99.0,1.324,93.7,99.12,98.48,96.0,,,0.174,0.127,0.257,0.269,35.6,8.824,0.854,79.864,10.99,14.323,12.247,23.685,7.037,-1.02514,73.0
OMN,Oman,2019,18089.587,68.351,38.917,,5.9,8.7,,,45.172,0.042,,99.0,-0.144,94.1,99.13,,,,,,,,0.242,37.04,9.884,0.857,79.946,11.42,14.293,12.247,23.685,6.946,-0.9883429,74.0
OMN,Oman,2020,17743.886,64.018,35.911,207.547,5.8,8.6,,,48.375,0.094,,99.0,-1.509,94.2,99.14,,97.0,,,0.173,0.105,0.252,0.239,38.74,9.884,0.843,77.763,11.85,14.252,12.247,23.685,6.825,,
PAK,Pakistan,1990,950.885,,41.87,,,112.7,,,2.877,2.699,,54.0,3.343,,88.73,,,,,,,,0.8,11.31,2.632,0.396,59.728,2.316,,,,,-0.5526139,45.0
PAK,Pakistan,1991,966.522,49.384,41.769,,,110.8,,,,2.726,,50.0,3.306,,88.92,,,,,,,,0.785,13.96,2.632,0.4,59.864,2.416,,,,,-0.8805457,46.0
PAK,Pakistan,1992,1011.625,49.388,41.759,,,108.7,,,1.962,2.795,,42.0,2.863,,89.13,,,,,,,,0.787,13.96,2.632,0.405,59.983,2.516,,,,,-0.9913146,47.0
PAK,Pakistan,1993,1001.259,48.907,40.309,,,106.5,,,,2.82,,37.0,2.773,,89.35,,,,,,,,0.786,14.32,2.632,0.408,60.083,2.615,,,,,-0.9603043,48.0
PAK,Pakistan,1994,1009.064,48.855,39.518,,,104.2,,,,2.803,,39.0,2.893,,89.58,,,,,,,,0.783,14.73,2.632,0.412,60.197,2.715,,,,,-0.9825355,49.0
PAK,Pakistan,1995,1028.966,48.065,39.066,,,101.7,,,,2.771,,58.0,2.89,,89.83,,,,,,,,0.789,12.67,2.632,0.415,60.273,2.814,,,,,-1.122104,50.0
PAK,Pakistan,1996,1047.887,48.944,40.128,,,99.1,,,,2.694,,46.0,2.911,,90.09,,,,,,,,0.782,13.82,2.632,0.42,60.466,2.916,,,,,-1.055699,51.0
PAK,Pakistan,1997,1028.998,49.814,41.195,,,96.4,,,,2.592,,52.0,2.828,,90.36,,,,,,,,0.773,14.97,2.632,0.422,60.623,3.018,,,,,-0.8920005,52.0
PAK,Pakistan,1998,1026.5,49.64,40.264,,,93.9,,,,2.427,,54.0,2.761,,90.61,,43.0,0.3312329351902008,Asia,0.388,-0.49,0.829,0.778,15.27,1.974,0.426,61.134,3.119,,,,,-0.7241744,53.0
PAK,Pakistan,1999,1035.499,49.866,40.398,,,91.4,,,,2.315,,57.0,2.722,,90.86,,,,,,,,0.772,15.77,1.974,0.431,61.54,3.221,,,,,-0.6124502,54.0
PAK,Pakistan,2000,1049.542,50.101,40.516,,,89.1,,,,2.165,,59.0,2.825,,91.09,,,,,,,,0.768,16.26,1.974,0.436,61.903,3.322,,,,,-0.8883829,55.0
PAK,Pakistan,2001,1057.868,50.122,41.965,,20.4,87.0,,,,2.008,,61.0,2.796,79.6,91.3,,,,,,,,0.763,16.25,1.974,0.443,62.241,3.574,,,,,-0.7600399,56.0
PAK,Pakistan,2002,1059.042,50.14,43.426,,21.0,85.0,55.298,,,1.853,,63.0,2.451,79.0,91.5,,,,,,,,0.758,16.24,1.974,0.45,62.556,3.826,,,,,-0.3406442,57.0
PAK,Pakistan,2003,1090.275,50.28,43.505,,20.2,83.4,56.724,,2.374,1.707,,66.0,2.354,79.8,91.66,,,,,,,,0.657,17.1,20.814,0.458,62.834,4.078,,,,,-0.4297707,58.0
PAK,Pakistan,2004,1146.996,50.427,43.585,,18.3,81.8,61.689,,2.979,1.524,,68.0,2.468,81.7,91.82,,,,,,,,0.648,17.96,20.588,0.472,63.097,4.33,,,,,-0.6559487,59.0
PAK,Pakistan,2005,1201.234,50.087,42.971,,16.9,80.4,63.397,,4.328,1.413,,63.0,2.404,83.1,91.96,,50.0,0.3126125335693359,Asia,0.358,-0.458,0.867,0.644,15.71,20.588,0.48,62.416,4.582,,,,,-0.625306,60.0
PAK,Pakistan,2006,1243.941,49.741,42.358,,15.7,79.0,60.784,30.508,4.396,1.282,,59.0,2.382,84.3,92.1,,54.0,,,0.355,-0.384,0.867,0.623,19.09,20.362,0.489,63.624,4.57,,,,,-0.6708548,61.0
PAK,Pakistan,2007,1265.356,49.846,41.282,,15.1,77.7,64.821,32.583,4.958,1.191,,54.0,2.642,84.9,92.23,,52.0,0.2966950237751007,Asia,0.35,-0.489,0.867,0.618,19.47,20.136,0.495,63.807,4.55,,,,,-0.6160938,62.0
PAK,Pakistan,2008,1258.052,49.872,40.744,,15.1,76.3,64.93,32.643,4.878,1.141,,53.0,2.677,84.9,92.37,,56.0,,,0.417,-0.738,0.929,0.608,19.98,21.233,0.496,64.002,4.53,,,,,-0.7644491,63.0
PAK,Pakistan,2009,1269.074,50.265,41.092,,15.4,74.8,65.441,32.511,5.973,1.102,,52.0,2.541,84.6,92.52,,55.0,,,0.441,-0.812,0.929,0.603,21.05,21.041,0.497,64.206,4.52,,,,,-0.5654643,64.0
PAK,Pakistan,2010,1256.695,50.664,41.598,,15.5,73.2,65.983,,7.033,1.068,,52.0,2.471,84.5,92.68,,55.0,0.2878086268901825,Asia,0.466,-0.776,0.926,0.595,22.07,21.041,0.5,64.378,4.65,35.511,45.182,28.205,33.147,-0.8386377,65.0
PAK,Pakistan,2011,1261.832,50.37,40.261,,15.4,71.6,63.07,33.374,7.317,1.022,,63.0,2.237,84.6,92.84,,55.0,0.2969795763492584,Asia,0.466,-0.834,0.926,0.59,22.38,21.267,0.504,64.659,4.79,35.095,45.182,27.408,32.694,-0.7992019,66.0
PAK,Pakistan,2012,1275.488,49.238,40.838,,15.0,69.8,62.694,34.471,8.333,0.977,,64.0,1.906,85.0,93.02,,57.0,,,0.462,-0.784,0.924,0.583,20.96,21.076,0.508,64.883,4.88,34.905,44.4,28.227,32.089,-0.9206002,67.0
PAK,Pakistan,2013,1309.701,49.931,41.418,,14.7,67.9,62.134,35.566,8.718,0.929,,65.0,1.627,85.3,93.21,,56.0,0.2952857315540313,Asia,0.467,-0.798,0.904,0.576,22.88,19.672,0.512,65.129,4.96,34.763,44.4,28.227,31.664,-0.584881,68.0
PAK,Pakistan,2014,1343.308,50.066,40.07,,14.2,66.0,65.76,,8.746,0.876,,69.0,1.5,85.8,93.4,,57.0,,,0.467,-0.762,0.891,0.572,23.22,19.672,0.522,65.374,5.16,34.544,44.4,28.21,31.023,-0.9774104,69.0
PAK,Pakistan,2015,1380.47,50.17,40.315,118.461,13.3,64.1,60.957,34.599,8.436,0.827,,72.0,1.403,86.7,93.59,,,,,,,,0.563,24.22,20.045,0.527,65.641,5.147,34.391,44.4,28.21,30.562,-0.2166046,70.0
PAK,Pakistan,2016,1452.187,50.501,40.227,,11.5,62.2,65.418,35.808,8.32,0.771,,75.0,1.302,88.5,93.78,,,,,,,,0.563,22.57,20.045,0.535,65.943,5.133,34.612,44.4,29.571,29.866,-0.3478394,71.0
PAK,Pakistan,2017,1495.262,49.693,40.139,,11.7,60.3,64.896,35.421,8.622,0.73,,75.0,1.414,88.3,93.97,,59.0,,,0.418,-0.635,0.899,0.559,22.21,20.045,0.537,66.223,5.12,34.16,43.528,29.571,29.381,-0.2138573,72.0
PAK,Pakistan,2018,1561.682,48.911,40.051,,10.9,58.5,67.575,37.4,8.207,0.698,,80.0,1.624,89.1,94.15,,57.0,0.2958926558494568,Asia,0.395,-0.667,0.899,0.563,21.86,20.0,0.538,66.481,4.77,33.935,43.528,29.571,28.707,-0.3390883,73.0
PAK,Pakistan,2019,1573.833,49.105,39.991,,12.9,56.8,,,11.104,0.67,,84.0,1.692,87.1,94.32,,58.0,,,0.367,-0.718,0.904,0.555,23.52,20.0,0.54,66.729,4.54,33.307,43.528,28.156,28.236,-0.1002444,74.0
PAK,Pakistan,2020,1526.006,48.495,41.616,118.706,13.4,55.1,,,11.725,0.677,,80.0,1.804,86.6,94.49,,,,,,,,0.544,24.03,19.955,0.536,65.701,4.427,33.037,43.528,28.156,27.429,,
PLW,Palau,1990,14267.203,,,,,29.8,,,,0.29,,99.0,2.079,,97.02,,,,,,,,,,,,,,,,,,,
PLW,Palau,1991,14626.751,,,,,29.3,,,,0.291,,98.0,2.3,,97.07,,,,,,,,,,,,,,,,,,,
PLW,Palau,1992,13369.538,,,,,28.7,,,,0.309,,93.0,2.373,,97.13,,,,,,,,,,,,,,,,,,,
PLW,Palau,1993,11450.788,,,,,28.1,,,,0.301,,89.0,2.367,,97.19,,,,,,,,,,,,,,,,,,,
PLW,Palau,1994,11995.1,,,,,27.3,,,,0.311,,67.0,2.402,,97.27,,,,,,,,,,,,,,,,,,,
PLW,Palau,1995,12973.772,,,,,26.5,,,,0.283,,99.0,2.503,,97.35,,,,,,,,,,,,,,,,,,0.9463917,50.0
PLW,Palau,1996,13950.654,,,,,25.7,,,,0.289,,98.0,2.634,,97.43,,,,,,,,,,,,,,,,,,0.9293299,51.0
PLW,Palau,1997,13913.705,,,,,24.8,,,,0.266,,91.0,2.539,,97.52,,,,,,,,,,,,,,,,,,,
PLW,Palau,1998,13873.263,,,,,24.0,,,,0.23,,96.0,2.271,,97.6,,,,,,,,,,,,,,,,,,,
PLW,Palau,1999,12862.332,,,,,23.1,,,,0.208,,96.0,2.015,,97.69,,,,,,,,,,,,,,,,,,,
PLW,Palau,2000,12346.468,,,,,22.3,,,45.782,0.204,,96.0,1.455,,97.77,,,,,,,,,,,,,,,,,,1.390216,55.0
PLW,Palau,2001,13134.261,,,,,21.5,,,36.336,0.204,,98.0,0.903,,97.85,,,,,,,,,,,,,,,,,,0.9161744,56.0
PLW,Palau,2002,13647.053,,,,,20.8,,,36.336,0.203,,99.0,0.777,,97.92,,,,,,,,,,,,,,,,,,2.366971,57.0
PLW,Palau,2003,13250.687,,,,,20.1,,,,0.185,,99.0,0.797,,97.99,,,,,,,,,,,,,,,,,,2.593247,58.0
PLW,Palau,2004,13599.444,,,,,19.3,,,,0.179,,98.0,0.816,,98.07,,,,,,,,,,,,,,,,,,2.762394,59.0
PLW,Palau,2005,13992.47,,,,,18.6,,,,0.175,,98.0,-0.005,,98.14,,,,,,,,,,,,,,,,,,1.918,60.0
PLW,Palau,2006,14186.154,,,,,18.0,,,,0.171,,98.0,-1.147,,98.2,,,,,,,,,,,,,,,,,,2.000647,61.0
PLW,Palau,2007,14590.48,,,,,17.5,,,,0.158,,94.0,-1.496,,98.25,,,,,,,,,,,,,,,,,,1.821068,62.0
PLW,Palau,2008,14045.73,,,,,17.1,,,,0.159,,92.0,-1.53,,98.29,,,,,,,,,,,,,,,,,,2.144666,63.0
PLW,Palau,2009,13338.13,,,,,16.8,,,,0.15,,49.0,-1.591,,98.32,,,,,,,,,,,,,,,,,,1.88965,64.0
PLW,Palau,2010,13206.512,,,,,16.6,,,,0.153,,69.0,-1.687,,98.34,,,,,,,,,,,,,,,,,,2.09945,65.0
PLW,Palau,2011,14123.126,,,,,16.6,,,,0.134,,84.0,-1.744,,98.34,,,,,,,,,,,,,,,,,,2.128747,66.0
PLW,Palau,2012,14609.838,,,,,16.8,,,,0.138,,89.0,-1.747,,98.32,,,,,,,,,,,,,,,,,,2.104661,67.0
PLW,Palau,2013,14331.34,,,,,17.1,96.755,,67.317,0.142,,99.0,-0.661,,98.29,,100.0,,,,,,,,,,,,,,,,1.628962,68.0
PLW,Palau,2014,15015.003,,,,,17.6,94.917,,,0.128,,95.0,0.379,,98.24,,,,,,,,,,,,,,,,,,1.599885,69.0
PLW,Palau,2015,16154.053,,,,,18.2,,,,0.124,,90.0,0.31,,98.18,,97.0,,,,,,,,,,,,,,,,1.212303,70.0
PLW,Palau,2016,16343.562,,,,,18.8,,,,0.13,,98.0,0.152,,98.12,,,,,,,,,,,,,,,,,,0.8345958,71.0
PLW,Palau,2017,15841.618,,,,,19.4,,,,0.13,,97.0,0.084,,98.06,,,,,,,,,,,,,,,,,,0.684126,72.0
PLW,Palau,2018,15642.807,,,,,19.8,,,,0.129,,95.0,0.011,,98.02,,,,,,,,,,,,,,,,,,0.2971159,73.0
PLW,Palau,2019,15600.187,,,,,19.9,,,,0.132,,97.0,-0.09,,98.01,,,,,,,,,,,,,,,,,,0.2026839,74.0
PLW,Palau,2020,14532.99,,,,,19.9,,,,0.183,,96.0,-0.034,,98.01,,,,,,,,,,,,,,,,,,,
PAN,Panama,1990,4828.759,,43.791,,,23.9,86.606,,20.968,0.3,,86.0,2.131,,97.61,,89.0,,,0.475,,0.703,0.539,32.24,9.722,0.672,71.266,7.41,,,,,0.3629252,45.0
PAN,Panama,1991,5172.607,54.096,48.375,,,23.4,,,22.734,0.286,,82.0,2.123,,97.66,,,,,,,,0.519,38.23,9.722,0.674,71.331,7.457,,,,,0.5086826,46.0
PAN,Panama,1992,5480.881,55.277,50.13,,,22.9,,,24.429,0.274,,77.0,2.094,,97.71,,,,,,,,0.517,39.43,9.722,0.68,71.461,7.504,,,,,0.3211437,47.0
PAN,Panama,1993,5661.076,56.31,51.854,,,22.6,,,26.271,0.256,,83.0,2.077,,97.74,,,,,,,,0.513,40.62,9.722,0.686,71.805,7.551,,,,,0.3888044,48.0
PAN,Panama,1994,5703.673,56.608,50.807,,,22.3,,,26.049,0.244,,83.0,2.061,,97.77,,,,,,,,0.509,41.44,9.722,0.688,71.943,7.598,,,,,-0.1116262,49.0
PAN,Panama,1995,5686.404,57.315,51.056,,,22.0,,,28.642,0.235,83.9,86.0,2.04,,97.8,91.61,,,,,,,0.506,42.54,9.722,0.69,71.994,7.645,,,,,-0.06249262,50.0
PAN,Panama,1996,5799.886,57.339,50.817,,,21.8,,,30.062,0.222,69.3,91.0,2.023,,97.82,93.07,,,,,,,0.498,42.84,9.722,0.694,72.199,7.692,,,,,-0.2759734,51.0
PAN,Panama,1997,6122.647,57.566,50.572,,,21.5,,,,0.209,61.7,95.0,2.011,,97.85,93.83,,,,,,,0.498,43.13,9.722,0.701,72.541,7.739,,,,,-0.3190799,52.0
PAN,Panama,1998,6504.97,58.828,50.591,,,21.2,,,37.606,0.199,65.8,98.0,1.997,,97.88,93.42,,,,,,,0.496,42.52,9.722,0.707,72.785,7.786,,,,,-0.3167254,53.0
PAN,Panama,1999,6709.723,58.801,50.826,,,20.8,93.128,57.078,39.532,0.189,60.7,92.0,1.981,,97.92,93.93,,,,,,,0.494,43.21,9.722,0.712,73.124,7.833,,,,,-0.2915238,54.0
PAN,Panama,2000,6856.149,59.1,50.134,,,20.3,94.875,58.315,42.537,0.182,61.7,98.0,1.964,,97.97,93.83,92.0,0.565790593624115,North America,0.727,0.229,0.577,0.495,40.9,9.859,0.718,73.443,7.88,,,,,-0.4188319,55.0
PAN,Panama,2001,6787.863,59.339,49.442,,23.2,19.7,96.16,60.39,41.647,0.173,76.7,99.0,1.946,76.8,98.03,92.33,,,,,,,0.494,39.4,9.859,0.723,73.82,8.02,,,,,-0.2309087,56.0
PAN,Panama,2002,6825.177,59.631,48.748,,19.4,19.0,98.307,62.186,40.784,0.164,71.3,99.0,1.93,80.6,98.1,92.87,,,,,,,0.48,45.85,9.859,0.73,74.195,8.16,,,,,-0.2399346,57.0
PAN,Panama,2003,7037.082,59.777,49.414,,17.4,18.4,,,44.273,0.159,68.0,98.0,1.914,82.6,98.16,93.2,,,,,,,0.479,46.36,9.859,0.735,74.567,8.3,,,,,-0.3515857,58.0
PAN,Panama,2004,7468.766,60.463,49.298,,16.2,17.8,98.022,61.625,43.045,0.156,43.0,95.0,1.905,83.8,98.22,95.7,,,,,,,0.451,46.47,16.667,0.741,74.845,8.44,,,,,-0.2544056,59.0
PAN,Panama,2005,7935.871,60.689,49.049,,14.8,17.2,97.57,61.793,41.665,0.151,66.0,92.0,1.885,85.2,98.28,93.4,,,,,,,0.439,47.25,16.667,0.746,75.16,8.58,,,,,-0.2446121,60.0
PAN,Panama,2006,8557.98,60.022,47.249,,13.5,16.6,98.188,,42.693,0.147,83.6,88.0,1.854,86.5,98.34,91.64,,,,,,,0.442,45.64,16.667,0.753,75.429,8.72,,,,,-0.12669,61.0
PAN,Panama,2007,9507.646,60.454,47.185,,12.3,16.1,98.009,,42.921,0.143,59.4,85.0,1.834,87.7,98.39,94.06,,,,,,,0.44,46.17,16.667,0.763,75.675,8.86,,,,,-0.0809981,62.0
PAN,Panama,2008,10288.155,61.954,49.587,,11.2,15.6,97.007,63.302,43.099,0.142,59.6,86.0,1.821,88.8,98.44,94.04,,,,,,,0.442,47.28,16.667,0.767,75.937,9.0,,,,,-0.02270457,63.0
PAN,Panama,2009,10267.063,59.8,49.976,,10.1,15.1,94.087,63.426,43.028,0.141,42.4,85.0,1.804,89.9,98.49,95.76,,,,,,,0.48,48.27,8.451,0.77,76.228,9.14,,,,,0.2176678,64.0
PAN,Panama,2010,10698.072,61.085,47.363,165.626,8.9,14.7,95.622,66.119,43.964,0.14,60.3,94.0,1.784,91.1,98.53,93.97,94.0,0.5160857439041138,North America,0.744,0.131,0.577,0.482,47.07,8.451,0.775,76.417,9.28,21.219,13.094,38.998,11.564,0.2480143,65.0
PAN,Panama,2011,11761.499,60.467,43.841,,7.9,14.3,94.535,65.57,41.886,0.138,80.5,87.0,1.775,92.1,98.57,91.95,,,,,,,0.482,45.57,8.451,0.781,76.659,9.42,21.384,13.783,38.998,11.369,0.2566973,66.0
PAN,Panama,2012,12668.295,62.56,46.223,,7.3,14.1,93.932,,43.663,0.134,64.9,85.0,1.765,92.7,98.59,93.51,,,,,,,0.479,47.87,8.451,0.798,76.877,9.56,21.207,13.422,38.998,11.2,0.222167,67.0
PAN,Panama,2013,13236.831,63.328,46.544,,7.1,13.9,93.057,70.402,,0.128,55.6,80.0,1.742,92.9,98.61,94.44,,,,,,,0.475,49.16,8.451,0.799,77.129,9.7,20.811,13.596,37.798,11.038,0.1879449,68.0
PAN,Panama,2014,13611.549,62.813,45.137,,7.1,13.7,90.58,69.049,44.625,0.119,58.5,80.0,1.73,92.9,98.63,94.15,,,,,,,0.424,49.63,19.298,0.798,77.365,9.84,20.591,13.126,37.667,10.981,0.1069774,69.0
PAN,Panama,2015,14082.655,62.805,43.25,176.3,7.0,13.6,87.289,69.729,47.582,0.115,52.7,73.0,1.73,93.0,98.64,94.73,,,,,,,0.419,50.3,18.31,0.803,77.583,9.98,20.478,12.517,38.27,10.647,0.03572769,70.0
PAN,Panama,2016,14474.124,63.064,43.621,,6.7,13.5,,,48.38,0.11,49.2,86.0,1.729,93.3,98.65,95.08,,,,,,,0.416,50.65,18.31,0.81,77.772,10.12,20.051,12.565,37.11,10.477,-0.0581216,71.0
PAN,Panama,2017,15045.546,62.355,43.713,,5.8,13.4,86.24,63.791,,0.108,35.4,81.0,1.713,94.2,98.66,96.46,,,,,,,0.412,50.73,18.31,0.815,77.901,10.26,20.405,12.152,38.553,10.508,-0.09346865,72.0
PAN,Panama,2018,15375.643,64.083,45.624,,5.0,13.1,,,,0.098,45.5,88.0,1.673,95.0,98.69,95.45,95.0,0.4921132326126098,North America,0.728,0.013,0.502,0.404,52.36,18.31,0.82,78.266,10.4,20.219,11.372,38.588,10.697,-0.000777725,73.0
PAN,Panama,2019,15602.542,64.224,46.305,,4.5,12.7,,,,0.088,40.0,88.0,1.591,95.5,98.73,96.0,96.0,0.4983735978603363,North America,0.731,0.1,0.499,0.392,54.54,21.127,0.824,78.514,10.54,20.239,11.072,38.858,10.788,-0.06184836,74.0
PAN,Panama,2020,12647.083,56.664,50.248,173.885,4.8,12.2,,,44.937,0.152,81.5,74.0,1.373,95.2,98.78,91.85,,,,,,,0.377,53.18,22.535,0.808,76.33,10.686,19.548,11.072,38.858,8.712,,
PNG,Papua New Guinea,1990,1892.307,,38.556,,,65.1,,,,1.794,,68.0,2.611,,93.49,,,,,,,,,,,,,,,,,,-0.1248118,45.0
PNG,Papua New Guinea,1991,2008.352,47.124,37.931,,,64.1,,,,1.729,,68.0,3.166,,93.59,,,,,,,,,,,,,,,,,,0.01572902,46.0
PNG,Papua New Guinea,1992,2206.996,47.019,36.95,,,63.0,,,,1.641,,58.0,3.539,,93.7,,,,,,,,,,,,,,,,,,-0.08251245,47.0
PNG,Papua New Guinea,1993,2515.638,46.852,35.606,,,62.0,,,,1.592,,58.0,3.633,,93.8,,,,,,,,,,,,,,,,,,0.04492366,48.0
PNG,Papua New Guinea,1994,2570.337,46.789,35.387,,,61.1,,,,1.525,,61.0,3.621,,93.89,,,,,,,,,,,,,,,,,,0.0471772,49.0
PNG,Papua New Guinea,1995,2397.4,46.847,36.098,,,60.2,,,3.219,1.477,,62.0,3.597,,93.98,,,,,,,,,,,,,,,,,,-0.04923264,50.0
PNG,Papua New Guinea,1996,2492.08,46.706,35.703,,,59.3,,,3.521,1.453,,56.0,3.576,,94.07,,,,,,,,,,,,,,,,,,-0.830437,51.0
PNG,Papua New Guinea,1997,2310.988,46.804,36.477,,,58.4,,,,1.444,,45.0,3.562,,94.16,,,,,,,,,,,,,,,,,,-0.7398668,52.0
PNG,Papua New Guinea,1998,2147.045,46.954,37.24,,,57.6,,,2.001,1.462,,60.0,3.516,,94.24,,,,,,,,,,,,,,,,,,-0.7132382,53.0
PNG,Papua New Guinea,1999,2112.095,46.95,37.411,,,56.8,,,1.95,1.437,,60.0,3.48,,94.32,,,,,,,,,,,,,,,,,,-0.7457385,54.0
PNG,Papua New Guinea,2000,1989.579,47.082,38.038,,,56.0,,,,1.431,,59.0,3.449,,94.4,,57.0,,,0.528,-0.361,0.62,0.665,71.34,1.835,0.456,61.609,3.365,,,,,-0.3915236,55.0
PNG,Papua New Guinea,2001,1920.78,47.211,38.408,,26.7,55.2,,,,1.421,,55.0,3.398,73.3,94.48,,,,,,,,0.666,68.97,1.835,0.458,61.647,3.425,,,,,-0.01120954,56.0
PNG,Papua New Guinea,2002,1854.418,47.304,38.779,,27.4,54.3,,,,1.422,,61.0,3.357,72.6,94.57,,,,,,,,0.667,66.61,1.835,0.461,61.643,3.485,,,,,0.05497606,57.0
PNG,Papua New Guinea,2003,1832.679,47.39,38.903,,28.1,53.4,,,,1.398,,68.0,3.32,71.9,94.66,,,,,,,,0.697,64.24,0.917,0.464,61.741,3.544,,,,,0.143843,58.0
PNG,Papua New Guinea,2004,1821.847,47.452,38.965,,29.0,52.4,,,,1.362,,62.0,3.278,71.0,94.76,,,,,,,,0.694,61.88,0.917,0.468,61.795,3.604,,,,,0.1697376,59.0
PNG,Papua New Guinea,2005,1875.823,47.461,38.655,,27.9,51.4,,,,1.339,,72.0,3.232,72.1,94.86,,,,,,,,0.693,59.51,0.917,0.473,61.868,3.664,,,,,0.3575636,60.0
PNG,Papua New Guinea,2006,1915.235,47.468,38.434,,27.9,50.4,,,,1.309,,70.0,3.189,72.1,94.96,,,,,,,,0.693,57.14,0.917,0.479,62.018,3.747,,,,,0.2094733,61.0
PNG,Papua New Guinea,2007,2000.973,47.434,37.973,,27.2,49.3,,,,1.292,,66.0,3.146,72.8,95.07,,,,,,,,0.693,54.78,0.917,0.485,62.211,3.829,,,,,-0.08854713,62.0
PNG,Papua New Guinea,2008,1934.032,47.504,38.33,,27.6,48.2,,,,1.23,,56.0,3.106,72.4,95.18,,,,,,,,0.685,52.41,0.917,0.489,62.511,3.912,,,,,-0.1207001,63.0
PNG,Papua New Guinea,2009,2003.241,47.471,37.959,,28.8,47.1,,,,1.159,,64.0,3.063,71.2,95.29,,,,,,,,0.683,50.05,0.917,0.495,62.772,3.994,,,,,0.008525193,64.0
PNG,Papua New Guinea,2010,2140.509,47.375,37.267,,29.9,45.9,,,,1.094,,55.0,3.02,70.1,95.41,,,,,,,,0.682,47.68,0.917,0.503,63.056,4.077,,,27.171,26.115,-0.1086589,65.0
PNG,Papua New Guinea,2011,2102.032,47.462,36.876,,30.1,44.8,,,,1.011,,58.0,2.915,69.9,95.52,,,,,,,,0.676,47.93,0.917,0.508,63.382,4.207,,,27.171,25.597,-0.01626933,66.0
PNG,Papua New Guinea,2012,2139.481,47.767,36.118,,28.6,43.7,,,,0.942,,57.0,2.786,71.4,95.63,,,,,,,,0.621,48.18,2.703,0.514,63.639,4.337,,,27.171,25.153,0.2262384,67.0
PNG,Papua New Guinea,2013,2162.106,48.061,35.437,,27.3,42.6,,,,0.878,,60.0,2.702,72.7,95.74,,,,,,,,0.614,48.42,2.703,0.522,63.927,4.467,,,27.171,24.817,0.1240994,68.0
PNG,Papua New Guinea,2014,2391.358,48.271,33.887,,27.6,41.5,,,,0.822,,52.0,2.624,72.4,95.85,,,,,,,,0.609,48.67,2.703,0.534,64.198,4.597,,,27.171,24.325,-0.05677514,69.0
PNG,Papua New Guinea,2015,2484.596,48.55,32.967,,27.8,40.4,,,,0.768,,49.0,2.546,72.2,95.96,,,,,,,,0.6,48.92,2.703,0.543,64.473,4.727,,,27.171,23.838,-0.2647578,70.0
PNG,Papua New Guinea,2016,2557.095,48.847,32.148,,28.2,39.3,73.65,32.381,,0.729,,46.0,2.468,71.8,96.07,,,,,,,,0.596,49.17,2.703,0.55,64.7,4.768,28.777,35.652,27.171,23.507,-0.197904,71.0
PNG,Papua New Guinea,2017,2584.888,49.117,31.502,,28.3,38.2,,,,0.692,171.0,36.0,2.393,71.7,96.18,82.9,70.06368,,,0.44,-0.664,0.705,0.82,49.41,0.0,0.555,64.923,4.81,28.607,35.652,27.171,22.997,-0.1060941,72.0
PNG,Papua New Guinea,2018,2518.459,49.486,31.187,,28.5,37.1,,,,0.673,,35.0,2.324,71.5,96.29,,,,,,,,0.818,49.66,0.0,0.559,65.114,4.851,28.515,35.652,27.171,22.721,0.09779291,73.0
PNG,Papua New Guinea,2019,2572.562,49.783,30.45,,28.2,36.1,,,,0.641,,35.0,2.258,71.8,96.39,,,,,,,,0.816,49.91,0.0,0.566,65.331,4.892,28.327,35.652,27.171,22.157,0.1236024,74.0
PNG,Papua New Guinea,2020,2438.611,49.523,29.619,123.102,28.3,35.1,,,,0.616,,40.0,2.129,71.7,96.49,,,,,,,,0.816,50.16,0.0,0.567,65.075,4.934,28.11,35.652,27.171,21.508,,
PRY,Paraguay,1990,4059.773,,62.313,,,37.7,92.565,,8.722,0.933,,67.0,2.711,,96.23,,,,,,,,0.607,50.78,5.6,0.607,67.341,5.745,,,,,-0.2200937,45.0
PRY,Paraguay,1991,4091.49,65.67,62.283,,,36.4,94.484,,,0.889,,66.0,2.656,,96.36,,,,,,,,0.607,48.16,5.6,0.613,67.676,5.846,,,,,-0.08743195,46.0
PRY,Paraguay,1992,4054.044,65.663,62.319,,,35.2,85.744,,,0.887,,73.0,2.602,,96.48,,90.0,,,0.479,,0.915,0.603,50.69,5.6,0.619,67.961,5.95,,,,,0.07498685,47.0
PRY,Paraguay,1993,4147.784,65.83,62.231,,,34.1,95.599,,10.948,0.874,,66.0,2.532,,96.59,,,,,,,,0.599,52.88,5.6,0.626,68.234,6.055,,,,,0.2895933,48.0
PRY,Paraguay,1994,4262.145,66.546,62.126,,,33.0,90.997,33.226,,0.868,,71.0,2.462,,96.7,,,,,,,,0.596,52.75,5.6,0.631,68.504,6.161,,,,,0.01212597,49.0
PRY,Paraguay,1995,4445.19,67.662,61.964,,,32.1,90.716,,9.946,0.853,130.7,68.0,2.395,,96.79,86.93,,,,,,,0.581,63.2,5.6,0.637,68.778,6.266,,,,,0.2065201,50.0
PRY,Paraguay,1996,4411.373,64.264,61.993,,,31.3,93.898,38.076,10.049,0.832,123.3,72.0,2.325,,96.87,87.67,,,,,,,0.578,57.7,5.6,0.646,69.05,6.372,,,,,0.11559,51.0
PRY,Paraguay,1997,4496.023,66.398,61.919,,,30.6,,,,0.815,101.8,75.0,2.254,,96.94,89.82,,,,,,,0.577,52.91,5.6,0.653,69.284,6.477,,,,,-0.04264727,52.0
PRY,Paraguay,1998,4402.111,66.855,62.001,,,29.9,,42.798,,0.794,110.9,79.0,2.179,,97.01,88.91,,,,,,,0.579,48.13,5.6,0.659,69.507,6.583,,,,,-0.009445527,53.0
PRY,Paraguay,1999,4252.491,65.875,62.134,,,29.3,95.52,45.661,14.313,0.766,114.4,82.0,2.082,,97.07,88.56,,,,,,,0.557,47.79,8.0,0.664,69.774,6.688,,,,,0.02335521,54.0
PRY,Paraguay,2000,4074.49,63.893,62.3,,,28.7,96.741,,17.292,0.733,164.0,86.0,1.935,,97.13,83.6,,,,,,,0.544,53.5,8.0,0.664,70.026,6.794,,,,,0.1055019,55.0
PRY,Paraguay,2001,3972.884,64.621,62.398,,10.3,28.1,96.506,51.659,19.337,0.702,159.7,89.0,1.688,89.7,97.19,84.03,,,,,,,0.541,52.57,8.0,0.671,70.281,6.899,,,,,0.1713117,56.0
PRY,Paraguay,2002,3916.44,62.291,62.455,,9.1,27.6,94.553,52.876,28.316,0.671,182.1,87.0,1.41,90.9,97.24,81.78999999999999,,,,,,,0.531,51.89,8.0,0.679,70.539,7.005,,,,,-0.03508861,57.0
PRY,Paraguay,2003,4035.718,62.992,57.651,,8.6,27.0,93.869,54.14,26.915,0.639,174.1,86.0,1.23,91.4,97.3,82.59,,,,,,,0.528,51.74,8.8,0.673,70.795,7.11,,,,,-0.08135998,58.0
PRY,Paraguay,2004,4151.346,66.724,61.477,,7.9,26.4,93.302,56.208,27.132,0.612,153.5,92.0,1.152,92.1,97.36,84.65,,,,,,,0.515,57.02,9.6,0.681,71.054,7.23,,,,,-0.02263275,59.0
PRY,Paraguay,2005,4193.281,66.888,58.783,,7.4,25.8,93.952,57.029,27.776,0.583,128.5,96.0,1.106,92.6,97.42,87.15,,,,,,,0.516,55.76,9.6,0.683,71.317,7.35,,,,,-0.1052198,60.0
PRY,Paraguay,2006,4349.312,63.508,58.97,,6.0,25.2,92.308,57.423,,0.546,121.4,98.0,1.042,94.0,97.48,87.86,,,,,,,0.513,51.25,9.6,0.684,71.584,7.07,,,,,-0.1409608,61.0
PRY,Paraguay,2007,4540.382,65.573,57.285,,4.6,24.6,90.563,58.112,31.088,0.507,127.3,95.0,0.98,95.4,97.54,87.27,95.0,0.5304040908813477,South America,0.594,-0.853,0.811,0.499,54.28,11.2,0.69,71.817,7.15,,,,,-0.1078761,62.0
PRY,Paraguay,2008,4788.663,66.243,58.585,,3.6,23.9,89.024,59.367,36.885,0.471,117.4,89.0,0.97,96.4,97.61,88.26,93.0,0.5070464611053467,South America,0.62,-0.871,0.759,0.489,53.87,13.6,0.7,72.047,7.39,,,,,-0.2343957,63.0
PRY,Paraguay,2009,4727.597,65.821,62.65,,2.9,23.3,87.98,59.909,39.772,0.428,125.3,86.0,1.022,97.1,97.67,87.47,94.0,0.4914507865905761,South America,0.636,-0.905,0.759,0.484,55.19,13.6,0.7,72.282,7.03,,,,,-0.3349158,64.0
PRY,Paraguay,2010,5191.05,64.643,56.992,175.692,2.5,22.7,87.917,60.942,37.618,0.374,100.8,91.0,1.17,97.5,97.73,89.92,94.0,0.5098243951797485,South America,0.64,-0.912,0.759,0.483,53.03,13.6,0.709,72.551,7.28,22.898,12.432,41.603,14.659,-0.3498698,65.0
PRY,Paraguay,2011,5342.19,64.745,56.829,,2.5,22.0,87.709,62.71,,0.328,88.8,92.0,1.327,97.5,97.8,91.12,,,,,,,0.479,54.68,13.6,0.715,72.787,7.53,23.24,12.282,43.088,14.35,-0.3567824,66.0
PRY,Paraguay,2012,5230.262,68.365,59.001,,2.5,21.4,87.198,65.885,,0.272,84.9,91.0,1.407,97.5,97.86,91.51,94.0,0.4763356447219848,South America,0.609,-0.9,0.807,0.463,59.91,13.6,0.719,73.105,7.78,21.178,12.587,36.951,13.996,-0.1900251,67.0
PRY,Paraguay,2013,5583.123,66.803,58.004,,2.5,20.8,,,,0.226,96.3,91.0,1.438,97.5,97.92,90.37,95.0,0.4793535768985748,South America,0.589,-0.879,0.828,0.443,57.89,18.4,0.73,73.292,8.29,21.261,12.811,37.301,13.672,0.151092,68.0
PRY,Paraguay,2014,5794.476,64.534,56.058,,2.5,20.2,,,,0.192,63.9,93.0,1.45,97.5,97.98,93.61,95.0,0.5070264339447021,South America,0.595,-0.938,0.826,0.449,54.67,16.8,0.733,73.415,8.25,22.003,12.271,40.376,13.362,0.06595705,69.0
PRY,Paraguay,2015,5879.338,64.831,54.053,182.385,2.5,19.5,,,,0.173,81.8,92.0,1.46,97.5,98.05,91.82,96.0,0.4760573208332062,South America,0.591,-0.998,0.838,0.452,55.13,16.8,0.737,73.454,8.52,20.662,11.957,36.967,13.061,0.01686775,70.0
PRY,Paraguay,2016,6041.959,66.289,57.661,,2.6,18.9,,,,0.161,86.4,92.0,1.451,97.4,98.11,91.36,95.0,0.4789971709251404,South America,0.591,-0.822,0.838,0.44,56.53,16.8,0.737,73.487,8.35,20.906,12.522,37.451,12.745,-0.05265671,71.0
PRY,Paraguay,2017,6243.134,66.679,58.414,,2.6,18.3,,,,0.156,67.3,91.0,1.423,97.4,98.17,93.27,,,,,,,0.441,57.9,16.0,0.74,73.45,8.47,20.735,12.629,37.14,12.436,-0.03823338,72.0
PRY,Paraguay,2018,6354.239,67.4,58.544,,2.7,17.7,,,,0.152,70.8,88.0,1.39,97.3,98.23,92.92,94.0,0.4595510065555572,South America,0.584,-0.605,0.787,0.44,59.46,16.0,0.744,73.627,8.59,19.701,12.955,34.126,12.021,-0.1335313,73.0
PRY,Paraguay,2019,6243.536,67.617,59.273,,3.1,17.2,,,,0.149,67.6,86.0,1.355,96.9,98.28,93.24,93.0,0.4565063714981079,South America,0.584,-0.577,0.791,0.436,60.35,16.8,0.747,73.668,8.81,19.734,13.322,34.096,11.784,-0.1788142,74.0
PRY,Paraguay,2020,6109.196,64.824,56.123,181.725,3.4,16.7,,,,0.174,78.9,79.0,1.352,96.6,98.33,92.11,95.0,0.4348194301128387,South America,0.582,-0.565,0.768,0.435,57.26,17.6,0.742,72.72,8.86,19.475,14.729,32.286,11.41,,
PER,Peru,1990,2706.923,,44.873,,,59.7,,,29.886,0.767,,72.0,2.215,,94.03,,,,,,,,0.569,47.8,10.833,0.625,63.979,7.775,,,,,-0.4560771,45.0
PER,Peru,1991,2709.278,56.21,44.871,,,57.0,,,31.33,0.782,,71.0,2.108,,94.3,,,,,,,,0.576,43.55,10.833,0.628,64.248,7.833,,,,,-0.42373,46.0
PER,Peru,1992,2640.314,55.915,44.933,,,54.1,,,30.836,0.736,,83.0,2.036,,94.59,,,,,,,,0.579,43.8,10.833,0.629,65.031,7.891,,,,,-0.1933144,47.0
PER,Peru,1993,2723.284,56.974,46.384,,,51.1,90.021,,27.471,0.701,,87.0,2.017,,94.89,,87.0,,,0.255,,0.691,0.602,29.75,10.833,0.633,65.732,7.95,,,,,-0.3452212,48.0
PER,Peru,1994,2998.577,58.051,47.835,,,47.9,,,26.318,0.662,,87.0,1.978,,95.21,,,,,,,,0.571,46.47,10.833,0.644,66.544,8.009,,,,,-0.1349568,49.0
PER,Peru,1995,3158.983,59.958,51.566,,,44.6,84.906,52.166,26.713,0.611,,90.0,1.938,,95.54,,,,,,,,0.564,49.48,10.833,0.654,67.22,8.068,,,,,-0.1266958,50.0
PER,Peru,1996,3186.901,61.147,58.53,,,41.3,84.507,53.248,25.356,0.546,,94.0,1.881,,95.87,,,,,,,,0.546,57.12,10.833,0.658,67.85,8.127,,,,,-0.157696,51.0
PER,Peru,1997,3331.152,62.562,65.211,,,38.1,84.031,53.446,25.387,0.483,185.0,90.0,1.849,,96.19,81.5,,,,,,,0.534,64.76,10.833,0.663,68.324,8.186,,,,,-0.2034351,52.0
PER,Peru,1998,3258.297,63.441,63.555,,,35.1,94.875,59.023,,0.427,,94.0,1.819,,96.49,,,,,,,,0.525,63.54,10.833,0.671,68.724,8.245,,,,,-0.132232,53.0
PER,Peru,1999,3250.378,64.744,62.311,,,32.4,96.096,59.742,38.012,0.371,,99.0,1.727,,96.76,,,,,,,,0.505,63.8,10.833,0.68,69.302,8.305,,,,,-0.188681,54.0
PER,Peru,2000,3286.273,62.518,62.464,,,29.9,96.785,62.005,33.414,0.336,,98.0,1.56,,97.01,,,,,,,,0.497,63.52,10.833,0.682,69.821,8.364,,,,,0.000645099,55.0
PER,Peru,2001,3261.664,65.303,58.986,,20.4,27.7,97.542,65.003,29.919,0.307,,90.0,1.368,79.6,97.23,,,,,,,,0.459,61.47,18.333,0.69,70.315,8.423,,,,,0.003143439,56.0
PER,Peru,2002,3398.75,66.523,59.991,,21.8,25.8,97.51,65.883,30.256,0.29,118.3,95.0,1.193,78.2,97.42,88.17,,,,,,,0.454,68.36,18.333,0.69,70.815,8.482,,,,,0.03144965,57.0
PER,Peru,2003,3502.792,68.053,60.99,,22.1,24.1,98.036,,30.32,0.282,123.8,94.0,1.065,77.9,97.59,87.62,,,,,,,0.45,61.81,18.333,0.689,71.278,8.541,,,,,0.03377933,58.0
PER,Peru,2004,3640.603,68.674,61.982,,20.7,22.7,96.721,66.033,32.166,0.289,120.8,86.0,0.98,79.3,97.73,87.92,88.0,0.4987955689430237,South America,0.795,-0.65,0.516,0.452,66.94,18.333,0.694,71.447,8.6,,,,,0.09580537,59.0
PER,Peru,2005,3835.132,69.553,62.966,,17.9,21.4,96.581,67.215,32.461,0.275,114.1,77.0,0.89,82.1,97.86,88.59,88.0,0.5044900178909302,South America,0.795,-0.696,0.516,0.448,64.29,18.333,0.691,71.988,7.92,,,,,-0.06867761,60.0
PER,Peru,2006,4091.363,72.965,66.024,,14.9,20.3,96.486,69.373,33.918,0.261,114.9,94.0,0.792,85.1,97.97,88.51,89.0,0.5033209323883057,South America,0.793,-0.757,0.533,0.414,67.54,29.167,0.697,72.337,7.93,,,,,-0.006092921,61.0
PER,Peru,2007,4407.791,75.036,67.814,,13.0,19.3,96.363,72.882,,0.245,110.5,93.0,0.725,87.0,98.07,88.95,90.0,0.5002136826515198,South America,0.801,-0.627,0.533,0.41,70.11,29.167,0.708,72.746,8.19,,,,,0.01172408,62.0
PER,Peru,2008,4778.526,75.07,68.485,,11.0,18.3,96.39,74.678,,0.23,107.9,93.0,0.658,89.0,98.17,89.21,,,,,,,0.406,70.27,29.167,0.714,72.743,8.19,,,,,-0.0035807,63.0
PER,Peru,2009,4801.172,75.466,68.641,,9.4,17.5,95.953,77.719,,0.221,96.1,93.0,0.617,90.6,98.25,90.39,,,,,,,0.403,70.54,27.5,0.717,72.631,8.22,,,,,-0.05029396,64.0
PER,Peru,2010,5167.393,76.389,69.115,189.501,8.5,16.8,96.603,77.707,,0.207,95.9,93.0,0.653,91.5,98.32,90.41,,,,,,,0.396,72.0,27.5,0.731,72.886,8.87,25.116,22.965,39.757,12.625,-0.08654337,65.0
PER,Peru,2011,5453.457,75.917,67.718,,7.6,16.2,96.509,78.928,,0.199,92.7,91.0,0.747,92.4,98.38,90.73,,,,,,,0.408,71.18,21.538,0.738,73.327,8.89,24.926,22.813,39.757,12.207,-0.03837113,66.0
PER,Peru,2012,5740.043,75.919,67.248,,6.7,15.7,91.859,75.32,,0.183,,95.0,0.837,93.3,98.43,,94.0,0.4444001615047455,South America,0.823,-0.187,0.514,0.405,70.86,21.538,0.748,73.979,9.08,24.587,22.119,39.757,11.886,-0.07555812,67.0
PER,Peru,2013,6021.461,75.079,65.79,,5.6,15.3,93.732,79.993,,0.171,80.6,88.0,0.901,94.4,98.47,91.94,,,,,,,0.404,70.15,21.538,0.757,74.591,9.14,23.429,21.957,36.767,11.563,-0.09938281,68.0
PER,Peru,2014,6103.919,74.592,64.136,,5.3,15.0,92.549,79.526,,0.162,83.5,88.0,0.994,94.7,98.5,91.65,94.0,0.4313880801200866,South America,0.82,-0.326,0.538,0.393,69.24,22.308,0.763,75.26,9.15,23.335,21.946,36.767,11.294,-0.1576595,69.0
PER,Peru,2015,6231.712,73.42,60.659,196.632,5.7,14.7,92.733,79.181,,0.155,78.3,90.0,1.128,94.3,98.53,92.17,94.0,0.4335605502128601,South America,0.816,-0.367,0.523,0.391,67.59,22.308,0.768,75.732,9.09,22.938,21.007,36.767,11.041,-0.1808571,70.0
PER,Peru,2016,6392.255,72.557,60.544,,6.2,14.5,95.29,82.807,73.222,0.145,63.0,90.0,1.334,93.8,98.55,93.7,94.0,0.4363897144794464,South America,0.781,-0.256,0.525,0.37,67.66,27.692,0.775,75.951,9.313,22.365,21.082,35.176,10.838,-0.1564433,71.0
PER,Peru,2017,6457.419,74.154,62.191,,6.5,14.4,94.919,85.585,71.24,0.138,68.0,89.0,1.473,93.5,98.56,93.2,94.0,0.4329266548156738,South America,0.788,-0.205,0.52,0.365,69.35,27.692,0.775,75.958,9.537,21.867,20.931,33.964,10.705,-0.1566954,72.0
PER,Peru,2018,6593.144,74.484,62.054,,6.0,14.3,95.652,89.31,,0.134,65.0,89.0,1.813,94.0,98.57,93.5,94.0,0.4236555993556976,South America,0.807,-0.324,0.508,0.365,69.81,27.692,0.78,76.018,9.76,21.213,20.523,32.567,10.547,-0.1374076,73.0
PER,Peru,2019,6626.261,74.748,62.216,,6.2,14.2,,,,0.121,55.9,88.0,1.715,93.8,98.58,94.41,,,,,,,0.367,69.99,30.0,0.784,76.275,9.89,20.431,20.041,31.014,10.239,-0.157183,74.0
PER,Peru,2020,5831.83,63.976,55.937,207.397,6.3,14.1,,,,0.148,80.9,72.0,1.193,93.7,98.59,91.91,94.0,0.4373981058597564,South America,0.819,-0.294,0.529,0.373,59.81,26.154,0.769,73.832,10.021,22.269,20.041,36.776,9.991,,
PHL,Philippines,1990,1704.076,,44.172,,,38.6,,,23.274,0.78,,88.0,2.561,,96.14,,94.0,,,0.579,,0.758,0.519,47.53,11.618,0.593,64.382,7.18,,,,,-0.6069349,45.0
PHL,Philippines,1991,1656.383,59.131,44.475,,,36.5,,,25.922,0.767,,90.0,2.401,,96.35,,,,,,,,0.517,47.05,11.618,0.594,64.622,7.219,,,,,-0.7452802,46.0
PHL,Philippines,1992,1624.349,59.095,44.683,,,34.8,95.628,55.429,25.014,0.69,,80.0,2.37,,96.52,,,,,,,,0.501,47.83,11.618,0.599,65.353,7.258,,,,,-0.4371732,47.0
PHL,Philippines,1993,1620.355,59.087,44.709,,,33.2,94.677,56.926,,0.659,,76.0,2.405,,96.68,,,,,,,,0.496,47.8,11.618,0.602,65.661,7.297,,,,,-0.7014838,48.0
PHL,Philippines,1994,1654.746,59.109,44.484,,,31.9,93.049,57.775,,0.634,172.0,73.0,2.18,,96.81,82.8,94.0,0.4288838803768158,Asia,0.551,,0.719,0.492,47.32,11.618,0.606,66.0,7.336,,,,,-0.5142468,49.0
PHL,Philippines,1995,1693.809,59.116,44.235,,,30.8,,,27.071,0.614,,70.0,2.188,,96.92,,,,,,,,0.492,49.04,11.618,0.609,66.311,7.375,,,,,-0.5233329,50.0
PHL,Philippines,1996,1752.238,59.093,43.873,,,29.8,95.757,58.005,28.523,0.574,,75.0,2.304,,97.02,,,,,,,,0.486,48.96,11.618,0.619,66.691,7.414,,,,,-0.6307118,51.0
PHL,Philippines,1997,1800.259,59.048,43.585,,,29.0,,,,0.548,,81.0,2.353,,97.1,,,,,,,,0.481,48.93,11.618,0.623,66.994,7.453,,,,,-0.8619583,52.0
PHL,Philippines,1998,1746.526,59.044,43.907,,,28.3,91.859,48.575,26.65,0.524,,81.0,2.515,,97.17,,,,,,,,0.476,49.29,12.917,0.624,67.212,7.492,,,,,-0.8715408,53.0
PHL,Philippines,1999,1759.421,58.996,43.829,,,27.7,88.987,49.828,27.522,0.497,,80.0,2.556,,97.23,,,,,,,,0.472,49.95,12.917,0.628,67.503,7.531,,,,,-0.8306408,54.0
PHL,Philippines,2000,1793.348,58.947,43.625,,,27.3,,,,0.472,,78.0,2.379,,97.27,,93.0,0.4279947280883789,Asia,0.588,-0.204,0.769,0.476,48.37,11.837,0.632,67.789,7.57,,,,,-0.4823561,55.0
PHL,Philippines,2001,1807.709,58.975,43.54,,18.5,26.8,89.534,50.884,28.648,0.485,,79.0,2.206,81.5,97.32,,,,,,,,0.48,47.61,11.837,0.636,67.829,7.838,,,,,-0.3840552,56.0
PHL,Philippines,2002,1837.254,58.993,43.368,,18.3,26.4,89.632,54.627,28.348,0.454,,79.0,2.028,81.7,97.36,,,,,,,,0.446,51.7,17.227,0.643,67.886,8.105,,,,,-0.4697146,57.0
PHL,Philippines,2003,1892.822,58.987,43.051,,17.8,25.9,89.909,57.367,27.23,0.446,,84.0,1.982,82.2,97.41,,93.0,0.414946585893631,Asia,0.534,-0.147,0.749,0.447,46.93,17.227,0.648,68.049,8.373,,,,,-0.5199551,58.0
PHL,Philippines,2004,1978.345,59.337,43.768,,17.6,25.5,89.358,59.289,26.546,0.419,,88.0,1.943,82.4,97.45,,,,,,,,0.458,46.6,15.385,0.655,68.301,8.64,,,,,-0.4303349,59.0
PHL,Philippines,2005,2037.878,59.252,43.383,,17.3,25.0,88.555,58.876,25.823,0.398,,89.0,1.859,82.7,97.5,,,,,,,,0.455,47.34,15.385,0.656,68.423,8.658,,,,,-0.4571134,60.0
PHL,Philippines,2006,2110.42,58.93,42.76,,17.0,24.5,86.791,59.044,26.247,0.436,,88.0,1.682,83.0,97.55,,,,,,,,0.459,47.48,15.385,0.654,68.172,8.675,,,,,-0.482785,61.0
PHL,Philippines,2007,2209.347,59.155,41.973,,16.7,24.1,87.096,59.81,,0.411,,87.0,1.735,83.3,97.59,,,,,,,,0.443,47.48,20.229,0.659,68.549,8.693,,,,,-0.4480078,62.0
PHL,Philippines,2008,2264.946,58.794,41.472,,16.4,23.8,88.123,60.343,27.129,0.409,221.0,87.0,1.767,83.6,97.62,77.9,95.0,,,0.466,0.048,0.809,0.442,46.95,20.229,0.662,68.643,8.71,,,,,-0.4979418,63.0
PHL,Philippines,2009,2256.726,59.065,41.843,,16.0,23.4,89.889,61.046,26.606,0.405,,88.0,1.802,84.0,97.66,,,,,,,,0.442,47.75,20.69,0.662,68.631,8.81,,,,,-0.5049389,64.0
PHL,Philippines,2010,2373.143,59.22,41.432,164.723,15.7,23.1,,,27.755,0.383,,88.0,2.048,84.3,97.69,,,,,,,,0.442,48.0,21.452,0.669,68.883,8.91,19.91,13.5,29.898,16.331,-0.5070622,65.0
PHL,Philippines,2011,2416.752,59.995,43.141,,14.9,22.8,,,29.071,0.367,,89.0,1.965,85.1,97.72,,,,,,,,0.438,48.83,22.15,0.674,69.096,8.99,19.837,13.5,29.898,16.112,-0.3497964,66.0
PHL,Philippines,2012,2533.741,59.57,42.626,,14.3,22.6,,,29.63,0.341,,89.0,1.942,85.7,97.74,,,,,,,,0.434,48.36,22.15,0.681,69.237,9.07,19.871,13.5,30.198,15.914,-0.4531034,67.0
PHL,Philippines,2013,2654.415,59.297,41.83,,13.7,22.4,,,31.87,0.33,,85.0,1.88,86.3,97.76,,96.0,,,0.551,0.206,0.719,0.421,48.25,27.157,0.687,69.283,9.15,19.118,11.556,30.198,15.599,-0.5136665,68.0
PHL,Philippines,2014,2776.92,59.933,42.556,,12.9,22.3,95.363,66.357,33.874,0.302,,80.0,1.643,87.1,97.77,,,,,,,,0.407,49.03,27.157,0.689,69.311,8.907,19.071,11.556,30.198,15.459,-0.4874269,69.0
PHL,Philippines,2015,2909.858,59.521,40.461,171.004,11.4,22.2,95.076,65.559,35.875,0.289,,76.0,1.479,88.6,97.78,,98.0,0.4035149812698364,Asia,0.549,0.16,0.719,0.403,48.57,27.07,0.69,69.45,8.665,18.283,11.556,27.887,15.404,-0.5061276,70.0
PHL,Philippines,2016,3076.337,59.93,39.973,,9.7,22.3,94.366,,38.345,0.259,,84.0,1.342,90.3,97.77,,,,,,,,0.394,48.07,29.43,0.69,69.49,8.423,18.275,11.556,27.887,15.382,-0.7333866,71.0
PHL,Philippines,2017,3247.45,57.632,37.103,,7.8,22.4,93.776,,33.684,0.214,,84.0,1.288,92.2,97.76,,,,,,,,0.391,44.92,29.114,0.694,69.966,8.18,17.736,10.096,27.887,15.225,-0.8038916,72.0
PHL,Philippines,2018,3410.936,57.602,35.7,,6.4,22.6,,,28.117,0.217,,84.0,1.237,93.6,97.74,,,,,,,,0.381,45.39,29.114,0.7,69.761,8.575,16.889,10.096,25.258,15.314,-0.345573,73.0
PHL,Philippines,2019,3575.882,58.115,34.753,,5.8,22.7,,,30.055,0.2,,84.0,1.216,94.2,97.73,,96.0,,,0.45,0.06,0.755,0.371,46.42,28.049,0.708,69.68,8.97,16.882,10.096,25.258,15.293,-0.4390589,74.0
PHL,Philippines,2020,3198.667,53.365,30.127,160.685,5.2,22.8,,,31.632,0.18,,83.0,1.146,94.8,97.72,,98.0,,,0.425,0.068,0.779,0.362,42.54,28.049,0.699,70.097,8.89,16.812,10.096,25.258,15.082,,
POL,Poland,1990,5111.345,,43.96,,,15.2,,,,0.033,,96.0,0.392,,98.48,,,,,,,,0.294,63.06,12.679,0.722,70.606,9.668,,,,,1.284352,45.0
POL,Poland,1991,4735.928,52.986,45.25,,,14.8,,,,0.032,,95.0,0.355,,98.52,,,,,,,,0.292,63.06,12.679,0.72,70.653,9.855,,,,,1.31175,46.0
POL,Poland,1992,4840.169,52.715,44.871,,,14.4,,,,0.028,,95.0,0.307,,98.56,,,,,,,,0.271,62.59,12.679,0.724,70.9,10.043,,,,,1.34011,47.0
POL,Poland,1993,5008.349,51.727,42.326,,,13.9,,,,0.024,,95.0,0.254,,98.61,,,,,,,,0.261,62.13,12.679,0.737,71.344,10.231,,,,,1.389885,48.0
POL,Poland,1994,5262.315,50.891,41.629,,,13.3,,,,0.021,,96.0,0.211,,98.67,,,,,,,,0.253,62.09,12.679,0.747,71.683,10.419,,,,,1.472379,49.0
POL,Poland,1995,5671.896,50.653,39.8,,,12.5,,,,0.017,,96.0,0.136,,98.75,,,,,,,,0.232,61.02,12.679,0.754,71.959,10.606,,,,,1.253139,50.0
POL,Poland,1996,6012.958,50.725,39.082,,,11.5,,,,0.015,,97.0,0.076,,98.85,,,,,,,,0.221,60.5,12.679,0.763,72.253,10.734,,,,,1.370716,51.0
POL,Poland,1997,6391.132,50.942,36.12,,,10.4,,,,0.013,,98.0,0.065,,98.96,,,,,,,,0.216,50.19,12.679,0.775,72.591,10.861,,,,,1.411611,52.0
POL,Poland,1998,6684.115,51.105,35.403,,,9.5,,,,0.011,,98.0,0.036,,99.05,,,,,,,,0.211,49.95,12.679,0.784,72.847,10.988,,,,,1.223165,53.0
POL,Poland,1999,6998.795,49.229,34.582,,,8.7,96.929,89.732,,0.009,,98.0,-0.008,,99.13,,,,,,,,0.205,49.69,12.679,0.793,73.224,11.116,,,,,1.138405,54.0
POL,Poland,2000,7401.577,47.203,37.015,,,8.1,96.578,90.204,,0.008,,98.0,-1.044,,99.19,,,,,,,,0.203,48.87,12.679,0.801,73.645,11.243,,,,,1.185152,55.0
POL,Poland,2001,7494.961,45.869,37.637,,2.5,7.6,96.313,91.151,56.346,0.007,,98.0,-0.028,97.5,99.24,,,,,,,,0.165,49.69,20.714,0.809,74.177,11.346,,,,,1.165221,56.0
POL,Poland,2002,7640.993,44.185,35.843,,2.5,7.3,95.42,92.099,59.536,0.006,,99.0,-0.046,97.5,99.27,,,,,,,,0.163,48.84,20.714,0.816,74.518,11.45,,,,,1.122605,57.0
POL,Poland,2003,7915.554,44.014,34.576,,2.5,7.0,94.485,92.533,60.621,0.005,,99.0,-0.067,97.5,99.3,,,,,,,,0.16,48.19,20.714,0.822,74.772,11.57,,,,,1.238236,58.0
POL,Poland,2004,8323.388,44.318,33.7,,2.5,6.7,93.689,90.803,61.744,0.005,,99.0,-0.059,97.5,99.33,,,,,,,,0.157,47.69,20.714,0.82,74.943,11.69,,,,,1.111491,59.0
POL,Poland,2005,8598.577,45.156,33.366,,2.5,6.5,93.081,92.973,63.779,0.005,,99.0,-0.044,97.5,99.35,,,,,,,,0.16,47.63,19.107,0.826,75.127,11.81,,,,,1.042614,60.0
POL,Poland,2006,9137.659,46.718,34.309,,2.5,6.3,93.135,92.734,65.09,0.004,,99.0,-0.063,97.5,99.37,,,,,,,,0.16,47.01,19.107,0.831,75.25,11.93,,,,,1.025747,61.0
POL,Poland,2007,9760.704,48.851,33.218,,2.5,6.0,93.214,92.175,66.942,0.004,,99.0,-0.054,97.5,99.4,,,,,,,,0.166,46.77,18.214,0.836,75.414,12.05,,,,,1.042671,62.0
POL,Poland,2008,10187.202,50.724,33.257,,2.5,5.7,93.392,91.265,70.295,0.004,,99.0,0.014,97.5,99.43,,,,,,,,0.172,47.17,18.036,0.841,75.583,12.17,,,,,1.054451,63.0
POL,Poland,2009,10446.529,50.76,33.954,,2.5,5.4,94.081,90.262,72.679,0.004,,99.0,0.068,97.5,99.46,,,,,,,,0.173,47.8,17.857,0.846,75.906,12.34,,,,,1.181562,64.0
POL,Poland,2010,10808.398,50.782,34.753,224.704,2.5,5.1,94.573,89.641,76.557,0.003,,99.0,-0.286,97.5,99.49,,,,,,,,0.17,48.25,17.857,0.852,76.282,12.31,9.982,6.176,18.678,5.093,1.066014,65.0
POL,Poland,2011,11370.313,50.996,33.74,,2.5,4.9,94.671,89.015,75.802,0.003,,99.0,0.054,97.5,99.51,,,,,,,,0.152,48.41,21.786,0.858,76.568,12.55,9.94,5.967,18.917,4.935,1.028256,66.0
POL,Poland,2012,11542.235,51.071,33.662,,2.5,4.7,95.46,89.146,75.038,0.003,,99.0,-0.0,97.5,99.53,,,,,,,,0.151,48.77,21.786,0.863,76.775,12.78,10.027,5.928,19.292,4.859,1.034922,67.0
POL,Poland,2013,11628.229,50.89,33.269,,2.5,4.5,96.01,90.924,73.317,0.003,,99.0,-0.06,97.5,99.55,,,,,,,,0.149,48.6,21.786,0.873,77.076,12.78,10.012,5.653,19.61,4.772,1.024944,68.0
POL,Poland,2014,12093.162,51.954,33.855,,2.5,4.3,96.005,91.522,70.239,0.002,,98.0,-0.075,97.5,99.57,,,,,,,,0.144,48.8,22.321,0.873,77.312,12.84,9.392,4.703,18.841,4.633,1.025504,69.0
POL,Poland,2015,12637.522,52.81,32.886,233.594,2.5,4.2,,92.668,69.373,0.002,,98.0,-0.067,97.5,99.58,,,,,,,,0.133,48.83,24.821,0.879,77.589,12.92,9.085,4.415,18.306,4.533,1.170171,70.0
POL,Poland,2016,13026.186,53.788,34.608,,2.5,4.1,,93.446,69.85,0.002,,98.0,-0.043,97.5,99.59,,,,,,,,0.131,48.81,24.821,0.884,77.639,13.0,8.561,5.44,15.773,4.471,1.146529,71.0
POL,Poland,2017,13695.645,54.761,34.938,,2.5,4.0,95.785,94.084,70.617,0.003,,96.0,0.012,97.5,99.6,,,,,,,,0.125,48.89,25.536,0.882,77.716,13.04,8.162,5.209,14.818,4.459,1.132644,72.0
POL,Poland,2018,14551.085,55.327,35.133,,2.5,3.9,,,71.022,0.002,,95.0,-0.0,97.5,99.61,,,,,,,,0.119,48.91,25.536,0.884,77.623,13.08,8.272,4.937,15.526,4.354,1.256376,73.0
POL,Poland,2019,15221.309,55.593,35.239,,2.5,3.8,,,70.907,0.002,,95.0,-0.024,97.5,99.62,,,,,,,,0.108,48.59,27.857,0.887,77.921,13.12,8.447,4.855,16.171,4.313,1.219414,74.0
POL,Poland,2020,15090.223,55.586,31.867,251.923,2.5,3.8,,,70.973,0.004,,94.0,-1.192,97.5,99.62,,,,,,,,0.099,48.35,27.857,0.88,76.595,13.16,9.304,4.459,19.264,4.187,,
PRT,Portugal,1990,14593.271,,58.465,,,11.5,99.711,,,0.025,,89.0,-0.218,,98.85,,,,,,,,0.267,47.52,13.043,0.707,74.304,5.271,,,,,1.618576,45.0
PRT,Portugal,1991,15265.879,58.589,56.679,,,10.6,98.831,,,0.024,,96.0,-0.23,,98.94,,88.0,,,0.863,,0.106,0.26,49.89,13.043,0.718,74.241,5.44,,,,,1.375522,46.0
PRT,Portugal,1992,15444.201,56.606,51.157,,,9.7,99.624,,,0.022,,94.0,-0.078,,99.03,,,,,,,,0.255,49.46,13.043,0.735,74.871,5.614,,,,,1.312995,47.0
PRT,Portugal,1993,15110.139,55.45,47.566,,,8.8,99.731,69.275,,0.021,,93.0,0.122,,99.12,,,,,,,,0.241,49.48,13.043,0.751,74.761,5.789,,,,,1.3816,48.0
PRT,Portugal,1994,15214.931,54.581,45.277,,,8.1,99.012,76.776,,0.018,,97.0,0.269,,99.19,,,,,,,,0.233,49.57,13.043,0.765,75.73,5.963,,,,,1.388303,49.0
PRT,Portugal,1995,15811.717,54.145,43.099,,,7.5,99.477,75.256,,0.016,,93.0,0.346,,99.25,,,,,,,,0.228,49.47,13.043,0.773,75.55,6.137,,,,,1.14333,50.0
PRT,Portugal,1996,16304.379,54.23,42.271,,,7.0,99.576,,,0.016,,95.0,0.376,,99.3,,,,,,,,0.226,49.34,13.043,0.781,75.476,6.311,,,,,1.442467,51.0
PRT,Portugal,1997,16946.087,55.258,44.179,,,6.6,,,,0.016,,94.0,0.446,,99.34,,,,,,,,0.225,49.44,13.043,0.789,75.922,6.486,,,,,1.416581,52.0
PRT,Portugal,1998,17671.314,57.758,47.123,,,6.3,,,,0.014,,97.0,0.505,,99.37,,,,,,,,0.216,51.88,13.043,0.795,76.116,6.66,,,,,1.202836,53.0
PRT,Portugal,1999,18258.091,57.868,46.355,,,5.9,,80.644,,0.014,,97.0,0.566,,99.41,,,,,,,,0.19,52.3,18.696,0.793,76.322,6.71,,,,,1.117216,54.0
PRT,Portugal,2000,18822.093,58.484,44.822,,,5.5,97.02,81.659,,0.013,,96.0,0.703,,99.45,,,,,,,,0.201,52.71,17.391,0.797,76.83,6.79,,,,,1.038711,55.0
PRT,Portugal,2001,19053.09,59.097,46.59,,2.5,5.1,,79.308,,0.012,,97.0,0.705,97.5,99.49,,,,,,,,0.187,53.45,18.696,0.801,77.152,6.88,,,,,1.077052,56.0
PRT,Portugal,2002,19095.11,59.227,47.15,,2.5,4.7,,79.094,,0.012,,98.0,0.548,97.5,99.53,,,,,,,,0.186,54.07,19.13,0.804,77.37,6.96,,,,,1.150575,57.0
PRT,Portugal,2003,18846.541,58.182,44.881,,2.5,4.3,,80.356,,0.011,,99.0,0.375,97.5,99.57,,,,,,,,0.179,54.77,19.13,0.808,77.583,7.15,,,,,1.083868,58.0
PRT,Portugal,2004,19137.837,57.618,42.656,,2.5,3.9,,,,0.01,8.2,95.0,0.239,97.5,99.61,99.18,,,,,,,0.177,54.29,19.13,0.809,78.427,7.39,,,,,0.9867841,59.0
PRT,Portugal,2005,19251.715,57.154,42.118,,2.5,3.7,97.96,82.052,,0.011,2.7,93.0,0.186,97.5,99.63,99.73,,,,,,,0.165,55.29,21.304,0.81,78.317,7.49,,,,,0.9086483,60.0
PRT,Portugal,2006,19529.312,57.301,41.653,,2.5,3.4,97.767,82.641,,0.01,4.7,97.0,0.18,97.5,99.66,99.53,,,,,,,0.158,55.54,21.304,0.815,79.089,7.62,,,,,0.9991051,61.0
PRT,Portugal,2007,19979.571,57.226,41.329,,2.5,3.3,,,,0.01,,97.0,0.196,97.5,99.67,,,,,,,,0.137,55.95,28.261,0.821,79.309,7.67,,,,,0.9717965,62.0
PRT,Portugal,2008,20014.475,57.319,40.892,,2.5,3.2,,,,0.011,,97.0,0.144,97.5,99.68,,,,,,,,0.134,55.83,28.261,0.826,79.603,7.78,,,,,0.9417787,63.0
PRT,Portugal,2009,19371.132,55.522,38.696,,2.5,3.1,99.195,,,0.011,,96.0,0.095,97.5,99.69,,,,,,,,0.132,55.65,27.391,0.831,79.829,7.93,,,,,0.8849406,64.0
PRT,Portugal,2010,19698.684,54.609,36.119,226.451,2.5,3.0,99.314,,,0.012,,98.0,0.046,97.5,99.7,,,,,,,,0.127,55.87,27.391,0.836,80.115,8.06,13.39,18.146,18.538,3.488,0.9286838,65.0
PRT,Portugal,2011,19389.64,52.784,38.124,,2.5,3.0,98.849,,,0.011,,97.0,-0.147,97.5,99.7,,94.0,0.3634467720985412,Europe,0.888,0.921,0.092,0.12,54.62,28.696,0.843,80.582,8.28,14.054,18.951,19.552,3.659,0.9223216,66.0
PRT,Portugal,2012,18679.763,50.803,36.943,,2.5,3.0,98.95,,,0.011,,98.0,-0.405,97.5,99.7,,,,,,,,0.114,54.69,28.696,0.844,80.555,8.5,14.595,19.775,20.315,3.696,0.9205332,67.0
PRT,Portugal,2013,18597.721,49.638,34.967,,2.5,2.9,98.815,92.515,,0.01,,98.0,-0.549,97.5,99.71,,,,,,,,0.099,54.14,31.304,0.849,80.903,8.66,14.221,18.634,20.58,3.448,0.933124,68.0
PRT,Portugal,2014,18836.897,50.619,34.427,,2.5,2.9,98.4,92.784,,0.011,,98.0,-0.539,97.5,99.71,,,,,,,,0.091,53.82,31.304,0.854,81.314,8.87,14.174,18.03,21.071,3.423,0.9638147,69.0
PRT,Portugal,2015,19215.781,51.291,33.639,233.714,2.5,2.9,97.454,93.586,61.796,0.012,,98.0,-0.414,97.5,99.71,,,,,,,,0.083,53.75,34.783,0.857,81.321,8.99,13.679,17.505,20.1,3.433,0.9320621,70.0
PRT,Portugal,2016,19662.823,51.955,33.334,,2.5,2.9,96.737,93.945,63.239,0.013,,98.0,-0.315,97.5,99.71,,,,,,,,0.081,53.5,34.783,0.859,81.364,9.11,13.209,16.324,19.775,3.527,0.9486898,71.0
PRT,Portugal,2017,20364.196,53.654,34.061,,2.5,2.9,97.564,94.665,64.204,0.015,,98.0,-0.244,97.5,99.71,,,,,,,,0.083,54.07,34.783,0.864,81.66,9.22,12.799,15.776,19.379,3.243,1.033723,72.0
PRT,Portugal,2018,20997.775,54.846,34.256,,2.5,2.9,,,65.113,0.016,,99.0,-0.16,97.5,99.71,,,,,,,,0.08,54.48,34.783,0.866,81.591,9.14,12.104,14.965,17.73,3.617,0.9633084,73.0
PRT,Portugal,2019,21569.187,55.189,34.273,,2.5,2.8,,,66.092,0.016,,99.0,0.024,97.5,99.72,,,,,,,,0.077,54.78,38.696,0.872,81.959,9.33,11.83,14.627,17.496,3.367,1.09197,74.0
PRT,Portugal,2020,19778.714,53.643,30.444,243.696,2.5,2.7,,,68.157,0.015,20.1,99.0,0.105,97.5,99.73,97.99,,,,,,,0.071,53.47,40.0,0.87,81.366,9.58,10.957,13.053,16.719,3.1,,
PRI,Puerto Rico,1990,18733.645,,29.13,,,,,,,0.071,,,0.89,,,,,,,,,,,,,,,,,,,,,
PRI,Puerto Rico,1991,19030.242,38.255,30.64,,,,,,,0.057,,,0.707,,,,,,,,,,,,,,,,,,,,,
PRI,Puerto Rico,1992,19770.768,37.855,29.501,,,,,,,0.056,,,0.645,,,,,,,,,,,,,,,,,,,,,
PRI,Puerto Rico,1993,20515.521,39.152,33.357,,,,,,,0.055,,,0.842,,,,,,,,,,,,,,,,,,,,,
PRI,Puerto Rico,1994,21176.67,39.805,32.563,,,,,,,0.052,,,0.929,,,,,,,,,,,,,,,,,,,,,
PRI,Puerto Rico,1995,21936.418,39.678,31.78,,,,,,,0.05,14.2,,0.924,,,98.58,,,,,,,,,,,,,,,,,,
PRI,Puerto Rico,1996,22193.579,40.486,32.659,,,,,,,0.049,17.0,,1.122,,,98.3,,,,,,,,,,,,,,,,,,
PRI,Puerto Rico,1997,23061.334,41.117,34.643,,,,,,,0.047,15.6,,0.929,,,98.44,,,,,,,,,,,,,,,,,,
PRI,Puerto Rico,1998,24197.31,41.15,34.91,,,,,,,0.043,6.6,,0.575,,,99.34,,,,,,,,,,,,,,,,,,
PRI,Puerto Rico,1999,25374.102,41.74,34.682,,,,,,,0.041,18.4,,0.501,,,98.16,,,,,,,,,,,,,,,,,,
PRI,Puerto Rico,2000,26131.963,41.309,32.759,,,,,,,0.041,30.3,,0.277,,,96.97,,,,,,,,,,,,,,,,,,
PRI,Puerto Rico,2001,27722.367,40.818,33.19,,,,,,,0.037,12.5,,0.214,,,98.75,,,,,,,,,,,,,,,,,,
PRI,Puerto Rico,2002,27940.383,40.684,33.623,,,,,,,0.033,11.3,,0.129,,,98.87,,,,,,,,,,,,,,,,,,
PRI,Puerto Rico,2003,27937.817,41.208,34.987,,,,,,,0.032,15.7,,0.063,,,98.43,,,,,,,,,,,,,,,,,,
PRI,Puerto Rico,2004,30375.79,41.858,34.645,,,,,,,0.033,27.3,,0.02,,,97.27,,,,,,,,,,,,,,,,,,
PRI,Puerto Rico,2005,29815.216,42.286,36.242,,,,,,,0.033,11.8,,-0.144,,,98.82,,,,,,,,,,,,,,,,,,
PRI,Puerto Rico,2006,29519.739,42.03,32.47,,,,,,,0.03,8.2,,-0.423,,,99.18,,,,,,,,,,,,,,,,,,
PRI,Puerto Rico,2007,29347.846,41.088,28.872,,,,,,78.609,0.028,25.7,,-0.586,,,97.43,,,,,,,,,,,,,,,,,,
PRI,Puerto Rico,2008,28976.131,39.657,27.936,,,,,,84.457,0.026,10.9,,-0.587,,,98.91,,,,,,,,,,,,,,,,,,
PRI,Puerto Rico,2009,28565.768,36.72,25.241,,,,,,86.697,0.025,22.3,,-0.545,,,97.77,,,,,,,,,,,,,,,,,,
PRI,Puerto Rico,2010,28569.508,35.154,22.726,,,,89.709,,90.731,0.025,14.2,,-0.427,,,98.58,,,,,,,,,,,,,,,,,,
PRI,Puerto Rico,2011,28706.021,34.142,22.268,,,,82.461,76.267,91.798,0.024,12.2,,-0.836,,,98.78,,,,,,,,,,,,,,,,,,
PRI,Puerto Rico,2012,28968.694,34.112,22.224,,,,83.28,77.383,94.007,0.023,2.6,,-0.882,,,99.74,,,,,,,,,,,,,,,,,,
PRI,Puerto Rico,2013,29115.355,33.678,22.198,,,,82.826,79.943,95.372,0.02,5.5,,-0.812,,,99.45,,,,,,,,,,,,,,,,,,
PRI,Puerto Rico,2014,29141.204,32.97,22.192,,,,82.694,81.478,97.202,0.02,8.7,,-1.286,,,99.13,,,,,,,,,,,,,,,,,,
PRI,Puerto Rico,2015,29242.041,33.459,22.183,,,,80.905,81.326,100.707,0.018,28.8,,-1.4,,,97.12,,,,,,,,,,,,,,,,,,
PRI,Puerto Rico,2016,29326.575,33.653,22.181,,,,76.271,75.919,100.643,0.017,17.7,,-1.56,,,98.23,,,,,,,,,,,,,,,,,,
PRI,Puerto Rico,2017,29061.556,34.107,22.24,,,,,,100.739,0.016,28.7,,-2.02,,,97.13,,,,,,,,,,,,,,,,,,
PRI,Puerto Rico,2018,28808.852,35.032,22.3,,,,,,107.502,0.012,28.0,,-3.586,,,97.2,,,,,,,,,,,,,,,,,,
PRI,Puerto Rico,2019,29185.097,35.388,22.261,,,,,,95.691,0.01,34.4,,0.364,,,96.56,,,,,,,,,,,,,,,,,,
PRI,Puerto Rico,2020,28144.722,35.76,21.102,,,,,,88.415,0.008,15.8,,-0.641,,,98.42,,,,,,,,,,,,,,,,,,
QAT,Qatar,1990,40125.397,,67.541,,,17.4,85.707,66.296,17.968,0.062,,82.0,3.356,,98.26,,,,,,,,,,,,,,,,,,-0.5778999,45.0
QAT,Qatar,1991,38185.105,83.115,67.875,,,16.3,81.159,67.939,17.257,0.058,,86.0,3.28,,98.37,,,,,,,,,,,,,,,,,,-0.7906494,46.0
QAT,Qatar,1992,41171.674,82.792,67.578,,,15.2,78.31,67.797,16.954,0.056,,88.0,3.203,,98.48,,,,,,,,,,,,,,,,,,-0.4971612,47.0
QAT,Qatar,1993,39377.827,82.956,67.554,,,14.3,77.182,73.986,18.669,0.054,,90.0,3.121,,98.57,,,,,,,,,,,,,,,,,,-0.7054722,48.0
QAT,Qatar,1994,38743.968,83.041,67.18,,,13.5,81.715,76.092,18.97,0.05,,91.0,3.032,,98.65,,,,,,,,,,,,,,,,,,-0.8875527,49.0
QAT,Qatar,1995,38526.807,83.107,66.53,,,12.8,,,20.534,0.049,,92.0,2.933,,98.72,,,,,,,,,,,,,,,,,,-0.8564283,50.0
QAT,Qatar,1996,39095.011,83.109,65.6,,,12.2,,,22.482,0.045,,92.0,2.817,,98.78,,,,,,,,,,,,,,,,,,-0.9233018,51.0
QAT,Qatar,1997,48844.859,82.191,64.337,,,11.7,,,23.928,0.041,,92.0,3.98,,98.83,,83.0,,,0.018,,0.393,,,,,,,,,,,-1.003528,52.0
QAT,Qatar,1998,51513.571,81.887,64.382,,,11.2,93.43,76.9,21.574,0.039,,94.0,5.313,,98.88,,,,,,,,,,,,,,,,,,-0.943477,53.0
QAT,Qatar,1999,50917.335,81.945,64.738,,,10.8,93.727,74.437,19.765,0.036,,92.0,5.359,,98.92,,,,,,,,,,,,,,,,,,-0.8716164,54.0
QAT,Qatar,2000,52234.362,81.916,64.815,,,10.4,96.05,,,0.036,,80.0,5.168,,98.96,,,,,,,,,,,,,,,,,,-1.131444,55.0
QAT,Qatar,2001,51633.898,82.12,64.872,,,10.0,91.896,,18.687,0.037,,93.0,4.98,,99.0,,,,,,,,,,,,,,,,,,-1.174502,56.0
QAT,Qatar,2002,52752.645,82.222,64.594,,,9.6,92.517,76.916,17.287,0.035,,96.0,4.792,,99.04,,,,,,,,,,,,,,,,,,-1.242419,57.0
QAT,Qatar,2003,52255.321,82.493,64.221,,,9.3,96.028,,15.751,0.033,,92.0,4.6,,99.07,,,,,,,,,,,,,,,,,,-1.300218,58.0
QAT,Qatar,2004,59990.234,81.658,63.011,,,9.0,91.136,91.83,16.892,0.03,,96.0,3.775,,99.1,,89.0,,,0.041,0.51,0.393,,,,,,,,,,,-1.099846,59.0
QAT,Qatar,2005,60416.71,81.844,63.705,,,8.7,94.996,90.044,14.724,0.03,,97.0,6.517,,99.13,,,,,,,,,,,,,,,,,,-1.128457,60.0
QAT,Qatar,2006,64676.319,83.018,66.477,,,8.4,88.842,84.178,12.836,0.023,,96.0,16.433,,99.16,,,,,,,,0.692,46.43,0.0,0.822,77.323,9.087,,,,,-0.9023549,61.0
QAT,Qatar,2007,61423.013,84.884,69.079,,,8.1,92.817,,11.82,0.021,,94.0,21.7,,99.19,,93.0,,,0.041,0.459,0.393,0.687,49.35,0.0,0.831,77.741,9.48,,,,,-1.053819,62.0
QAT,Qatar,2008,61213.721,85.827,70.652,,,7.9,,,11.342,0.022,,97.0,16.607,,99.21,,94.0,,,0.041,0.615,0.393,0.686,49.24,0.0,0.839,78.262,9.59,,,,,-1.100297,63.0
QAT,Qatar,2009,60781.802,86.224,70.842,,,7.7,91.417,,10.165,0.019,,99.0,12.002,,99.23,,95.0,,,0.041,0.969,0.393,0.681,49.13,0.0,0.838,78.837,9.16,,,,,-1.145792,64.0
QAT,Qatar,2010,72333.803,86.169,69.617,209.837,,7.5,90.213,93.895,9.643,0.018,,97.0,0.492,,99.25,,96.0,,,0.04,0.85,0.38,0.663,52.21,0.0,0.834,79.444,8.55,,19.052,,6.205,-1.192612,65.0
QAT,Qatar,2011,81608.408,85.971,69.181,,,7.3,93.406,,12.601,0.017,,93.0,0.489,,99.27,,96.0,,,0.042,0.761,0.38,0.665,52.12,0.0,0.835,79.994,8.65,,19.88,,6.054,-0.9947074,66.0
QAT,Qatar,2012,80621.755,85.856,69.548,,,7.1,92.233,,12.287,0.015,,92.0,5.838,,99.29,,97.0,,,0.042,0.947,0.38,0.668,52.4,0.0,0.846,80.499,9.12,,18.425,,5.887,-1.287315,67.0
QAT,Qatar,2013,76486.915,86.054,69.811,,,6.9,88.632,,14.871,0.015,,97.0,10.672,,99.31,,97.0,,,0.042,1.067,0.406,0.673,48.6,0.0,0.859,80.974,9.8,,14.114,,5.65,-0.9702057,68.0
QAT,Qatar,2014,71756.027,86.574,70.324,,,6.7,89.286,,17.306,0.014,,89.0,11.582,,99.33,,98.0,,,0.042,0.959,0.406,0.662,54.98,0.0,0.857,81.395,9.72,,13.698,,5.456,-0.936207,69.0
QAT,Qatar,2015,68985.243,87.125,70.96,214.051,,6.4,91.737,,15.934,0.013,,99.0,8.582,,99.36,,,,,,,,0.657,57.85,0.0,0.86,81.785,9.695,,10.708,,5.252,-0.9907884,70.0
QAT,Qatar,2016,67294.352,87.344,70.864,,,6.2,93.026,,14.816,0.011,,98.0,5.5,,99.38,,,,,,,,0.649,60.39,0.0,0.861,82.147,9.67,,11.761,,5.036,-0.8428688,71.0
QAT,Qatar,2017,64497.624,87.375,70.391,,,5.9,93.547,,16.777,0.01,,97.0,2.736,,99.41,,,,,,,,0.175,58.43,9.756,0.87,82.458,9.73,,11.225,,4.816,-0.6223379,72.0
QAT,Qatar,2018,64410.717,87.407,69.55,,,5.6,94.094,,17.446,0.01,,98.0,1.362,,99.44,,,,,,,,0.168,57.9,9.756,0.876,82.714,9.938,,10.443,,4.596,-0.7267157,73.0
QAT,Qatar,2019,63430.372,87.345,68.245,,,5.4,,,21.093,0.009,,98.0,2.22,,99.46,,,,,,,,0.162,57.94,9.756,0.88,82.945,10.146,,10.179,,4.386,-0.7981626,74.0
QAT,Qatar,2020,57769.584,86.983,66.354,229.0,,5.2,,,23.765,0.012,,89.0,5.726,,99.48,,,,,,,,0.152,58.4,9.756,0.872,80.409,10.354,,10.231,,4.05,,
ROU,Romania,1990,5019.437,,30.81,,,24.6,,,,0.202,,96.0,0.174,,97.54,,,,,,,,0.519,48.84,5.556,0.719,69.841,8.495,,,,,1.057871,45.0
ROU,Romania,1991,4409.152,46.162,32.437,,,23.4,,,,0.158,,98.0,-0.869,,97.66,,,,,,,,0.507,48.84,5.556,0.705,70.046,8.592,,,,,1.475446,46.0
ROU,Romania,1992,4059.099,46.512,33.568,,,22.6,,,,0.138,,98.0,-0.903,,97.74,,97.0,0.2546172738075256,Europe,0.552,,0.712,0.501,51.62,5.556,0.694,69.506,8.69,,,,,1.474046,47.0
ROU,Romania,1993,4126.769,46.573,33.337,,,22.3,75.421,,,0.121,,91.0,-0.136,,97.77,,,,,,,,0.482,54.56,5.556,0.692,69.512,8.789,,,,,1.462513,48.0
ROU,Romania,1994,4295.271,46.508,32.79,,,22.3,83.359,,,0.109,,98.0,-0.145,,97.77,,,,,,,,0.471,57.51,5.556,0.695,69.326,8.888,,,,,1.413852,49.0
ROU,Romania,1995,4572.258,46.346,31.971,,,22.2,88.254,,,0.098,,98.0,-0.202,,97.78,,,,,,,,0.464,60.45,5.556,0.701,69.323,8.987,,,,,1.185089,50.0
ROU,Romania,1996,4764.637,46.874,31.457,,,21.9,89.609,70.401,,0.09,,98.0,-0.288,,97.81,,,,,,,,0.464,57.39,5.556,0.707,68.821,9.086,,,,,1.415055,51.0
ROU,Romania,1997,4546.668,47.794,32.057,,,21.3,89.628,71.245,,0.084,,97.0,-0.288,,97.87,,,,,,,,0.453,59.68,5.556,0.709,69.086,9.185,,,,,1.303363,52.0
ROU,Romania,1998,4463.608,47.98,32.301,,,20.2,89.082,,,0.073,,97.0,-0.207,,97.98,,,,,,,,0.447,58.6,5.556,0.715,69.892,9.284,,,,,1.225659,53.0
ROU,Romania,1999,4453.781,47.844,32.333,,,19.1,86.684,,,0.064,,97.0,-0.157,,98.09,,,,,,,,0.44,58.68,5.556,0.724,70.581,9.383,,,,,1.144828,54.0
ROU,Romania,2000,4569.311,47.508,32.0,,,18.1,86.693,,,0.056,,99.0,-0.129,,98.19,,,,,,,,0.428,58.2,5.556,0.73,71.159,9.482,,,,,1.117615,55.0
ROU,Romania,2001,4875.303,47.553,31.187,,2.5,17.4,90.883,,28.054,0.048,,99.0,-1.395,97.5,98.26,,,,,,,,0.384,57.09,9.278,0.737,71.122,9.581,,,,,1.13722,56.0
ROU,Romania,2002,5248.55,46.602,30.315,,2.5,17.0,90.552,,33.702,0.045,,98.0,-1.831,97.5,98.3,,97.0,,,0.586,-0.197,0.781,0.38,51.28,9.278,0.745,70.835,9.68,,,,,1.150191,57.0
ROU,Romania,2003,5410.308,47.196,29.974,,2.5,16.9,94.075,,38.906,0.042,,97.0,-0.721,97.5,98.31,,,,,,,,0.386,49.07,9.278,0.749,70.819,9.862,,,,,0.999245,58.0
ROU,Romania,2004,6008.64,46.668,28.86,,2.5,16.5,95.619,,41.8,0.04,,97.0,-0.57,97.5,98.35,,,,,,,,0.374,48.71,10.874,0.757,71.096,10.044,,,,,1.004607,59.0
ROU,Romania,2005,6328.09,46.904,28.352,,2.5,15.5,95.073,,45.464,0.038,,97.0,-0.618,97.5,98.45,,,,,,,,0.364,46.87,10.684,0.765,71.581,10.226,,,,,0.976769,60.0
ROU,Romania,2006,6876.778,46.9,27.587,,2.5,14.2,93.727,,54.139,0.034,,97.0,-0.592,97.5,98.58,,,,,,,,0.354,47.84,10.684,0.781,72.169,10.408,,,,,0.9813347,61.0
ROU,Romania,2007,7483.974,47.455,26.87,,2.5,12.9,93.687,,60.283,0.033,,96.0,-1.477,97.5,98.71,,,,,,,,0.35,47.46,9.636,0.792,72.792,10.59,,,,,0.9899177,62.0
ROU,Romania,2008,8318.003,48.018,26.05,,2.5,11.9,90.025,,73.447,0.035,,96.0,-1.666,97.5,98.81,,,,,,,,0.353,46.81,9.766,0.815,73.216,10.67,,,,,1.018764,63.0
ROU,Romania,2009,7924.871,43.969,24.091,,2.5,11.1,90.986,,81.533,0.036,,95.0,-0.833,97.5,98.89,,,,,,,,0.346,46.63,9.766,0.826,73.457,10.7,,,,,1.006187,64.0
ROU,Romania,2010,7660.707,46.762,26.693,179.465,2.5,10.5,91.314,,75.229,0.032,,94.0,-0.594,97.5,98.95,,,,,,,,0.342,46.18,9.766,0.822,73.579,10.73,11.934,6.791,20.629,8.383,0.9856507,65.0
ROU,Romania,2011,8044.572,46.325,26.686,,2.5,10.0,91.1,,66.787,0.026,,89.0,-0.492,97.5,99.0,,99.0,0.3586669266223907,Europe,0.683,-0.194,0.596,0.321,46.09,9.657,0.823,74.288,10.86,11.826,6.085,21.619,7.773,0.9900136,66.0
ROU,Romania,2012,8234.286,46.642,26.289,,2.5,9.5,89.759,,54.953,0.025,,91.0,-0.445,97.5,99.05,,,,,,,,0.305,46.24,11.565,0.817,74.314,10.96,12.263,6.227,22.765,7.797,1.012767,67.0
ROU,Romania,2013,8287.958,46.527,25.842,,2.5,8.9,,,51.383,0.022,,92.0,-0.371,97.5,99.11,,,,,,,,0.297,45.98,11.565,0.821,74.918,11.02,12.182,5.76,23.404,7.382,0.9540018,68.0
ROU,Romania,2014,8661.474,47.081,25.343,,2.5,8.3,,85.286,51.095,0.023,,94.0,-0.375,97.5,99.17,,,,,,,,0.293,46.16,11.664,0.82,74.765,10.86,12.295,5.618,24.126,7.141,0.9795724,69.0
ROU,Romania,2015,8977.017,47.749,26.801,194.74,2.5,7.7,86.278,84.544,49.361,0.024,,89.0,-0.47,97.5,99.23,,,,,,,,0.29,45.22,11.951,0.823,74.737,10.98,13.0,5.668,26.711,6.622,0.9853276,70.0
ROU,Romania,2016,9286.877,47.931,24.153,,2.5,7.1,84.106,82.765,49.911,0.024,,89.0,-0.574,97.5,99.29,,,,,,,,0.297,44.43,11.951,0.823,75.021,11.08,11.825,5.8,23.528,6.149,1.189743,71.0
ROU,Romania,2017,10106.227,49.283,25.982,,2.5,6.5,82.228,82.848,50.511,0.024,,82.0,-0.578,97.5,99.35,,,,,,,,0.252,45.89,18.71,0.828,75.024,11.15,10.894,5.322,21.367,5.993,1.132345,72.0
ROU,Romania,2018,10714.17,49.664,25.647,,2.5,6.0,,,51.994,0.022,,86.0,-0.587,97.5,99.4,,,,,,,,0.241,45.63,18.71,0.833,75.103,11.215,11.452,5.332,23.376,5.647,1.140513,73.0
ROU,Romania,2019,11197.316,49.985,25.92,,2.5,5.6,,,52.444,0.019,,88.0,-0.527,97.5,99.44,,,,,,,,0.228,45.56,19.57,0.838,75.329,11.28,11.135,5.17,22.731,5.503,1.208667,74.0
ROU,Romania,2020,10854.049,49.38,26.071,199.536,2.5,5.4,,,53.491,0.021,,87.0,-0.551,97.5,99.46,,,,,,,,0.223,45.33,19.785,0.832,74.046,11.39,10.912,5.434,21.955,5.347,,
RUS,Russian Federation,1990,7849.519,,52.157,,,17.5,,,52.374,0.097,,,0.168,,98.25,,,,,,,,0.457,66.68,7.484,0.762,69.279,9.653,,,,,-0.1358441,45.0
RUS,Russian Federation,1991,7432.021,63.442,52.75,,,17.4,,,50.466,0.086,,,0.287,,98.26,,,,,,,,0.45,66.68,7.484,0.758,68.997,9.842,,,,,0.6905887,46.0
RUS,Russian Federation,1992,6345.912,62.451,54.684,,,17.5,,,48.446,0.083,,73.0,0.097,,98.25,,,,,,,,0.441,64.07,7.484,0.744,67.843,10.03,,,,,1.112759,47.0
RUS,Russian Federation,1993,5798.915,60.084,52.555,,,17.7,,,46.184,0.089,,79.0,-0.053,,98.23,,,,,,,,0.452,61.56,7.484,0.725,65.039,10.219,,,,,1.336861,48.0
RUS,Russian Federation,1994,5071.743,56.844,50.881,,,17.8,96.844,,44.21,0.1,,88.0,-0.034,,98.22,,,,,,,,0.459,59.06,7.484,0.712,63.822,10.407,,,,,1.124722,49.0
RUS,Russian Federation,1995,4862.646,55.61,50.414,,,17.7,93.303,,42.861,0.093,,78.0,-0.022,,98.23,,,,,,,,0.456,58.3,7.484,0.713,63.995,10.596,,,,,1.156435,50.0
RUS,Russian Federation,1996,4686.863,54.55,47.064,,,17.5,,,43.897,0.075,,84.0,-0.145,,98.25,,,,,,,,0.443,57.24,7.484,0.723,65.449,10.889,,,,,0.7758907,51.0
RUS,Russian Federation,1997,4760.339,52.07,43.209,,,17.2,,,45.286,0.062,,88.0,-0.165,,98.28,,,,,,,,0.417,55.93,7.484,0.734,66.594,11.181,,,,,0.5764406,52.0
RUS,Russian Federation,1998,4515.509,50.408,40.533,,,16.8,,,47.279,0.055,,91.0,-0.165,,98.32,,,,,,,,0.404,55.05,7.484,0.738,66.916,11.474,,,,,0.5057437,53.0
RUS,Russian Federation,1999,4819.38,53.268,45.164,,,16.2,,,52.126,0.052,,95.0,-0.309,,98.38,,,,,,,,0.39,59.71,7.484,0.74,65.595,11.766,,,,,0.4072405,54.0
RUS,Russian Federation,2000,5323.667,54.789,43.634,,,15.6,,,55.214,0.049,,96.0,-0.421,,98.44,,,,,,,,0.392,60.03,5.654,0.75,64.998,12.059,,,,,0.211046,55.0
RUS,Russian Federation,2001,5618.956,54.567,40.827,,4.2,14.8,,,60.387,0.048,,96.0,-0.424,95.8,98.52,,,,,,,,0.38,58.92,5.582,0.758,65.015,12.119,,,,,0.1954676,56.0
RUS,Russian Federation,2002,5910.172,55.546,40.504,,3.3,13.8,,,65.01,0.049,,97.0,-0.46,96.7,98.62,,,,,,,,0.38,60.07,6.38,0.764,64.73,12.18,,,,,0.2755625,57.0
RUS,Russian Federation,2003,6370.454,55.057,39.167,,2.7,12.9,,,69.035,0.049,,96.0,-0.454,97.3,98.71,,,,,,,,0.37,60.04,6.38,0.772,64.715,12.2,,,,,0.2684502,58.0
RUS,Russian Federation,2004,6856.678,55.87,39.365,,2.5,11.9,,,69.819,0.046,,97.0,-0.403,97.5,98.81,,,,,,,,0.344,60.83,8.0,0.777,65.149,12.22,,,,,0.1217325,59.0
RUS,Russian Federation,2005,7323.385,56.574,39.194,,2.5,11.0,,,72.223,0.042,,98.0,-0.381,97.5,98.9,,,,,,,,0.335,61.46,8.0,0.78,65.219,12.24,,,,,0.08096736,60.0
RUS,Russian Federation,2006,7949.897,56.908,38.887,,2.5,10.2,90.004,,73.44,0.036,,98.0,-0.327,97.5,98.98,,,,,,,,0.325,61.96,8.0,0.791,66.546,12.26,,,,,-0.2045649,61.0
RUS,Russian Federation,2007,8640.406,58.303,39.404,,2.5,9.5,90.425,,76.131,0.035,,98.0,-0.171,97.5,99.05,,,,,,,,0.292,62.41,11.47,0.802,67.469,12.28,,,,,-0.07535454,62.0
RUS,Russian Federation,2008,9093.7,58.668,41.837,,2.5,9.0,92.465,,77.534,0.035,,98.0,-0.044,97.5,99.1,,,,,,,,0.285,62.23,11.47,0.807,67.862,12.3,,,,,-0.1983882,63.0
RUS,Russian Federation,2009,8381.868,57.458,42.102,,2.5,8.6,94.061,,77.869,0.033,,98.0,0.03,97.5,99.14,,,,,,,,0.286,62.54,11.47,0.805,68.657,12.32,,,,,-0.04299334,64.0
RUS,Russian Federation,2010,8755.12,58.007,41.391,229.18,2.5,8.3,,,,0.032,,97.0,0.045,97.5,99.17,,,,,,,,0.274,62.21,11.47,0.808,68.153,12.34,11.018,3.904,20.038,9.112,0.02300832,65.0
RUS,Russian Federation,2011,9120.82,58.803,41.584,,2.5,8.1,95.353,,80.163,0.028,,97.0,0.118,97.5,99.19,,,,,,,,0.258,62.97,11.147,0.822,69.725,12.346,10.5,3.279,20.038,8.182,-0.1825269,66.0
RUS,Russian Federation,2012,9464.011,59.511,39.745,,2.5,7.9,96.26,,80.532,0.027,,97.0,0.252,97.5,99.21,,,,,,,,0.242,63.22,12.072,0.825,70.117,12.353,11.238,3.279,21.767,8.667,0.1012714,67.0
RUS,Russian Federation,2013,9601.537,59.4,40.118,,2.5,7.6,96.169,91.694,82.801,0.026,,97.0,0.298,97.5,99.24,,,,,,,,0.23,62.98,12.072,0.83,70.64,12.359,11.021,3.047,21.767,8.248,-0.01527643,68.0
RUS,Russian Federation,2014,9493.812,59.562,38.921,,2.5,7.2,94.373,93.071,84.518,0.025,,97.0,0.3,97.5,99.28,,,,,,,,0.221,63.3,12.072,0.831,70.798,12.365,10.437,2.803,20.605,7.903,0.07096863,69.0
RUS,Russian Federation,2015,9277.714,59.183,38.099,244.035,2.5,6.6,95.666,,84.236,0.024,,97.0,0.279,97.5,99.34,,,,,,,,0.206,63.4,14.516,0.833,71.345,12.372,9.983,2.712,20.008,7.229,0.1789875,70.0
RUS,Russian Federation,2016,9269.319,59.357,37.761,,2.5,6.1,96.734,,83.86,0.022,,97.0,0.259,97.5,99.39,,,,,,,,0.196,63.8,13.871,0.835,71.91,12.378,9.552,2.346,19.525,6.784,0.2015292,71.0
RUS,Russian Federation,2017,9418.914,59.222,35.489,,2.5,5.6,95.096,90.679,81.705,0.018,,97.0,0.191,97.5,99.44,,,,,,,,0.179,55.66,16.129,0.838,72.845,12.385,9.392,2.207,19.646,6.321,0.109749,72.0
RUS,Russian Federation,2018,9674.787,59.403,34.302,,2.5,5.1,,,81.568,0.017,,97.0,0.072,97.5,99.49,,,,,,,,0.169,55.84,16.129,0.845,72.936,12.391,8.898,2.076,18.529,6.089,0.1349219,73.0
RUS,Russian Federation,2019,9882.024,58.913,33.27,,2.5,4.7,,,80.952,0.015,,97.0,0.038,97.5,99.53,,,,,,,,0.16,55.3,16.452,0.847,73.066,12.397,8.708,1.826,18.346,5.952,0.1418769,74.0
RUS,Russian Federation,2020,9632.325,57.939,32.288,249.402,2.5,4.4,,,57.223,0.024,,97.0,-0.143,97.5,99.56,,,,,,,,0.181,55.1,16.129,0.818,71.171,12.404,8.756,1.781,18.675,5.812,,
RWA,Rwanda,1990,368.22,,56.694,,,86.4,,,0.577,7.88,,84.0,2.618,,91.36,,,,,,,,,,,,,,,,,,-0.5152021,45.0
RWA,Rwanda,1991,351.729,55.07,56.637,,,91.6,,,,7.983,,91.0,2.035,,90.84,,58.0,,,0.256,,0.514,,,,,,,,,,,-0.5215824,46.0
RWA,Rwanda,1992,364.809,55.153,56.276,,,100.4,,,,8.499,,85.0,2.055,,89.96,,,,,,,,,,,,,,,,,,-0.41861,47.0
RWA,Rwanda,1993,322.717,55.058,55.829,,,110.7,,,,8.632,,83.0,3.804,,88.93,,,,,,,,,,,,,,,,,,-0.3447808,48.0
RWA,Rwanda,1994,188.658,55.413,58.441,,,212.2,,,,10.695,,23.0,-16.128,,78.78,,,,,,,,,,,,,,,,,,-0.255233,49.0
RWA,Rwanda,1995,305.388,56.152,61.867,,,125.7,,,,7.496,,83.0,-17.988,,87.43,,,,,,,,0.598,85.09,17.143,0.294,41.518,2.132,,,,,-0.3962789,50.0
RWA,Rwanda,1996,291.211,56.197,60.442,,,128.0,,,,5.977,,89.0,16.75,,87.2,,,,,,,,0.598,85.09,17.143,0.297,42.486,2.197,,,,,-0.4420182,51.0
RWA,Rwanda,1997,286.805,56.234,59.011,,,128.0,,,,6.516,,73.0,14.495,,87.2,,,,,,,,0.595,85.62,17.143,0.295,41.978,2.262,,,,,0.3015147,52.0
RWA,Rwanda,1998,299.601,55.823,57.088,,,124.3,,,,6.412,,79.0,4.123,,87.57,,,,,,,,0.591,86.15,17.143,0.304,43.099,2.326,,,,,-0.009065358,53.0
RWA,Rwanda,1999,310.098,55.271,54.823,,,117.2,85.69,,0.705,5.378,,85.0,0.816,,88.28,,,,,,,,0.586,86.67,17.143,0.317,45.749,2.391,,,,,-0.4267502,54.0
RWA,Rwanda,2000,333.355,54.854,52.665,,,107.9,,,1.128,4.406,,90.0,0.807,,89.21,,65.0,0.4852025210857391,Africa,0.113,-1.158,0.585,0.561,87.2,25.714,0.34,47.798,2.456,,,,,-0.6096547,55.0
RWA,Rwanda,2001,358.446,54.535,50.745,,37.6,98.0,,,1.543,3.809,,77.0,0.887,62.4,90.2,,,,,,,,0.552,82.28,25.676,0.37,49.49,2.573,,,,,-0.8502225,56.0
RWA,Rwanda,2002,400.27,54.494,49.294,,34.3,88.3,81.176,,1.872,3.318,,88.0,1.355,65.7,91.17,,,,,,,,0.543,77.36,25.676,0.385,51.262,2.69,,,,,-0.3539372,57.0
RWA,Rwanda,2003,400.192,54.209,48.362,,33.6,79.5,85.503,,2.341,2.687,,96.0,2.198,66.4,92.05,,,,,,,,0.499,79.77,45.0,0.398,53.529,2.807,,,,,0.1223406,58.0
RWA,Rwanda,2004,418.781,54.088,47.747,,36.0,71.1,,,2.731,2.246,,89.0,2.643,64.0,92.89,,,,,,,,0.486,82.19,45.283,0.417,55.52,2.924,,,,,-0.5980248,59.0
RWA,Rwanda,2005,446.03,53.938,47.344,,36.7,63.9,,,2.851,2.262,,95.0,2.66,63.3,93.61,,,,,,,,0.476,84.6,45.283,0.433,56.968,3.041,,,,,-0.6563701,60.0
RWA,Rwanda,2006,474.365,54.058,47.117,,36.6,57.9,,,3.642,2.375,,99.0,2.667,63.4,94.21,,,,,,,,0.467,82.76,45.283,0.452,58.342,3.186,,,,,-0.4879381,61.0
RWA,Rwanda,2007,497.172,54.042,46.986,,36.5,53.0,,,3.885,2.333,,97.0,2.66,63.5,94.7,,,,,,,,0.465,80.93,45.283,0.467,59.504,3.331,,,,,-0.2469536,62.0
RWA,Rwanda,2008,538.325,54.06,46.853,,36.5,48.8,,,4.183,2.1,,97.0,2.628,63.5,95.12,,,,,,,,0.456,79.09,50.943,0.479,60.641,3.476,,,,,-0.3985519,63.0
RWA,Rwanda,2009,557.398,53.959,46.631,,36.0,45.4,,,5.072,1.881,,97.0,2.579,64.0,95.46,,,,,,,,0.452,77.26,50.943,0.493,61.813,3.621,,,,,-0.433933,64.0
RWA,Rwanda,2010,583.371,53.899,46.299,,35.7,42.2,,,5.773,1.717,,97.0,2.524,64.3,95.78,,,,,,,,0.451,75.42,50.943,0.504,62.804,3.766,37.223,29.416,54.728,27.526,-0.3695355,65.0
RWA,Rwanda,2011,614.54,53.765,45.904,,35.3,39.0,,,6.837,1.512,,97.0,2.453,64.7,96.1,,,,,,,,0.446,73.59,51.887,0.512,63.476,3.768,34.409,29.416,47.601,26.21,-0.2351663,66.0
RWA,Rwanda,2012,651.853,53.752,45.497,,35.5,37.2,,,6.709,1.36,,98.0,2.394,64.5,96.28,,68.0,,,0.22,-0.102,0.551,0.436,71.75,51.887,0.521,64.189,3.77,33.983,29.416,47.601,24.933,-0.1658753,67.0
RWA,Rwanda,2013,666.409,53.631,45.104,,35.7,35.7,,,6.231,1.288,,98.0,2.403,64.3,96.43,,,,,,,,0.427,77.73,57.547,0.499,64.651,3.915,33.665,29.416,47.601,23.977,-0.5790562,68.0
RWA,Rwanda,2014,690.61,53.528,44.717,,37.1,34.6,,,7.359,1.222,,98.0,2.417,62.9,96.54,,71.0,,,0.224,-0.052,0.414,0.42,83.72,57.547,0.525,65.088,4.06,32.649,29.254,45.484,23.209,-0.3911676,69.0
RWA,Rwanda,2015,733.999,53.466,44.304,,35.8,33.7,,28.104,7.531,1.181,,98.0,2.393,64.2,96.63,,,,,,,,0.42,74.08,57.547,0.525,65.419,4.095,32.383,29.254,45.484,22.411,-0.4392357,70.0
RWA,Rwanda,2016,759.606,53.418,43.837,,33.7,33.1,98.841,28.136,7.578,1.123,,98.0,2.37,66.3,96.69,,,,,,,,0.413,64.44,57.547,0.534,65.733,4.173,32.237,29.254,45.484,21.972,-0.3862715,71.0
RWA,Rwanda,2017,771.069,53.281,43.31,,31.9,32.6,96.932,,7.345,1.099,,98.0,2.346,68.1,96.74,,,,,,,,0.41,54.8,55.66,0.539,66.14,4.252,31.668,29.254,44.334,21.417,-0.1701858,72.0
RWA,Rwanda,2018,817.578,53.882,42.619,,32.7,32.2,94.79,35.871,6.761,1.057,,97.0,2.316,67.3,96.78,,73.0,,,0.225,0.08,0.415,0.411,54.25,55.66,0.54,66.354,4.33,31.513,29.254,44.334,20.952,-0.0122537,73.0
RWA,Rwanda,2019,874.64,51.883,41.849,,35.6,31.8,,,6.314,1.006,249.0,98.0,2.281,64.4,96.82,75.1,,,,,,,0.408,51.94,55.66,0.55,66.691,4.604,30.78,27.359,44.334,20.647,-0.1066208,74.0
RWA,Rwanda,2020,826.391,55.248,47.76,150.328,34.7,31.5,,,7.567,0.945,,91.0,2.242,65.3,96.85,,80.05086,,,0.225,0.274,0.377,0.398,56.72,55.66,0.555,66.953,4.878,30.637,27.359,44.334,20.217,,
WSM,Samoa,1990,2534.122,,49.96,,,22.8,,,,0.66,,90.0,0.162,,97.72,,,,,,,,,,,,,,,,,,0.1579371,45.0
WSM,Samoa,1991,2471.071,55.135,50.236,,,22.1,,,,0.625,,79.0,0.193,,97.79,,98.0,,,,,,,,,,,,,,,,0.393632,46.0
WSM,Samoa,1992,2452.187,54.991,50.286,,,21.4,,,,0.58,,91.0,0.567,,97.86,,,,,,,,,,,,,,,,,,0.7350939,47.0
WSM,Samoa,1993,2531.282,54.745,49.88,,,20.7,,,,0.553,,92.0,0.844,,97.93,,,,,,,,,,,,,,,,,,0.3768403,48.0
WSM,Samoa,1994,2447.203,54.82,50.184,,,20.0,93.376,,,0.534,,93.0,0.803,,98.0,,,,,,,,,,,,,,,,,,0.5747739,49.0
WSM,Samoa,1995,2589.405,54.507,49.51,,,19.4,,40.864,,0.502,,94.0,0.812,,98.06,,,,,,,,,,,,,,,,,,0.3065639,50.0
WSM,Samoa,1996,2751.654,54.206,48.806,,,18.7,,,,0.495,,95.0,0.856,,98.13,,,,,,,,,,,,,,,,,,0.3310388,51.0
WSM,Samoa,1997,2746.337,54.208,48.812,,,18.1,,,,0.47,,96.0,0.835,,98.19,,,,,,,,,,,,,,,,,,0.306522,52.0
WSM,Samoa,1998,2785.312,54.07,48.667,,,17.5,93.336,68.496,8.555,0.453,,99.0,0.762,,98.25,,,,,,,,,,,,,,,,,,0.1412675,53.0
WSM,Samoa,1999,2824.553,53.9,48.519,,,16.9,90.463,71.073,11.032,0.438,,97.0,0.763,,98.31,,,,,,,,,,,,,,,,,,0.3056342,54.0
WSM,Samoa,2000,2945.372,53.639,48.059,,,16.4,89.343,64.552,7.188,0.423,,98.0,0.779,,98.36,,,,,,,,,,,,,,,,,,0.3515431,55.0
WSM,Samoa,2001,3137.464,53.266,47.382,,3.8,15.9,86.453,65.828,,0.413,,90.0,0.812,96.2,98.41,,,,,,,,,,,,,,,,,,0.2876745,56.0
WSM,Samoa,2002,3291.342,53.076,46.856,,3.7,15.5,,,,0.386,,92.0,0.71,96.3,98.45,,,,,,,,,,,,,,,,,,0.2301874,57.0
WSM,Samoa,2003,3444.999,52.892,46.34,,3.7,15.3,,,,0.37,,90.0,0.519,96.3,98.47,,,,,,,,,,,,,,,,,,0.2428829,58.0
WSM,Samoa,2004,3535.738,52.75,46.043,,3.6,15.1,,,,0.361,,63.0,0.441,96.4,98.49,,,,,,,,,,,,,,,,,,0.3179544,59.0
WSM,Samoa,2005,3755.782,52.535,45.38,,3.7,15.0,,,,0.362,,59.0,0.391,96.3,98.5,,,,,,,,,,,,,,,,,,0.2541262,60.0
WSM,Samoa,2006,3820.922,52.399,45.183,,4.1,15.1,,,,0.352,,50.0,0.39,95.9,98.49,,,,,,,,,,,,,,,,,,0.3494661,61.0
WSM,Samoa,2007,3818.255,52.292,45.163,,4.2,15.1,98.369,,,0.346,,65.0,0.555,95.8,98.49,,,,,,,,,,,,,,,,,,0.1670761,62.0
WSM,Samoa,2008,3925.874,52.088,44.83,,4.3,15.2,,,,0.356,,39.0,0.715,95.7,98.48,,,,,,,,,,,,,,,,,,0.2138096,63.0
WSM,Samoa,2009,3875.943,52.019,44.934,,4.3,17.4,98.274,79.782,,0.385,,64.0,0.737,95.7,98.26,,,,,,,,,,,,,,,,,,0.2441903,64.0
WSM,Samoa,2010,4081.155,51.834,44.361,,4.6,15.3,95.368,80.534,,0.388,,78.0,0.785,95.4,98.47,,,,,,,,,,,,,,,,,,0.2488811,65.0
WSM,Samoa,2011,4201.457,51.663,44.038,,4.7,15.2,93.836,81.105,,0.393,,82.0,0.872,95.3,98.48,,99.0,,,,,,,,,,,,,,,,0.2413766,66.0
WSM,Samoa,2012,4007.911,50.069,44.518,,4.6,15.1,94.794,82.189,,0.424,,82.0,0.913,95.4,98.49,,,,,,,,,,,,,,,,,,0.2414531,67.0
WSM,Samoa,2013,3976.393,50.056,44.575,,4.2,15.0,,,,0.419,,84.0,0.897,95.8,98.5,,,,,,,,,,,,,,,,,,0.159225,68.0
WSM,Samoa,2014,3967.237,50.057,44.58,,4.4,14.9,96.017,85.971,,0.438,,78.0,0.888,95.6,98.51,,,,,,,,,,,,,,,,,,0.1278983,69.0
WSM,Samoa,2015,4084.361,49.841,44.27,,4.6,14.8,95.934,85.508,,0.438,,80.0,0.869,95.4,98.52,,,,,,,,,,,,,,,,,,0.01253762,70.0
WSM,Samoa,2016,4373.238,49.559,43.549,,5.1,14.7,94.866,85.518,,0.431,,74.0,0.847,94.9,98.53,,99.0,,,,,,,,,,,,,,,,-0.133469,71.0
WSM,Samoa,2017,4393.373,49.316,43.47,,4.9,14.5,94.468,,13.26,0.436,,67.0,0.937,95.1,98.55,,,,,,,,,,,,,,,,,,-0.1257626,72.0
WSM,Samoa,2018,4321.005,47.821,40.613,,4.7,14.3,94.413,,14.163,0.431,,44.0,1.049,95.3,98.57,,,,,,,,,,,,,,,,,,0.08511835,73.0
WSM,Samoa,2019,4466.081,46.206,37.309,,4.5,14.9,,,13.579,0.424,,68.0,1.053,95.5,98.51,,97.99026,,,,,,0.438,37.22,10.0,0.708,70.269,11.402,14.365,7.03,23.741,12.324,0.03185375,74.0
WSM,Samoa,2020,4283.064,44.02,34.023,170.629,4.4,13.8,,,17.33,0.43,,89.0,1.026,95.6,98.62,,,,,,,,0.429,35.28,10.0,0.708,70.727,11.367,13.974,7.03,23.741,11.151,,
SMR,San Marino,1997,48409.548,,,,,6.3,88.702,,,0.012,,99.0,1.24,,99.37,,,,,,,,,,,,,,,,,,1.059729,52.0
SMR,San Marino,1998,51376.436,,,,,5.8,,,,0.012,,99.0,1.252,,99.42,,,,,,,,,,,,,,,,,,0.7996347,53.0
SMR,San Marino,1999,55318.446,,,,,5.4,,,,0.012,,99.0,1.27,,99.46,,,,,,,,,,,,,,,,,,0.7648822,54.0
SMR,San Marino,2000,55806.922,,,,,5.0,85.058,44.769,59.32,0.019,,98.0,1.277,,99.5,,,,,,,,,,,,,,,,,,0.8766919,55.0
SMR,San Marino,2001,58173.294,,,,,4.6,,,,0.021,,97.0,1.275,,99.54,,,,,,,,,,,,,,,,,,0.9777179,56.0
SMR,San Marino,2002,57615.41,,,,,4.3,,,,0.019,,96.0,1.274,,99.57,,,,,,,,,,,,,,,,,,0.8757119,57.0
SMR,San Marino,2003,59090.233,,,,,4.0,,,,0.016,,96.0,1.272,,99.6,,,,,,,,,,,,,,,,,,0.9026049,58.0
SMR,San Marino,2004,58393.224,,,,,3.7,93.892,,,0.016,,95.0,5.635,,99.63,,,,,,,,,,,,,,,,,,0.8580953,59.0
SMR,San Marino,2005,59049.577,,,,,3.5,,,,0.014,,96.0,1.278,,99.65,,,,,,,,,,,,,,,,,,0.838389,60.0
SMR,San Marino,2006,60604.351,,,,,3.2,,,,0.014,,92.0,1.16,,99.68,,,,,,,,,,,,,,,,,,0.9393398,61.0
SMR,San Marino,2007,62776.946,,,,,3.0,,,,0.009,,91.0,3.346,,99.7,,,,,,,,,,,,,,,,,,0.8225773,62.0
SMR,San Marino,2008,61572.744,,,,,2.8,,,65.98,0.011,,91.0,1.435,,99.72,,,,,,,,,,,,,,,,,,0.8852995,63.0
SMR,San Marino,2009,52873.268,,,,,2.7,,,,0.01,,90.0,4.339,,99.73,,,,,,,,,,,,,,,,,,0.8881596,64.0
SMR,San Marino,2010,49672.698,,,,,2.5,,,66.407,0.01,,90.0,0.615,,99.75,,,,,,,,,,,,,,,,,,0.8415156,65.0
SMR,San Marino,2011,46450.025,,,,,2.4,,,64.296,0.009,,92.0,-1.973,,99.76,,,,,,,,,,,,,,,,,,0.901332,66.0
SMR,San Marino,2012,42082.555,,,,,2.3,,,59.849,0.008,,89.0,2.569,,99.77,,,,,,,,,,,,,,,,,,0.9107044,67.0
SMR,San Marino,2013,42293.487,,,,,2.1,,,,0.01,,86.0,-1.287,,99.79,,,,,,,,,,,,,,,,,,0.82032,68.0
SMR,San Marino,2014,42492.851,,,,,2.0,,,,0.008,,84.0,-1.175,,99.8,,,,,,,,,,,,,,,,,,0.8167624,69.0
SMR,San Marino,2015,43146.824,,,,,1.9,,,,0.007,,85.0,0.738,,99.81,,,,,,,,,,,,,,,,,,0.6701873,70.0
SMR,San Marino,2016,43886.215,,,,,1.8,,,,0.006,,86.0,0.618,,99.82,,,,,,,,,,,,,,,,,,0.6624187,71.0
SMR,San Marino,2017,43057.778,,,,,1.7,,,,0.006,,88.0,2.164,,99.83,,,,,,,,,,,,,,,,,,0.7135971,72.0
SMR,San Marino,2018,42818.696,,,,,1.7,,66.544,45.421,0.006,,90.0,2.04,,99.83,,,,,,,,,,,,,,,,,,0.7851795,73.0
SMR,San Marino,2019,43525.423,,,,,1.6,,,50.236,0.006,,88.0,0.408,,99.84,,,,,,,,,,,,,,,,,,0.7887857,74.0
SMR,San Marino,2020,40506.852,,,,,1.5,,,55.096,0.037,,89.0,0.308,,99.85,,,,,,,,,,,,,,,,,,,
STP,Sao Tome and Principe,1990,967.491,,27.432,,,65.0,92.813,,,0.969,,92.0,2.471,,93.5,,,,,,,,,,,,,,,,,,,
STP,Sao Tome and Principe,1991,957.946,21.111,27.511,,,65.6,,,,0.975,,87.0,2.185,,93.44,,73.0,,,0.55,,0.251,,,,,,,,,,,-0.57872,46.0
STP,Sao Tome and Principe,1992,946.482,21.083,27.585,,,65.8,,,,0.95,,68.0,1.902,,93.42,,,,,,,,,,,,,,,,,,-0.5379343,47.0
STP,Sao Tome and Principe,1993,939.607,21.126,27.564,,,65.6,,,,0.952,,60.0,1.823,,93.44,,,,,,,,,,,,,,,,,,,
STP,Sao Tome and Principe,1994,943.891,21.121,27.444,,,64.9,,,,0.947,,83.0,1.721,,93.51,,,,,,,,,,,,,,,,,,,
STP,Sao Tome and Principe,1995,947.332,21.106,27.222,,,63.6,,,,0.966,,79.0,1.616,,93.64,,,,,,,,,,,,,,,,,,,
STP,Sao Tome and Principe,1996,947.03,21.062,26.903,,,61.8,,,,0.947,,68.0,1.521,,93.82,,,,,,,,,,,,,,,,,,,
STP,Sao Tome and Principe,1997,942.971,20.979,26.475,,,59.5,,,,0.944,,73.0,1.421,,94.05,,,,,,,,,,,,,,,,,,,
STP,Sao Tome and Principe,1998,953.986,20.902,25.931,,,56.9,,,,0.945,,73.0,1.308,,94.31,,,,,,,,,,,,,,,,,,,
STP,Sao Tome and Principe,1999,966.227,20.817,25.296,,,54.0,80.062,,,0.953,,78.0,1.194,,94.6,,,,,,,,0.598,33.5,9.091,,60.976,4.578,,,,,,
STP,Sao Tome and Principe,2000,959.938,20.703,24.624,,,50.7,,,,0.953,,82.0,1.1,,94.93,,,,,,,,0.602,33.5,9.091,,61.207,4.635,,,,,-0.218733,55.0
STP,Sao Tome and Principe,2001,973.424,20.321,24.228,,15.5,47.5,,,,0.938,,92.0,1.623,84.5,95.25,,85.0,,,0.657,,0.328,0.602,32.71,9.091,,61.5,4.692,,,,,,
STP,Sao Tome and Principe,2002,982.329,19.841,24.083,,13.8,44.2,93.938,,,0.932,,92.0,2.394,86.2,95.58,,,,,,,,0.596,31.92,9.091,,61.826,4.75,,,,,-0.6743546,57.0
STP,Sao Tome and Principe,2003,1036.862,20.123,23.933,,12.3,41.0,96.507,26.073,,0.921,,94.0,2.563,87.7,95.9,,,,,,,,0.591,31.13,9.091,,62.158,4.808,,,,,-0.6740209,58.0
STP,Sao Tome and Principe,2004,1047.058,20.163,23.819,,11.1,37.8,96.432,25.348,,0.906,,96.0,2.498,88.9,96.22,,,,,,,,0.584,30.34,9.091,,62.56,4.868,,,,,-0.5180438,59.0
STP,Sao Tome and Principe,2005,1089.148,20.067,23.739,,10.4,34.9,94.998,30.802,,0.916,,97.0,2.464,89.6,96.51,,,,,,,,0.579,29.55,9.091,0.535,62.434,4.928,,,,,-0.650665,60.0
STP,Sao Tome and Principe,2006,1157.086,20.017,23.697,,10.6,32.2,,,,0.893,,97.0,2.444,89.4,96.78,,,,,,,,0.587,28.76,7.273,0.546,63.041,4.989,,,,,-0.5036429,61.0
STP,Sao Tome and Principe,2007,1170.516,20.171,23.713,,11.6,29.6,89.66,32.138,,0.88,,97.0,2.423,88.4,97.04,,,,,,,,0.649,28.23,1.818,0.552,63.336,5.05,,,,,-0.4222217,62.0
STP,Sao Tome and Principe,2008,1214.141,20.323,23.767,,13.0,27.3,90.258,31.398,,0.869,,99.0,2.383,87.0,97.27,,,,,,,,0.581,27.71,7.273,0.557,63.448,5.113,,,,,-0.5643098,63.0
STP,Sao Tome and Principe,2009,1225.605,20.396,23.8,,14.7,25.2,90.903,32.565,3.927,0.848,,98.0,2.309,85.3,97.48,,,,,,,,0.583,27.18,7.273,0.561,63.669,5.176,,,,,-0.5617656,64.0
STP,Sao Tome and Principe,2010,1216.35,20.513,23.767,,16.5,23.2,90.482,34.931,4.229,0.825,,98.0,2.196,83.5,97.68,,,,,,,,0.535,26.66,18.182,0.564,63.867,5.24,24.078,19.992,32.566,19.676,-0.2287244,65.0
STP,Sao Tome and Principe,2011,1214.961,20.594,23.673,,17.6,21.4,,46.622,,0.789,,96.0,2.094,82.4,97.86,,,,,,,,0.54,26.13,18.182,0.569,64.122,5.304,23.76,19.992,32.566,18.723,-0.3123787,66.0
STP,Sao Tome and Principe,2012,1225.695,20.748,23.677,,17.4,19.7,,,7.836,0.753,,96.0,2.021,82.6,98.03,,90.0,,,0.682,-0.736,0.313,0.527,25.61,18.182,0.574,64.505,5.37,23.453,19.992,32.566,17.8,-0.5158341,67.0
STP,Sao Tome and Principe,2013,1263.704,21.028,23.755,,17.4,18.0,88.507,53.833,,0.696,,97.0,1.939,82.6,98.2,,,,,,,,0.521,25.08,18.182,0.585,64.93,5.438,23.16,19.992,32.566,16.923,-0.6603766,68.0
STP,Sao Tome and Principe,2014,1301.321,21.278,23.744,,18.1,16.5,88.411,62.868,9.244,0.627,,95.0,1.856,81.9,98.35,,,,,,,,0.51,24.55,18.182,0.596,65.478,5.506,22.203,18.305,32.566,15.738,-0.3875089,69.0
STP,Sao Tome and Principe,2015,1298.109,21.458,23.616,,18.5,15.1,87.948,65.233,12.821,0.561,,96.0,1.775,81.5,98.49,,,,,,,,0.502,24.03,18.182,0.608,66.023,5.574,21.893,18.305,32.566,14.807,-0.3861388,70.0
STP,Sao Tome and Principe,2016,1342.534,21.631,23.356,,18.3,13.9,,,,0.504,,96.0,1.682,81.7,98.61,,,,,,,,0.506,23.5,18.182,0.613,66.563,5.642,21.61,18.305,32.566,13.958,-0.4625822,71.0
STP,Sao Tome and Principe,2017,1375.594,21.777,22.981,,17.9,12.9,93.076,,,0.448,,95.0,1.598,82.1,98.71,,,,,,,,0.491,22.98,18.182,0.617,67.074,5.71,24.579,18.305,42.358,13.073,-0.4674387,72.0
STP,Sao Tome and Principe,2018,1413.843,21.721,22.527,,17.8,12.0,,,,0.397,,95.0,1.542,82.2,98.8,,,,,,,,0.503,22.66,14.545,0.621,67.602,5.778,24.354,18.305,42.358,12.399,-0.2952345,73.0
STP,Sao Tome and Principe,2019,1420.66,21.6,22.005,,16.9,11.3,,,,0.367,,95.0,1.513,83.1,98.87,,87.43846,,,0.7,-0.754,0.26,0.497,23.33,14.545,0.625,68.043,5.846,24.289,18.697,42.358,11.812,-0.5140339,74.0
STP,Sao Tome and Principe,2020,1430.841,20.885,20.986,102.297,15.9,10.7,,,,0.348,,96.0,1.877,84.1,98.93,,,,,,,,0.47,24.23,23.636,0.628,67.979,5.916,24.077,18.697,42.358,11.177,,
SAU,Saudi Arabia,1990,25918.965,,29.48,,,40.5,,,16.326,0.175,,92.0,4.934,,95.95,,,,,,,,,,,,,,,,,,-0.5606887,45.0
SAU,Saudi Arabia,1991,26742.682,47.511,29.185,,,37.5,,,17.21,0.161,,91.0,4.772,,96.25,,,,,,,,,,,,,,,,,,-0.8249048,46.0
SAU,Saudi Arabia,1992,26709.033,47.649,29.154,,,34.7,,,17.468,0.147,,91.0,4.605,,96.53,,71.0,,,0.014,,0.431,,,,,,,,,,,-0.4899751,47.0
SAU,Saudi Arabia,1993,25649.064,47.402,27.707,,,32.2,,,19.595,0.136,,94.0,4.429,,96.78,,,,,,,,,,,,,,,,,,-0.4137601,48.0
SAU,Saudi Arabia,1994,24808.653,47.155,26.282,,,29.9,,,19.48,0.126,,95.0,4.28,,97.01,,,,,,,,,,,,,,,,,,-0.6358523,49.0
SAU,Saudi Arabia,1995,23876.246,46.937,24.893,,,27.8,,,21.511,0.117,,96.0,4.142,,97.22,,,,,,,,,,,,,,,,,,-0.7269397,50.0
SAU,Saudi Arabia,1996,23699.135,46.776,23.546,,,25.9,,,22.005,0.108,,93.0,3.996,,97.41,,,,,,,,,,,,,,,,,,-0.8270097,51.0
SAU,Saudi Arabia,1997,23406.035,46.58,22.251,,,24.2,,,22.672,0.099,23.0,92.0,3.857,,97.58,97.7,,,,,,,,,,,,,,,,,-0.7303758,52.0
SAU,Saudi Arabia,1998,23179.858,46.375,21.015,,,22.6,,,23.251,0.092,,94.0,3.736,,97.74,,,,,,,,,,,,,,,,,,-0.821113,53.0
SAU,Saudi Arabia,1999,22214.426,46.125,19.844,,,21.2,,,27.541,0.084,,93.0,3.619,,97.88,,,,,,,,,,,,,,,,,,-0.6544536,54.0
SAU,Saudi Arabia,2000,22247.857,46.756,20.354,,,19.9,,,28.376,0.079,,95.0,4.46,,98.01,,79.0,,,0.018,-0.229,0.47,,,,,,,,,,,-1.038838,55.0
SAU,Saudi Arabia,2001,21193.092,46.137,20.265,,4.6,18.7,,,27.238,0.07,,97.0,5.201,95.4,98.13,,,,,,,,,,,,,,,,,,-0.7024313,56.0
SAU,Saudi Arabia,2002,20025.432,45.45,20.59,,4.8,17.6,,,25.105,0.061,,95.0,4.976,95.2,98.24,,,,,,,,,,,,,,,,,,-1.124978,57.0
SAU,Saudi Arabia,2003,20765.939,45.227,20.932,,4.7,16.5,,,26.623,0.054,,95.0,4.774,95.3,98.35,,,,,,,,0.78,16.27,0.0,0.762,73.657,7.308,,,,,-1.311961,58.0
SAU,Saudi Arabia,2004,21545.895,45.123,21.203,,4.5,15.5,,,26.263,0.049,,96.0,4.592,95.5,98.45,,83.0,,,0.018,-0.386,0.472,0.771,17.04,0.0,0.773,74.027,7.52,,,,,-1.277838,59.0
SAU,Saudi Arabia,2005,21838.192,45.151,21.41,,4.2,14.6,,,25.198,0.046,,96.0,4.427,95.8,98.54,,,,,,,,0.766,17.8,0.0,0.782,74.4,7.758,,,,,-0.9711258,60.0
SAU,Saudi Arabia,2006,21616.336,45.323,21.558,,3.9,13.7,,,24.514,0.044,,96.0,4.281,96.1,98.63,,,,,,,,0.763,18.57,0.0,0.785,74.762,7.996,,,,,-0.6303408,61.0
SAU,Saudi Arabia,2007,21196.793,45.859,19.914,,3.6,12.8,,,24.3,0.043,,96.0,4.149,96.4,98.72,,,,,,,,0.765,18.14,0.0,0.786,75.066,8.233,,,,,-0.8310219,62.0
SAU,Saudi Arabia,2008,21629.841,46.636,19.216,,3.4,12.0,,,24.466,0.039,,98.0,4.029,96.6,98.8,,,,,,,,0.762,17.79,0.0,0.792,75.301,8.471,,,,,-0.9453023,63.0
SAU,Saudi Arabia,2009,20577.545,46.916,17.756,,3.1,11.2,91.376,73.55,25.035,0.036,,98.0,3.915,96.9,98.88,,,,,,,,0.763,17.39,0.0,0.794,75.447,8.709,,,,,-0.8098194,64.0
SAU,Saudi Arabia,2010,21830.142,48.572,18.951,,3.2,10.4,97.109,,29.324,0.032,,98.0,-0.992,96.8,98.96,,,,,,,,0.754,18.57,0.0,0.801,75.616,8.947,,,,8.286,-0.9444763,65.0
SAU,Saudi Arabia,2011,23314.558,50.291,20.174,,3.1,9.7,97.103,,28.942,0.03,,98.0,4.539,96.9,99.03,,,,,,,,0.751,19.76,0.0,0.811,75.808,9.184,,,,7.935,-0.8021143,66.0
SAU,Saudi Arabia,2012,23643.036,52.28,19.996,,3.2,9.1,99.759,,36.044,0.028,,98.0,4.203,96.8,99.09,,,,,,,,0.749,20.29,0.0,0.819,76.09,9.422,,,,7.603,-1.179385,67.0
SAU,Saudi Arabia,2013,23057.349,53.951,20.279,,2.8,8.5,97.735,,43.164,0.026,,98.0,5.411,97.2,99.15,,94.0,,,0.018,0.058,0.472,0.309,20.06,19.868,0.827,76.517,9.66,,18.6,,7.286,-0.9058558,68.0
SAU,Saudi Arabia,2014,23404.731,54.976,20.218,,2.7,7.9,,,53.18,0.025,,98.0,2.45,97.3,99.21,,,,,,,,0.308,20.4,19.868,0.841,77.116,9.8,,18.6,,6.987,-1.075798,69.0
SAU,Saudi Arabia,2015,23256.155,56.403,18.607,178.993,2.5,7.4,97.283,,57.089,0.024,,98.0,5.187,97.5,99.26,,,,,,,,0.301,21.4,19.868,0.851,77.776,9.94,,18.6,,6.706,-0.9425967,70.0
SAU,Saudi Arabia,2016,22783.033,57.286,19.795,,2.5,6.9,96.596,89.722,63.983,0.023,,98.0,3.745,97.5,99.31,,,,,,,,0.297,22.23,19.868,0.86,78.354,10.08,,18.6,,6.392,-0.7781305,71.0
SAU,Saudi Arabia,2017,23035.12,55.515,17.614,,2.5,6.5,95.186,90.557,70.747,0.024,,98.0,0.075,97.5,99.35,,95.0,,,0.015,0.211,0.472,0.309,20.09,19.868,0.869,78.721,10.22,,18.124,,6.14,-0.6091743,72.0
SAU,Saudi Arabia,2018,24393.519,55.835,19.297,,2.5,6.1,94.546,96.361,73.197,0.024,,96.0,-2.554,97.5,99.39,,,,,,,,0.298,22.0,19.868,0.875,78.75,10.583,,18.124,,5.896,-0.7111985,73.0
SAU,Saudi Arabia,2019,24905.67,57.753,20.266,,2.5,5.8,,,77.966,0.021,,96.0,-0.44,97.5,99.42,,,,,,,,0.283,24.56,19.868,0.878,78.313,10.947,,18.124,,5.668,-0.4503745,74.0
SAU,Saudi Arabia,2020,22827.672,57.633,24.156,199.944,2.5,5.5,,,73.751,0.027,,95.0,4.833,97.5,99.45,,98.0,,,0.015,0.114,0.393,0.245,29.51,19.868,0.875,77.596,11.31,,12.589,,5.469,,
SEN,Senegal,1990,990.778,,44.96,,,72.9,44.897,,,3.784,,51.0,2.868,,92.71,,,,,,,,,,,,,,,,,,-0.529347,45.0
SEN,Senegal,1991,988.632,49.606,44.501,,,72.5,,,,3.57,,51.0,2.842,,92.75,,,,,,,,,,,,,,,,,,-0.6922302,46.0
SEN,Senegal,1992,974.055,49.485,43.982,,,72.8,44.352,,3.05,3.402,,59.0,2.797,,92.72,,,,,,,,,,,,,,,,,,-0.7093993,47.0
SEN,Senegal,1993,960.507,49.42,43.436,,,73.6,,,,3.298,,58.0,2.752,,92.64,,,,,,,,,,,,,,,,,,-0.4920956,48.0
SEN,Senegal,1994,934.692,49.293,42.895,,,74.6,45.112,,,3.186,,57.0,2.677,,92.54,,,,,,,,,,,,,,,,,,-0.483895,49.0
SEN,Senegal,1995,960.847,49.257,42.38,,,75.6,,,,3.173,,80.0,2.564,,92.44,,,,,,,,,,,,,,,,,,-0.6120309,50.0
SEN,Senegal,1996,956.589,49.182,41.9,,,76.6,49.564,,,3.199,,70.0,2.444,,92.34,,,,,,,,,,,,,,,,,,-0.4127271,51.0
SEN,Senegal,1997,962.737,49.143,41.46,,,77.1,53.918,,3.11,3.161,,59.0,2.36,,92.29,,,,,,,,,,,,,,,,,,-0.3666124,52.0
SEN,Senegal,1998,995.979,49.077,41.054,,,77.0,56.603,,,3.167,,59.0,2.336,,92.3,,,,,,,,,,,,,,,,,,-0.3761908,53.0
SEN,Senegal,1999,1033.764,49.06,40.678,,,75.9,55.598,,3.206,3.153,,60.0,2.37,,92.41,,,,,,,,,,,,,,,,,,-0.3554011,54.0
SEN,Senegal,2000,1048.375,49.009,40.33,,,73.8,58.419,,,3.007,,52.0,2.41,,92.62,,,,,,,,,,,,,,,,,,-0.4082404,55.0
SEN,Senegal,2001,1067.369,48.932,39.998,,21.1,70.4,,,,2.852,,52.0,2.425,78.9,92.96,,,,,,,,,,,,,,,,,,-0.4878069,56.0
SEN,Senegal,2002,1042.255,48.78,39.545,,20.0,66.2,,,,2.688,,60.0,2.45,80.0,93.38,,39.0,,,0.688,-0.046,0.378,,,,,,,,,,,-0.5153097,57.0
SEN,Senegal,2003,1074.386,48.725,39.126,,18.6,61.8,65.227,,,2.629,,73.0,2.407,81.4,93.82,,,,,,,,,,,,,,,,,,-0.8101257,58.0
SEN,Senegal,2004,1098.201,48.684,38.88,,17.1,57.5,63.677,14.996,4.752,2.512,,87.0,2.346,82.9,94.25,,,,,,,,,,,,,,,,,,-0.8290888,59.0
SEN,Senegal,2005,1119.051,48.693,38.663,,15.8,53.5,64.731,19.818,5.261,2.425,,84.0,2.339,84.2,94.65,,,,,,,,0.631,33.94,19.167,0.43,60.98,1.38,,,,,-0.7334032,60.0
SEN,Senegal,2006,1118.783,48.622,38.478,,14.6,50.1,66.881,20.834,5.466,2.276,,89.0,2.328,85.4,94.99,,42.0,,,0.688,-0.365,0.378,0.627,33.94,19.167,0.438,61.801,1.54,,,,,-0.7579462,61.0
SEN,Senegal,2007,1123.999,48.111,37.243,,12.2,47.2,69.345,,6.122,2.241,,94.0,2.323,87.8,95.28,,,,,,,,0.597,35.9,29.2,0.45,62.653,1.71,,,,,-0.8033775,62.0
SEN,Senegal,2008,1138.669,47.615,36.024,,10.9,44.9,70.195,,7.755,2.28,,88.0,2.34,89.1,95.51,,,,,,,,0.593,37.87,29.2,0.462,63.201,1.88,,,,,-0.7995846,63.0
SEN,Senegal,2009,1142.653,47.13,34.824,,10.3,43.0,70.561,,7.915,2.178,,86.0,2.366,89.7,95.7,,48.0,,,0.669,-0.553,0.378,0.584,39.83,29.6,0.47,63.751,2.05,,,,,-0.752122,64.0
SEN,Senegal,2010,1153.534,46.648,33.642,108.258,10.9,41.5,71.575,,7.63,2.153,,89.0,2.387,89.1,95.85,,,,,,,,0.575,41.8,29.6,0.477,64.221,2.22,38.006,44.579,41.949,27.489,-0.7540249,65.0
SEN,Senegal,2011,1139.744,46.133,32.48,,11.1,40.3,72.238,,10.121,2.065,,92.0,2.528,88.9,95.97,,52.0,0.4027436077594757,Africa,0.683,-0.496,0.362,0.566,43.76,29.6,0.491,64.799,2.39,37.637,44.579,41.949,26.383,-0.419891,66.0
SEN,Senegal,2012,1154.057,45.155,31.339,,11.3,39.3,74.272,,10.264,2.028,,91.0,2.677,88.7,96.07,,,,,,,,0.54,41.45,42.667,0.499,65.229,2.585,37.739,44.228,43.425,25.564,-0.4842744,67.0
SEN,Senegal,2013,1147.386,44.155,30.219,,11.2,38.5,73.181,,10.573,1.895,,92.0,2.963,88.8,96.15,,44.0,,,0.725,-0.425,0.233,0.531,39.13,42.667,0.504,65.638,2.78,37.415,44.228,43.425,24.592,-0.6369986,68.0
SEN,Senegal,2014,1180.799,43.295,29.123,,11.1,37.9,73.744,,10.879,1.77,,89.0,3.168,88.9,96.21,,,,,,,,0.529,36.82,43.333,0.508,66.001,2.656,37.342,44.747,43.425,23.854,-0.6832628,69.0
SEN,Senegal,2015,1218.006,42.412,28.05,115.16,10.0,37.3,73.848,,10.841,1.645,,89.0,3.07,90.0,96.27,,43.59273,,,0.729,-0.483,0.291,0.528,34.5,42.667,0.509,66.451,2.532,37.216,45.288,43.425,22.934,-0.6959057,70.0
SEN,Senegal,2016,1257.409,47.883,33.876,,8.9,36.9,73.533,,10.888,1.555,,93.0,2.978,91.1,96.31,,46.09964,,,0.728,-0.502,0.284,0.51,39.34,42.667,0.516,66.724,2.892,37.392,46.454,43.425,22.297,-0.5908031,71.0
SEN,Senegal,2017,1312.109,44.126,26.258,,8.0,36.4,75.382,37.669,11.349,1.417,236.0,93.0,2.888,92.0,96.36,76.4,52.0,,,0.701,-0.365,0.326,0.519,36.21,41.818,0.517,67.059,2.83,36.967,45.988,43.425,21.487,-0.5572939,72.0
SEN,Senegal,2018,1355.096,46.683,28.278,,7.1,35.7,,,12.418,1.276,,92.0,2.8,92.9,96.43,,46.60591,0.3831478357315063,Africa,0.694,-0.329,0.327,0.508,36.84,41.818,0.522,67.379,2.998,36.841,46.364,43.425,20.733,-0.3464844,73.0
SEN,Senegal,2019,1379.609,49.26,30.399,,6.2,34.9,,,12.608,1.145,,91.0,2.718,93.8,96.51,,46.83367,,,0.7,-0.134,0.341,0.506,37.48,41.818,0.52,67.668,2.841,35.544,47.135,39.284,20.214,-0.541247,74.0
SEN,Senegal,2020,1361.791,48.976,30.768,112.535,5.3,33.9,,,13.314,0.988,,83.0,2.633,94.7,96.61,,,,,,,,0.501,38.05,43.03,0.522,67.496,2.888,35.293,47.135,39.284,19.459,,
SRB,Serbia,1995,3012.498,49.843,46.006,,,16.9,,,,0.021,,89.0,0.073,,98.31,,,,,,,,,,,,,,,,,,,
SRB,Serbia,1996,3200.768,49.318,44.726,,,15.1,,,,0.02,,91.0,-0.08,,98.49,,,,,,,,,,,,,,,,,,,
SRB,Serbia,1997,3497.55,48.25,42.98,,,13.5,,,,0.02,,94.0,-0.311,,98.65,,,,,,,,,,,,,,,,,,,
SRB,Serbia,1998,3699.404,47.886,41.929,,,12.3,,,,0.021,,93.0,-0.406,,98.77,,,,,,,,,,,,,,,,,,,
SRB,Serbia,1999,3329.452,48.518,43.929,,,11.5,,,,0.018,,92.0,-0.362,,98.85,,,,,,,,,,,,,,,,,,,
SRB,Serbia,2000,3542.354,48.722,42.726,,,10.9,,,,0.017,,95.0,-0.32,,98.91,,,,,,,,,,,,,,,,,,,
SRB,Serbia,2001,3788.982,48.204,41.479,,4.8,10.4,,,37.762,0.017,,93.0,-0.172,95.2,98.96,,,,,,,,,,,,,,,,,,,
SRB,Serbia,2002,4038.653,47.287,40.358,,4.6,9.9,,,35.664,0.016,,95.0,-0.045,95.4,99.01,,,,,,,,,,,,,,,,,,,
SRB,Serbia,2003,4233.776,46.232,39.571,,3.9,9.1,,,39.613,0.016,,89.0,-0.26,96.1,99.09,,96.0,,,0.647,,0.619,,,,,,,,,,,,
SRB,Serbia,2004,4527.435,44.075,38.501,,3.1,8.4,,,40.934,0.015,,88.0,-0.233,96.9,99.16,,,,,,,,,,,,,,,,,,,
SRB,Serbia,2005,4809.138,42.504,37.587,,2.6,7.8,99.704,,44.205,0.014,,98.0,-0.3,97.4,99.22,,,,,,,,,,,,,,,,,,,
SRB,Serbia,2006,5016.413,42.276,36.978,,2.5,7.4,99.862,,46.82,0.014,,92.0,-0.393,97.5,99.26,,,,,,,,0.26,42.53,12.0,0.753,73.395,9.393,,,,,,
SRB,Serbia,2007,5431.279,43.839,32.974,,2.5,7.1,98.345,,47.967,0.014,,94.0,-0.405,97.5,99.29,,,,,,,,0.22,42.82,20.4,0.763,73.724,9.817,,,,,,
SRB,Serbia,2008,5735.948,45.575,32.309,,2.5,6.9,96.995,89.588,48.665,0.014,,95.0,-0.426,97.5,99.31,,,,,,,,0.212,43.38,21.6,0.773,73.904,10.24,,,,,,
SRB,Serbia,2009,5578.012,42.748,28.694,,2.5,6.7,94.223,90.241,49.85,0.015,,95.0,-0.401,97.5,99.33,,,,,,,,0.21,41.35,21.6,0.774,74.106,10.3,,,,,,
SRB,Serbia,2010,5690.703,40.117,27.946,206.276,2.5,6.6,92.747,90.166,49.083,0.015,,91.0,-0.402,97.5,99.34,,,,,,,,0.208,39.03,21.6,0.775,74.376,10.37,,,21.012,5.72,,
SRB,Serbia,2011,5737.001,38.327,28.074,,2.5,6.4,95.705,92.486,51.594,0.015,,94.0,-0.756,97.5,99.36,,98.0,,,0.613,-0.132,0.635,0.204,37.99,22.0,0.785,74.719,10.57,,,21.012,5.533,,
SRB,Serbia,2012,5739.308,38.117,29.224,,2.5,6.1,94.431,92.862,53.5,0.016,,91.0,-0.485,97.5,99.39,,,,,,,,0.175,38.3,33.2,0.788,75.089,10.565,,,21.012,5.422,,
SRB,Serbia,2013,5793.336,39.821,28.385,,2.5,5.9,94.795,93.029,56.381,0.016,,95.0,-0.486,97.5,99.41,,,,,,,,0.165,40.45,33.2,0.792,75.346,10.56,12.937,9.898,23.584,5.329,,
SRB,Serbia,2014,5716.54,41.682,28.27,,2.5,5.7,96.242,92.205,58.055,0.016,,93.0,-0.486,97.5,99.43,,,,,,,,0.16,43.82,34.0,0.795,75.478,10.72,12.865,9.797,23.584,5.213,,
SRB,Serbia,2015,5820.322,42.176,29.036,201.185,2.5,5.4,96.302,93.782,58.288,0.017,,95.0,-0.512,97.5,99.46,,,,,,,,0.155,43.47,34.0,0.802,75.653,11.02,12.622,9.291,23.584,4.991,,
SRB,Serbia,2016,6024.958,44.89,30.119,,2.5,5.2,95.73,93.114,62.137,0.017,,93.0,-0.524,97.5,99.48,,99.0,0.387736439704895,Europe,0.415,-0.038,0.706,0.145,45.45,34.0,0.806,75.737,11.13,11.224,8.153,20.712,4.808,,
SRB,Serbia,2017,6200.261,46.337,30.455,,2.5,5.1,95.177,92.456,66.487,0.016,,95.0,-0.532,97.5,99.49,,,,,,,,0.139,46.29,34.4,0.808,75.792,11.16,10.682,8.137,19.267,4.643,,
SRB,Serbia,2018,6524.08,47.091,29.81,,2.5,5.0,94.551,92.065,67.159,0.016,,97.0,-0.546,97.5,99.5,,,,,,,,0.132,46.69,34.4,0.814,76.036,11.265,9.686,7.472,16.893,4.694,,
SRB,Serbia,2019,6870.758,48.443,29.433,,2.5,4.8,,,67.79,0.015,,97.0,-0.537,97.5,99.52,,99.0,0.344751238822937,Europe,0.363,-0.017,0.638,0.118,47.1,37.652,0.817,76.058,11.37,9.464,9.64,14.128,4.623,,
SRB,Serbia,2020,6850.967,48.564,28.078,216.319,2.5,4.7,,,68.143,0.019,,92.0,-0.666,97.5,99.53,,,,,,,,0.113,46.51,38.8,0.809,74.507,11.505,8.387,7.195,13.3,4.666,,
SYC,Seychelles,1990,8779.852,,,,,13.1,,,,0.158,,99.0,0.49,,98.69,,,,,,,,,,,,,,,,,,-0.6918519,45.0
SYC,Seychelles,1991,8902.838,,,,,12.8,,,,0.166,,98.0,1.332,,98.72,,,,,,,,,,,,,,,,,,-0.6237971,46.0
SYC,Seychelles,1992,9497.755,,,,,12.5,,,,0.142,,96.0,0.459,,98.75,,,,,,,,,,,,,,,,,,-0.5006673,47.0
SYC,Seychelles,1993,9981.245,,,,,12.3,87.911,78.878,,0.141,,96.0,2.084,,98.77,,,,,,,,,,,,,,,,,,-0.6918869,48.0
SYC,Seychelles,1994,9481.881,,,,,12.1,90.875,82.219,,0.13,,96.0,2.666,,98.79,,88.0,,,0.357,,0.441,,,,,,,,,,,-0.7168787,49.0
SYC,Seychelles,1995,9388.82,,,,,12.0,91.672,82.161,,0.105,,97.0,1.47,,98.8,,,,,,,,,,,,,,,,,,-0.7158082,50.0
SYC,Seychelles,1996,10177.09,,,,,11.9,92.077,83.608,,0.098,,99.0,1.467,,98.81,,,,,,,,,,,,,,,,,,-0.6047185,51.0
SYC,Seychelles,1997,11284.846,,,,,11.8,,,,0.085,,98.0,1.173,,98.82,,,,,,,,,,,,,,,,,,,
SYC,Seychelles,1998,11339.348,,,,,11.8,91.385,89.698,,0.088,,99.0,1.956,,98.82,,,,,,,,,,,,,,,,,,-0.4510679,53.0
SYC,Seychelles,1999,11326.939,,,,,11.8,,66.554,,0.088,,99.0,1.964,,98.82,,,,,,,,,,,,,,,,,,-0.6483928,54.0
SYC,Seychelles,2000,11703.754,,,,,11.8,84.721,65.337,,0.096,,98.0,0.893,,98.82,,,,,,,,,,,,,,,,,,,
SYC,Seychelles,2001,11427.941,,,,2.5,11.8,86.104,71.206,,0.087,,96.0,0.087,97.5,98.82,,,,,,,,,,,,,,,,,,-0.4760743,56.0
SYC,Seychelles,2002,11218.261,,,,2.5,11.9,93.425,70.56,,0.093,,99.0,3.057,97.5,98.81,,92.0,,,0.364,0.568,0.411,,,,,,,,,,,-0.4826119,57.0
SYC,Seychelles,2003,10677.969,,,,2.5,12.0,95.144,74.809,,0.097,,99.0,-1.132,97.5,98.8,,,,,,,,,,,,,,,,,,-0.6762427,58.0
SYC,Seychelles,2004,10412.087,,,,2.5,12.0,95.34,74.784,,0.105,,99.0,-0.37,97.5,98.8,,,,,,,,,,,,,,,,,,-0.6589945,59.0
SYC,Seychelles,2005,11297.312,,,,2.8,12.1,95.485,81.586,,0.106,,99.0,0.463,97.2,98.79,,,,,,,,,,,,,,,,,,-0.6644086,60.0
SYC,Seychelles,2006,12105.448,,,,3.1,12.2,,,,0.103,,99.0,2.081,96.9,98.78,,,,,,,,,,,,,,,,,,-0.8473855,61.0
SYC,Seychelles,2007,13112.821,,,,3.5,12.3,,79.142,,0.109,,99.0,0.511,96.5,98.77,,,,,,,,,,,,,,,,,,-0.3929398,62.0
SYC,Seychelles,2008,12473.292,,,,3.9,12.4,,76.435,,0.11,,99.0,2.236,96.1,98.76,,,,,,,,,,,,,,,,,,-0.379187,63.0
SYC,Seychelles,2009,12116.378,,,,4.3,12.5,,76.274,,0.109,,99.0,0.393,95.7,98.75,,,,,,,,,,,,,,,,,,-0.4704902,64.0
SYC,Seychelles,2010,12313.557,,,,4.9,12.6,,74.669,,0.099,,99.0,2.792,95.1,98.74,,94.0,,,0.477,0.624,0.255,,,,,,,,,,,-0.6246851,65.0
SYC,Seychelles,2011,13843.712,,,,5.2,12.7,,,2.918,0.104,,99.0,-2.629,94.8,98.73,,,,,,,,,,,,,,,,,,-0.3038753,66.0
SYC,Seychelles,2012,14135.001,,,,5.5,12.8,,,1.556,0.104,,98.0,0.981,94.5,98.72,,,,,,,,,,,,,,,,,,-0.1978755,67.0
SYC,Seychelles,2013,14050.314,,,,5.2,12.9,95.252,73.854,3.502,0.093,,98.0,1.847,94.8,98.71,,,,,,,,,,,,,,,,,,-0.4428867,68.0
SYC,Seychelles,2014,14395.616,,,,4.9,13.1,94.462,74.578,7.291,0.088,,99.0,1.555,95.1,98.69,,,,,,,,,,,,,,,,,,-0.4170624,69.0
SYC,Seychelles,2015,15333.105,,,228.353,4.3,13.2,94.647,78.191,16.497,0.091,,97.0,2.23,95.7,98.68,,,,,,,,,,,,,,,,,,-0.5565971,70.0
SYC,Seychelles,2016,16962.675,,,,3.7,13.3,94.029,80.647,25.636,0.095,,96.0,1.338,96.3,98.67,,,,,,,,,,,,,,,,,,-0.6812601,71.0
SYC,Seychelles,2017,17921.573,,,,3.3,13.4,92.027,79.642,42.208,0.096,,97.0,1.224,96.7,98.66,,,,,,,,,,,,,,,,,,-0.3913487,72.0
SYC,Seychelles,2018,18628.186,,,,3.0,13.5,92.21,80.061,38.858,0.098,,99.0,0.954,97.0,98.65,,,,,,,,,,,,,,,,,,-0.4780085,73.0
SYC,Seychelles,2019,19481.646,,,,2.7,13.6,,,41.297,0.095,62.305,99.0,0.888,97.3,98.64,93.7695,,,,,,,,,,,,,,,,,-0.4365525,74.0
SYC,Seychelles,2020,17048.362,,,234.131,2.5,13.6,,,26.934,0.1,0.0,97.0,0.854,97.5,98.64,100.0,,,,,,,,,,,,,,,,,,
SLE,Sierra Leone,1990,992.259,,37.772,,,135.5,,,1.408,9.085,,,3.956,,86.45,,,,,,,,,,,,,,,,,,-0.6601411,45.0
SLE,Sierra Leone,1991,1003.772,61.709,37.888,,,135.2,,,1.247,10.226,,,1.171,,86.48,,,,,,,,,,,,,,,,,,-0.6034271,46.0
SLE,Sierra Leone,1992,828.516,61.579,38.051,,,134.8,,,,9.994,,,-1.9,,86.52,,,,,,,,,,,,,,,,,,-0.6063918,47.0
SLE,Sierra Leone,1993,841.77,61.588,38.183,,,134.4,,,,10.051,,,-0.222,,86.56,,,,,,,,,,,,,,,,,,-0.8552262,48.0
SLE,Sierra Leone,1994,822.218,61.578,38.325,,,133.7,,,,10.313,,,0.384,,86.63,,,,,,,,,,,,,,,,,,-0.6814108,49.0
SLE,Sierra Leone,1995,755.343,61.694,38.479,,,132.7,,,,10.416,,,0.145,,86.73,,,,,,,,,,,,,,,,,,-0.5040092,50.0
SLE,Sierra Leone,1996,764.925,61.723,38.615,,,131.4,,,,10.065,,,0.478,,86.86,,,,,,,,,,,,,,,,,,-0.3961562,51.0
SLE,Sierra Leone,1997,710.744,61.715,38.753,,,129.7,,,,9.989,,,1.29,,87.03,,,,,,,,,,,,,,,,,,-0.4912155,52.0
SLE,Sierra Leone,1998,716.346,61.818,38.886,,,127.8,,,,10.148,,,0.984,,87.22,,,,,,,,,,,,,,,,,,-0.5253139,53.0
SLE,Sierra Leone,1999,698.548,61.821,39.069,,,125.7,,,,9.984,,43.0,0.517,,87.43,,,,,,,,,,,,,,,,,,-0.3057132,54.0
SLE,Sierra Leone,2000,727.241,61.945,39.208,,,123.4,,,1.675,9.065,,44.0,2.415,,87.66,,,,,,,,,,,,,,,,,,-0.5476499,55.0
SLE,Sierra Leone,2001,642.037,61.894,39.291,,50.0,120.8,,,2.113,8.407,,38.0,5.906,50.0,87.92,,,,,,,,,,,,,,,,,,-0.5047018,56.0
SLE,Sierra Leone,2002,766.789,62.113,39.306,,49.2,118.2,,,1.988,8.338,,53.0,5.77,50.8,88.18,,,,,,,,,,,,,,,,,,-0.861088,57.0
SLE,Sierra Leone,2003,806.066,62.133,39.3,,47.0,115.4,,,,7.875,,73.0,4.065,53.0,88.46,,,,,,,,0.666,64.66,14.516,0.354,46.784,3.048,,,,,-0.4620606,58.0
SLE,Sierra Leone,2004,829.76,63.849,42.319,,44.4,112.4,,,,7.346,,65.0,3.381,55.6,88.76,,35.0,,,0.552,-1.124,0.794,0.663,65.93,14.516,0.363,47.485,3.14,,,,,-0.5265988,59.0
SLE,Sierra Leone,2005,842.906,62.798,40.87,,40.2,109.3,,,,6.897,,65.0,2.689,59.8,89.07,,,,,,,,0.663,64.97,14.516,0.37,48.306,3.168,,,,,-0.6612525,60.0
SLE,Sierra Leone,2006,859.824,61.845,39.437,,36.0,106.0,,,,6.251,,64.0,2.207,64.0,89.4,,,,,,,,0.663,64.01,14.516,0.372,49.547,3.197,,,,,-0.5254363,61.0
SLE,Sierra Leone,2007,872.688,60.9,38.023,,31.9,102.4,,,,5.947,,64.0,2.196,68.1,89.76,,,,,,,,0.665,63.05,13.223,0.391,50.024,3.225,,,,,-0.5128771,62.0
SLE,Sierra Leone,2008,882.541,59.962,36.628,,28.1,98.5,,,,5.669,,77.0,2.497,71.9,90.15,,,,,,,,0.663,62.09,13.223,0.4,50.693,3.254,,,,,-0.4704716,63.0
SLE,Sierra Leone,2009,872.24,59.002,35.257,,24.8,94.7,,,,5.359,,84.0,2.693,75.2,90.53,,,,,,,,0.658,61.14,13.223,0.406,51.312,3.282,,,,,-0.4724261,64.0
SLE,Sierra Leone,2010,902.77,58.075,33.91,,22.5,90.8,,,,5.072,,86.0,2.722,77.5,90.92,,,,,,,,0.652,60.18,13.223,0.41,51.927,3.311,,48.723,,48.456,-0.5055534,65.0
SLE,Sierra Leone,2011,950.761,57.156,32.588,,21.6,87.0,,,,4.736,,89.0,2.61,78.4,91.3,,,,,,,,0.646,59.22,12.903,0.416,52.594,3.339,43.646,48.723,34.928,47.288,-0.5207534,66.0
SLE,Sierra Leone,2012,1025.044,56.266,31.293,,21.9,83.4,94.572,,,4.385,,91.0,2.533,78.1,91.66,,,,,,,,0.643,58.26,12.397,0.418,53.159,3.368,43.275,48.723,34.928,46.172,-0.5804087,67.0
SLE,Sierra Leone,2013,1146.82,55.364,30.026,,23.2,80.0,96.377,33.408,,3.911,,92.0,2.457,76.8,92.0,,,,,,,,0.639,57.3,12.397,0.436,54.051,3.396,42.394,47.299,34.928,44.953,-0.5104553,68.0
SLE,Sierra Leone,2014,1032.238,54.284,28.788,,23.2,77.7,,,,3.689,,83.0,2.389,76.8,92.23,,,,,,,,0.637,56.34,12.097,0.438,54.281,3.425,42.168,47.299,34.928,44.277,-0.4351344,69.0
SLE,Sierra Leone,2015,964.576,53.674,29.597,101.73,24.1,76.9,95.119,32.509,,3.2,,86.0,2.318,75.9,92.31,,,,,,,,0.632,55.15,12.397,0.432,55.454,3.453,41.761,47.299,34.928,43.055,-0.605435,70.0
SLE,Sierra Leone,2016,1002.779,53.117,30.422,,24.5,71.3,98.112,,,2.746,,84.0,2.355,75.5,92.87,,,,,,,,0.622,53.96,12.397,0.441,56.937,3.481,41.259,47.299,34.928,41.55,-0.4223212,71.0
SLE,Sierra Leone,2017,1010.547,52.676,31.263,,26.0,68.8,,38.331,,2.481,,90.0,2.386,74.0,93.12,,44.83318,,,0.502,-1.221,0.784,0.622,52.77,12.397,0.445,57.761,3.51,40.842,46.927,34.928,40.671,-0.5839478,72.0
SLE,Sierra Leone,2018,1015.668,52.191,32.119,,27.0,66.3,,41.767,,2.084,,93.0,2.347,73.0,93.37,,,,,,,,0.615,51.58,12.329,0.451,59.059,3.507,40.737,46.927,35.925,39.359,-0.5940925,73.0
SLE,Sierra Leone,2019,1046.968,52.086,31.557,,27.8,64.1,,,,1.928,510.0,95.0,2.321,72.2,93.59,49.0,43.57778,,,0.544,-1.175,0.714,0.612,51.0,12.329,0.455,59.593,3.503,40.603,47.503,35.925,38.38,-0.6068161,74.0
SLE,Sierra Leone,2020,1010.253,51.428,31.257,110.749,27.5,61.9,,,,1.72,,91.0,2.308,72.5,93.81,,,,,,,,0.613,50.57,12.329,0.454,59.694,3.519,40.253,47.503,35.925,37.331,,
SGP,Singapore,1990,23272.7,,47.798,,,6.1,,,,0.03,,85.0,3.889,,99.39,,89.0,,,0.365,,0.009,0.258,37.88,4.762,0.819,74.598,7.54,,,,,-0.2221511,45.0
SGP,Singapore,1991,24132.715,60.316,47.583,,,5.5,,,,0.027,,91.0,2.845,,99.45,,,,,,,,0.257,37.88,4.762,0.826,75.058,7.768,,,,,-0.4305252,46.0
SGP,Singapore,1992,24973.431,60.218,47.027,,,5.0,,,,0.026,,89.0,3.004,,99.5,,,,,,,,0.262,42.53,4.762,0.833,75.326,7.996,,,,,-0.1674723,47.0
SGP,Singapore,1993,27139.952,60.535,45.755,,,4.6,,,,0.026,,92.0,2.53,,99.54,,,,,,,,0.265,41.37,4.762,0.84,75.533,8.224,,,,,-0.2065345,48.0
SGP,Singapore,1994,29220.273,61.038,45.297,,,4.2,,,,0.025,,95.0,3.137,,99.58,,,,,,,,0.263,41.69,4.762,0.848,75.627,8.452,,,,,-0.2829695,49.0
SGP,Singapore,1995,30379.899,61.581,45.224,,,4.0,,,,0.025,,98.0,3.038,,99.6,,,,,,,,0.252,40.1,4.762,0.854,75.725,8.68,,,,,-0.3253058,50.0
SGP,Singapore,1996,31349.317,61.933,44.745,,,3.8,,,,0.026,,97.0,4.064,,99.62,,,,,,,,0.261,41.0,4.762,0.859,76.05,8.839,,,,,-0.4127312,51.0
SGP,Singapore,1997,32835.252,63.119,44.33,,,3.6,,,,0.025,,98.0,3.357,,99.64,,,,,,,,0.254,40.07,4.762,0.866,76.389,8.998,,,,,-0.5714862,52.0
SGP,Singapore,1998,31043.108,62.954,45.603,,,3.4,,,,0.022,,97.0,3.397,,99.66,,,,,,,,0.256,39.1,4.762,0.869,76.851,9.157,,,,,-0.2649548,53.0
SGP,Singapore,1999,32557.047,62.099,44.108,,,3.2,,,,0.022,,97.0,0.799,,99.68,,,,,,,,0.264,50.69,4.301,0.875,77.271,9.316,,,,,-0.3553609,54.0
SGP,Singapore,2000,34890.081,62.947,43.359,,,3.0,,,,0.023,,98.0,1.732,,99.7,,93.0,,,0.381,2.108,0.009,0.26,40.58,4.301,0.882,77.752,9.475,,,,,-0.1969106,55.0
SGP,Singapore,2001,33597.869,62.999,42.611,,,2.8,,,,0.019,,96.0,2.697,,99.72,,,,,,,,0.189,51.59,11.765,0.885,78.267,9.634,,,,,-0.2843417,56.0
SGP,Singapore,2002,34598.827,60.971,38.919,,,2.7,,,,0.018,,94.0,0.913,,99.73,,,,,,,,0.181,50.59,11.765,0.891,78.736,9.793,,,,,-0.1752234,57.0
SGP,Singapore,2003,36709.797,60.862,39.471,,,2.5,,,,0.016,,96.0,-1.475,,99.75,,,,,,,,0.15,50.91,15.957,0.897,79.178,9.952,,,,,-0.181328,58.0
SGP,Singapore,2004,39856.636,60.799,39.104,,,2.4,,,,0.015,,95.0,1.252,,99.76,,,,,,,,0.144,51.3,15.957,0.905,79.658,10.111,,,,,-0.2258122,59.0
SGP,Singapore,2005,41798.488,61.553,39.002,,,2.3,,,,0.014,,96.0,2.351,,99.77,,,,,,,,0.137,52.0,15.957,0.911,80.271,10.27,,,,,-0.3244231,60.0
SGP,Singapore,2006,44159.41,63.12,38.9,,,2.3,,,,0.013,,95.0,3.129,,99.77,,,,,,,,0.109,54.25,21.176,0.911,80.64,10.11,,,,,-0.2509605,61.0
SGP,Singapore,2007,46178.814,62.943,36.656,,,2.3,,,,0.012,,97.0,4.166,,99.77,,,,,,,,0.098,53.08,24.468,0.914,80.885,10.21,,,,,-0.2576967,62.0
SGP,Singapore,2008,44601.58,63.977,37.162,,,2.3,,,,0.011,,97.0,5.322,,99.77,,,,,,,,0.089,55.61,24.468,0.924,81.099,10.49,,,,,-0.3819349,63.0
SGP,Singapore,2009,43331.875,62.669,35.664,,,2.2,,,,0.01,,97.0,3.016,,99.78,,,,,,,,0.082,55.16,23.404,0.928,81.428,10.5,,,,,-0.4208825,64.0
SGP,Singapore,2010,48752.052,64.595,39.218,,,2.2,,,93.27,0.009,,96.0,1.772,,99.78,,96.0,,,0.39,2.281,0.009,0.075,56.46,23.404,0.932,81.647,10.94,13.126,12.263,24.158,2.958,-0.4830081,65.0
SGP,Singapore,2011,50713.533,64.755,36.721,,,2.2,,,95.982,0.009,,96.0,2.085,,99.78,,96.0,,,0.404,2.194,0.009,0.075,56.97,22.222,0.933,81.942,11.0,13.552,12.215,25.513,2.929,-0.7073248,66.0
SGP,Singapore,2012,51679.353,65.416,37.845,,,2.2,,,101.997,0.01,,97.0,2.453,,99.78,,96.0,,,0.42,2.203,0.009,0.068,57.69,24.242,0.933,82.209,11.02,13.573,11.884,25.935,2.9,-0.4183676,67.0
SGP,Singapore,2013,53298.973,65.152,36.255,,,2.2,,,,0.009,,97.0,1.619,,99.78,,97.0,,,0.416,2.129,0.009,0.06,58.1,24.242,0.934,82.468,11.15,13.45,11.559,25.935,2.856,-0.6413542,68.0
SGP,Singapore,2014,54681.934,65.992,37.678,,,2.2,,,,0.009,,96.0,1.298,,99.78,,97.0,,,0.416,2.218,0.009,0.054,58.64,25.253,0.934,82.615,11.22,13.41,11.496,25.935,2.799,-0.4512846,69.0
SGP,Singapore,2015,55645.607,66.895,40.618,,,2.2,,,,0.008,,96.0,1.186,,99.78,,97.0,,,0.415,2.249,0.009,0.05,60.42,23.913,0.935,82.748,11.37,13.131,10.717,25.935,2.74,-0.6674758,70.0
SGP,Singapore,2016,56986.785,66.419,39.463,,,2.2,99.695,99.532,83.941,0.008,,97.0,1.297,,99.78,,97.0,,,0.427,2.215,0.009,0.048,60.38,23.762,0.934,82.897,11.38,13.216,11.0,25.935,2.712,-0.6288597,71.0
SGP,Singapore,2017,59485.302,66.047,38.294,,,2.1,99.67,99.785,84.793,0.007,,96.0,0.089,,99.79,,97.0,,,0.422,2.225,0.009,0.049,59.82,23.0,0.935,83.095,11.34,13.218,11.041,25.935,2.678,-0.7473469,72.0
SGP,Singapore,2018,61250.348,66.103,38.15,,,2.1,,,88.886,0.007,,97.0,0.47,,99.79,,97.0,,,0.411,2.232,0.009,0.049,60.2,23.0,0.939,83.378,11.56,12.853,10.007,25.935,2.616,-0.4258829,73.0
SGP,Singapore,2019,61345.529,66.847,38.253,,,2.0,,,91.089,0.007,,97.0,1.144,,99.8,,97.0,,,0.405,2.232,0.009,0.047,61.12,23.0,0.942,83.662,11.68,12.713,9.652,25.935,2.551,-0.4694771,74.0
SGP,Singapore,2020,59189.704,65.895,36.085,283.342,,1.9,,,93.135,0.012,,98.0,-0.312,,99.81,,97.0,,,0.4,2.285,0.007,0.034,61.17,29.474,0.944,83.661,11.76,12.677,9.406,25.935,2.689,,
SXM,Sint Maarten (Dutch part),2009,37548.947,,,,,,,,,,,,1.038,,,,,,,,,,,,,,,,,,,,,
SXM,Sint Maarten (Dutch part),2010,38403.071,,,,,,,,,,,,0.901,,,,,,,,,,,,,,,,,,,,,
SXM,Sint Maarten (Dutch part),2011,39615.137,,,,,,,,,,,,1.39,,,,,,,,,,,,,,,,,,,,,
SXM,Sint Maarten (Dutch part),2012,39298.987,,,,,,,76.493,7.841,,,,2.182,,,,,,,,,,,,,,,,,,,,,
SXM,Sint Maarten (Dutch part),2013,38889.772,,,,,,,,,,195.7,,2.345,,,80.43,,,,,,,,,,,,,,,,,,
SXM,Sint Maarten (Dutch part),2014,38623.2,,,,,,,69.76,7.328,,,,2.256,,,,,,,,,,,,,,,,,,,,,
SXM,Sint Maarten (Dutch part),2015,37839.628,,,,,,,,7.935,,,,2.155,,,,,,,,,,,,,,,,,,,,,
SXM,Sint Maarten (Dutch part),2016,37428.703,,,,,,,,,,,,2.055,,,,,,,,,,,,,,,,,,,,,
SXM,Sint Maarten (Dutch part),2017,33945.419,,,,,,,,9.856,,0.0,,1.934,,,100.0,,,,,,,,,,,,,,,,,,
SXM,Sint Maarten (Dutch part),2018,31047.724,,,,,,,,,,237.0,,1.819,,,76.3,,,,,,,,,,,,,,,,,,
SXM,Sint Maarten (Dutch part),2019,33877.977,,,,,,,,,,,,1.681,,,,,,,,,,,,,,,,,,,,,
SXM,Sint Maarten (Dutch part),2020,28920.377,,,,,,,,,,,,1.531,,,,,,,,,,,,,,,,,,,,,
SVK,Slovak Rep.,1990,8597.464,,55.653,,,12.6,,,,0.034,,,0.44,,98.74,,,,,,,,,,,,,,,,,,,
SVK,Slovak Rep.,1991,7338.799,58.097,58.593,,,12.2,,,,0.031,,,0.077,,98.78,,,,,,,,,,,,,,,,,,,
SVK,Slovak Rep.,1992,6843.3,56.356,55.364,,,11.7,,,,0.026,,,0.032,,98.83,,,,,,,,,,,,,,,,,,,
SVK,Slovak Rep.,1993,6946.846,54.576,52.096,,,11.2,,,,0.023,,,0.382,,98.88,,,,,,,,,,,,,,,,,,1.352954,48.0
SVK,Slovak Rep.,1994,7348.918,51.71,47.358,,,10.6,,,,0.019,,99.0,0.394,,98.94,,,,,,,,,,,,,,,,,,1.444585,49.0
SVK,Slovak Rep.,1995,7755.623,51.984,46.283,,,10.1,,,,0.015,,99.0,0.293,,98.99,,,,,,,,,,,,,,,,,,1.216594,50.0
SVK,Slovak Rep.,1996,8212.832,53.335,46.624,,,9.7,,,,0.014,,99.0,0.212,,99.03,,,,,,,,,,,,,,,,,,1.351888,51.0
SVK,Slovak Rep.,1997,8647.394,52.578,47.12,,,9.2,,,,0.013,,99.0,0.185,,99.08,,,,,,,,,,,,,,,,,,1.349044,52.0
SVK,Slovak Rep.,1998,8966.219,51.744,45.195,,,8.8,,,,0.012,,99.0,0.134,,99.12,,,,,,,,,,,,,,,,,,1.22059,53.0
SVK,Slovak Rep.,1999,8914.683,49.722,45.449,,,8.4,,,,0.011,,99.0,0.102,,99.16,,,,,,,,,,,,,,,,,,1.123787,54.0
SVK,Slovak Rep.,2000,8997.212,48.597,44.734,,,8.1,,,,0.01,,99.0,-0.135,,99.19,,,,,,,,,,,,,,,,,,1.113889,55.0
SVK,Slovak Rep.,2001,9277.358,48.672,44.53,,6.2,7.8,88.103,,30.816,0.009,,99.0,-0.183,93.8,99.22,,,,,,,,,,,,,,,,,,1.027564,56.0
SVK,Slovak Rep.,2002,9690.685,48.815,42.774,,6.2,7.5,85.331,85.142,32.742,0.008,,99.0,-0.036,93.8,99.25,,,,,,,,,,,,,,,,,,1.040787,57.0
SVK,Slovak Rep.,2003,10168.023,49.721,40.815,,6.1,7.3,83.616,86.454,34.551,0.008,,99.0,-0.066,93.9,99.27,,,,,,,,,,,,,,,,,,1.062968,58.0
SVK,Slovak Rep.,2004,10718.21,49.135,39.233,,5.9,7.1,82.279,88.283,36.66,0.008,,99.0,-0.02,94.1,99.29,,,,,,,,,,,,,,,,,,0.9727999,59.0
SVK,Slovak Rep.,2005,11412.159,49.785,36.592,,5.6,6.9,83.009,87.847,40.771,0.008,,99.0,0.01,94.4,99.31,,,,,,,,,,,,,,,,,,0.9671664,60.0
SVK,Slovak Rep.,2006,12430.202,51.151,35.226,,5.7,6.6,85.187,87.074,45.033,0.007,,99.0,0.005,94.3,99.34,,,,,,,,,,,,,,,,,,0.9991928,61.0
SVK,Slovak Rep.,2007,13770.96,52.169,34.648,,5.6,6.4,86.945,86.583,50.556,0.008,,99.0,0.029,94.4,99.36,,,,,,,,,,,,,,,,,,1.02528,62.0
SVK,Slovak Rep.,2008,14497.111,53.545,32.402,,5.1,6.1,87.148,85.95,54.164,0.007,,99.0,0.086,94.9,99.39,,,,,,,,,,,,,,,,,,0.9623364,63.0
SVK,Slovak Rep.,2009,13680.754,51.644,31.308,,4.9,5.9,85.737,85.706,56.77,0.007,,99.0,0.133,95.1,99.41,,,,,,,,,,,,,,,,,,1.055745,64.0
SVK,Slovak Rep.,2010,14596.148,50.37,30.958,207.08,5.2,5.7,84.077,85.635,58.044,0.007,,99.0,0.093,94.8,99.43,,,,,,,,,,,,,,,,,,1.01987,65.0
SVK,Slovak Rep.,2011,14950.874,50.784,30.081,,6.1,5.5,83.264,85.481,57.152,0.007,,99.0,0.129,93.9,99.45,,,,,,,,,,,,,,,,,,1.04051,66.0
SVK,Slovak Rep.,2012,15159.657,50.917,30.492,,5.8,5.4,84.212,85.326,57.038,0.006,,99.0,0.17,94.2,99.46,,,,,,,,,,,,,,,,,,1.033796,67.0
SVK,Slovak Rep.,2013,15249.882,50.82,30.792,,5.6,5.3,84.545,84.208,55.254,0.006,,98.0,0.107,94.4,99.47,,,,,,,,,,,,,,,,,,1.027405,68.0
SVK,Slovak Rep.,2014,15647.649,52.89,31.66,,5.7,5.2,83.895,84.226,53.884,0.006,,97.0,0.097,94.3,99.48,,,,,,,,,,,,,,,,,,1.030996,69.0
SVK,Slovak Rep.,2015,16442.076,52.773,31.784,214.882,5.7,5.1,82.573,84.756,52.721,0.006,,96.0,0.095,94.3,99.49,,,,,,,,,,,,,,,,,,1.093171,70.0
SVK,Slovak Rep.,2016,16740.741,54.2,32.423,,5.3,5.1,82.184,85.032,50.301,0.007,,96.0,0.129,94.7,99.49,,,,,,,,,,,,,,,,,,1.156643,71.0
SVK,Slovak Rep.,2017,17195.289,55.017,33.183,,4.1,5.0,83.093,84.758,49.126,0.006,,96.0,0.155,95.9,99.5,,,,,,,,,,,,,,,,,,1.074824,72.0
SVK,Slovak Rep.,2018,17869.015,55.819,32.289,,3.3,5.0,,,47.814,0.006,,97.0,0.139,96.7,99.5,,,,,,,,,,,,,,,,,,1.147081,73.0
SVK,Slovak Rep.,2019,18250.98,56.125,29.687,,2.8,4.9,,,48.19,0.007,,97.0,0.135,97.2,99.51,,,,,,,,,,,,,,,,,,1.163264,74.0
SVK,Slovak Rep.,2020,17763.856,54.948,28.142,229.138,2.7,4.9,,,48.379,0.006,,97.0,0.086,97.3,99.51,,,,,,,,,,,,,,,,,,,
SVN,Slovenia,1990,13615.586,,42.693,,,8.8,,,,0.019,,,0.091,,99.12,,,,,,,,0.287,54.06,7.778,0.734,73.465,7.192,,,,,,
SVN,Slovenia,1991,12395.918,54.222,43.692,,,8.2,,,,0.017,,,0.063,,99.18,,100.0,,,0.817,,0.128,0.278,54.06,7.778,0.736,73.475,7.51,,,,,,
SVN,Slovenia,1992,11735.846,53.661,44.321,,,7.6,,,,0.016,,98.0,-0.147,,99.24,,,,,,,,0.27,50.43,7.778,0.741,73.419,7.842,,,,,1.305779,47.0
SVN,Slovenia,1993,12098.341,53.115,43.98,,,7.1,,,,0.015,,98.0,-0.238,,99.29,,,,,,,,0.259,46.79,7.778,0.746,73.584,8.175,,,,,1.131529,48.0
SVN,Slovenia,1994,12757.63,53.131,43.398,,,6.6,,,,0.014,,98.0,-0.116,,99.34,,,,,,,,0.246,51.3,7.778,0.756,73.906,8.507,,,,,1.162318,49.0
SVN,Slovenia,1995,13278.743,53.613,42.979,,,6.2,92.882,,,0.013,,98.0,0.022,,99.38,,,,,,,,0.24,52.13,7.778,0.768,74.419,8.839,,,,,1.129059,50.0
SVN,Slovenia,1996,13674.183,53.65,42.684,,,5.8,94.644,,,0.012,,98.0,-0.063,,99.42,,,,,,,,0.222,53.31,7.778,0.778,74.797,9.172,,,,,1.368346,51.0
SVN,Slovenia,1997,14400.671,54.623,46.099,,,5.4,95.333,,,0.01,,94.0,-0.134,,99.46,,,,,,,,0.211,54.42,7.778,0.789,74.989,9.504,,,,,1.298164,52.0
SVN,Slovenia,1998,14874.29,55.058,43.985,,,5.1,95.457,89.065,,0.009,,91.0,-0.218,,99.49,,,,,,,,0.189,55.04,7.778,0.802,75.139,9.836,,,,,1.182642,53.0
SVN,Slovenia,1999,15646.689,53.974,40.448,,,4.8,94.503,90.069,,0.009,,92.0,0.071,,99.52,,,,,,,,0.181,53.26,7.778,0.82,75.454,10.168,,,,,1.119882,54.0
SVN,Slovenia,2000,16146.122,53.576,37.261,,,4.5,93.75,91.375,,0.008,,91.0,0.296,,99.55,,,,,,,,0.187,53.39,7.778,0.829,75.83,10.501,,,,,1.119898,55.0
SVN,Slovenia,2001,16576.716,54.506,36.008,,2.5,4.3,94.287,92.028,60.846,0.007,,92.0,0.157,97.5,99.57,,,,,,,,0.139,51.13,12.222,0.845,76.181,10.833,,,,,1.154344,56.0
SVN,Slovenia,2002,17099.658,54.919,36.499,,2.5,4.1,94.803,92.631,66.655,0.006,,93.0,0.124,97.5,99.59,,,,,,,,0.131,51.9,12.222,0.855,76.316,11.165,,,,,1.137222,57.0
SVN,Slovenia,2003,17635.361,53.038,33.748,,2.5,3.9,95.939,92.964,69.605,0.006,,95.0,0.06,97.5,99.61,,,,,,,,0.127,50.18,12.222,0.865,76.317,11.498,,,,,1.030992,58.0
SVN,Slovenia,2004,18425.26,55.539,39.34,,2.5,3.7,97.981,92.238,73.349,0.006,,94.0,0.064,97.5,99.63,,,,,,,,0.124,52.83,12.222,0.87,76.932,11.83,,,,,1.004752,59.0
SVN,Slovenia,2005,19102.278,55.481,40.506,,2.5,3.5,97.428,92.027,81.273,0.007,,95.0,0.173,97.5,99.65,,,,,,,,0.133,52.89,10.769,0.876,77.503,11.68,,,,,1.037185,60.0
SVN,Slovenia,2006,20166.532,55.928,40.518,,2.5,3.3,97.067,91.66,85.274,0.007,,97.0,0.319,97.5,99.67,,,,,,,,0.126,53.26,10.769,0.883,77.82,11.81,,,,,1.007966,61.0
SVN,Slovenia,2007,21485.781,57.097,41.732,,2.5,3.1,97.932,93.14,87.265,0.008,,97.0,0.559,97.5,99.69,,,,,,,,0.139,53.32,9.231,0.888,78.285,11.75,,,,,1.014624,62.0
SVN,Slovenia,2008,22175.237,57.17,42.746,,2.5,2.9,98.085,93.056,88.599,0.009,,97.0,0.158,97.5,99.71,,,,,,,,0.135,53.54,10.0,0.894,78.595,11.91,,,,,0.9768535,63.0
SVN,Slovenia,2009,20307.619,56.149,40.776,,2.5,2.8,98.158,93.455,87.965,0.009,,96.0,0.904,97.5,99.72,,,,,,,,0.13,53.6,10.769,0.894,79.027,12.03,,,,,0.8902455,64.0
SVN,Slovenia,2010,20444.12,55.066,39.773,233.613,2.5,2.6,98.428,94.022,90.251,0.009,,96.0,0.436,97.5,99.74,,,,,,,,0.127,53.25,10.769,0.896,79.301,12.06,5.215,3.178,9.059,3.408,0.8814594,65.0
SVN,Slovenia,2011,20535.416,53.408,37.297,,2.5,2.5,98.543,94.13,87.189,0.009,,96.0,0.208,97.5,99.75,,,,,,,,0.077,52.33,23.077,0.897,79.588,12.21,5.812,2.987,11.219,3.231,0.9158635,66.0
SVN,Slovenia,2012,19894.87,52.717,34.216,,2.5,2.4,98.534,94.058,89.022,0.009,,96.0,0.21,97.5,99.76,,,,,,,,0.07,52.22,24.615,0.897,79.765,12.28,6.097,2.873,12.178,3.241,0.9137963,67.0
SVN,Slovenia,2013,19704.219,51.806,33.751,,2.5,2.3,98.331,95.18,87.857,0.008,,95.0,0.136,97.5,99.77,,,,,,,,0.07,51.6,24.615,0.907,80.088,12.38,5.959,2.732,12.178,2.967,0.9165434,68.0
SVN,Slovenia,2014,20228.708,52.259,33.584,,2.5,2.2,98.145,94.787,84.378,0.008,,95.0,0.098,97.5,99.78,,,,,,,,0.066,52.22,26.923,0.907,80.252,12.43,5.744,2.094,12.178,2.959,0.8996075,69.0
SVN,Slovenia,2015,20697.275,52.43,35.4,235.902,2.5,2.1,98.03,96.428,82.2,0.007,,95.0,0.075,97.5,99.79,,,,,,,,0.062,51.89,27.692,0.909,80.499,12.57,5.403,2.124,11.283,2.803,1.036398,70.0
SVN,Slovenia,2016,21309.712,52.296,33.796,,2.5,2.1,98.119,95.46,79.475,0.007,,94.0,0.073,97.5,99.79,,,,,,,,0.057,52.01,27.692,0.914,80.512,12.67,5.326,2.132,11.006,2.838,1.107436,71.0
SVN,Slovenia,2017,22397.763,54.708,39.031,,2.5,2.0,98.263,95.686,79.27,0.007,,94.0,0.065,97.5,99.8,,,,,,,,0.053,53.81,28.682,0.918,80.616,12.7,5.15,2.174,10.457,2.82,1.078792,72.0
SVN,Slovenia,2018,23293.967,55.935,38.508,,2.5,2.0,,,77.302,0.006,,93.0,0.363,97.5,99.8,,,,,,,,0.072,53.75,20.0,0.922,80.861,12.75,4.934,2.122,10.01,2.669,1.078757,73.0
SVN,Slovenia,2019,23943.18,55.787,36.184,,2.5,2.0,,,76.472,0.005,,95.0,0.696,97.5,99.8,,,,,,,,0.069,53.23,22.308,0.923,81.007,12.8,5.065,2.082,10.269,2.844,1.06341,74.0
SVN,Slovenia,2020,22811.805,54.937,31.425,253.317,2.5,1.9,,,75.817,0.015,,95.0,0.67,97.5,99.81,,,,,,,,0.066,53.17,22.308,0.918,80.364,12.875,4.917,2.06,10.046,2.646,,
SOM,Somalia,1990,259.4,,15.922,,,106.8,,,,9.243,,19.0,-0.451,,89.32,,,,,,,,,,,,,,,,,,-0.737741,45.0
SOM,Somalia,1991,277.599,27.526,15.869,,,264.9,,,,9.139,,20.0,-3.873,,73.51,,,,,,,,,,,,,,,,,,-0.9415656,46.0
SOM,Somalia,1992,266.498,27.301,15.478,,,274.0,,,,8.316,,21.0,-4.789,,72.6,,,,,,,,,,,,,,,,,,,
SOM,Somalia,1993,269.406,27.288,15.363,,,104.3,,,,7.945,,22.0,2.828,,89.57,,,,,,,,,,,,,,,,,,,
SOM,Somalia,1994,210.446,27.111,15.538,,,104.3,,,,8.521,,23.0,5.04,,89.57,,,,,,,,,,,,,,,,,,,
SOM,Somalia,1995,211.088,27.277,15.678,,,104.3,,,,8.187,,22.0,3.609,,89.57,,,,,,,,,,,,,,,,,,,
SOM,Somalia,1996,219.936,27.35,15.8,,,104.3,,,,8.37,,21.0,3.632,,89.57,,,,,,,,,,,,,,,,,,,
SOM,Somalia,1997,214.852,27.57,15.915,,,104.3,,,,8.235,,19.0,3.512,,89.57,,,,,,,,,,,,,,,,,,,
SOM,Somalia,1998,219.712,27.622,16.019,,,104.3,,,,8.033,,33.0,4.142,,89.57,,,,,,,,,,,,,,,,,,,
SOM,Somalia,1999,226.444,27.639,16.118,,,104.3,,,,7.992,,36.0,4.045,,89.57,,,,,,,,,,,,,,,,,,,
SOM,Somalia,2000,233.032,27.72,16.21,,,104.3,,,,7.845,,33.0,4.001,,89.57,,,,,,,,,,,,,,,,,,,
SOM,Somalia,2001,239.839,27.747,16.297,,70.0,104.3,,,,7.707,,33.0,3.99,30.0,89.57,,,,,,,,,,,,,,,,,,,
SOM,Somalia,2002,248.636,27.773,16.388,,69.9,104.3,,,,7.671,,40.0,3.751,30.099999999999994,89.57,,,,,,,,,,,,,,,,,,-1.050605,57.0
SOM,Somalia,2003,257.91,27.803,16.495,,69.8,104.3,,,,7.587,,40.0,3.691,30.200000000000003,89.57,,,,,,,,,,,,,,,,,,-1.061543,58.0
SOM,Somalia,2004,266.257,27.84,16.654,,69.7,104.3,,,,7.538,,30.0,3.684,30.3,89.57,,,,,,,,,,,,,,,,,,-0.9067266,59.0
SOM,Somalia,2005,275.457,27.898,16.92,,69.7,104.2,,,,7.435,,35.0,3.472,30.3,89.58,,,,,,,,,,,,,,,,,,-0.7433767,60.0
SOM,Somalia,2006,284.471,27.971,17.279,,69.7,103.8,,,,7.474,,26.0,3.065,30.3,89.62,,,,,,,,,,,,,,,,,,-0.5818995,61.0
SOM,Somalia,2007,294.21,28.041,17.549,,69.7,102.8,,,,7.38,,40.0,3.113,30.3,89.72,,,,,,,,,,,,,,,,,,-1.272065,62.0
SOM,Somalia,2008,304.741,28.041,17.585,,69.8,101.0,,,,7.124,,31.0,2.963,30.200000000000003,89.9,,,,,,,,,,,,,,,,,,-1.295023,63.0
SOM,Somalia,2009,317.038,28.018,17.497,,71.8,98.9,,,,6.807,,42.0,2.524,28.200000000000003,90.11,,,,,,,,,,,,,,,,,,-1.257508,64.0
SOM,Somalia,2010,329.971,27.984,17.372,,72.5,112.9,,,,7.148,,45.0,2.482,27.5,88.71,,,,,,,,,,,,,,,,,,-1.002509,65.0
SOM,Somalia,2011,349.577,27.894,17.015,,71.5,215.7,,,,6.186,,41.0,0.708,28.5,78.43,,,,,,,,,,,,,,,,,,-0.8152708,66.0
SOM,Somalia,2012,369.617,27.807,16.659,,67.4,112.4,,,,5.935,,42.0,0.906,32.599999999999994,88.76,,,,,,,,,,,,,,,,,,-0.6633705,67.0
SOM,Somalia,2013,397.109,27.82,16.545,,63.3,89.0,,,,5.688,,44.0,3.225,36.7,91.1,,,,,,,,,,,,,,,,,,-0.6821662,68.0
SOM,Somalia,2014,417.517,27.823,16.468,,61.4,86.3,,,,5.405,,46.0,3.586,38.6,91.37,,,,,,,,,,,,,,,,,,-0.4789933,69.0
SOM,Somalia,2015,445.583,27.84,16.391,,60.7,84.1,,,,5.166,,48.0,3.444,39.3,91.59,,,,,,,,,,,,,,,,,,-0.7512002,70.0
SOM,Somalia,2016,458.921,27.782,16.317,,60.2,82.0,,,,4.903,,49.0,3.849,39.8,91.8,,,,,,,,,,,,,,,,,,-0.496559,71.0
SOM,Somalia,2017,506.501,27.809,16.201,,59.0,96.7,,,,4.572,,51.0,3.881,41.0,90.33,,,,,,,,,,,,,,,,,,-0.6041829,72.0
SOM,Somalia,2018,498.981,27.693,16.071,,56.2,85.8,,,,4.612,,53.0,3.529,43.8,91.42,,,,,,,,,,,,,,,,,,-0.5177126,73.0
SOM,Somalia,2019,494.444,27.623,15.966,,53.9,75.7,,,,4.129,,57.0,3.675,46.1,92.43,,,,,,,,,,,,,,,,,,-0.6131069,74.0
SOM,Somalia,2020,462.867,27.163,15.816,,52.1,73.7,,,,4.072,,55.0,3.796,47.9,92.63,,,,,,,,,,,,,,,,,,,
ZAF,South Africa,1990,4544.23,,42.805,,,52.8,,,11.436,0.635,,72.0,2.781,,94.72,,,,,,,,0.495,29.54,23.673,0.633,62.942,6.7,,,,,,
ZAF,South Africa,1991,4396.361,44.606,42.459,,,50.9,87.114,,11.845,0.59,,81.0,2.285,,94.91,,,,,,,,0.493,29.54,23.673,0.641,62.983,7.057,,,,,,
ZAF,South Africa,1992,4225.814,44.427,42.535,,,49.4,,,12.327,0.529,,79.0,1.796,,95.06,,,,,,,,0.485,32.66,23.673,0.645,62.839,7.414,,,,,,
ZAF,South Africa,1993,4193.598,44.416,42.02,,,48.2,,,13.623,0.5,,81.0,1.991,,95.18,,,,,,,,0.483,35.78,23.673,0.65,62.618,7.771,,,,,,
ZAF,South Africa,1994,4258.262,44.571,41.914,,,47.5,89.116,51.186,15.705,0.42,,73.0,1.62,,95.25,,,,,,,,0.477,38.9,23.673,0.654,62.069,8.128,,,,,-0.1166616,49.0
ZAF,South Africa,1995,4337.297,44.85,42.406,,,46.7,89.739,,,0.393,,72.0,1.214,,95.33,,,,,,,,0.473,37.75,23.673,0.654,61.603,8.486,,,,,-0.2247726,50.0
ZAF,South Africa,1996,4465.506,44.978,42.473,,,46.1,,,,0.44,,73.0,1.297,,95.39,,82.0,,,0.659,1.02,0.412,0.481,36.6,23.673,0.649,61.079,8.281,,,,,-0.1302767,51.0
ZAF,South Africa,1997,4527.05,44.885,42.002,,,45.8,,,,0.416,,76.0,1.198,,95.42,,,,,,,,0.482,33.8,23.673,0.642,60.538,8.077,,,,,-0.05500202,52.0
ZAF,South Africa,1998,4494.857,44.612,40.83,,,45.9,85.727,,,0.395,,75.0,1.212,,95.41,,,,,,,,0.467,37.1,27.313,0.634,59.912,7.872,,,,,-0.07066484,53.0
ZAF,South Africa,1999,4552.85,44.349,39.549,,,46.4,87.083,59.628,,0.376,,74.0,1.09,,95.36,,,,,,,,0.453,43.9,30.176,0.626,59.19,7.668,,,,,0.02831585,54.0
ZAF,South Africa,2000,4700.876,44.214,38.222,,,46.9,85.947,58.854,,0.399,,73.0,0.915,,95.31,,,,,,,,0.463,42.61,30.088,0.618,58.368,7.464,,,,,0.05787499,55.0
ZAF,South Africa,2001,4786.482,44.094,36.866,,3.6,47.6,86.854,59.69,,0.421,,71.0,0.859,96.4,95.24,,,,,,,,0.452,52.9,27.869,0.613,57.161,7.67,,,,,0.06896074,56.0
ZAF,South Africa,2002,4916.815,43.935,35.52,,3.5,48.0,87.579,61.816,,0.47,,70.0,0.947,96.5,95.2,,,,,,,,0.458,52.52,27.869,0.614,55.58,8.52,,,,,-0.3131877,57.0
ZAF,South Africa,2003,5011.622,43.689,34.274,,3.4,48.6,89.123,63.535,,0.51,,69.0,0.997,96.6,95.14,,,,,,,,0.464,50.45,27.869,0.61,54.245,8.76,,,,,-0.335641,58.0
ZAF,South Africa,2004,5187.357,43.591,33.229,,3.3,49.0,89.063,65.078,,0.55,,74.0,1.007,96.7,95.1,,,,,,,,0.463,48.31,31.343,0.613,53.963,8.82,,,,,-0.5026776,59.0
ZAF,South Africa,2005,5406.076,43.516,32.41,,3.3,47.9,88.646,66.159,,0.605,,81.0,1.013,96.7,95.21,,,,,,,,0.444,50.37,32.819,0.616,53.914,8.9,,,,,-0.4284843,60.0
ZAF,South Africa,2006,5650.988,43.505,31.752,,3.4,46.0,,,,0.628,702.0,84.0,1.022,96.6,95.4,29.8,,,,,,,0.44,51.87,32.819,0.622,54.22,8.95,,,,,-0.5304842,61.0
ZAF,South Africa,2007,5891.421,43.439,31.188,,3.5,43.8,,,,0.607,,85.0,1.055,96.5,95.62,,89.0,,,0.768,0.283,0.436,0.438,50.78,33.921,0.632,54.948,9.08,,,,,-0.5875104,62.0
ZAF,South Africa,2008,6009.72,43.286,30.753,,3.5,40.6,,,,0.645,,82.0,1.153,96.5,95.94,,,,,,,,0.455,47.93,33.921,0.643,55.982,9.22,,,,,-0.6069421,63.0
ZAF,South Africa,2009,5847.058,41.264,28.088,,4.0,37.7,,,,0.544,,81.0,1.194,96.0,96.23,,93.0,,,0.767,0.311,0.461,0.447,46.26,42.731,0.657,57.413,9.6,,,,,-0.5301774,64.0
ZAF,South Africa,2010,5953.945,39.365,26.162,96.097,4.5,35.4,,,,0.503,,77.0,1.183,95.5,96.46,,93.0,0.6338256001472473,Africa,0.77,0.192,0.468,0.441,44.64,42.731,0.669,58.886,9.67,,,67.588,25.261,-0.466046,65.0
ZAF,South Africa,2011,6067.125,39.317,25.496,,5.0,33.9,,,,0.455,,75.0,1.236,95.0,96.61,,93.0,,,0.77,0.218,0.468,0.437,45.03,41.06,0.683,60.602,9.69,,,67.588,21.933,-0.6786837,66.0
ZAF,South Africa,2012,6121.558,39.524,25.392,,5.2,33.0,,,17.945,0.443,,71.0,1.475,94.8,96.7,,94.0,,,0.772,0.17,0.468,0.429,45.22,41.06,0.696,61.737,9.93,32.591,16.061,59.987,21.726,-0.4007121,67.0
ZAF,South Africa,2013,6170.877,40.041,25.778,,5.6,32.0,,,18.609,0.412,,81.0,1.653,94.4,96.8,,,,,,,,0.428,46.17,41.06,0.705,62.388,10.04,32.6,16.061,59.987,21.752,-0.4690986,68.0
ZAF,South Africa,2014,6155.006,40.044,25.291,,6.4,30.9,,,18.481,0.375,,85.0,1.661,93.6,96.91,,94.0,0.6302571892738342,Africa,0.752,0.165,0.461,0.429,46.39,40.749,0.713,63.184,10.15,31.865,14.266,59.987,21.342,-0.4995236,69.0
ZAF,South Africa,2015,6112.274,40.862,26.646,,6.6,29.7,84.355,90.544,19.033,0.338,,85.0,2.01,93.4,97.03,,94.0,,,0.755,0.088,0.472,0.425,47.64,41.189,0.722,64.053,10.23,31.729,14.266,60.266,20.655,-0.8337472,70.0
ZAF,South Africa,2016,6095.295,40.195,26.429,,6.4,28.4,,,18.929,0.309,475.0,85.0,0.941,93.6,97.16,52.5,91.73724,,,0.752,0.102,0.472,0.411,47.65,41.189,0.722,64.749,10.185,32.403,17.294,60.266,19.648,-0.5759969,71.0
ZAF,South Africa,2017,6125.692,40.393,26.683,,6.1,27.3,87.013,71.927,21.09,0.292,125.89,84.0,0.654,93.9,97.27,87.411,87.0,,,0.743,0.071,0.48,0.406,48.53,41.031,0.726,65.422,10.14,31.92,17.294,59.932,18.535,-0.4469729,72.0
ZAF,South Africa,2018,6117.27,40.319,25.444,,6.4,26.3,,,22.352,0.277,117.69,82.0,1.682,93.6,97.37,88.231,,,,,,,0.395,48.42,41.834,0.732,65.726,10.755,32.167,17.294,59.932,19.275,-0.4276921,73.0
ZAF,South Africa,2019,6032.83,39.534,25.691,,7.2,25.6,,,22.244,0.259,98.82,85.0,1.65,92.8,97.44,90.118,95.0,,,0.721,0.128,0.444,0.395,48.49,45.333,0.742,66.071,11.37,32.368,17.294,59.932,19.878,-0.3286987,74.0
ZAF,South Africa,2020,5569.585,35.779,20.89,131.613,8.6,25.0,,,22.615,0.255,126.06,84.0,1.622,91.4,97.5,87.394,,,,,,,0.391,44.08,45.695,0.724,65.15,10.555,31.391,17.294,59.932,16.945,,
SSD,South Sudan,2008,2289.184,64.893,64.589,,,85.5,,,,4.479,,,4.986,,91.45,,27.0,,,0.207,-1.282,,,,,,,,,,,,,
SSD,South Sudan,2009,2293.802,64.707,63.987,,,82.1,,,,4.22,,,4.717,,91.79,,,,,,,,,,,,,,,,,,,
SSD,South Sudan,2010,2295.07,64.561,63.087,,,79.0,,,,3.843,,,5.293,,92.1,,,,,,,,,,,,,,,,,,,
SSD,South Sudan,2011,2073.24,64.357,62.181,,,76.1,43.387,5.078,,3.774,,61.0,5.414,,92.39,,,,,,,,,,,,,,,,,,-0.01251072,66.0
SSD,South Sudan,2012,1069.196,64.146,61.811,,,74.0,,,,3.636,,63.0,4.45,,92.6,,,,,,,,,,,,,,,,,,0.2644913,67.0
SSD,South Sudan,2013,1165.162,64.237,61.726,,,72.9,,,,3.641,,53.0,3.741,,92.71,,,,,,,,,,,,,,,,,,0.2608893,68.0
SSD,South Sudan,2014,1197.095,64.433,62.626,,,117.7,,,,5.614,,50.0,0.614,,88.23,,,,,,,,,,,,,,,,,,0.3522401,69.0
SSD,South Sudan,2015,1080.147,64.627,63.541,,,148.5,35.207,5.484,,6.099,,46.0,-1.141,,85.15,,,,,,,,,,,,,,,,,,0.05785776,70.0
ESP,Spain,1990,19174.771,,47.177,,,7.4,99.223,,,0.008,,86.0,0.102,,99.26,,,,,,,,0.189,32.63,19.868,0.766,77.0,5.879,,,,,1.067065,45.0
ESP,Spain,1991,19612.977,41.814,45.518,,,7.1,99.663,,,0.008,,86.0,0.255,,99.29,,96.0,,,0.893,,0.039,0.181,32.6,19.868,0.774,77.129,6.07,,,,,0.9763192,46.0
ESP,Spain,1992,19698.512,40.984,44.665,,,6.7,99.65,,,0.008,,84.0,0.49,,99.33,,,,,,,,0.17,34.6,19.868,0.781,77.589,6.268,,,,,0.9721507,47.0
ESP,Spain,1993,19394.493,38.823,43.188,,,6.3,99.989,,,0.007,,87.0,0.519,,99.37,,,,,,,,0.161,35.12,19.868,0.789,77.728,6.465,,,,,1.066485,48.0
ESP,Spain,1994,19762.389,38.128,43.346,,,5.9,99.981,,,0.007,,88.0,0.476,,99.41,,,,,,,,0.151,36.34,19.868,0.798,78.114,6.663,,,,,1.198221,49.0
ESP,Spain,1995,20217.903,38.752,41.646,,,5.5,99.958,,,0.006,,90.0,0.441,,99.45,,,,,,,,0.144,36.8,19.868,0.804,78.2,6.861,,,,,1.043237,50.0
ESP,Spain,1996,20658.84,39.252,40.655,,,5.2,99.943,,,0.006,,90.0,0.417,,99.48,,,,,,,,0.141,37.32,19.868,0.811,78.339,7.058,,,,,1.349488,51.0
ESP,Spain,1997,21310.431,40.377,40.869,,,4.9,99.935,,,0.005,,94.0,0.419,,99.51,,,,,,,,0.142,38.08,19.868,0.816,78.85,7.256,,,,,1.410601,52.0
ESP,Spain,1998,22135.405,41.674,41.158,,,4.7,,,,0.005,,95.0,0.414,,99.53,,,,,,,,0.142,38.42,19.868,0.821,78.939,7.454,,,,,1.191165,53.0
ESP,Spain,1999,23017.839,43.76,42.132,,,4.5,99.857,87.222,,0.005,,95.0,0.405,,99.55,,,,,,,,0.152,39.12,18.017,0.825,78.944,7.652,,,,,1.119727,54.0
ESP,Spain,2000,24106.882,45.599,43.17,,,4.4,99.814,88.761,,0.005,,95.0,0.447,,99.56,,,,,,,,0.129,40.7,25.944,0.833,79.412,7.849,,,,,1.076459,55.0
ESP,Spain,2001,24878.378,46.703,42.451,,2.5,4.2,99.764,90.332,61.004,0.006,,96.0,0.694,97.5,99.58,,,,,,,,0.133,39.56,26.601,0.839,79.739,8.047,,,,,1.100589,56.0
ESP,Spain,2002,25205.315,47.68,43.673,,2.5,4.1,99.82,90.921,63.74,0.006,,98.0,1.413,97.5,99.59,,,,,,,,0.13,42.13,26.601,0.844,79.818,8.245,,,,,1.154631,57.0
ESP,Spain,2003,25481.165,48.634,44.392,,2.5,4.1,99.857,91.285,65.532,0.005,,98.0,1.808,97.5,99.59,,,,,,,,0.132,43.62,26.601,0.846,79.748,8.442,,,,,1.117857,58.0
ESP,Spain,2004,25825.311,49.55,44.925,,2.5,3.9,99.731,92.416,67.474,0.006,,97.0,1.725,97.5,99.61,,97.0,0.3330196142196655,Europe,0.873,1.332,0.039,0.123,45.01,30.542,0.852,80.328,8.64,,,,,1.013528,59.0
ESP,Spain,2005,26294.447,51.679,47.934,,2.5,3.8,99.659,93.271,68.136,0.006,,96.0,1.689,97.5,99.62,,98.0,0.3243177533149719,Europe,0.877,1.502,0.039,0.124,46.49,30.542,0.857,80.32,8.92,,,,,0.9364985,60.0
ESP,Spain,2006,26899.092,52.947,48.413,,2.5,3.7,99.715,92.864,68.965,0.006,,98.0,1.69,97.5,99.63,,98.0,0.3354115486145019,Europe,0.873,0.83,0.039,0.126,47.93,30.542,0.862,80.963,9.03,,,,,1.018991,61.0
ESP,Spain,2007,27338.795,53.533,47.896,,2.5,3.6,99.823,92.073,69.23,0.006,,96.0,1.851,97.5,99.64,,98.0,0.3413740992546081,Europe,0.874,0.987,0.039,0.127,48.98,30.87,0.864,80.97,9.12,,,,,0.9185635,62.0
ESP,Spain,2008,27112.526,52.435,47.738,,2.5,3.4,99.828,91.507,69.402,0.006,,97.0,1.595,97.5,99.66,,98.0,0.3422040045261383,Europe,0.886,0.913,0.039,0.122,50.35,33.605,0.865,81.278,9.19,,,,,0.9104971,63.0
ESP,Spain,2009,25860.814,48.67,45.106,,2.5,3.3,99.772,91.07,71.431,0.006,,96.0,0.886,97.5,99.67,,98.0,0.3492408394813537,Europe,0.889,0.942,0.039,0.112,51.46,34.095,0.867,81.627,9.25,,,,,0.9261296,64.0
ESP,Spain,2010,25766.252,47.569,42.753,,2.5,3.2,99.714,90.869,76.383,0.005,,97.0,0.46,97.5,99.68,,98.0,0.3524448275566101,Europe,0.891,0.943,0.039,0.104,52.18,34.095,0.875,82.006,9.36,,,18.889,3.435,0.8156836,65.0
ESP,Spain,2011,25510.558,46.673,40.908,,2.5,3.0,99.734,89.397,80.724,0.005,,97.0,0.355,97.5,99.7,,98.0,0.3569397330284118,Europe,0.893,0.972,0.042,0.095,52.81,34.91,0.879,82.18,9.48,,,20.896,3.363,0.9635119,66.0
ESP,Spain,2012,24763.568,44.678,38.965,,2.5,2.9,99.696,89.806,82.892,0.005,,96.0,0.065,97.5,99.71,,98.0,0.3540365993976593,Europe,0.892,1.057,0.046,0.089,53.45,35.227,0.881,82.191,9.51,,,20.896,3.261,0.938829,67.0
ESP,Spain,2013,24498.556,43.701,37.858,,2.5,2.9,99.559,90.534,85.183,0.004,,96.0,-0.362,97.5,99.71,,98.0,0.3618189692497253,Europe,0.872,1.168,0.054,0.083,53.4,35.227,0.886,82.694,9.615,,,20.896,3.048,0.9420383,68.0
ESP,Spain,2014,24947.851,44.378,35.895,,2.5,2.8,99.475,91.427,87.936,0.004,,97.0,-0.308,97.5,99.72,,98.0,0.3605230748653412,Europe,0.872,1.174,0.054,0.079,53.12,37.013,0.89,82.828,9.72,14.981,19.141,22.672,3.132,0.9095601,69.0
ESP,Spain,2015,25982.442,45.693,34.721,219.551,2.5,2.7,99.393,92.771,88.531,0.004,,97.0,-0.083,97.5,99.73,,98.0,0.361783355474472,Europe,0.854,1.158,0.054,0.074,53.12,37.987,0.895,82.611,9.91,14.992,19.326,22.672,2.977,1.1091,70.0
ESP,Spain,2016,26719.244,46.873,33.1,,2.5,2.7,98.79,94.942,89.811,0.004,,97.0,0.077,97.5,99.73,,98.0,0.3575709164142608,Europe,0.847,1.096,0.063,0.07,53.04,38.636,0.9,83.0,10.01,14.797,18.715,22.672,3.002,1.199118,71.0
ESP,Spain,2017,27426.281,48.049,33.355,,2.5,2.7,97.272,96.878,92.07,0.004,,95.0,0.243,97.5,99.73,,,,,,,,0.067,52.65,38.636,0.902,82.986,10.075,14.087,17.079,22.189,2.993,1.080852,72.0
ESP,Spain,2018,27956.723,48.842,33.011,,2.5,2.7,,,92.519,0.003,,96.0,0.452,97.5,99.73,,98.0,0.3471632599830627,Europe,0.854,0.969,0.037,0.062,52.44,38.636,0.905,83.096,10.14,13.38,16.87,20.298,2.974,1.027444,73.0
ESP,Spain,2019,28301.439,49.499,33.009,,2.5,2.6,,,91.539,0.003,,95.0,0.717,97.5,99.74,,,,,,,,0.055,52.69,41.857,0.91,83.479,10.375,13.248,16.467,20.333,2.945,1.124542,74.0
ESP,Spain,2020,25077.02,47.641,29.958,232.964,2.5,2.6,,,91.599,0.004,,94.0,0.51,97.5,99.74,,99.0,0.3486364185810089,Europe,0.873,0.854,0.034,0.049,51.62,41.857,0.901,82.241,10.61,12.888,15.732,20.06,2.873,,
LKA,Sri Lanka,1990,1388.59,,52.439,,,17.9,,,,0.15,,86.0,0.637,,98.21,,,,,,,,0.447,45.29,5.333,0.638,69.239,8.525,,,,,-0.5613163,45.0
LKA,Sri Lanka,1991,1441.63,50.399,50.198,,,18.0,,,,0.141,,86.0,0.749,,98.2,,,,,,,,0.451,41.1,5.333,0.642,69.131,8.713,,,,,-0.9123741,46.0
LKA,Sri Lanka,1992,1481.331,48.569,47.966,,,17.9,,,,0.132,,88.0,1.589,,98.21,,,,,,,,0.455,36.91,5.333,0.65,69.619,8.902,,,,,-1.012405,47.0
LKA,Sri Lanka,1993,1556.885,48.881,47.257,,,17.5,,,,0.124,,90.0,1.698,,98.25,,,,,,,,0.452,37.85,5.333,0.658,70.049,9.09,,,,,-0.9092217,48.0
LKA,Sri Lanka,1994,1620.291,49.608,49.932,,,16.9,,,4.75,0.117,,88.0,1.457,,98.31,,,,,,,,0.446,38.05,5.333,0.664,70.211,9.278,,,,,-1.137139,49.0
LKA,Sri Lanka,1995,1681.351,48.146,43.172,,,16.3,,,,0.112,61.0,93.0,1.655,,98.37,93.9,,,,,,,0.451,35.79,5.333,0.667,69.746,9.466,,,,,-1.104235,50.0
LKA,Sri Lanka,1996,1712.008,49.112,43.894,,,15.6,,,,0.105,62.0,92.0,1.923,,98.44,93.8,,,,,,,0.452,35.47,5.333,0.672,69.841,9.685,,,,,-0.9252692,51.0
LKA,Sri Lanka,1997,1787.41,49.385,43.834,,,14.8,,,,0.096,63.0,97.0,1.899,,98.52,93.7,,,,,,,0.452,35.31,5.333,0.679,69.934,9.904,,,,,-0.8529005,52.0
LKA,Sri Lanka,1998,1836.389,53.426,49.142,,,14.1,,,,0.088,53.0,94.0,1.888,,98.59,94.7,,,,,,,0.43,41.39,5.333,0.685,70.134,10.123,,,,,-0.7611742,53.0
LKA,Sri Lanka,1999,1880.107,52.221,47.353,,,13.5,,,,0.084,55.8,99.0,1.858,,98.65,94.42,,,,,,,0.452,37.65,4.889,0.692,70.427,10.342,,,,,-0.8129213,54.0
LKA,Sri Lanka,2000,1956.933,51.269,43.48,,,13.0,,,,0.081,55.6,99.0,1.822,,98.7,94.44,,,,,,,0.468,36.49,4.889,0.702,71.179,10.561,,,,,-0.8362176,55.0
LKA,Sri Lanka,2001,1896.483,50.971,42.584,,16.8,12.7,99.725,,,0.08,46.6,98.0,1.58,83.2,98.73,95.34,91.0,,,0.497,,0.425,0.461,31.9,4.889,0.704,71.804,10.6,,,,,-0.7408218,56.0
LKA,Sri Lanka,2002,1951.225,50.288,41.693,,16.1,12.4,99.923,,,0.078,53.4,98.0,1.042,83.9,98.76,94.66,,,,,,,0.459,33.6,4.444,0.709,72.271,10.556,,,,,-0.778217,57.0
LKA,Sri Lanka,2003,2052.03,50.378,40.809,,15.9,12.1,99.618,,,0.077,42.4,99.0,0.733,84.1,98.79,95.76,,,,,,,0.458,35.56,4.444,0.713,72.442,10.512,,,,,-0.5942691,58.0
LKA,Sri Lanka,2004,2149.106,50.081,39.931,,15.2,16.7,96.846,,,0.078,38.0,97.0,0.68,84.8,98.33,96.2,,,,,,,0.446,34.73,4.889,0.695,68.022,10.468,,,,,-0.719749,59.0
LKA,Sri Lanka,2005,2268.688,50.26,39.059,,14.2,11.2,97.192,,,0.07,44.0,99.0,0.64,85.8,98.88,95.6,,,,,,,0.435,34.55,4.889,0.721,73.073,10.424,,,,,-0.508728,60.0
LKA,Sri Lanka,2006,2426.349,50.684,38.194,,13.5,10.7,96.533,,,0.07,39.3,98.0,0.67,86.5,98.93,96.07,91.0,0.3966901898384094,Asia,0.378,-0.163,0.565,0.411,35.49,4.889,0.724,72.825,10.38,,,,,-0.694752,61.0
LKA,Sri Lanka,2007,2573.544,50.757,37.335,,12.1,10.2,96.15,,,0.068,38.4,98.0,0.686,87.9,98.98,96.16,,,,,,,0.402,36.96,5.778,0.729,72.983,10.35,,,,,-0.6758951,62.0
LKA,Sri Lanka,2008,2708.586,50.945,36.483,,11.1,9.7,95.409,,,0.064,33.4,98.0,0.666,88.9,99.03,96.66,91.0,,,0.366,-0.12,0.565,0.397,34.26,5.778,0.73,72.556,10.41,,,,,-1.003356,63.0
LKA,Sri Lanka,2009,2787.274,50.392,35.637,,10.6,13.0,93.073,,,0.058,40.2,97.0,0.614,89.4,98.7,95.98,,,,,,,0.401,35.2,5.778,0.723,70.298,10.51,,,,,-0.9999949,64.0
LKA,Sri Lanka,2010,2993.014,50.745,34.797,154.675,11.0,9.1,94.737,84.031,15.844,0.052,31.1,99.0,0.589,89.0,99.09,96.89,91.0,,,0.39,-0.202,0.636,0.41,34.32,5.333,0.748,74.463,10.509,21.09,14.535,41.155,7.582,-0.9443259,65.0
LKA,Sri Lanka,2011,3232.374,50.69,33.745,,10.8,8.9,94.877,85.3,14.673,0.051,32.5,99.0,0.621,89.2,99.11,96.75,,,,,,,0.4,34.2,5.778,0.753,74.74,10.507,20.784,13.834,41.155,7.365,-0.9704449,66.0
LKA,Sri Lanka,2012,3484.79,50.53,33.399,,10.0,8.5,95.236,,16.323,0.049,37.7,99.0,0.761,90.0,99.15,96.23,,,,,,,0.4,32.95,5.778,0.759,75.187,10.506,20.682,13.834,41.155,7.057,-0.8626316,67.0
LKA,Sri Lanka,2013,3728.936,49.874,32.883,,8.8,8.1,96.378,,17.766,0.047,32.5,99.0,-2.8,91.2,99.19,96.75,,,,,,,0.387,34.25,5.778,0.764,75.546,10.504,20.111,13.254,40.268,6.811,-1.056611,68.0
LKA,Sri Lanka,2014,3929.921,49.454,31.346,,6.1,7.7,97.262,,17.87,0.045,32.0,99.0,0.933,93.9,99.23,96.8,,,,,,,0.374,33.55,5.778,0.767,75.757,10.503,19.88,12.797,40.268,6.576,-1.147482,69.0
LKA,Sri Lanka,2015,4057.716,51.243,33.401,156.866,4.5,7.4,98.919,,18.173,0.042,33.7,99.0,0.92,95.5,99.26,96.63,,,,,,,0.378,35.77,4.889,0.769,75.99,10.501,19.671,12.482,40.268,6.263,-0.7065157,70.0
LKA,Sri Lanka,2016,4214.741,51.446,32.514,,4.1,7.0,98.903,,17.151,0.041,33.8,99.0,1.133,95.9,99.3,96.62,92.0,0.3934577405452728,Asia,0.587,-0.028,0.493,0.363,35.77,5.778,0.772,76.136,10.5,18.768,11.997,38.26,6.047,-0.6249102,71.0
LKA,Sri Lanka,2017,4436.008,51.807,32.77,,5.0,6.7,99.099,89.042,17.194,0.04,39.0,99.0,1.144,95.0,99.33,96.1,92.0,,,0.583,-0.174,0.491,0.361,36.53,5.778,0.777,76.239,10.57,18.799,12.204,38.26,5.934,-0.7150294,72.0
LKA,Sri Lanka,2018,4493.036,49.488,29.896,,5.3,6.5,99.107,91.038,17.887,0.038,32.0,99.0,1.006,94.7,99.35,96.8,92.0,,,0.607,-0.257,0.507,0.365,33.48,5.778,0.782,76.485,10.64,18.58,11.915,38.26,5.565,-0.5892107,73.0
LKA,Sri Lanka,2019,4455.782,49.809,30.499,,3.8,6.2,,,19.456,0.037,29.2,99.0,0.612,96.2,99.38,97.08,92.0,0.3766377568244934,Asia,0.558,-0.125,0.507,0.367,34.4,5.333,0.781,76.698,10.63,17.913,11.741,36.579,5.419,-0.6828985,74.0
LKA,Sri Lanka,2020,4227.233,47.786,28.913,,3.3,6.0,,,20.161,0.041,30.2,96.0,0.531,96.7,99.4,96.98,92.0,,,0.578,-0.079,0.61,0.368,31.96,5.381,0.78,76.928,10.82,17.775,11.547,36.579,5.2,,
KNA,St. Kitts and Nevis,1990,10136.987,,,,,25.3,,,,0.936,,99.0,-0.803,,97.47,,,,,,,,,,,,,,,,,,0.1258709,45.0
KNA,St. Kitts and Nevis,1991,9966.204,,,,,24.7,,,,0.808,,99.0,-0.183,,97.53,,,,,,,,,,,,,,,,,,-0.01610691,46.0
KNA,St. Kitts and Nevis,1992,10300.542,,,,,24.2,,78.841,6.121,0.679,,99.0,0.881,,97.58,,,,,,,,,,,,,,,,,,-0.1133318,47.0
KNA,St. Kitts and Nevis,1993,10860.603,,,,,23.8,,,10.482,0.578,,99.0,1.286,,97.62,,,,,,,,,,,,,,,,,,-0.112782,48.0
KNA,St. Kitts and Nevis,1994,11290.217,,,,,23.5,,,,0.509,,99.0,1.286,,97.65,,,,,,,,,,,,,,,,,,-0.1159184,49.0
KNA,St. Kitts and Nevis,1995,11743.378,,,,,23.1,,,,0.497,,99.0,1.308,,97.69,,,,,,,,,,,,,,,,,,-0.1774713,50.0
KNA,St. Kitts and Nevis,1996,12269.797,,,,,22.7,,,,0.458,,99.0,1.293,,97.73,,,,,,,,,,,,,,,,,,-0.1294752,51.0
KNA,St. Kitts and Nevis,1997,12940.785,,,,,22.2,,,,0.46,,99.0,1.277,,97.78,,,,,,,,,,,,,,,,,,-0.5272485,52.0
KNA,St. Kitts and Nevis,1998,12710.963,,,,,21.6,,,,0.451,,98.0,1.304,,97.84,,,,,,,,,,,,,,,,,,-0.5219051,53.0
KNA,St. Kitts and Nevis,1999,12942.858,,,,,20.9,,,,0.372,,99.0,1.361,,97.91,,,,,,,,,,,,,,,,,,-0.6682266,54.0
KNA,St. Kitts and Nevis,2000,14039.028,,,,,20.2,,95.963,,0.302,0.0,99.0,1.44,,97.98,100.0,,,,,,,,,,,,,,,,,-0.6768018,55.0
KNA,St. Kitts and Nevis,2001,14610.91,,,,,19.4,,,,0.268,0.0,99.0,1.127,,98.06,100.0,,,,,,,,,,,,,,,,,-0.5494685,56.0
KNA,St. Kitts and Nevis,2002,14727.391,,,,,18.6,92.69,89.67,,0.227,0.0,97.0,0.564,,98.14,100.0,,,,,,,,,,,,,,,,,-0.6498988,57.0
KNA,St. Kitts and Nevis,2003,14100.307,,,,,17.9,95.679,86.798,,0.214,0.0,99.0,0.338,,98.21,100.0,,,,,,,,,,,,,,,,,-0.5636826,58.0
KNA,St. Kitts and Nevis,2004,14619.795,,,,,17.3,95.692,85.741,,0.196,0.0,96.0,0.301,,98.27,100.0,,,,,,,,,,,,,,,,,-0.6016726,59.0
KNA,St. Kitts and Nevis,2005,16000.566,,,,,16.8,97.337,87.208,,0.188,0.0,99.0,0.263,,98.32,100.0,,,,,,,,,,,,,,,,,-0.3542628,60.0
KNA,St. Kitts and Nevis,2006,16457.862,,,,,16.4,,,,0.178,151.1,99.0,0.284,,98.36,84.89,,,,,,,,,,,,,,,,,-0.6166904,61.0
KNA,St. Kitts and Nevis,2007,16508.144,,,,,16.2,94.426,90.394,,0.17,0.0,99.0,0.294,,98.38,100.0,,,,,,,,,,,,,,,,,-0.5181031,62.0
KNA,St. Kitts and Nevis,2008,18325.761,,,,,16.1,93.76,97.39,19.884,0.164,141.0,99.0,0.276,,98.39,85.9,,,,,,,,,,,,,,,,,-0.4039554,63.0
KNA,St. Kitts and Nevis,2009,17671.255,,,,,16.1,,95.771,,0.157,0.0,98.0,0.173,,98.39,100.0,,,,,,,,,,,,,,,,,-0.4608658,64.0
KNA,St. Kitts and Nevis,2010,17688.069,,,,,16.1,94.397,96.252,,0.151,152.4,96.0,-0.149,,98.39,84.76,,,,,,,,,,,,,,,,,-0.6180713,65.0
KNA,St. Kitts and Nevis,2011,17958.681,,,,,16.3,,95.246,,0.145,150.2,98.0,0.085,,98.37,84.98,,,,,,,,,,,,,,,,,-0.6675514,66.0
KNA,St. Kitts and Nevis,2012,17770.496,,,,,16.5,96.214,79.181,,0.14,314.0,98.0,0.313,,98.35,68.6,,,,,,,,,,,,,,,,,-0.5368818,67.0
KNA,St. Kitts and Nevis,2013,18773.893,,,,,16.7,95.965,97.79,,0.128,0.0,97.0,0.077,,98.33,100.0,,,,,,,,,,,,,,,,,-0.5875596,68.0
KNA,St. Kitts and Nevis,2014,20187.806,,,,,16.9,94.521,97.13,90.96,0.126,155.5,98.0,0.042,,98.31,84.45,,,,,,,,,,,,,,,,,-0.4806364,69.0
KNA,St. Kitts and Nevis,2015,20328.8,,,,,16.9,,98.376,93.922,0.116,158.2,94.0,-0.004,,98.31,84.18,,,,,,,,,,,,,,,,,-0.5819376,70.0
KNA,St. Kitts and Nevis,2016,21133.658,,,,,16.7,93.785,98.003,,0.113,147.9,98.0,-0.025,,98.33,85.21,,,,,,,,,,,,,,,,,-0.2854449,71.0
KNA,St. Kitts and Nevis,2017,21191.605,,,,,16.5,,,,0.11,154.3,98.0,-0.053,,98.35,84.57,,,,,,,,,,,,,,,,,-0.5064075,72.0
KNA,St. Kitts and Nevis,2018,21635.497,,,,,16.2,,,,0.114,337.8,98.0,-0.089,,98.38,66.22,,,,,,,,,,,,,,,,,-0.4968926,73.0
KNA,St. Kitts and Nevis,2019,22297.764,,,,,15.9,,,,0.107,168.4,97.0,-0.119,,98.41,83.16,,,,,,,,,,,,,,,,,-0.476444,74.0
KNA,St. Kitts and Nevis,2020,18918.826,,,,,15.5,,,,0.113,316.5,99.0,-0.175,,98.45,68.35,,,,,,,,,,,,,,,,,,
LCA,St. Lucia,1990,8418.431,,61.05,,,17.3,97.309,,,0.269,,89.0,0.98,,98.27,,,,,,,,,,,,,,,,,,-0.124557,45.0
LCA,St. Lucia,1991,8349.337,52.609,61.148,,,17.0,,,,0.254,,96.0,1.199,,98.3,,,,,,,,,,,,,,,,,,-0.1313101,46.0
LCA,St. Lucia,1992,8879.901,52.685,60.816,,,16.8,,,,0.204,,96.0,1.492,,98.32,,,,,,,,,,,,,,,,,,0.09923687,47.0
LCA,St. Lucia,1993,8800.627,52.622,60.943,,,16.6,,,5.707,0.195,,97.0,1.478,,98.34,,,,,,,,,,,,,,,,,,-0.2229246,48.0
LCA,St. Lucia,1994,8808.683,52.589,61.005,,,16.4,,,,0.201,,93.0,1.494,,98.36,,,,,,,,,,,,,,,,,,-0.2938332,49.0
LCA,St. Lucia,1995,8822.501,53.426,61.061,,,16.3,,,,0.199,,98.0,1.576,,98.37,,,,,,,,,,,,,,,,,,-0.2264934,50.0
LCA,St. Lucia,1996,8945.864,53.203,61.031,,,16.2,,,17.305,0.213,,88.0,1.492,,98.38,,,,,,,,,,,,,,,,,,-0.2500419,51.0
LCA,St. Lucia,1997,8759.568,50.66,61.22,,,16.1,,,,0.262,,98.0,1.408,,98.39,,,,,,,,,,,,,,,,,,-0.6355764,52.0
LCA,St. Lucia,1998,9183.352,50.029,60.968,,,16.0,,,,0.228,,88.0,1.372,,98.4,,,,,,,,,,,,,,,,,,-0.5781474,53.0
LCA,St. Lucia,1999,9306.76,52.361,60.928,,,16.0,,60.904,,0.232,,89.0,1.301,,98.4,,,,,,,,,,,,,,,,,,-0.8089492,54.0
LCA,St. Lucia,2000,9198.939,53.478,61.044,,,15.9,89.27,62.295,,0.189,,70.0,1.214,,98.41,,,,,,,,,,,,,,,,,,-0.7528353,55.0
LCA,St. Lucia,2001,8795.546,52.258,61.366,,,15.9,90.224,60.87,,0.154,,99.0,1.017,,98.41,,,,,,,,,,,,,,,,,,-0.775674,56.0
LCA,St. Lucia,2002,8755.459,51.306,61.447,,,15.9,97.465,60.426,,0.129,,74.0,0.872,,98.41,,,,,,,,,,,,,,,,,,-0.8832002,57.0
LCA,St. Lucia,2003,9054.068,50.383,61.293,,,15.9,95.942,63.708,,0.112,,90.0,0.823,,98.41,,,,,,,,,,,,,,,,,,-0.7912285,58.0
LCA,St. Lucia,2004,9637.378,51.4,60.96,,,16.0,94.25,62.681,13.342,0.103,,91.0,0.772,,98.4,,,,,,,,,,,,,,,,,,-0.6041471,59.0
LCA,St. Lucia,2005,9527.585,53.115,61.084,,,16.0,91.792,68.04,12.792,0.1,,95.0,0.735,,98.4,,,,,,,,,,,,,,,,,,-0.7031379,60.0
LCA,St. Lucia,2006,10045.65,55.125,60.814,,,16.0,94.168,68.697,9.522,0.095,47.1,85.0,0.716,,98.4,95.29,,,,,,,,,,,,,,,,,-0.8423155,61.0
LCA,St. Lucia,2007,10147.443,56.688,60.814,,,16.1,93.289,76.978,8.462,0.093,90.7,99.0,0.669,,98.39,90.93,,,,,,,,,,,,,,,,,-0.5143516,62.0
LCA,St. Lucia,2008,10583.431,57.785,60.62,,,16.1,,79.705,15.725,0.092,223.7,96.0,0.624,,98.39,77.63,,,,,,,,,,,,,,,,,-0.2494661,63.0
LCA,St. Lucia,2009,10219.802,56.275,60.873,,,16.1,,82.45,17.47,0.085,0.0,95.0,0.627,,98.39,100.0,,,,,,,,,,,,,,,,,-0.2763843,64.0
LCA,St. Lucia,2010,10191.315,55.351,60.918,,,16.0,,82.533,12.468,0.088,159.4,97.0,0.609,,98.4,84.06,,,,,,,,,,,,,,,,,-0.3829838,65.0
LCA,St. Lucia,2011,10576.898,54.421,60.728,,,16.0,,81.237,16.269,0.079,49.8,99.0,0.522,,98.4,95.02,,,,,,,,,,,,,,,,,-0.2438142,66.0
LCA,St. Lucia,2012,10517.278,55.873,60.799,,,15.9,,80.94,10.273,0.077,49.2,98.0,0.456,,98.41,95.08,,,,,,,,,,,,,,,,,-0.6207101,67.0
LCA,St. Lucia,2013,10279.416,53.87,60.886,,,15.9,,80.112,14.019,0.074,47.6,99.0,0.452,,98.41,95.24,,,,,,,,,,,,,,,,,-0.6618359,68.0
LCA,St. Lucia,2014,10369.938,54.327,60.828,,,15.8,,,17.083,0.068,98.0,99.0,0.443,,98.42,90.2,,,,,,,,,,,,,,,,,-0.7179493,69.0
LCA,St. Lucia,2015,10334.986,54.866,60.85,,,15.6,94.161,80.796,17.03,0.063,96.9,99.0,0.439,,98.44,90.31,,,,,,,,,,,,,,,,,-0.7109717,70.0
LCA,St. Lucia,2016,10644.161,55.519,60.686,,,15.5,94.85,78.602,19.799,0.062,0.0,95.0,0.423,,98.45,100.0,,,,,,,,,,,,,,,,,-0.4192176,71.0
LCA,St. Lucia,2017,10960.484,56.095,60.524,,,15.4,94.866,80.819,20.747,0.058,53.6,80.0,0.395,,98.46,94.64,,,,,,,,,,,,,,,,,-0.5059775,72.0
LCA,St. Lucia,2018,11233.888,56.373,61.916,,,15.2,95.398,81.313,14.656,0.055,52.6,95.0,0.382,,98.48,94.74,,,,,,,,,,,,,,,,,-0.5307861,73.0
LCA,St. Lucia,2019,11114.779,58.057,55.984,,,15.0,,,15.947,0.056,52.5,92.0,0.363,,98.5,94.75,,,,,,,,,,,,,,,,,-0.5060692,74.0
LCA,St. Lucia,2020,8379.275,40.184,45.714,191.755,,14.8,,,16.82,0.056,54.6,86.0,0.331,,98.52,94.54,,,,,,,,,,,,,,,,,,
VCT,St. Vincent and the Grenadines,1990,3784.799,,57.653,,,19.7,,,6.063,0.229,,98.0,0.484,,98.03,,,,,,,,,,,,,,,,,,0.1147907,45.0
VCT,St. Vincent and the Grenadines,1991,3813.794,50.27,57.482,,,19.2,,,,0.226,,99.0,0.366,,98.08,,,,,,,,,,,,,,,,,,-0.01364369,46.0
VCT,St. Vincent and the Grenadines,1992,4046.686,50.671,57.234,,,18.9,,,,0.278,,99.0,0.255,,98.11,,,,,,,,,,,,,,,,,,0.1387257,47.0
VCT,St. Vincent and the Grenadines,1993,4210.243,50.821,56.957,,,18.8,,,,0.237,,99.0,0.201,,98.12,,,,,,,,,,,,,,,,,,-0.1194274,48.0
VCT,St. Vincent and the Grenadines,1994,4150.977,50.765,56.695,,,18.8,99.484,,,0.235,,99.0,0.162,,98.12,,,,,,,,,,,,,,,,,,0.00847675,49.0
VCT,St. Vincent and the Grenadines,1995,4468.264,50.998,56.346,,,18.9,,,,0.233,,97.0,0.114,,98.11,,,,,,,,,,,,,,,,,,0.093872,50.0
VCT,St. Vincent and the Grenadines,1996,4522.931,50.938,56.048,,,19.1,,,,0.221,,99.0,0.064,,98.09,,,,,,,,,,,,,,,,,,-0.009518016,51.0
VCT,St. Vincent and the Grenadines,1997,4680.556,51.254,55.744,,,19.2,,,,0.208,,99.0,0.019,,98.08,,,,,,,,,,,,,,,,,,-0.1366302,52.0
VCT,St. Vincent and the Grenadines,1998,4870.321,51.182,55.468,,,19.4,,,,0.193,,99.0,0.034,,98.06,,,,,,,,,,,,,,,,,,-0.430341,53.0
VCT,St. Vincent and the Grenadines,1999,4994.114,51.3,55.244,,,19.5,,,,0.178,,95.0,0.164,,98.05,,,,,,,,,,,,,,,,,,-0.03882724,54.0
VCT,St. Vincent and the Grenadines,2000,5067.967,51.231,55.047,,,19.5,96.718,67.923,,0.164,,98.0,0.158,,98.05,,,,,,,,,,,,,,,,,,-0.3903756,55.0
VCT,St. Vincent and the Grenadines,2001,5158.566,51.154,54.801,,12.9,19.6,,67.964,,0.153,0.0,99.0,-0.039,87.1,98.04,100.0,,,,,,,,,,,,,,,,,-0.3970651,56.0
VCT,St. Vincent and the Grenadines,2002,5441.526,51.662,54.422,,11.3,19.7,97.784,72.743,,0.141,,99.0,-0.136,88.7,98.03,,,,,,,,,,,,,,,,,,0.1124914,57.0
VCT,St. Vincent and the Grenadines,2003,5816.208,52.307,53.976,,9.1,19.8,97.841,71.896,,0.129,,99.0,-0.182,90.9,98.02,,,,,,,,,,,,,,,,,,0.009759692,58.0
VCT,St. Vincent and the Grenadines,2004,6071.949,52.79,53.547,,8.2,19.9,97.057,75.546,,0.119,0.0,99.0,-0.271,91.8,98.01,100.0,,,,,,,,,,,,,,,,,-0.2699803,59.0
VCT,St. Vincent and the Grenadines,2005,6244.36,53.02,53.152,,7.4,20.0,96.019,72.817,,0.115,0.0,99.0,-0.342,92.6,98.0,100.0,,,,,,,,,,,,,,,,,-0.2843094,60.0
VCT,St. Vincent and the Grenadines,2006,6707.279,53.455,52.732,,6.7,20.1,,,,0.11,0.0,99.0,-0.388,93.3,97.99,100.0,,,,,,,,,,,,,,,,,-0.3880019,61.0
VCT,St. Vincent and the Grenadines,2007,6960.172,53.785,52.374,,6.3,20.1,95.729,,,0.11,,99.0,-0.432,93.7,97.99,,,,,,,,,,,,,,,,,,-0.4446037,62.0
VCT,St. Vincent and the Grenadines,2008,7019.995,54.002,52.092,,5.9,20.0,95.282,91.414,,0.116,,99.0,-0.452,94.1,98.0,,,,,,,,,,,,,,,,,,-0.49802,63.0
VCT,St. Vincent and the Grenadines,2009,6955.824,53.693,51.915,,5.7,19.7,95.532,89.847,,0.118,,99.0,-0.469,94.3,98.03,,,,,,,,,,,,,,,,,,-0.6247748,64.0
VCT,St. Vincent and the Grenadines,2010,6678.042,53.322,51.863,,5.5,19.3,94.86,85.59,13.455,0.12,,99.0,-0.498,94.5,98.07,,,,,,,,,,,,,,,,,,-0.73553,65.0
VCT,St. Vincent and the Grenadines,2011,6674.582,53.291,51.809,,5.3,18.6,94.742,,20.602,0.115,57.3,96.0,-0.556,94.7,98.14,94.27,,,,,,,,,,,,,,,,,-0.794364,66.0
VCT,St. Vincent and the Grenadines,2012,6790.683,53.449,51.704,,5.0,17.9,95.335,,19.802,0.121,53.5,96.0,-0.562,95.0,98.21,94.65,,,,,,,,,,,,,,,,,-0.6881814,67.0
VCT,St. Vincent and the Grenadines,2013,6996.574,53.839,51.561,,4.8,17.1,92.181,85.548,19.766,0.141,115.1,97.0,-0.554,95.2,98.29,88.49,,,,,,,,,,,,,,,,,-0.6721969,68.0
VCT,St. Vincent and the Grenadines,2014,7116.221,53.968,51.466,,4.6,16.3,90.443,87.388,23.941,0.126,54.3,98.0,-0.556,95.4,98.37,94.57,,,,,,,,,,,,,,,,,-0.6691787,69.0
VCT,St. Vincent and the Grenadines,2015,7353.736,54.104,51.309,,4.7,15.4,93.195,84.825,23.619,0.116,0.0,99.0,-0.536,95.3,98.46,100.0,,,,,,,,,,,,,,,,,-0.7026529,70.0
VCT,St. Vincent and the Grenadines,2016,7702.894,54.273,51.077,,4.7,14.5,93.211,89.729,23.668,0.098,57.3,99.0,-0.573,95.3,98.55,94.27,,,,,,,,,,,,,,,,,-0.5254494,71.0
VCT,St. Vincent and the Grenadines,2017,7872.927,54.361,50.856,,4.9,13.6,93.584,90.473,25.722,0.103,207.9,99.0,-0.647,95.1,98.64,79.21000000000001,,,,,,,,,,,,,,,,,-0.6839576,72.0
VCT,St. Vincent and the Grenadines,2018,8179.996,54.505,50.554,,5.1,12.8,,89.472,26.014,0.097,0.0,97.0,-0.7,94.9,98.72,100.0,,,,,,,,,,,,,,,,,-0.6569596,73.0
VCT,St. Vincent and the Grenadines,2019,8294.674,54.453,50.262,,5.5,12.0,,,29.685,0.097,0.0,97.0,-0.726,94.5,98.8,100.0,,,,,,,,,,,,,,,,,-0.6520328,74.0
VCT,St. Vincent and the Grenadines,2020,7989.747,52.796,49.287,162.21,5.8,11.4,,,33.669,0.094,77.2,97.0,-0.617,94.2,98.86,92.28,,,,,,,,,,,,,,,,,,
SDN,Sudan,1990,764.45,,34.843,,,84.4,,,,5.023,,62.0,2.034,,91.56,,,,,,,,0.749,23.62,5.25,,55.497,1.5,,,,,-0.9155575,45.0
SDN,Sudan,1991,805.367,42.426,34.909,,,83.4,,,,5.197,,62.0,2.019,,91.66,,,,,,,,0.744,24.39,5.25,,55.553,1.594,,,,,-1.273023,46.0
SDN,Sudan,1992,842.009,42.596,34.997,,,82.4,,,,5.122,,53.0,2.012,,91.76,,,,,,,,0.742,25.17,5.25,,55.952,1.688,,,,,-1.886921,47.0
SDN,Sudan,1993,862.978,42.89,35.126,,,81.3,,,,4.944,,51.0,2.235,,91.87,,,,,,,,0.741,25.94,5.25,,56.102,1.782,,,,,-1.796386,48.0
SDN,Sudan,1994,850.299,43.088,35.282,,,80.2,,,,4.536,,46.0,2.52,,91.98,,,,,,,,0.727,26.99,5.25,,57.022,1.876,,,,,-2.010865,49.0
SDN,Sudan,1995,877.693,43.365,35.448,,,78.9,,,,4.235,,48.0,2.579,,92.11,,,,,,,,0.73,28.05,5.25,,57.447,1.97,,,,,-1.914399,50.0
SDN,Sudan,1996,908.66,43.694,35.604,,,77.6,,,,4.087,,56.0,2.242,,92.24,,,,,,,,0.725,29.1,5.25,,57.638,2.064,,,,,-1.719945,51.0
SDN,Sudan,1997,1050.32,43.687,35.48,,,76.1,,,,3.847,,55.0,2.227,,92.39,,,,,,,,0.723,28.81,5.25,,58.058,2.158,,,,,-1.652979,52.0
SDN,Sudan,1998,1069.272,43.477,35.387,,,74.4,,,,3.716,,46.0,2.523,,92.56,,,,,,,,0.729,28.51,5.25,,58.308,2.252,,,,,-1.431204,53.0
SDN,Sudan,1999,1074.881,43.237,35.297,,,72.7,,,6.569,3.645,,55.0,2.507,,92.73,,,,,,,,0.714,28.22,5.25,,58.607,2.346,,,,,-1.531603,54.0
SDN,Sudan,2000,1111.119,42.91,35.209,,,70.8,,,6.695,3.528,,62.0,2.498,,92.92,,61.0,,,0.132,-0.944,0.796,0.711,27.93,5.25,,58.946,2.44,,,,,-1.473004,55.0
SDN,Sudan,2001,1150.176,42.691,35.123,,,68.9,,,8.257,3.342,,66.0,2.485,,93.11,,,,,,,,0.686,27.64,9.722,,59.264,2.538,,,,,-1.519419,56.0
SDN,Sudan,2002,1185.215,42.473,35.036,,,66.9,,,9.313,3.169,,60.0,2.466,,93.31,,,,,,,,0.684,27.34,9.722,,59.308,2.636,,,,,-1.599822,57.0
SDN,Sudan,2003,1226.421,42.235,34.926,,,65.0,,,8.657,3.159,,69.0,2.257,,93.5,,,,,,,,0.682,27.05,9.722,,58.319,2.734,,,,,-0.9715416,58.0
SDN,Sudan,2004,1255.671,41.981,34.807,,,68.2,,,10.549,2.821,,74.0,2.186,,93.18,,,,,,,,0.678,26.76,9.722,,56.773,2.832,,,,,-1.077534,59.0
SDN,Sudan,2005,1290.244,41.724,34.7,,,66.8,,,11.823,2.631,638.0,78.0,2.284,,93.32,36.2,,,,,,,0.659,26.46,13.6,,57.226,2.93,,,,,-1.234487,60.0
SDN,Sudan,2006,1336.124,41.478,34.595,,,59.9,,,13.337,2.505,,78.0,2.308,,94.01,,,,,,,,0.646,26.17,16.4,,60.4,2.97,,,,,-1.410933,61.0
SDN,Sudan,2007,1372.11,41.228,34.5,,,58.4,,,13.017,2.274,,84.0,2.384,,94.16,,,,,,,,0.638,25.88,16.836,,61.442,3.01,,,,,-1.512631,62.0
SDN,Sudan,2008,1381.626,40.919,34.454,,,57.0,,,14.392,2.145,,86.0,2.591,,94.3,,54.0,,,0.207,-1.282,0.814,0.637,25.59,16.836,0.456,61.261,3.05,,,,,-1.497884,63.0
SDN,Sudan,2009,1301.347,42.363,32.936,,,55.7,,,14.61,1.91,215.6,81.0,2.772,,94.43,78.44,,,,,,,0.635,23.0,17.611,0.469,62.676,3.09,,,,,-1.610478,64.0
SDN,Sudan,2010,1311.223,41.348,31.425,,,54.5,,,14.804,1.844,,90.0,2.416,,94.55,,,,,,,,0.607,25.67,24.187,0.479,62.979,3.13,38.799,42.671,43.177,30.549,-1.437261,65.0
SDN,Sudan,2011,1388.218,40.278,29.927,,,53.4,58.748,31.5,14.512,1.752,,93.0,2.03,,94.66,,,,,,,,0.591,28.33,24.084,0.476,63.181,3.228,38.671,42.671,43.177,30.166,-1.185869,66.0
SDN,Sudan,2012,1288.259,39.716,29.901,,,52.3,55.155,,14.818,1.643,,92.0,2.142,,94.77,,,,,,,,0.588,27.06,24.084,0.482,63.427,3.326,38.493,42.671,43.177,29.629,-1.153001,67.0
SDN,Sudan,2013,1283.459,39.189,29.742,,8.7,51.3,56.055,,16.668,1.554,,93.0,2.31,91.3,94.87,,,,,,,,0.589,25.8,24.084,0.488,63.443,3.424,38.34,42.671,43.177,29.172,-1.438148,68.0
SDN,Sudan,2014,1307.39,38.67,29.348,,8.4,50.1,56.316,,15.959,1.443,,94.0,2.709,91.6,94.99,,,,,,,,0.588,24.53,23.76,0.496,63.99,3.522,36.835,42.45,39.337,28.716,-1.387907,69.0
SDN,Sudan,2015,1292.38,38.192,28.797,,8.9,49.0,56.975,,15.865,1.393,,93.0,3.047,91.1,95.1,,,,,,,,0.577,23.26,31.042,0.498,64.375,3.62,36.634,42.45,39.337,28.115,-1.715269,70.0
SDN,Sudan,2016,1297.155,37.572,28.267,,9.8,47.8,59.175,,,1.331,,93.0,3.04,90.2,95.22,,,,,,,,0.579,22.0,31.042,0.502,64.677,3.67,36.447,42.45,39.337,27.552,-1.23238,71.0
SDN,Sudan,2017,1261.874,36.896,27.554,,10.3,46.5,60.005,,,1.255,,95.0,3.464,89.7,95.35,,,,,,,,0.578,20.73,31.042,0.506,65.146,3.72,36.297,42.45,39.337,27.104,-1.285654,72.0
SDN,Sudan,2018,1185.944,36.247,26.873,,10.8,45.3,,,,1.212,,93.0,3.488,89.2,95.47,,,,,,,,0.583,19.46,31.042,0.515,65.501,3.77,36.087,42.45,39.337,26.475,-1.155932,73.0
SDN,Sudan,2019,1126.553,35.65,26.47,,10.8,44.0,,,,1.174,,93.0,2.935,89.2,95.6,,,,,,,,0.589,18.2,31.042,0.517,65.803,3.82,35.891,42.45,39.337,25.887,-1.130448,74.0
SDN,Sudan,2020,1056.865,34.428,26.252,116.29,11.1,42.8,,,,1.208,,90.0,2.688,88.9,95.72,,,,,,,,0.589,16.93,31.042,0.513,65.124,3.87,35.643,42.45,39.337,25.142,,
SUR,Suriname,1990,6474.956,,28.604,,,37.4,,,9.562,1.299,,83.0,0.995,,96.26,,,,,,,,,,,,,,,,,,-0.5104548,45.0
SUR,Suriname,1991,6609.401,39.938,28.518,,,36.4,,,,1.235,,75.0,0.609,,96.36,,,,,,,,,,,,,,,,,,-0.6074343,46.0
SUR,Suriname,1992,6594.904,39.887,28.532,,,35.3,,,,1.189,,74.0,0.619,,96.47,,,,,,,,,,,,,,,,,,-0.3579848,47.0
SUR,Suriname,1993,6127.178,40.447,28.861,,,34.2,,,,1.145,,76.0,0.421,,96.58,,,,,,,,,,,,,,,,,,-0.4266998,48.0
SUR,Suriname,1994,6290.157,41.942,28.743,,,33.2,,,,1.083,,74.0,0.718,,96.68,,,,,,,,,,,,,,,,,,-0.33142,49.0
SUR,Suriname,1995,6184.283,43.954,28.816,,,32.1,,,,1.057,,84.0,1.697,,96.79,,,,,,,,,,,,,,,,,,-0.1197367,50.0
SUR,Suriname,1996,6114.836,42.454,27.965,,,31.1,,,,1.018,,85.0,2.124,,96.89,,,,,,,,,,,,,,,,,,-0.03780043,51.0
SUR,Suriname,1997,6330.137,42.3,27.144,,,30.1,,,,0.977,,81.0,2.083,,96.99,,,,,,,,,,,,,,,,,,-0.6601946,52.0
SUR,Suriname,1998,6343.513,41.961,26.355,,,29.2,,,,0.935,,90.0,2.063,,97.08,,,,,,,,,,,,,,,,,,-0.7051285,53.0
SUR,Suriname,1999,6127.31,40.271,25.598,,,28.2,,,,0.895,,85.0,2.058,,97.18,,,,,,,,,,,,,,,,,,-0.8814416,54.0
SUR,Suriname,2000,6128.316,41.097,26.23,,,27.3,,,,0.862,,71.0,2.062,,97.27,,,,,,,,,,,,,,,,,,-0.4382189,55.0
SUR,Suriname,2001,6255.553,41.979,26.873,,11.5,26.5,,,,0.82,,68.0,2.059,88.5,97.35,,,,,,,,,,,,,,,,,,-0.3034377,56.0
SUR,Suriname,2002,6301.317,42.887,27.528,,10.9,25.7,,,11.26,0.738,,73.0,2.033,89.1,97.43,,,,,,,,,,,,,,,,,,-0.6649259,57.0
SUR,Suriname,2003,6567.843,43.801,28.195,,10.1,25.0,,,,0.66,,75.0,1.967,89.9,97.5,,,,,,,,,,,,,,,,,,-0.5559237,58.0
SUR,Suriname,2004,7021.989,44.722,28.87,,9.4,24.3,,,,0.582,,85.0,1.472,90.6,97.57,,90.0,,,0.779,-0.046,0.205,0.524,41.59,19.608,0.679,66.362,7.74,,,,,-0.6568062,59.0
SUR,Suriname,2005,7261.817,45.324,29.549,,8.8,23.7,82.564,,,0.529,115.5,83.0,1.043,91.2,97.63,88.45,,,,,,,0.495,43.27,25.49,0.685,66.997,7.78,,,,,-0.6242415,60.0
SUR,Suriname,2006,7599.357,45.914,30.237,,8.0,23.1,84.504,,,0.488,107.4,84.0,1.089,92.0,97.69,89.26,,,,,,,0.493,44.96,25.49,0.69,67.643,7.821,,,,,-0.6518563,61.0
SUR,Suriname,2007,7897.256,46.487,30.932,,7.9,22.6,82.644,,,0.452,184.3,84.0,1.14,92.1,97.74,81.57,,,,,,,0.487,46.65,25.49,0.697,68.307,7.861,,,,,-0.6108627,62.0
SUR,Suriname,2008,8129.115,47.082,31.636,,7.3,22.1,88.449,,,0.416,,85.0,1.166,92.7,97.79,,95.0,,,0.772,-0.129,0.205,0.48,48.34,25.49,0.701,68.873,7.902,,,,,-0.5143866,63.0
SUR,Suriname,2009,8276.691,47.662,32.347,,7.4,21.6,91.541,45.703,,0.377,123.0,87.0,1.17,92.6,97.84,87.7,,,,,,,0.47,50.03,25.49,0.704,69.323,7.942,,,,,-0.6182088,64.0
SUR,Suriname,2010,8603.908,49.002,33.068,,7.6,21.1,88.62,50.823,,0.339,,94.0,1.162,92.4,97.89,,95.0,,,0.762,-0.109,0.214,0.516,47.67,9.804,0.707,69.626,7.983,,19.026,,14.355,-0.7294692,65.0
SUR,Suriname,2011,9003.286,49.313,33.799,,8.2,20.7,86.76,50.996,,0.313,82.5,80.0,1.147,91.8,97.93,91.75,,,,,,,0.494,49.34,11.765,0.708,69.82,8.023,,19.026,,14.066,-0.8406888,66.0
SUR,Suriname,2012,9140.929,49.528,34.539,,8.2,20.3,87.121,51.955,,0.302,,76.0,1.138,91.8,97.97,,93.0,,,0.753,-0.013,0.214,0.489,49.96,11.765,0.711,69.957,8.063,,19.026,,13.782,-0.6608066,67.0
SUR,Suriname,2013,9303.46,50.856,35.288,,7.8,19.8,86.697,54.054,,0.297,129.8,77.0,1.129,92.2,98.02,87.02,,,,,,,0.493,48.35,11.765,0.714,70.11,8.104,,19.026,,13.503,-0.730428,68.0
SUR,Suriname,2014,9224.244,51.189,36.046,,8.0,19.4,86.341,55.314,,0.289,153.7,71.0,1.11,92.0,98.06,84.63,,,,,,,0.489,50.42,11.765,0.715,70.33,8.144,,19.026,,13.234,-0.7086001,69.0
SUR,Suriname,2015,8813.617,51.55,36.812,,8.6,19.0,87.988,57.79,,0.272,70.3,73.0,1.081,91.4,98.1,92.97,,,,,,,0.442,47.65,25.49,0.718,70.567,8.185,,19.026,,12.958,-0.6669608,70.0
SUR,Suriname,2016,8293.316,51.672,37.585,,9.3,18.6,89.141,,,0.25,111.4,77.0,1.048,90.7,98.14,88.86,,,,,,,0.425,45.34,25.49,0.716,70.979,8.225,,19.026,,12.711,-0.7597644,71.0
SUR,Suriname,2017,8338.692,51.7,37.553,,9.3,18.1,86.073,,,0.234,109.721,67.0,1.008,90.7,98.19,89.0279,,,,,,,0.417,45.23,25.49,0.715,71.247,8.266,,19.026,,12.35,-0.4811402,72.0
SUR,Suriname,2018,8666.649,51.901,37.324,,9.0,17.6,86.025,,,0.222,,81.0,0.972,91.0,98.24,,,,,,,,0.412,45.12,25.49,0.719,71.468,8.306,,18.368,,12.098,-0.6478797,73.0
SUR,Suriname,2019,8677.305,51.941,37.318,,8.7,17.1,,,5.264,0.211,89.1,77.0,1.038,91.3,98.29,91.09,,,,,,,0.4,46.49,31.373,0.72,71.773,8.347,,18.368,,11.849,-0.6911758,74.0
SUR,Suriname,2020,7213.108,47.928,34.087,,9.0,16.6,,,5.306,0.204,79.82,51.0,1.075,91.0,98.34,92.018,,,,,,,0.399,45.31,29.412,0.714,72.321,8.388,,18.368,,11.901,,
SWE,Sweden,1990,34903.348,,69.085,,,5.9,99.516,84.846,,0.016,,99.0,0.773,,99.41,,,,,,,,0.098,71.25,40.401,0.818,77.589,9.55,,,,,0.9788394,45.0
SWE,Sweden,1991,34268.974,64.137,65.839,,,5.6,99.724,85.219,,0.015,,99.0,0.682,,99.44,,,,,,,,0.096,70.63,40.401,0.821,77.728,9.71,,,,,1.200973,46.0
SWE,Sweden,1992,33673.849,61.168,60.37,,,5.2,99.839,86.404,,0.014,,99.0,0.587,,99.48,,,,,,,,0.091,69.26,40.401,0.829,78.071,10.02,,,,,1.17998,47.0
SWE,Sweden,1993,32787.281,57.518,54.906,,,4.8,99.635,90.515,,0.013,,99.0,0.581,,99.52,,,,,,,,0.087,67.64,40.401,0.85,78.136,10.21,,,,,1.188598,48.0
SWE,Sweden,1994,33862.422,56.697,53.553,,,4.4,99.898,93.746,,0.012,,99.0,0.711,,99.56,,,,,,,,0.08,66.76,40.401,0.862,78.747,10.36,,,,,1.128406,49.0
SWE,Sweden,1995,35064.414,57.597,53.383,,,4.0,98.838,95.582,,0.01,,99.0,0.525,,99.6,,,,,,,,0.071,66.18,40.401,0.869,78.822,10.53,,,,,1.089063,50.0
SWE,Sweden,1996,35605.454,56.989,53.212,,,3.8,99.803,97.486,,0.009,,99.0,0.159,,99.62,,,,,,,,0.066,57.36,40.401,0.877,79.045,10.713,,,,,1.109181,51.0
SWE,Sweden,1997,36675.751,56.213,53.041,,,3.6,99.828,98.01,,0.008,,99.0,0.057,,99.64,,,,,,,,0.063,56.46,40.401,0.888,79.272,10.897,,,,,1.291218,52.0
SWE,Sweden,1998,38211.723,56.526,52.871,,,3.5,,,,0.008,,99.0,0.056,,99.65,,,,,,,,0.061,55.0,40.401,0.901,79.416,11.08,,,,,1.113407,53.0
SWE,Sweden,1999,39786.027,57.835,52.7,,,3.4,99.77,96.099,,0.008,,99.0,0.078,,99.66,,,,,,,,0.059,56.42,42.693,0.906,79.508,11.263,,,,,1.047958,54.0
SWE,Sweden,2000,41561.775,58.605,52.529,,,3.4,99.426,95.52,,0.007,,99.0,0.161,,99.66,,,,,,,,0.059,56.46,42.693,0.912,79.739,11.447,,,,,1.027187,55.0
SWE,Sweden,2001,42014.402,59.723,52.357,,2.5,3.3,99.725,94.91,70.012,0.007,,99.0,0.268,97.5,99.67,,,,,,,,0.056,58.62,42.693,0.915,79.836,11.63,,,,,1.036118,56.0
SWE,Sweden,2002,42831.758,59.541,50.513,,2.5,3.3,99.529,97.394,74.741,0.008,,99.0,0.325,97.5,99.67,,,,,,,,0.053,58.73,44.986,0.918,79.935,11.813,,,,,0.8808737,57.0
SWE,Sweden,2003,43475.366,59.16,50.623,,2.5,3.2,99.102,98.322,80.49,0.008,,99.0,0.372,97.5,99.68,,,,,,,,0.048,58.91,45.272,0.923,80.195,11.997,,,,,0.9627369,58.0
SWE,Sweden,2004,45114.67,58.233,48.549,,2.5,3.1,96.887,98.72,83.035,0.008,,99.0,0.393,97.5,99.69,,,,,,,,0.047,58.57,45.272,0.908,80.546,12.18,,,,,0.9363015,59.0
SWE,Sweden,2005,46189.683,58.297,50.2,,2.5,3.0,95.393,99.835,81.739,0.008,,98.0,0.4,97.5,99.7,,,,,,,,0.047,59.12,45.272,0.911,80.621,12.26,,,,,0.9251414,60.0
SWE,Sweden,2006,48078.352,58.86,51.335,,2.5,2.8,95.079,99.556,79.335,0.008,,98.0,0.562,97.5,99.72,,,,,,,,0.046,59.24,47.278,0.915,80.832,12.33,,,,,0.8427625,61.0
SWE,Sweden,2007,49262.153,59.777,52.239,,2.5,2.7,96.252,98.46,75.394,0.008,,98.0,0.742,97.5,99.73,,,,,,,,0.046,59.69,46.991,0.917,80.97,12.4,,,,,0.8691382,62.0
SWE,Sweden,2008,48428.659,59.883,52.842,,2.5,2.6,98.435,97.112,71.158,0.008,,98.0,0.779,97.5,99.74,,,,,,,,0.048,59.8,46.991,0.913,81.137,12.07,,,,,0.823883,63.0
SWE,Sweden,2009,45974.391,58.068,51.022,,2.5,2.6,99.334,95.067,71.012,0.008,,98.0,0.852,97.5,99.74,,,,,,,,0.049,59.39,46.418,0.912,81.363,12.14,,,,,0.909702,64.0
SWE,Sweden,2010,48205.549,57.755,51.632,256.369,2.5,2.5,99.383,93.071,73.082,0.008,,98.0,0.853,97.5,99.75,,,,,,,,0.05,67.11,44.986,0.918,81.519,12.21,6.634,4.088,12.759,3.055,0.8876845,65.0
SWE,Sweden,2011,49356.591,58.573,52.984,,2.5,2.5,99.479,91.56,71.918,0.008,,98.0,0.755,97.5,99.75,,,,,,,,0.05,67.86,44.699,0.92,81.758,12.28,6.595,3.973,13.027,2.786,0.9146742,66.0
SWE,Sweden,2012,48789.791,58.46,52.584,,2.5,2.4,99.601,92.539,68.742,0.008,,98.0,0.74,97.5,99.76,,,,,,,,0.047,68.26,44.699,0.92,81.73,12.34,6.596,3.863,12.9,3.025,0.82375,67.0
SWE,Sweden,2013,48928.499,58.712,54.497,,2.5,2.4,99.409,94.47,65.782,0.008,,98.0,0.847,97.5,99.76,,,,,,,,0.045,68.68,44.986,0.94,81.935,12.23,7.129,3.861,14.465,3.063,0.9214414,68.0
SWE,Sweden,2014,49557.618,58.816,55.448,,2.5,2.4,99.461,96.674,64.954,0.008,,98.0,0.992,97.5,99.76,,,,,,,,0.042,69.11,44.699,0.943,82.224,12.29,6.866,4.009,13.77,2.819,0.8306795,69.0
SWE,Sweden,2015,51188.165,59.171,55.135,263.026,2.5,2.3,99.38,99.642,66.428,0.007,,98.0,1.057,97.5,99.77,,,,,,,,0.038,69.5,43.553,0.945,82.184,12.35,7.229,3.909,14.817,2.96,0.7027905,70.0
SWE,Sweden,2016,51626.324,59.599,54.839,,2.5,2.3,99.348,99.063,68.306,0.007,,98.0,1.256,97.5,99.77,,,,,,,,0.036,69.67,43.553,0.947,82.339,12.41,7.278,3.865,15.022,2.946,0.7579331,71.0
SWE,Sweden,2017,51894.375,60.065,54.701,,2.5,2.3,99.182,,70.434,0.007,,97.0,1.347,97.5,99.77,,,,,,,,0.034,70.22,43.553,0.949,82.438,12.49,7.07,3.792,14.552,2.866,0.8126229,72.0
SWE,Sweden,2018,52203.087,60.395,54.089,,2.5,2.2,,,73.408,0.007,,97.0,1.162,97.5,99.78,,,,,,,,0.029,70.64,46.132,0.95,82.532,12.55,7.243,3.686,15.323,2.722,0.8819933,73.0
SWE,Sweden,2019,53024.41,60.17,55.015,,2.5,2.2,,,75.115,0.007,,98.0,1.014,97.5,99.78,,,,,,,,0.022,71.04,47.278,0.955,83.052,12.61,7.185,3.655,15.237,2.664,0.8920524,74.0
SWE,Sweden,2020,51624.581,58.834,52.062,267.897,2.5,2.1,,,79.12,0.008,,97.0,0.723,97.5,99.79,,,,,,,,0.017,70.39,46.991,0.951,82.427,12.675,6.786,3.502,14.053,2.803,,
CHE,Switzerland,1990,70063.852,,68.679,,,6.6,83.538,77.337,,0.021,,90.0,1.027,,99.34,,,,,,,,0.127,49.33,20.325,0.858,77.385,10.534,,,,,,
CHE,Switzerland,1991,68559.938,63.643,68.624,,,6.4,84.358,78.148,,0.02,,89.0,1.25,,99.36,,,,,,,,0.125,51.98,20.325,0.86,77.648,10.524,,,,,,
CHE,Switzerland,1992,67778.548,63.213,68.56,,,6.1,84.411,78.901,,0.02,,89.0,1.103,,99.39,,,,,,,,0.12,52.24,20.325,0.863,77.944,10.514,,,,,,
CHE,Switzerland,1993,67079.464,62.733,69.343,,,5.8,83.623,80.005,,0.019,,89.0,0.911,,99.42,,,,,,,,0.115,52.88,20.325,0.867,78.234,10.503,,,,,,
CHE,Switzerland,1994,67391.844,61.717,65.094,,,5.5,82.747,81.072,,0.018,,89.0,0.797,,99.45,,,,,,,,0.11,52.18,20.325,0.87,78.495,10.493,,,,,,
CHE,Switzerland,1995,67264.911,62.104,63.842,,,5.2,89.209,,,0.017,,89.0,0.668,,99.48,,,,,,,,0.106,52.15,20.325,0.872,78.565,10.483,,,,,,
CHE,Switzerland,1996,67284.109,64.944,66.43,,,5.0,91.151,,,0.015,,89.0,0.442,,99.5,,,,,,,,0.098,56.95,20.325,0.875,79.049,10.514,,,,,,
CHE,Switzerland,1997,68640.075,64.549,66.96,,,4.9,,,,0.014,,89.0,0.241,,99.51,,,,,,,,0.096,56.92,20.325,0.88,79.233,10.545,,,,,,
CHE,Switzerland,1998,70510.026,65.441,67.219,,,4.8,,,,0.013,,88.0,0.297,,99.52,,,,,,,,0.095,58.15,20.325,0.886,79.475,10.576,,,,,,
CHE,Switzerland,1999,71341.343,65.667,68.598,,,4.7,95.729,84.632,,0.013,,93.0,0.477,,99.53,,,,,,,,0.098,58.16,20.325,0.889,79.724,10.607,,,,,,
CHE,Switzerland,2000,73749.939,65.507,68.283,,,4.7,95.573,84.661,38.113,0.012,,93.0,0.562,,99.53,,,,,,,,0.093,57.63,22.358,0.892,79.834,10.638,,,,,,
CHE,Switzerland,2001,74439.464,66.083,67.764,,2.5,4.6,95.289,84.144,39.224,0.01,,93.0,0.633,97.5,99.54,,,,,,,,0.087,58.83,22.358,0.895,80.251,10.751,,,,,,
CHE,Switzerland,2002,73824.385,65.769,69.263,,2.5,4.5,95.168,83.372,39.96,0.011,,93.0,0.756,97.5,99.55,,,,,,,,0.085,59.3,22.358,0.896,80.444,10.865,,,,,1.0275,57.0
CHE,Switzerland,2003,73254.953,65.055,69.353,,2.5,4.5,94.937,83.357,43.051,0.01,,93.0,0.742,97.5,99.55,,,,,,,,0.077,59.46,24.79,0.901,80.532,10.979,,,,,1.045845,58.0
CHE,Switzerland,2004,74718.684,64.36,67.057,,2.5,4.4,94.779,83.981,44.881,0.01,,93.0,0.687,97.5,99.56,,,,,,,,0.077,59.11,24.797,0.906,81.055,11.093,,,,,0.8849101,59.0
CHE,Switzerland,2005,76282.984,63.989,65.656,,2.5,4.3,93.722,84.722,45.247,0.01,,94.0,0.641,97.5,99.57,,,,,,,,0.074,59.34,24.797,0.909,81.236,11.206,,,,,0.9744442,60.0
CHE,Switzerland,2006,78893.808,64.631,68.619,,2.5,4.2,93.286,85.223,46.285,0.01,,94.0,0.628,97.5,99.58,,,,,,,,0.069,59.76,24.797,0.918,81.549,11.74,,,,,0.7972172,61.0
CHE,Switzerland,2007,81254.17,65.153,67.375,,2.5,4.1,93.257,84.856,47.816,0.009,,94.0,0.894,97.5,99.59,,,,,,,,0.062,59.94,27.236,0.926,81.703,12.273,,,,,0.7712699,62.0
CHE,Switzerland,2008,82481.068,65.908,67.133,,2.5,4.0,93.905,84.532,49.689,0.009,,95.0,1.271,97.5,99.6,,,,,,,,0.06,61.3,27.236,0.934,81.971,12.807,,,,,0.7227908,63.0
CHE,Switzerland,2009,79585.522,65.47,67.269,,2.5,4.0,94.037,83.64,50.303,0.009,,95.0,1.249,97.5,99.6,,,,,,,,0.058,61.56,27.642,0.942,81.989,13.34,,,,,0.7982509,64.0
CHE,Switzerland,2010,81315.423,63.791,68.112,260.266,2.5,3.9,93.963,83.688,52.804,0.009,14.866,95.0,1.042,97.5,99.61,98.5134,,,,,,,0.056,59.98,27.642,0.945,82.287,13.32,7.611,2.348,16.795,3.688,0.7569591,65.0
CHE,Switzerland,2011,81874.336,64.548,68.56,,2.5,3.9,93.863,83.207,53.135,0.009,,96.0,1.112,97.5,99.61,,,,,,,,0.053,60.54,26.829,0.946,82.574,13.33,7.51,2.159,16.676,3.696,0.6771958,66.0
CHE,Switzerland,2012,81964.886,64.551,67.586,,2.5,3.8,93.702,81.171,54.836,0.009,,96.0,1.062,97.5,99.62,,,,,,,,0.05,60.84,27.236,0.949,82.617,13.41,7.138,2.147,15.678,3.589,0.6983572,67.0
CHE,Switzerland,2013,82479.922,64.393,68.013,,2.5,3.8,93.634,83.559,56.181,0.009,,96.0,1.15,97.5,99.62,,,,,,,,0.043,61.14,28.862,0.952,82.689,13.525,7.04,2.014,15.433,3.671,0.6789626,68.0
CHE,Switzerland,2014,83394.371,64.71,67.905,,2.5,3.8,93.773,84.479,58.065,0.008,,96.0,1.22,97.5,99.62,,,,,,,,0.041,61.9,28.862,0.956,83.084,13.64,7.39,2.271,16.239,3.659,0.8107706,69.0
CHE,Switzerland,2015,83806.448,64.942,67.517,264.297,2.5,3.7,93.319,85.134,60.819,0.008,,96.0,1.138,97.5,99.63,,,,,,,,0.038,62.28,28.862,0.957,82.846,13.71,7.403,2.027,16.501,3.683,0.6826776,70.0
CHE,Switzerland,2016,84611.1,65.286,68.352,,2.5,3.7,93.538,85.828,61.194,0.009,,96.0,1.092,97.5,99.63,,,,,,,,0.038,62.84,28.862,0.959,83.446,13.67,7.245,1.931,16.455,3.349,0.6835121,71.0
CHE,Switzerland,2017,84967.589,65.25,68.677,,2.5,3.6,93.196,85.329,62.46,0.008,,96.0,0.933,97.5,99.64,,,,,,,,0.034,62.61,29.268,0.96,83.414,13.735,7.493,1.911,17.152,3.416,0.6913004,72.0
CHE,Switzerland,2018,86756.602,65.343,67.993,,2.5,3.6,,,64.353,0.008,,96.0,0.737,97.5,99.64,,,,,,,,0.031,62.91,29.268,0.962,83.564,13.8,7.366,1.829,16.932,3.336,0.7019629,73.0
CHE,Switzerland,2019,87123.66,65.321,66.48,,2.5,3.5,,,66.309,0.008,,96.0,0.713,97.5,99.65,,,,,,,,0.016,62.98,38.618,0.965,83.78,13.86,7.447,1.921,17.2,3.221,0.8168606,74.0
CHE,Switzerland,2020,84637.013,64.709,65.018,263.677,2.5,3.5,,,68.068,0.007,,97.0,0.731,97.5,99.65,,,,,,,,0.012,62.51,38.618,0.963,83.063,13.904,7.807,2.015,17.959,3.446,,
SYR,Syrian Arab Rep.,1990,931.885,,45.864,,,31.6,94.733,,17.386,0.205,,91.0,3.233,,96.84,,,,,,,,0.556,10.24,9.6,0.572,69.83,3.783,,,,,-1.037212,45.0
SYR,Syrian Arab Rep.,1991,972.286,47.518,45.545,,,30.5,95.765,,17.316,0.186,,89.0,3.143,,96.95,,,,,,,,0.549,10.24,9.6,0.577,70.075,3.88,,,,,-0.9238866,46.0
SYR,Syrian Arab Rep.,1992,1065.205,47.299,45.034,,,29.4,96.163,,16.541,0.171,,89.0,3.07,,97.06,,,,,,,,0.539,14.87,9.6,0.582,70.243,3.977,,,,,-1.177917,47.0
SYR,Syrian Arab Rep.,1993,1097.11,47.041,44.731,,,28.2,96.208,,16.548,0.164,,90.0,3.018,,97.18,,,,,,,,0.537,19.5,9.6,0.583,70.309,4.074,,,,,-1.463333,48.0
SYR,Syrian Arab Rep.,1994,1142.064,46.247,44.428,,,27.0,96.436,,15.128,0.16,,89.0,2.949,,97.3,,,,,,,,0.532,19.83,9.6,0.587,70.296,4.172,,,,,-1.576013,49.0
SYR,Syrian Arab Rep.,1995,1188.175,45.651,44.132,,,25.8,96.469,38.14,14.573,0.158,,89.0,2.833,,97.42,,,,,,,,0.518,20.15,9.6,0.587,70.209,4.269,,,,,-1.60244,50.0
SYR,Syrian Arab Rep.,1996,1270.051,45.803,43.565,,,24.7,96.38,37.545,,0.156,,88.0,2.708,,97.53,,,,,,,,0.538,15.73,9.6,0.59,70.156,4.288,,,,,-1.937706,51.0
SYR,Syrian Arab Rep.,1997,1299.299,45.923,43.183,,,23.6,95.583,37.48,,0.152,,87.0,2.625,,97.64,,,,,,,,0.562,11.3,9.6,0.593,70.158,4.307,,,,,-1.679783,52.0
SYR,Syrian Arab Rep.,1998,1352.128,46.053,42.76,,,22.5,94.045,38.52,,0.148,,88.0,2.58,,97.75,,,,,,,,0.534,16.71,9.6,0.595,70.237,4.326,,,,,-1.589488,53.0
SYR,Syrian Arab Rep.,1999,1271.322,46.482,41.891,,,21.6,93.539,38.5,,0.139,,87.0,2.544,,97.84,,,,,,,,0.496,20.0,10.4,0.595,70.507,4.345,,,,,-1.518795,54.0
SYR,Syrian Arab Rep.,2000,1248.385,46.011,41.027,,,20.8,93.86,39.328,,0.129,,86.0,2.494,,97.92,,,,,,,,0.483,20.63,10.4,0.594,70.856,4.364,,,,,-1.693054,55.0
SYR,Syrian Arab Rep.,2001,1230.872,44.146,40.9,,7.5,20.1,94.565,40.966,,0.117,,83.0,2.455,92.5,97.99,,,,,,,,0.474,21.32,10.4,0.602,71.296,4.547,,,,,-1.286512,56.0
SYR,Syrian Arab Rep.,2002,1249.006,43.66,40.771,,7.1,19.5,94.883,41.04,12.648,0.104,,86.0,2.416,92.9,98.05,,,,,,,,0.454,23.46,10.4,0.61,71.742,4.73,,,,,-1.466006,57.0
SYR,Syrian Arab Rep.,2003,1307.481,43.146,40.641,,6.8,18.9,91.701,57.425,13.232,0.093,,85.0,2.381,93.2,98.11,,,,,,,,0.46,18.84,12.0,0.621,72.188,5.106,,,,,-1.152144,58.0
SYR,Syrian Arab Rep.,2004,1363.619,42.826,38.53,,6.5,18.5,92.512,60.933,15.242,0.085,,84.0,2.471,93.5,98.15,,,,,,,,0.474,17.55,12.0,0.635,72.494,5.482,,,,,-0.8104331,59.0
SYR,Syrian Arab Rep.,2005,1411.632,42.466,36.457,,6.2,18.1,92.571,64.028,18.298,0.079,,83.0,2.569,93.8,98.19,,,,,,,,0.481,16.25,12.0,0.646,72.797,5.858,,,,,-1.138065,60.0
SYR,Syrian Arab Rep.,2006,1420.723,42.067,34.432,,6.0,17.9,89.914,63.826,20.85,0.071,,82.0,4.281,94.0,98.21,,,,,,,,0.487,14.96,12.0,0.658,73.04,6.234,,,,,-1.414594,61.0
SYR,Syrian Arab Rep.,2007,1411.69,40.524,32.95,,5.9,17.7,91.009,65.381,21.335,0.069,,82.0,6.157,94.1,98.23,,,,,,,,0.495,14.08,12.0,0.665,73.256,6.61,,,,,-1.550855,62.0
SYR,Syrian Arab Rep.,2008,1423.596,38.825,31.277,,5.6,17.6,91.757,65.966,21.803,0.075,56.0,81.0,3.54,94.4,98.24,94.4,,,,,,,0.488,14.72,12.4,0.66,73.368,6.19,,,,,-1.67454,63.0
SYR,Syrian Arab Rep.,2009,1484.405,39.445,29.65,,5.4,17.6,92.808,66.072,22.903,0.07,52.0,81.0,1.561,94.6,98.24,94.8,,,,,,,0.492,13.01,12.4,0.668,73.496,6.49,,,,,-1.703408,64.0
SYR,Syrian Arab Rep.,2010,1526.369,39.024,28.674,,5.5,17.6,92.961,66.796,24.735,0.069,,81.0,2.274,94.5,98.24,,,,,,,,0.494,12.94,12.4,0.669,73.542,6.434,20.436,31.489,18.449,11.368,-2.017989,65.0
SYR,Syrian Arab Rep.,2011,1542.72,39.656,27.711,,6.3,18.8,,68.825,24.528,0.072,,72.0,1.745,93.7,98.12,,,,,,,,0.482,14.8,12.4,0.664,72.259,6.378,20.915,31.489,18.449,12.808,-1.670057,66.0
SYR,Syrian Arab Rep.,2012,1142.291,33.79,26.773,,7.5,23.7,,72.304,28.836,0.077,,58.0,-0.519,92.5,97.63,,,,,,,,0.487,14.88,12.0,0.626,66.206,6.323,22.874,31.489,18.449,18.685,-1.939936,67.0
SYR,Syrian Arab Rep.,2013,884.33,32.302,25.807,,8.7,25.0,67.965,48.502,31.413,0.086,,54.0,-4.921,91.3,97.5,,,,,,,,0.491,15.06,12.0,0.567,65.146,6.268,23.194,31.489,18.449,19.645,-1.775436,68.0
SYR,Syrian Arab Rep.,2014,847.66,32.152,26.187,,9.7,24.7,,,44.461,0.079,,56.0,-6.646,90.3,97.53,,,,,,,,0.491,14.84,12.0,0.561,65.492,6.214,23.101,31.489,18.449,19.364,-1.687658,69.0
SYR,Syrian Arab Rep.,2015,847.732,32.334,26.391,,11.5,25.6,,,47.836,0.071,,54.0,-4.278,88.5,97.44,,,,,,,,0.484,15.4,12.4,0.549,63.265,6.159,23.451,31.489,18.449,20.415,-1.5872,70.0
SYR,Syrian Arab Rep.,2016,802.969,32.512,26.361,,14.2,23.9,,,43.761,0.06,,55.0,-1.195,85.8,97.61,,,,,,,,0.477,14.89,13.2,0.552,65.19,6.105,,,,18.611,-2.032814,71.0
SYR,Syrian Arab Rep.,2017,795.883,32.608,26.225,,18.5,24.5,,,,0.06,,61.0,0.161,81.5,97.55,,,,,,,,0.483,14.34,13.2,0.551,65.651,6.051,,,,18.615,-1.891147,72.0
SYR,Syrian Arab Rep.,2018,792.414,32.68,25.973,,22.8,24.5,,,,0.053,,60.0,1.82,77.2,97.55,,,,,,,,0.488,14.01,13.2,0.557,67.371,5.996,,,,17.837,-1.815797,73.0
SYR,Syrian Arab Rep.,2019,771.519,32.777,25.6,,27.4,21.5,,,,0.062,,67.0,3.886,72.6,97.85,,,,,,,,0.49,14.17,13.2,0.569,70.97,5.976,,,,14.317,-1.920512,74.0
SYR,Syrian Arab Rep.,2020,740.811,30.46,23.732,,30.6,20.4,,,,0.06,,62.0,3.362,69.4,97.96,,,,,,,,0.491,14.54,11.2,0.57,71.944,5.956,,,,12.926,,
TJK,Tajikistan,1990,1312.947,,43.107,,,76.0,,,21.245,0.478,,,2.466,,92.4,,,,,,,,,,,,,,,,,,,
TJK,Tajikistan,1991,1188.375,54.005,43.1,,,78.3,,,21.279,0.462,,,2.604,,92.17,,,,,,,,,,,,,,,,,,,
TJK,Tajikistan,1992,827.587,53.991,43.092,,,81.3,,,21.036,0.474,,72.0,1.934,,91.87,,,,,,,,,,,,,,,,,,-0.08323676,47.0
TJK,Tajikistan,1993,682.727,53.55,43.083,,,83.4,,,20.743,0.464,,64.0,1.329,,91.66,,,,,,,,,,,,,,,,,,0.5447044,48.0
TJK,Tajikistan,1994,528.048,53.275,43.075,,,84.2,,,20.413,0.458,,81.0,1.738,,91.58,,,,,,,,,,,,,,,,,,0.8232194,49.0
TJK,Tajikistan,1995,452.904,53.11,43.067,,,83.0,,,20.392,0.425,,80.0,2.093,,91.7,,,,,,,,0.55,28.17,2.762,0.547,61.389,10.265,,,,,0.6842102,50.0
TJK,Tajikistan,1996,369.935,52.78,43.057,,,80.3,,,,0.36,,75.0,1.963,,91.97,,,,,,,,0.541,28.17,2.762,0.528,60.806,10.372,,,,,0.7789898,51.0
TJK,Tajikistan,1997,371.661,52.725,43.047,,,76.3,,,,0.342,,81.0,1.201,,92.37,,,,,,,,0.535,30.49,2.762,0.536,61.928,10.479,,,,,0.2879033,52.0
TJK,Tajikistan,1998,389.09,52.45,43.036,,,71.8,,,,0.317,,79.0,0.594,,92.82,,,,,,,,0.527,32.8,2.762,0.541,62.404,10.586,,,,,0.1971517,53.0
TJK,Tajikistan,1999,401.406,52.56,43.024,,,67.0,,61.973,16.643,0.265,,82.0,0.516,,93.3,,,,,,,,0.509,35.12,2.762,0.546,63.114,10.693,,,,,0.02936821,54.0
TJK,Tajikistan,2000,429.537,52.725,43.014,,,62.2,94.804,70.181,17.2,0.215,,83.0,1.223,,93.78,,99.0,,,0.24,-1.158,0.916,0.406,37.43,13.978,0.554,63.542,10.8,,,,,0.1357041,55.0
TJK,Tajikistan,2001,461.681,52.945,43.008,,40.0,57.5,94.211,72.131,16.724,0.213,,85.0,1.933,60.0,94.25,,,,,,,,0.405,39.75,12.371,0.563,64.197,10.836,,,,,,
TJK,Tajikistan,2002,501.809,52.835,43.003,,41.3,53.0,96.258,75.006,16.935,0.172,,85.0,1.921,58.7,94.7,,,,,,,,0.394,42.06,12.371,0.575,64.898,10.873,,,,,0.04378509,57.0
TJK,Tajikistan,2003,546.391,52.89,43.0,,41.7,48.7,96.94,,18.306,0.137,,85.0,1.924,58.3,95.13,,,,,,,,0.382,44.38,12.371,0.587,65.874,10.909,,,,,0.09130801,58.0
TJK,Tajikistan,2004,590.957,51.1,39.956,,40.3,44.8,96.877,78.105,19.584,0.131,,86.0,1.963,59.7,95.52,,,,,,,,0.372,52.25,12.371,0.598,66.604,10.946,,,,,-0.1064787,59.0
TJK,Tajikistan,2005,618.334,49.08,36.988,,38.1,41.4,97.654,78.182,20.152,0.124,,84.0,1.957,61.9,95.86,,,,,,,,0.339,47.64,19.588,0.611,66.531,10.982,,,,,-0.2910443,60.0
TJK,Tajikistan,2006,649.163,46.96,34.116,,35.1,38.3,97.446,78.811,21.302,0.119,,83.0,1.9,64.9,96.17,,,,,,,,0.335,43.03,19.588,0.62,66.997,11.019,,,,,-0.3332908,61.0
TJK,Tajikistan,2007,686.481,45.308,31.356,,32.2,35.7,97.444,80.243,22.286,0.106,,86.0,1.921,67.8,96.43,,,,,,,,0.337,38.42,19.588,0.625,67.405,11.055,,,,,-0.338358,62.0
TJK,Tajikistan,2008,726.185,42.367,28.723,,29.3,33.4,97.704,81.598,22.751,0.102,,86.0,1.981,70.7,96.66,,,,,,,,0.341,33.81,19.588,0.634,67.924,11.092,,,,,-0.4436731,63.0
TJK,Tajikistan,2009,739.213,39.522,26.227,,26.6,31.5,97.395,81.795,22.524,0.104,,93.0,2.048,73.4,96.85,,,,,,,,0.346,29.2,19.588,0.634,68.248,11.128,,,,,-0.4405517,64.0
TJK,Tajikistan,2010,770.604,39.143,25.501,,24.2,29.9,97.858,82.508,22.831,0.098,,93.0,2.139,75.8,97.01,,,,,,,,0.357,29.69,17.526,0.639,68.37,11.165,,,17.217,20.769,-0.3084879,65.0
TJK,Tajikistan,2011,809.368,38.767,24.786,,22.5,28.4,97.506,83.217,22.32,0.094,,96.0,2.231,77.5,97.16,,,,,,,,0.352,30.18,17.526,0.644,68.698,11.201,,,17.217,20.298,-0.3241585,66.0
TJK,Tajikistan,2012,849.519,38.401,24.081,,21.4,27.2,98.116,,22.692,0.086,,94.0,2.39,78.6,97.28,,,,,,,,0.346,30.67,17.526,0.649,69.13,11.238,14.526,6.543,17.217,19.818,-0.4138068,67.0
TJK,Tajikistan,2013,889.882,38.03,23.387,,20.3,26.3,99.211,,22.616,0.079,,96.0,2.497,79.7,97.37,,,,,,,,0.338,31.16,17.526,0.655,69.579,11.274,14.351,6.543,17.217,19.294,-0.560776,68.0
TJK,Tajikistan,2014,925.971,37.656,22.705,,18.5,25.4,97.688,,24.226,0.078,,97.0,2.51,81.5,97.46,,,,,,,,0.339,31.66,15.217,0.657,69.697,11.311,14.277,6.543,17.217,19.07,-0.885916,69.0
TJK,Tajikistan,2015,956.916,37.283,22.036,,16.1,24.7,96.758,,26.067,0.077,,96.0,2.558,83.9,97.53,,,,,,,,0.335,32.15,14.737,0.658,69.665,11.347,15.081,6.543,19.926,18.775,-0.6870119,70.0
TJK,Tajikistan,2016,997.353,36.912,21.382,,13.9,24.1,96.594,,28.518,0.074,,96.0,2.534,86.1,97.59,,,,,,,,0.305,32.64,20.0,0.661,69.982,11.384,14.939,6.543,19.926,18.348,-0.6429906,71.0
TJK,Tajikistan,2017,1042.264,36.142,20.61,,12.2,23.7,98.287,,30.237,0.061,,97.0,2.455,87.8,97.63,,,,,,,,0.289,31.45,20.0,0.666,70.524,11.42,14.577,6.038,19.926,17.766,-0.6938396,72.0
TJK,Tajikistan,2018,1094.8,35.311,19.784,,10.3,23.4,,,,0.059,,96.0,2.407,89.7,97.66,,,,,,,,0.293,31.05,20.0,0.67,70.737,11.376,14.514,6.038,19.926,17.578,-0.5884591,73.0
TJK,Tajikistan,2019,1148.347,34.53,19.018,,9.7,23.3,,,,0.058,,97.0,2.364,90.3,97.67,,,,,,,,0.292,32.17,20.0,0.673,70.962,11.332,14.387,6.038,19.926,17.197,-0.6176498,74.0
TJK,Tajikistan,2020,1171.901,34.0,18.837,140.726,9.1,23.2,,,34.668,0.089,,97.0,2.276,90.9,97.68,,,,,,,,0.279,32.54,23.404,0.664,68.605,11.288,14.221,6.038,19.926,16.698,,
TZA,Tanzania,1990,541.545,,79.986,,,105.4,52.043,,,5.211,,78.0,2.605,,89.46,,,,,,,,,,,,,,,,,,-0.8694369,45.0
TZA,Tanzania,1991,538.967,83.537,79.793,,,104.6,51.369,,0.332,4.97,,81.0,2.535,,89.54,,,,,,,,,,,,,,,,,,-0.8638274,46.0
TZA,Tanzania,1992,528.782,83.442,79.594,,,103.9,51.469,,0.339,4.823,,83.0,2.497,,89.61,,,,,,,,,,,,,,,,,,-1.154868,47.0
TZA,Tanzania,1993,518.663,83.205,79.11,,,103.1,50.678,,0.379,4.631,,83.0,3.137,,89.69,,,,,,,,,,,,,,,,,,-0.7780513,48.0
TZA,Tanzania,1994,506.973,83.144,78.346,,,102.2,49.449,,0.394,4.36,,84.0,3.842,,89.78,,,,,,,,,,,,,,,,,,-1.170762,49.0
TZA,Tanzania,1995,508.84,83.261,77.933,,,101.0,49.328,,0.448,4.258,,81.0,3.147,,89.9,,,,,,,,,,,,,,,,,,-1.314381,50.0
TZA,Tanzania,1996,522.333,83.455,78.137,,,99.2,49.474,,0.506,4.165,,82.0,1.834,,90.08,,,,,,,,,,,,,,,,,,-1.078303,51.0
TZA,Tanzania,1997,529.954,83.586,78.284,,,96.8,49.916,,0.604,4.133,,79.0,2.023,,90.32,,,,,,,,,,,,,,,,,,-0.9722463,52.0
TZA,Tanzania,1998,535.363,83.626,78.19,,,93.8,49.416,,0.522,3.926,,79.0,2.633,,90.62,,,,,,,,,,,,,,,,,,-0.9008621,53.0
TZA,Tanzania,1999,546.606,83.673,78.11,,,89.9,49.887,,0.603,3.346,,76.0,2.678,,91.01,,,,,,,,,,,,,,,,,,-1.111565,54.0
TZA,Tanzania,2000,555.348,83.736,77.988,,,85.3,53.531,,0.643,2.982,,79.0,2.842,,91.47,,,,,,,,,,,,,,,,,,-1.006168,55.0
TZA,Tanzania,2001,573.4,83.85,77.963,,32.8,80.4,58.123,,0.662,2.593,,87.0,2.702,67.2,91.96,,,,,,,,,,,,,,,,,,-0.9117996,56.0
TZA,Tanzania,2002,598.422,84.215,78.306,,33.6,75.4,73.081,,0.697,2.385,,89.0,2.589,66.4,92.46,,69.0,,,0.445,-0.487,0.479,,,,,,,,,,,-0.7283274,57.0
TZA,Tanzania,2003,621.721,84.569,78.646,,32.1,70.7,81.608,,0.898,2.109,,95.0,2.645,67.9,92.93,,,,,,,,,,,,,,,,,,-0.6220295,58.0
TZA,Tanzania,2004,650.517,84.894,78.982,,31.5,66.4,86.147,,1.215,1.963,,95.0,2.713,68.5,93.36,,,,,,,,,,,,,,,,,,-0.6263181,59.0
TZA,Tanzania,2005,680.051,85.177,79.314,,28.5,62.3,90.851,,1.428,1.887,,90.0,2.775,71.5,93.77,,,,,,,,,,,,,,,,,,-0.4712986,60.0
TZA,Tanzania,2006,704.503,85.434,79.643,,27.0,59.0,96.73,,,1.965,,90.0,2.801,73.0,94.1,,,,,,,,,,,,,,,,,,-0.1301681,61.0
TZA,Tanzania,2007,731.52,85.208,78.818,,25.9,55.6,,,1.463,2.399,,83.0,2.791,74.1,94.44,,,,,,,,,,,,,,,,,,-0.4081375,62.0
TZA,Tanzania,2008,752.54,84.938,77.969,,25.1,53.2,98.856,,,2.678,,86.0,2.703,74.9,94.68,,,,,,,,,,,,,,,,,,-0.4202724,63.0
TZA,Tanzania,2009,772.93,84.671,77.096,,24.6,50.5,,,,2.614,,85.0,2.467,75.4,94.95,,,,,,,,,,,,,,,,,,-0.3715054,64.0
TZA,Tanzania,2010,801.299,83.69,76.199,131.991,23.7,48.5,92.196,,2.139,2.517,,91.0,2.544,76.3,95.15,,,,,,,,,,,,,,,,,,-0.518626,65.0
TZA,Tanzania,2011,838.999,82.773,75.278,,22.7,46.6,,,,2.419,,90.0,2.8,77.3,95.34,,,,,,,,,,,,,,,,,,-0.527089,66.0
TZA,Tanzania,2012,851.911,82.429,74.333,,21.7,45.0,87.501,,3.965,2.289,,92.0,2.88,78.3,95.5,,78.0,,,0.483,-0.702,0.47,,,,,,,,,,,-0.6210249,67.0
TZA,Tanzania,2013,882.812,82.102,73.365,,21.2,43.7,83.951,,3.673,2.468,,91.0,3.015,78.8,95.63,,,,,,,,,,,,,,,,,,-0.715709,68.0
TZA,Tanzania,2014,913.811,82.182,72.373,,21.1,42.3,83.32,,,2.338,,97.0,3.08,78.9,95.77,,,,,,,,,,,,,,,,,,-0.7890358,69.0
TZA,Tanzania,2015,939.127,82.248,72.112,132.682,21.3,41.1,,,3.984,2.19,,96.0,3.262,78.7,95.89,,78.0,,,0.457,-0.653,0.442,,,,,,,,,,,-0.8928486,70.0
TZA,Tanzania,2016,970.156,82.274,71.782,,21.9,39.5,83.505,23.939,3.729,1.998,,92.0,3.407,78.1,96.05,,,,,,,,,,,,,,,,,,-0.8495261,71.0
TZA,Tanzania,2017,1001.559,82.305,71.5,,22.6,37.7,83.58,24.553,4.782,1.742,,90.0,3.341,77.4,96.23,,,,,,,,,,,,,,,,,,-0.7954787,72.0
TZA,Tanzania,2018,1024.015,82.332,71.285,,22.9,36.0,81.329,26.548,4.28,1.594,,89.0,3.156,77.1,96.4,,,,,,,,,,,,,,,,,,-0.8078066,73.0
TZA,Tanzania,2019,1051.767,82.357,71.095,,23.0,34.7,,,2.856,1.438,,91.0,2.981,77.0,96.53,,,,,,,,,,,,,,,,,,-0.6717137,74.0
TZA,Tanzania,2020,1041.26,81.353,68.332,131.009,22.8,33.5,,,7.182,0.779,,91.0,2.993,77.2,96.65,,,,,,,,,,,,,,,,,,,
THA,Thailand,1990,2631.52,,67.222,,,31.1,,,15.928,0.134,,92.0,1.638,,96.89,,,,,,,,0.459,76.29,6.585,0.584,68.924,4.51,,,,,-0.383924,45.0
THA,Thailand,1991,2810.567,73.146,66.339,,,29.4,,,,0.129,,90.0,1.629,,97.06,,,,,,,,0.46,73.51,6.585,0.593,69.132,4.628,,,,,-0.5912393,46.0
THA,Thailand,1992,2989.854,74.047,65.506,,,27.9,,,,0.124,,85.0,1.589,,97.21,,,,,,,,0.459,70.73,6.585,0.603,69.353,4.746,,,,,-0.5495932,47.0
THA,Thailand,1993,3186.997,73.888,64.645,,,26.4,,,19.885,0.119,,89.0,1.544,,97.36,,,,,,,,0.459,67.94,6.585,0.612,69.568,4.864,,,,,-0.6711116,48.0
THA,Thailand,1994,3391.49,73.948,63.811,,,25.1,,,,0.108,,93.0,1.474,,97.49,,,,,,,,0.45,65.16,6.585,0.62,69.661,4.981,,,,,-0.693194,49.0
THA,Thailand,1995,3614.932,74.427,62.21,,,23.8,,,21.105,0.1,,96.0,1.427,,97.62,,,,,,,,0.444,66.05,6.585,0.628,69.757,5.099,,,,,-0.7522816,50.0
THA,Thailand,1996,3766.864,74.686,60.573,,,22.6,,,22.213,0.093,44.1,94.0,1.381,,97.74,95.59,,,,,,,0.435,66.94,6.585,0.634,69.94,5.212,,,,,-0.562214,51.0
THA,Thailand,1997,3614.608,74.763,59.221,,,21.5,,,24.778,0.088,36.5,95.0,1.334,,97.85,96.35,,,,,,,0.428,67.44,6.585,0.639,70.362,5.325,,,,,-0.668985,52.0
THA,Thailand,1998,3295.36,71.957,56.693,,,20.5,,,28.788,0.083,36.4,96.0,1.306,,97.95,96.36,,,,,,,0.422,65.79,6.585,0.642,70.703,5.438,,,,,-0.5041341,53.0
THA,Thailand,1999,3403.087,71.119,53.344,,,19.5,,,34.581,0.081,,97.0,1.254,,98.05,,,,,,,,0.427,64.18,6.565,0.65,70.979,5.551,,,,,-0.508704,54.0
THA,Thailand,2000,3514.717,71.727,53.36,,,18.5,,,35.304,0.078,,97.0,1.131,,98.15,,93.0,0.4283366799354553,Asia,0.507,0.177,0.677,0.424,64.89,6.794,0.657,71.205,5.664,,,,,-0.311393,55.0
THA,Thailand,2001,3599.025,71.641,54.177,,17.3,17.7,,,38.934,0.074,,96.0,1.016,82.7,98.23,,,,,,,,0.402,65.04,9.571,0.667,71.52,6.048,,,,,-0.4135715,56.0
THA,Thailand,2002,3783.754,71.937,52.787,,16.3,16.9,,,40.126,0.068,,96.0,0.962,83.7,98.31,,,,,,,,0.39,65.04,9.571,0.678,71.775,6.432,,,,,-0.3735247,57.0
THA,Thailand,2003,4018.155,71.89,51.391,,14.9,16.1,,,41.155,0.063,,98.0,0.932,85.1,98.39,,,,,,,,0.394,65.04,9.571,0.69,72.101,6.816,,,,,-0.2600237,58.0
THA,Thailand,2004,4232.772,71.915,52.22,,13.6,15.4,,,42.145,0.065,44.5,98.0,0.896,86.4,98.46,95.55,,,,,,,0.404,65.13,9.342,0.699,72.1,7.2,,,,,-0.1215335,59.0
THA,Thailand,2005,4372.257,72.052,51.619,,11.8,14.8,,,44.337,0.058,37.4,98.0,0.86,88.2,98.52,96.26,94.0,,,0.514,0.341,0.677,0.389,66.3,10.571,0.707,72.894,7.085,,,,,-0.3190983,60.0
THA,Thailand,2006,4551.525,71.598,48.823,,10.6,14.2,98.91,69.592,44.176,0.055,41.6,98.0,0.83,89.4,98.58,95.84,,,,,,,0.404,65.11,8.678,0.71,73.341,6.97,,,,,-0.3110889,61.0
THA,Thailand,2007,4760.667,72.013,49.443,,10.1,13.6,98.489,73.286,47.554,0.053,,98.0,0.8,89.9,98.64,,,,,,,,0.391,65.95,10.709,0.721,73.779,7.13,,,,,-0.2573574,62.0
THA,Thailand,2008,4805.764,72.017,48.935,,10.6,13.1,97.954,75.395,46.352,0.05,,99.0,0.768,89.4,98.69,,,,,,,,0.378,65.75,12.698,0.723,74.221,7.29,,,,,-0.2962368,63.0
THA,Thailand,2009,4737.457,71.75,48.777,,10.4,12.6,98.083,77.172,46.202,0.05,,99.0,0.739,89.6,98.74,,,,,,,,0.372,64.66,13.965,0.725,74.669,7.45,,,,,-0.4997845,64.0
THA,Thailand,2010,5059.357,71.211,46.676,195.412,10.2,12.2,,77.104,46.378,0.049,,99.0,0.671,89.8,98.78,,96.0,0.3940277099609375,Asia,0.414,0.083,0.684,0.368,63.67,13.965,0.742,75.012,7.61,,,25.187,9.352,-0.5595784,65.0
THA,Thailand,2011,5070.237,72.743,47.897,,9.4,11.7,,79.474,52.733,0.049,,99.0,0.622,90.6,98.83,,,,,,,,0.357,65.9,15.716,0.747,75.302,7.71,,,23.371,9.174,-0.4313181,66.0
THA,Thailand,2012,5403.878,72.403,47.444,,9.3,11.3,,76.529,50.74,0.048,,99.0,0.62,90.7,98.87,,,,,,,,0.354,65.28,15.716,0.75,75.59,7.81,16.84,16.584,25.042,8.895,-0.4520783,67.0
THA,Thailand,2013,5516.612,69.796,44.083,,8.7,11.0,,,49.688,0.044,,99.0,0.587,91.3,98.9,,94.0,0.3784710764884949,Asia,0.432,0.163,0.682,0.352,62.07,15.716,0.752,75.96,7.91,16.363,16.584,23.849,8.656,-0.409941,68.0
THA,Thailand,2014,5541.466,69.392,43.028,,8.2,10.6,,78.8,49.909,0.042,,99.0,0.53,91.8,98.94,,,,,,,,0.408,61.53,6.091,0.784,76.279,8.047,16.09,16.584,23.218,8.467,-0.4155141,69.0
THA,Thailand,2015,5688.853,68.856,42.143,202.432,7.8,10.3,,77.271,45.713,0.041,,99.0,0.461,92.2,98.97,,93.0,0.3598733246326446,Asia,0.152,0.238,0.701,0.403,61.1,6.091,0.788,76.563,8.183,15.966,17.397,22.201,8.301,-0.4669127,70.0
THA,Thailand,2016,5857.781,67.845,41.664,,7.9,10.0,,,49.323,0.04,,99.0,0.451,92.1,99.0,,91.9814,0.3669142425060272,Asia,0.155,0.226,0.701,0.394,60.18,6.091,0.792,76.769,8.32,16.174,17.397,22.945,8.18,-0.474776,71.0
THA,Thailand,2017,6076.743,66.965,40.921,,8.1,9.6,,,47.427,0.038,,99.0,0.423,91.9,99.04,,,,,,,,0.4,59.39,4.8,0.794,76.989,8.345,16.049,17.397,22.715,8.034,-0.5645243,72.0
THA,Thailand,2018,6314.199,67.28,41.721,,7.6,9.4,,,46.167,0.037,,97.0,0.303,92.4,99.06,,94.0,0.3641217350959778,Asia,0.168,0.254,0.712,0.385,59.65,5.285,0.796,77.19,8.37,15.965,17.397,22.66,7.84,-0.3568195,73.0
THA,Thailand,2019,6434.538,66.46,40.5,,6.8,9.1,,,44.988,0.036,,97.0,0.205,93.2,99.09,,91.26915,0.3485572338104248,Asia,0.206,0.261,0.72,0.31,59.01,14.133,0.8,77.197,8.7,15.331,16.845,21.445,7.702,-0.5108809,74.0
THA,Thailand,2020,6035.186,66.285,40.267,205.148,6.0,8.8,,,42.59,0.038,,97.0,0.167,94.0,99.12,,,,,,,,0.307,59.19,13.938,0.798,77.331,8.813,15.29,16.845,21.554,7.471,,
TLS,Timor-Leste,1990,633.182,,48.035,,,164.4,,,,7.775,,,2.058,,83.56,,,,,,,,,,,,,,,,,,,
TLS,Timor-Leste,1991,684.871,69.253,47.173,,,160.4,,,,7.588,,,2.331,,83.96000000000001,,,,,,,,,,,,,,,,,,,
TLS,Timor-Leste,1992,736.592,69.161,46.373,,,152.4,,,,7.288,,,2.668,,84.76,,,,,,,,,,,,,,,,,,,
TLS,Timor-Leste,1993,789.901,69.068,45.607,,,144.6,,,,6.993,,,2.73,,85.54,,,,,,,,,,,,,,,,,,,
TLS,Timor-Leste,1994,823.062,68.998,45.16,,,138.7,,,,6.743,,,2.768,,86.13,,,,,,,,,,,,,,,,,,,
TLS,Timor-Leste,1995,854.13,68.899,44.757,,,137.9,,,,6.658,,,2.762,,86.21,,,,,,,,,,,,,,,,,,,
TLS,Timor-Leste,1996,897.361,68.7,44.215,,,131.8,,,,6.389,,,2.742,,86.82,,,,,,,,,,,,,,,,,,,
TLS,Timor-Leste,1997,907.917,68.609,44.085,,,125.9,,,,6.224,,,2.753,,87.41,,,,,,,,,,,,,,,,,,,
TLS,Timor-Leste,1998,865.831,68.688,44.601,,,126.2,,,,6.131,,,2.726,,87.38,,,,,,,,,,,,,,,,,,,
TLS,Timor-Leste,1999,631.073,70.011,48.103,,,130.3,,,,8.993,,,-12.15,,86.97,,,,,,,,,,,,,,,,,,,
TLS,Timor-Leste,2000,1117.564,67.225,41.789,,,83.9,,,,4.096,,,-11.357,,91.61,,,,,,,,,,,,,,,,,,,
TLS,Timor-Leste,2001,1192.748,66.878,41.077,,54.9,79.9,,,,3.868,,,8.63,45.1,92.01,,,,,,,,,,,,,,,,,,,
TLS,Timor-Leste,2002,1028.132,67.31,42.675,,43.4,76.0,,,8.404,3.682,,54.0,7.916,56.6,92.4,,,,,,,,0.583,43.94,26.136,0.534,59.477,4.046,,,,,-0.2359723,57.0
TLS,Timor-Leste,2003,964.323,67.282,43.366,,35.6,72.2,,,,3.672,,55.0,4.201,64.4,92.78,,,,,,,,0.566,49.37,26.136,0.534,60.13,4.19,,,,,-0.1697217,58.0
TLS,Timor-Leste,2004,955.47,67.064,43.457,,32.4,68.7,,,,3.443,,57.0,1.321,67.6,93.13,,,,,,,,0.553,54.8,25.287,0.547,60.743,4.339,,,,,-0.2271401,59.0
TLS,Timor-Leste,2005,964.027,66.941,43.344,,30.0,65.3,,,,3.18,,55.0,2.049,70.0,93.47,,,,,,,,0.551,52.37,25.287,0.564,61.272,4.493,,,,,-0.1838477,60.0
TLS,Timor-Leste,2006,897.574,67.153,44.113,,27.6,62.2,,,,2.894,,63.0,2.939,72.4,93.78,,,,,,,,0.549,49.93,25.287,0.588,61.881,4.653,,,,,-0.2107833,61.0
TLS,Timor-Leste,2007,961.848,66.784,43.337,,25.3,59.3,,,,2.655,,70.0,2.856,74.7,94.07,,,,,,,,0.535,47.5,29.231,0.609,62.396,4.818,,,,,-0.08908022,62.0
TLS,Timor-Leste,2008,1042.868,66.312,42.438,,23.2,56.7,83.025,34.488,,2.413,,79.0,2.704,76.8,94.33,,,,,,,,0.533,40.6,29.231,0.634,62.858,4.989,,,,,0.001792408,63.0
TLS,Timor-Leste,2009,1120.097,65.889,41.65,,21.1,54.3,88.875,39.448,16.516,2.176,,72.0,2.52,78.9,94.57,,,,,,,,0.533,33.7,29.231,0.631,63.265,5.166,,,,,0.108734,64.0
TLS,Timor-Leste,2010,1195.381,65.419,40.938,132.947,19.0,52.1,89.508,40.506,17.703,1.951,,72.0,2.416,81.0,94.79,,,,,,,,0.531,26.8,29.231,0.645,63.66,5.35,30.857,47.624,15.451,29.495,-0.1985202,65.0
TLS,Timor-Leste,2011,1237.484,65.127,40.56,,17.6,50.0,92.342,43.675,,1.741,,67.0,2.326,82.4,95.0,,,,,,,,0.509,32.47,32.308,0.655,64.022,5.335,30.68,47.624,15.451,28.967,-0.1675896,66.0
TLS,Timor-Leste,2012,1269.416,64.928,40.282,,16.7,48.2,90.895,45.197,,1.556,,83.0,2.198,83.3,95.18,,,,,,,,0.48,38.13,38.462,0.65,64.384,5.32,30.436,47.624,15.451,28.234,-0.2226487,67.0
TLS,Timor-Leste,2013,1281.929,64.765,40.176,,15.4,46.6,90.976,45.287,,1.397,,82.0,2.076,84.6,95.34,,,,,,,,0.466,43.8,38.462,0.646,64.719,5.305,30.21,47.624,15.451,27.556,-0.4344864,68.0
TLS,Timor-Leste,2014,1312.965,64.556,39.918,,14.8,45.1,91.411,48.533,,1.253,,77.0,1.983,85.2,95.49,,,,,,,,0.455,44.71,38.462,0.637,65.027,5.29,30.272,47.624,16.076,27.116,-0.3215578,69.0
TLS,Timor-Leste,2015,1319.593,64.422,39.863,119.582,14.9,43.8,92.234,52.643,,1.111,,76.0,1.946,85.1,95.62,,,,,,,,0.449,45.63,38.462,0.628,65.326,5.275,30.069,47.624,16.076,26.507,-0.3979389,70.0
TLS,Timor-Leste,2016,1333.659,63.711,39.752,,15.4,42.6,92.107,57.179,,0.996,195.0,79.0,1.905,84.6,95.74,80.5,,,,,,,0.426,61.37,38.462,0.618,65.61,5.26,29.036,44.912,16.076,26.119,-0.2981732,71.0
TLS,Timor-Leste,2017,1267.087,64.205,40.304,,16.2,41.6,93.703,60.615,,0.892,,83.0,1.886,83.8,95.84,,,,,,,,0.432,54.68,32.308,0.621,65.898,5.441,28.838,44.912,16.076,25.527,-0.4329512,72.0
TLS,Timor-Leste,2018,1237.201,64.674,40.563,,16.3,40.7,92.31,62.736,,0.798,,83.0,1.919,83.7,95.93,,,,,,,,0.425,47.99,33.846,0.624,66.204,5.627,28.629,44.912,16.076,24.899,-0.2978818,73.0
TLS,Timor-Leste,2019,1507.247,64.416,38.459,,17.0,39.9,,,,0.73,,83.0,1.939,83.0,96.01,,,,,,,,0.409,41.3,38.462,0.642,66.496,5.82,28.493,44.912,16.076,24.492,-0.3660942,74.0
TLS,Timor-Leste,2020,1947.84,64.07,37.984,133.745,17.5,38.9,,,,0.768,,83.0,1.912,82.5,96.11,,,,,,,,0.403,34.6,38.462,0.65,66.919,6.02,28.269,44.912,16.076,23.819,,
TGO,Togo,1990,703.624,,30.124,,,85.2,64.386,,2.166,3.663,,77.0,2.927,,91.48,,,,,,,,,,,,,,,,,,-0.2160834,45.0
TGO,Togo,1991,678.87,56.724,29.845,,,84.3,66.913,15.77,2.394,3.7,,73.0,2.879,,91.57,,,,,,,,,,,,,,,,,,-0.3176536,46.0
TGO,Togo,1992,633.669,56.574,29.559,,,83.5,,,2.633,3.714,,69.0,2.828,,91.65,,,,,,,,,,,,,,,,,,-0.05308613,47.0
TGO,Togo,1993,541.357,56.336,29.268,,,82.5,,,2.216,3.96,,66.0,-0.62,,91.75,,,,,,,,,,,,,,,,,,-0.4952178,48.0
TGO,Togo,1994,620.183,56.451,28.943,,,81.4,63.244,,2.39,3.503,,62.0,0.367,,91.86,,,,,,,,,,,,,,,,,,-0.5231924,49.0
TGO,Togo,1995,640.35,56.512,28.636,,,80.1,72.191,,2.71,3.318,,58.0,4.353,,91.99,,,,,,,,,,,,,,,,,,-0.8214251,50.0
TGO,Togo,1996,671.504,56.672,28.317,,,78.5,79.916,,2.695,3.087,,50.0,3.717,,92.15,,,,,,,,,,,,,,,,,,-0.7017566,51.0
TGO,Togo,1997,744.127,56.585,27.938,,,76.7,77.782,,,2.91,,42.0,3.164,,92.33,,,,,,,,,,,,,,,,,,-0.8092276,52.0
TGO,Togo,1998,706.69,56.403,27.536,,,74.9,,,3.073,2.734,,42.0,2.835,,92.51,,,,,,,,,,,,,,,,,,-0.6172332,53.0
TGO,Togo,1999,704.044,56.26,27.173,,,72.8,85.146,20.276,,2.523,,57.0,2.827,,92.72,,,,,,,,,,,,,,,,,,-0.4307094,54.0
TGO,Togo,2000,679.533,56.036,26.88,,,70.8,85.651,23.466,,2.349,,64.0,2.757,,92.92,,53.0,,,0.304,-1.057,0.807,,,,,,,,,,,-0.843548,55.0
TGO,Togo,2001,667.298,56.018,26.659,,28.8,68.7,88.056,,,2.255,,50.0,2.637,71.2,93.13,,,,,,,,,,,,,,,,,,-0.8258504,56.0
TGO,Togo,2002,675.441,55.993,26.488,,28.8,66.7,88.329,,,2.1,,59.0,2.542,71.2,93.33,,,,,,,,,,,,,,,,,,-0.9372475,57.0
TGO,Togo,2003,702.799,56.033,26.325,,27.7,64.7,88.489,,,2.009,,72.0,2.533,72.3,93.53,,,,,,,,,,,,,,,,,,-0.8554138,58.0
TGO,Togo,2004,678.288,55.974,26.154,,26.2,62.8,89.116,,,1.987,,71.0,2.567,73.8,93.72,,,,,,,,,,,,,,,,,,-0.7593601,59.0
TGO,Togo,2005,630.249,55.85,26.012,,24.8,61.0,89.398,,,2.018,,82.0,2.567,75.2,93.9,,,,,,,,0.634,81.07,7.407,0.46,55.916,3.278,,,,,-0.6984679,60.0
TGO,Togo,2006,629.08,55.763,25.837,,23.6,59.3,90.39,,4.951,2.11,,84.0,2.801,76.4,94.07,,57.0,0.4221227467060089,Africa,0.339,-1.494,0.785,0.629,81.07,8.642,0.465,56.142,3.294,,,,,-0.7923707,61.0
TGO,Togo,2007,603.838,55.966,25.689,,22.2,57.7,88.359,,5.563,2.106,,82.0,2.913,77.8,94.23,,,,,,,,0.616,80.14,11.111,0.458,56.382,3.309,,,,,-0.7902294,62.0
TGO,Togo,2008,610.405,56.262,25.604,,20.7,56.1,88.98,,,2.146,,81.0,2.875,79.3,94.39,,,,,,,,0.616,79.21,11.111,0.465,56.651,3.325,,,,,-0.6160681,63.0
TGO,Togo,2009,625.712,56.507,25.572,,19.9,54.6,,,,2.221,,78.0,2.834,80.1,94.54,,57.0,,,0.441,-1.357,0.766,0.614,78.27,11.111,0.473,56.927,3.34,,,,,-0.5280898,64.0
TGO,Togo,2010,644.563,56.789,25.616,123.557,19.6,53.0,,,8.907,2.339,,83.0,2.721,80.4,94.7,,,,,,,,0.626,77.34,11.111,0.483,57.227,3.49,38.899,38.874,43.351,34.472,-0.4553997,65.0
TGO,Togo,2011,663.963,57.031,25.661,,20.1,51.4,,,9.67,2.318,,85.0,2.695,79.9,94.86,,60.0,0.4601500630378723,Africa,0.417,-1.372,0.754,0.634,76.4,11.111,0.495,57.612,3.64,40.526,38.874,48.935,33.767,-0.4571301,66.0
TGO,Togo,2012,687.495,57.006,25.671,,19.9,49.8,,,10.708,2.288,,84.0,2.629,80.1,95.02,,,,,,,,0.63,72.61,11.111,0.5,57.94,3.843,40.3,38.874,48.935,33.09,0.01161797,67.0
TGO,Togo,2013,709.092,56.967,25.638,,19.6,48.3,,,10.84,2.22,,84.0,2.568,80.4,95.17,,,,,,,,0.607,68.82,15.385,0.507,58.345,4.046,40.13,38.879,48.935,32.576,-0.06751014,68.0
TGO,Togo,2014,730.291,56.917,25.563,,20.0,46.8,90.318,,10.538,2.154,,84.0,2.534,80.0,95.32,,,,,,,,0.594,65.03,17.582,0.514,58.766,4.249,39.897,38.879,48.935,31.877,-0.174569,69.0
TGO,Togo,2015,751.052,56.857,25.461,133.139,20.1,45.4,91.974,,10.815,2.053,,82.0,2.521,79.9,95.46,,64.0,0.4302890598773956,Africa,0.473,-1.226,0.739,0.582,61.24,17.582,0.523,59.22,4.452,39.117,38.879,47.117,31.355,-0.1576771,70.0
TGO,Togo,2016,763.276,56.384,25.338,,20.6,44.0,89.864,,12.091,1.997,,82.0,2.514,79.4,95.6,,,,,,,,0.586,58.58,17.582,0.528,59.669,4.655,38.885,38.879,47.117,30.658,0.04327087,71.0
TGO,Togo,2017,774.275,55.9,25.19,,20.4,42.7,90.916,41.013,12.307,1.901,,84.0,2.499,79.6,95.73,,,,,,,,0.589,55.92,17.582,0.534,60.135,4.859,38.329,37.728,47.117,30.143,0.03100754,72.0
TGO,Togo,2018,791.592,56.35,25.017,,19.7,41.4,90.731,,12.903,1.841,,82.0,2.472,80.3,95.86,,,,,,,,0.587,63.63,17.582,0.542,60.601,5.092,38.097,37.728,47.117,29.447,0.004152515,73.0
TGO,Togo,2019,810.512,56.806,24.827,,18.2,40.2,,,13.155,1.735,,86.0,2.444,81.8,95.98,,67.0,,,0.399,-0.973,0.73,0.585,71.35,16.484,0.549,61.055,5.336,36.856,37.728,44.076,28.764,0.001206867,74.0
TGO,Togo,2020,808.301,56.154,24.591,129.946,15.9,39.1,,,14.903,1.637,,85.0,2.412,84.1,96.09,,,,,,,,0.573,70.59,18.681,0.554,61.123,5.593,36.67,37.728,44.076,28.207,,
TON,Tonga,1990,2987.637,,43.595,,,18.0,92.291,81.852,,0.62,,94.0,0.298,,98.2,,,,,,,,0.8,36.05,0.0,0.641,67.539,9.12,,,,,,
TON,Tonga,1991,3173.086,55.945,42.722,,,17.4,,,,0.604,,88.0,0.195,,98.26,,,,,,,,0.794,38.38,0.0,0.649,67.749,9.305,,,,,,
TON,Tonga,1992,3177.042,57.01,41.837,,,16.8,,,,0.577,,99.0,0.127,,98.32,,,,,,,,0.789,40.71,0.0,0.654,67.927,9.489,,,,,,
TON,Tonga,1993,3293.135,58.114,40.948,,,16.3,92.627,,,0.566,,96.0,0.081,,98.37,,,,,,,,0.783,43.03,0.0,0.66,68.157,9.674,,,,,,
TON,Tonga,1994,3454.055,58.913,40.057,,,15.8,,,,0.539,,89.0,0.063,,98.42,,,,,,,,0.776,45.36,0.0,0.67,68.371,9.859,,,,,,
TON,Tonga,1995,3667.019,58.503,39.54,,,15.4,,,,0.5,,95.0,0.059,,98.46,,,,,,,,0.774,44.12,0.0,0.675,68.592,10.043,,,,,,
TON,Tonga,1996,3668.596,57.955,39.032,,,15.1,,,,0.469,,99.0,0.05,,98.49,,99.0,,,,,,0.769,42.88,0.0,0.678,68.803,10.03,,,,,,
TON,Tonga,1997,3632.112,57.422,38.53,,,14.8,,,,0.449,,96.0,0.397,,98.52,,,,,,,,0.768,41.64,0.0,0.68,69.012,10.034,,,,,,
TON,Tonga,1998,3689.217,56.97,38.025,,,14.5,93.675,70.364,,0.417,,97.0,0.707,,98.55,,,,,,,,0.769,40.4,0.0,0.685,69.224,10.038,,,,,,
TON,Tonga,1999,3749.823,56.584,37.518,,,14.1,90.477,74.539,3.425,0.396,,94.0,0.647,,98.59,,,,,,,,0.771,39.16,0.0,0.688,69.431,10.042,,,,,0.4393196,54.0
TON,Tonga,2000,3866.686,56.232,37.008,,,13.8,,,5.374,0.392,,95.0,0.616,,98.62,,,,,,,,0.767,37.92,0.0,0.688,69.635,10.046,,,,,0.4308574,55.0
TON,Tonga,2001,3901.181,55.816,36.501,,,13.4,98.656,76.433,4.627,0.386,,94.0,0.593,,98.66,,,,,,,,0.765,36.68,0.0,0.693,69.8,10.05,,,,,0.2712596,56.0
TON,Tonga,2002,4050.989,55.465,36.006,,,13.1,,,6.129,0.387,,90.0,0.566,,98.69,,,,,,,,0.762,35.44,0.0,0.7,70.03,10.054,,,,,0.2147279,57.0
TON,Tonga,2003,4030.197,55.019,35.52,,,12.7,,,6.824,0.382,,98.0,0.566,,98.73,,,,,,,,0.76,34.2,0.0,0.703,70.228,10.058,,,,,0.2768863,58.0
TON,Tonga,2004,3928.06,55.602,35.037,,,12.4,95.444,,,0.371,,99.0,0.579,,98.76,,,,,,,,0.763,34.76,0.0,0.705,70.433,10.062,,,,,0.3017303,59.0
TON,Tonga,2005,3880.07,56.159,34.555,,,12.0,98.811,,,0.372,,99.0,0.569,,98.8,,,,,,,,0.47,35.31,3.448,0.706,70.56,10.066,,,,,0.04690222,60.0
TON,Tonga,2006,3775.248,56.74,34.078,,,11.7,98.696,,,0.354,,99.0,0.549,,98.83,,99.0,,,,,,0.475,35.87,3.333,0.708,70.71,10.07,,,,,0.3005088,61.0
TON,Tonga,2007,3665.895,56.451,33.594,,,11.4,,,,0.345,,99.0,0.444,,98.86,,,,,,,,0.475,36.43,3.333,0.71,70.887,10.24,,,,,0.231754,62.0
TON,Tonga,2008,3833.602,56.237,33.097,,,11.1,,,,0.337,,99.0,0.275,,98.89,,,,,,,,0.48,36.98,3.125,0.717,71.041,10.41,,,,,0.2398683,63.0
TON,Tonga,2009,3630.761,55.969,32.601,,,10.8,,,,0.343,,99.0,0.171,,98.92,,,,,,,,0.485,37.54,3.125,0.718,70.949,10.58,,,,,0.2493549,64.0
TON,Tonga,2010,3653.978,55.652,32.117,,,10.6,,,,0.316,,99.0,0.184,,98.94,,,,,,,,0.767,38.09,0.0,0.724,71.319,10.75,,,24.061,9.328,0.2375692,65.0
TON,Tonga,2011,3892.768,55.278,31.644,,,10.4,,,,0.305,,99.0,0.158,,98.96,,99.0,,,,,,0.473,38.65,3.571,0.731,71.437,10.92,,,24.061,9.215,0.2529323,66.0
TON,Tonga,2012,3932.594,54.979,31.181,,,10.2,95.841,86.017,,0.296,,95.0,-0.102,,98.98,,,,,,,,0.476,39.21,3.571,0.735,71.546,10.911,,,24.061,9.112,0.2861068,67.0
TON,Tonga,2013,3962.17,54.666,30.716,,,10.0,95.696,80.766,,0.282,,99.0,-0.356,,99.0,,,,,,,,0.481,39.76,3.571,0.737,71.65,10.903,,,24.061,9.018,0.2489738,68.0
TON,Tonga,2014,4058.816,54.304,30.256,,,9.8,,80.765,,0.274,,98.0,-0.439,,99.02,,,,,,,,0.774,40.32,0.0,0.74,71.721,10.894,,,24.061,8.978,0.1978065,69.0
TON,Tonga,2015,4123.903,53.927,29.8,,,9.6,85.941,82.075,,0.264,,96.0,-0.483,,99.04,,,,,,,,0.77,40.88,0.0,0.743,71.851,10.886,,,20.736,8.844,0.1206391,70.0
TON,Tonga,2016,4419.815,53.567,29.339,,,9.4,,,,0.254,,96.0,-0.54,,99.06,,97.0,,,,,,0.769,41.43,0.0,0.749,71.951,10.877,,,20.736,8.753,0.1483441,71.0
TON,Tonga,2017,4568.625,53.188,28.843,,,9.2,,,,0.242,,99.0,-0.159,,99.08,,,,,,,,0.426,42.13,7.692,0.755,72.066,10.869,,,20.736,8.655,0.0674503,72.0
TON,Tonga,2018,4583.559,52.781,28.328,,,9.0,,,,0.227,,99.0,0.2,,99.1,,,,,,,,0.425,42.83,7.407,0.759,72.169,10.86,,,20.736,8.551,0.1980199,73.0
TON,Tonga,2019,4566.075,52.31,27.817,,,8.9,,,,0.219,,99.0,0.097,,99.11,,91.05162,,,,,,0.45,45.4,7.407,0.763,72.292,10.851,11.16,4.309,20.736,8.436,0.1345926,74.0
TON,Tonga,2020,4647.008,50.968,27.044,169.432,,8.7,,,21.278,0.218,,99.0,0.033,,99.13,,,,,,,,0.446,47.97,7.407,0.765,72.379,10.88,11.122,4.309,20.736,8.321,,
TTO,Trinidad and Tobago,1990,6058.215,,49.199,,,29.6,90.031,,,0.213,,82.0,0.851,,97.04,,97.0,,,0.73,,0.145,0.477,37.87,19.403,0.661,67.591,7.25,,,,,-0.4850056,45.0
TTO,Trinidad and Tobago,1991,6197.462,48.247,48.998,,,29.1,89.615,,6.574,0.196,,82.0,0.792,,97.09,,,,,,,,0.442,45.05,19.403,0.665,67.782,7.419,,,,,-0.7043764,46.0
TTO,Trinidad and Tobago,1992,6771.984,47.84,48.828,,,28.8,89.197,,6.723,0.192,,87.0,0.75,,97.12,,,,,,,,0.456,44.2,19.403,0.665,67.78,7.589,,,,,-0.5270581,47.0
TTO,Trinidad and Tobago,1993,6680.485,47.803,48.769,,,28.4,88.32,66.862,7.217,0.182,,81.0,0.689,,97.16,,,,,,,,0.448,43.46,19.403,0.667,67.825,7.758,,,,,-0.4842895,48.0
TTO,Trinidad and Tobago,1994,6876.499,49.506,50.006,,,28.1,,,,0.173,,85.0,0.613,,97.19,,,,,,,,0.435,44.3,19.403,0.672,67.837,7.928,,,,,-0.3160914,49.0
TTO,Trinidad and Tobago,1995,7100.854,51.061,51.239,,,27.8,,,,0.162,,89.0,0.529,,97.22,,,,,,,,0.428,44.95,19.403,0.677,67.995,8.097,,,,,-0.2710704,50.0
TTO,Trinidad and Tobago,1996,7573.786,52.396,51.946,,,27.4,88.667,,,0.153,38.9,89.0,0.444,,97.26,96.11,,,,,,,0.416,46.8,19.403,0.684,68.039,8.267,,,,,-0.182119,51.0
TTO,Trinidad and Tobago,1997,8112.943,53.392,51.564,,,27.1,88.485,,,0.142,70.4,90.0,0.377,,97.29,92.96,,,,,,,0.412,45.9,19.403,0.692,68.143,8.436,,,,,-0.2460408,52.0
TTO,Trinidad and Tobago,1998,8742.699,54.106,51.181,,,26.8,,,,0.132,44.7,91.0,0.336,,97.32,95.53,,,,,,,0.4,46.96,19.403,0.7,68.331,8.606,,,,,-0.2395101,53.0
TTO,Trinidad and Tobago,1999,9412.081,54.848,51.154,,,26.5,93.708,,5.81,0.127,,90.0,0.342,,97.35,,,,,,,,0.406,46.61,19.403,0.708,68.509,8.775,,,,,-0.3272819,54.0
TTO,Trinidad and Tobago,2000,10023.021,55.443,51.535,,,26.1,93.862,,5.758,0.121,,90.0,0.385,,97.39,,,,,,,,0.395,47.02,19.403,0.714,68.629,8.944,,,,,-0.2550768,55.0
TTO,Trinidad and Tobago,2001,10395.204,56.203,50.598,,10.3,25.8,93.062,,6.254,0.114,,91.0,0.438,89.7,97.42,,,,,,,,0.382,46.8,20.896,0.721,68.874,9.114,,,,,-0.255512,56.0
TTO,Trinidad and Tobago,2002,11165.96,56.497,49.648,,10.9,25.4,89.878,,8.587,0.107,,96.0,0.485,89.1,97.46,,,,,,,,0.357,47.46,25.373,0.73,69.232,9.283,,,,,-0.4244232,57.0
TTO,Trinidad and Tobago,2003,12714.5,57.46,51.032,,11.6,25.0,90.985,,8.704,0.102,,91.0,0.502,88.4,97.5,,,,,,,,0.362,48.9,25.373,0.74,69.454,9.453,,,,,-0.5668904,58.0
TTO,Trinidad and Tobago,2004,13657.253,59.885,52.41,,11.7,24.7,91.668,72.647,11.831,0.095,52.2,94.0,0.497,88.3,97.53,94.78,,,,,,,0.349,50.8,25.373,0.75,69.879,9.622,,,,,-0.5485175,59.0
TTO,Trinidad and Tobago,2005,15075.418,61.18,53.78,,11.1,24.3,88.687,,,0.091,34.754,95.0,-3.856,88.9,97.57,96.5246,,,,,,,0.343,52.4,25.373,0.756,70.185,9.792,,,,,-0.533257,60.0
TTO,Trinidad and Tobago,2006,17021.224,62.37,54.277,,10.5,23.9,,,,0.088,66.335,92.0,0.266,89.5,97.61,93.3665,,,,,,,0.345,53.14,25.373,0.766,70.437,9.961,,,,,-0.4896819,61.0
TTO,Trinidad and Tobago,2007,17758.7,62.343,53.497,,9.9,23.5,93.506,,,0.086,31.765,88.0,0.403,90.1,97.65,96.8235,,,,,,,0.33,51.73,33.333,0.774,70.797,10.131,,,,,-0.5248999,62.0
TTO,Trinidad and Tobago,2008,18285.274,62.785,52.006,,9.3,23.0,94.421,,,0.084,55.31,90.0,0.413,90.7,97.7,94.469,,,,,,,0.329,52.55,33.333,0.782,71.117,10.3,,,,,-0.5378304,63.0
TTO,Trinidad and Tobago,2009,17461.964,61.516,50.359,,8.8,22.6,95.288,,,0.083,44.571,90.0,0.116,91.2,97.74,95.5429,,,,,,,0.318,51.1,33.333,0.782,71.404,10.3,,,,,-0.4936562,64.0
TTO,Trinidad and Tobago,2010,17938.095,61.241,46.41,183.451,8.0,22.3,95.283,,,0.083,67.364,90.0,0.579,92.0,97.77,93.2636,,,,,,,0.332,49.66,27.397,0.789,71.809,10.47,,,,13.612,-0.6499302,65.0
TTO,Trinidad and Tobago,2011,17746.509,60.633,44.853,,7.4,21.9,,,,0.08,32.322,90.0,0.779,92.6,97.81,96.7678,,,,,,,0.328,48.37,27.397,0.792,72.232,10.64,,9.714,,13.256,-0.6592841,66.0
TTO,Trinidad and Tobago,2012,18835.667,61.257,45.207,,6.8,21.5,,,,0.077,37.104,92.0,0.539,93.2,97.85,96.2896,,,,,,,0.321,50.79,26.027,0.796,72.513,10.654,,9.714,,12.921,-0.5646618,67.0
TTO,Trinidad and Tobago,2013,19392.197,61.961,45.118,,6.7,21.2,,,,0.075,42.299,92.0,0.401,93.3,97.88,95.7701,,,,,,,0.313,50.42,26.027,0.802,72.785,10.668,,9.714,,12.603,-0.4338124,68.0
TTO,Trinidad and Tobago,2014,20032.54,62.319,44.265,,6.7,20.8,,,,0.074,26.214,92.0,0.356,93.3,97.92,97.3786,,,,,,,0.31,51.22,24.658,0.805,72.898,10.682,,9.714,,12.334,-0.4701118,69.0
TTO,Trinidad and Tobago,2015,19887.233,61.515,43.591,192.435,7.0,20.4,,,,0.074,49.285,96.0,0.321,93.0,97.96,95.0715,,,,,,,0.288,49.37,31.507,0.808,72.882,10.696,,9.714,,11.961,-0.6790282,70.0
TTO,Trinidad and Tobago,2016,18331.034,60.052,41.401,,7.0,20.1,,,,0.074,33.072,97.0,0.313,93.0,97.99,96.6928,,,,,,,0.281,49.6,31.507,0.806,72.935,10.709,,9.714,,11.722,-0.5861827,71.0
TTO,Trinidad and Tobago,2017,17402.616,59.477,40.406,,7.1,19.7,,,,0.074,30.51,89.0,0.202,92.9,98.03,96.949,,,,,,,0.28,49.04,30.137,0.806,72.984,10.723,,9.714,,11.489,-0.6566753,72.0
TTO,Trinidad and Tobago,2018,17205.615,59.009,39.48,,7.2,19.3,,,,0.074,12.338,99.0,0.189,92.8,98.07,98.7662,,,,,,,0.277,48.47,30.137,0.803,72.658,10.737,,9.714,,11.641,-0.6135155,73.0
TTO,Trinidad and Tobago,2019,17225.362,58.547,38.538,,8.6,19.0,,,,0.076,25.7,93.0,0.352,91.4,98.1,97.43,,,,,,,0.267,47.9,32.877,0.805,72.836,10.751,,9.714,,11.352,-0.4985869,74.0
TTO,Trinidad and Tobago,2020,15679.961,56.171,34.639,,10.2,18.6,,,,0.048,26.7,96.0,0.201,89.8,98.14,97.33,,,,,,,0.267,46.62,32.432,0.8,72.645,10.765,,5.872,,11.102,,
TUN,Tunisia,1990,2114.47,,42.923,,,37.3,93.786,,7.637,0.295,,93.0,2.098,,96.27,,,,,,,,,,,,,,,,,,-0.7398952,45.0
TUN,Tunisia,1991,2151.209,41.3,42.716,,,36.1,94.782,,8.363,0.278,,93.0,2.108,,96.39,,,,,,,,,,,,,,,,,,-0.755308,46.0
TUN,Tunisia,1992,2270.864,41.437,42.265,,,35.0,95.161,,9.212,0.262,,95.0,2.103,,96.5,,,,,,,,,,,,,,,,,,-0.6972814,47.0
TUN,Tunisia,1993,2274.642,41.27,42.166,,,33.8,95.99,,10.399,0.247,68.9,94.0,2.0,,96.62,93.11,,,,,,,,,,,,,,,,,-0.8764758,48.0
TUN,Tunisia,1994,2305.161,41.243,42.0,,,32.5,95.998,,11.025,0.222,,93.0,1.796,,96.75,,,,,,,,0.501,22.88,6.748,0.598,70.363,4.03,,,,,-0.7369739,49.0
TUN,Tunisia,1995,2322.592,41.079,40.963,,,31.1,96.228,,11.479,0.195,,94.0,1.571,,96.89,,,,,,,,0.484,23.14,6.748,0.606,70.785,4.171,,,,,-0.654669,50.0
TUN,Tunisia,1996,2452.909,41.243,39.93,,,29.7,95.264,,12.335,0.168,,95.0,1.443,,97.03,,,,,,,,0.473,23.41,6.748,0.616,71.247,4.327,,,,,-0.7406281,51.0
TUN,Tunisia,1997,2551.551,41.337,38.899,,,28.2,94.138,,13.087,0.147,,96.0,1.355,,97.18,,,,,,,,0.455,23.67,6.748,0.623,71.67,4.482,,,,,-0.7913347,52.0
TUN,Tunisia,1998,2639.875,41.233,37.985,,,26.7,,,14.466,0.129,,96.0,1.27,,97.33,,,,,,,,0.436,22.64,7.362,0.636,72.067,4.638,,,,,-0.9052483,53.0
TUN,Tunisia,1999,2766.57,41.019,37.084,,,25.3,93.529,,16.055,0.116,,99.0,1.191,,97.47,,,,,,,,0.387,21.61,11.538,0.646,72.344,4.793,,,,,-0.8232851,54.0
TUN,Tunisia,2000,2864.547,40.803,36.2,,,23.9,95.235,,18.247,0.109,,97.0,1.122,,97.61,,,,,,,,0.381,20.59,11.538,0.654,72.604,4.949,,,,,-1.054753,55.0
TUN,Tunisia,2001,2941.739,40.714,35.336,,4.0,22.7,97.085,,20.596,0.103,,98.0,1.067,96.0,97.73,,,,,,,,0.372,19.56,11.538,0.661,72.822,5.12,,,,,-1.222452,56.0
TUN,Tunisia,2002,2950.204,40.298,34.489,,4.1,21.5,98.333,,22.057,0.098,,96.0,1.027,95.9,97.85,,,,,,,,0.361,18.53,11.538,0.667,73.07,5.292,,,,,-1.190689,57.0
TUN,Tunisia,2003,3058.229,39.975,33.658,,4.2,20.5,97.863,,25.974,0.096,,95.0,0.999,95.8,97.95,,,,,,,,0.353,17.5,11.538,0.673,73.304,5.464,,,,,-1.297233,58.0
TUN,Tunisia,2004,3218.723,39.793,32.83,,4.1,19.6,97.636,,28.322,0.093,,97.0,0.934,95.9,98.04,,74.0,,,0.189,0.418,0.873,0.305,20.56,22.751,0.683,73.519,5.635,,,,,-1.135502,59.0
TUN,Tunisia,2005,3301.938,40.15,31.997,,4.0,18.9,98.741,,30.426,0.09,,98.0,0.875,96.0,98.11,,,,,,,,0.315,23.62,19.269,0.69,73.712,5.807,,,,,-0.8257827,60.0
TUN,Tunisia,2006,3444.551,40.671,30.619,,4.0,18.2,97.299,,31.588,0.088,,99.0,0.883,96.0,98.18,,,,,,,,0.307,24.39,19.269,0.697,73.888,5.975,,,,,-1.078484,61.0
TUN,Tunisia,2007,3642.12,40.868,31.035,,3.8,17.7,96.128,,32.142,0.086,,98.0,0.917,96.2,98.23,,77.0,,,0.191,0.478,0.873,0.301,24.49,20.0,0.703,74.039,6.142,,,,,-0.6520127,62.0
TUN,Tunisia,2008,3760.118,41.002,30.825,,3.6,17.2,96.323,,33.583,0.085,44.8,99.0,0.962,96.4,98.28,95.52,78.0,,,0.191,0.306,0.871,0.293,24.73,19.934,0.709,74.192,6.31,,,,,-0.9720488,63.0
TUN,Tunisia,2009,3835.25,40.892,29.498,,3.4,16.9,97.533,,35.308,0.085,,99.0,1.02,96.6,98.31,,,,,,,,0.278,24.8,23.313,0.713,74.32,6.48,,,,,-1.12793,64.0
TUN,Tunisia,2010,3906.906,41.237,31.088,145.137,3.4,16.7,98.155,,36.043,0.087,,98.0,1.077,96.6,98.33,,79.0,0.3846648633480072,Africa,0.194,0.158,0.861,0.275,24.85,23.313,0.717,74.438,6.65,,,28.133,11.051,-1.012744,65.0
TUN,Tunisia,2011,3784.741,38.899,31.762,,3.4,16.5,98.825,,35.943,0.092,,98.0,1.109,96.6,98.35,,80.0,,,0.327,-0.001,0.334,0.279,24.88,26.728,0.718,74.471,6.82,23.758,34.577,25.731,10.968,-0.5324434,66.0
TUN,Tunisia,2012,3900.046,39.744,35.031,,3.2,16.3,97.477,,36.069,0.096,,97.0,1.129,96.8,98.37,,80.0,,,0.767,-0.052,0.327,0.278,25.77,26.728,0.72,74.599,6.74,23.695,34.577,25.731,10.779,-0.7080382,67.0
TUN,Tunisia,2013,3947.588,40.163,33.043,,3.1,16.2,97.804,,34.213,0.096,,98.0,1.189,96.9,98.38,,,,,,,,0.28,25.58,26.728,0.722,74.674,6.855,23.651,34.577,25.731,10.645,-0.7932188,68.0
TUN,Tunisia,2014,4021.6,40.824,30.967,,2.9,16.1,,,33.725,0.094,,98.0,1.186,97.1,98.39,,79.0,,,0.746,-0.066,0.341,0.28,21.14,31.336,0.725,74.784,6.97,23.594,34.577,25.731,10.475,-0.6664427,69.0
TUN,Tunisia,2015,4014.948,40.296,28.96,147.608,2.8,16.0,,,33.374,0.09,,98.0,1.129,97.2,98.4,,,,,,,,0.265,26.04,31.336,0.728,74.875,7.085,23.529,34.577,25.731,10.28,-0.6569055,70.0
TUN,Tunisia,2016,4015.289,40.296,31.116,,2.8,15.8,,,31.213,0.086,,98.0,1.103,97.2,98.42,,,,,,,,0.252,26.6,31.336,0.733,75.007,7.2,22.497,34.577,22.917,9.996,-0.7127185,71.0
TUN,Tunisia,2017,4062.806,40.208,30.475,,2.6,15.5,,,30.928,0.081,,98.0,1.051,97.4,98.45,,,,,,,,0.245,26.49,31.336,0.737,75.177,7.411,22.385,34.577,22.917,9.661,-0.7245979,72.0
TUN,Tunisia,2018,4127.97,41.095,33.429,,2.5,15.1,,,30.959,0.077,,97.0,0.982,97.5,98.49,,79.47511,,,0.726,-0.006,0.377,0.236,27.31,31.336,0.742,75.37,7.623,20.969,30.703,22.917,9.288,-0.577622,73.0
TUN,Tunisia,2019,4153.28,41.158,36.577,,2.5,14.4,,,31.441,0.075,,98.0,0.927,97.5,98.56,,81.0,,,0.721,-0.035,0.377,0.253,28.13,22.581,0.74,75.599,7.29,20.798,30.703,22.917,8.775,-0.7415885,74.0
TUN,Tunisia,2020,3749.268,37.474,29.781,155.942,2.8,13.5,,,32.518,0.076,,97.0,0.83,97.2,98.65,,,,,,,,0.227,27.85,24.885,0.733,75.004,7.392,20.649,30.703,22.917,8.326,,
TUR,Turkey,1990,5188.182,,54.706,,,60.8,96.021,44.261,12.02,0.139,,84.0,1.872,,93.92,,,,,,,,,,,,,,,,,,0.7845196,45.0
TUR,Turkey,1991,5134.418,52.318,55.367,,,57.3,95.315,46.121,12.907,0.13,,72.0,1.759,,94.27,,,,,,,,,,,,,,,,,,0.7084457,46.0
TUR,Turkey,1992,5301.809,51.226,52.997,,,53.8,95.502,47.588,13.753,0.124,,77.0,1.705,,94.62,,,,,,,,,,,,,,,,,,0.7308114,47.0
TUR,Turkey,1993,5609.851,47.479,48.102,,,50.5,93.07,50.811,15.49,0.12,,76.0,1.725,,94.95,,,,,,,,,,,,,,,,,,0.8011484,48.0
TUR,Turkey,1994,5255.803,49.962,51.162,,,47.3,92.249,,18.95,0.116,,87.0,1.739,,95.27,,,,,,,,,,,,,,,,,,0.8886062,49.0
TUR,Turkey,1995,5577.825,49.988,48.618,,,44.2,91.645,,19.25,0.111,,67.0,1.637,,95.58,,,,,,,,,,,,,,,,,,0.8019178,50.0
TUR,Turkey,1996,5887.673,50.172,48.551,,,41.2,,,,0.106,,72.0,1.507,,95.88,,,,,,,,,,,,,,,,,,0.7738865,51.0
TUR,Turkey,1997,6230.186,48.958,47.038,,,38.4,92.044,54.594,22.8,0.101,,79.0,1.445,,96.16,,,,,,,,,,,,,,,,,,0.6369344,52.0
TUR,Turkey,1998,6261.289,49.159,46.014,,,35.8,,,22.001,0.097,,81.0,1.393,,96.42,,,,,,,,,,,,,,,,,,0.6281999,53.0
TUR,Turkey,1999,5989.557,48.649,46.644,,,33.2,94.979,57.91,22.477,0.094,,79.0,1.337,,96.68,,,,,,,,,,,,,,,,,,0.6587679,54.0
TUR,Turkey,2000,6326.257,46.704,42.528,,,30.8,95.855,64.46,,0.083,,85.0,1.283,,96.92,,,,,,,,,,,,,,,,,,0.6747326,55.0
TUR,Turkey,2001,5906.923,45.646,42.111,,12.9,28.6,96.394,72.651,25.038,0.077,,88.0,1.244,87.1,97.14,,,,,,,,,,,,,,,,,,0.6680919,56.0
TUR,Turkey,2002,6211.705,44.442,40.857,,13.9,26.5,96.718,72.075,25.933,0.07,,78.0,1.206,86.1,97.35,,,,,,,,,,,,,,,,,,0.7607616,57.0
TUR,Turkey,2003,6496.073,43.236,38.395,,13.7,24.6,97.151,72.138,29.721,0.065,,68.0,1.161,86.3,97.54,,,,,,,,,,,,,,,,,,0.6179544,58.0
TUR,Turkey,2004,7061.622,41.287,37.776,,12.3,22.8,97.479,74.059,30.766,0.062,,85.0,1.115,87.7,97.72,,,,,,,,,,,,,,,,,,0.5589128,59.0
TUR,Turkey,2005,7623.146,41.493,37.723,,9.4,21.1,97.794,76.356,33.223,0.06,,90.0,1.069,90.6,97.89,,,,,,,,,,,,,,,,,,0.6716949,60.0
TUR,Turkey,2006,8078.515,41.54,37.404,,6.5,19.5,98.058,78.898,37.31,0.057,,90.0,1.027,93.5,98.05,,,,,,,,,,,,,,,,,,0.5503094,61.0
TUR,Turkey,2007,8477.533,41.475,37.672,,4.4,18.1,98.521,80.552,39.387,0.054,21.2,96.0,0.161,95.6,98.19,97.88,,,,,,,,,,,,,,,,,0.5360505,62.0
TUR,Turkey,2008,8447.94,41.745,38.133,,3.2,16.9,97.749,79.853,40.773,0.052,19.4,96.0,1.266,96.8,98.31,98.06,,,,,,,,,,,,,,,,,0.4585072,63.0
TUR,Turkey,2009,7925.301,41.164,38.687,,2.5,15.7,95.351,76.517,46.94,0.049,18.4,96.0,1.38,97.5,98.43,98.16,,,,,,,,,,,,,,,,,0.4739277,64.0
TUR,Turkey,2010,8472.578,43.007,38.326,165.144,2.5,14.7,96.086,80.941,56.751,0.046,16.4,97.0,1.519,97.5,98.53,98.36,,,,,,,,,,,,,,,,,0.4551301,65.0
TUR,Turkey,2011,9265.859,44.983,39.254,,2.5,13.8,95.213,84.201,61.516,0.046,15.5,97.0,1.468,97.5,98.62,98.45,,,,,,,,,,,,,,,,,0.5288409,66.0
TUR,Turkey,2012,9588.321,45.357,38.205,,2.5,12.9,92.722,81.231,70.104,0.044,15.4,97.0,1.275,97.5,98.71,98.46,,,,,,,,,,,,,,,,,0.4234025,67.0
TUR,Turkey,2013,10269.449,45.902,39.643,,2.5,12.2,93.153,86.872,79.647,0.041,15.9,98.0,1.284,97.5,98.78,98.41,,,,,,,,,,,,,,,,,0.4497565,68.0
TUR,Turkey,2014,10597.98,45.511,40.845,,2.5,11.5,94.567,87.445,86.998,0.041,15.2,96.0,1.349,97.5,98.85,98.48,,,,,,,,,,,,,,,,,0.4789549,69.0
TUR,Turkey,2015,11064.649,46.014,42.012,191.313,2.5,11.0,94.632,86.644,95.565,0.039,14.6,97.0,1.334,97.5,98.9,98.54,,,,,,,,,,,,,,,,,0.6043916,70.0
TUR,Turkey,2016,11279.617,46.333,42.426,,2.5,10.4,94.051,85.28,103.716,0.039,14.7,98.0,1.345,97.5,98.96,98.53,,,,,,,,,,,,,,,,,0.6509595,71.0
TUR,Turkey,2017,12005.646,47.063,43.328,,2.5,9.9,87.9,87.228,110.534,0.036,14.5,96.0,1.297,97.5,99.01,98.55,,,,,,,,,,,,,,,,,0.6819532,72.0
TUR,Turkey,2018,12255.008,47.382,43.978,,2.5,9.5,,,115.462,0.033,13.6,98.0,1.354,97.5,99.05,98.64,,,,,,,,,,,,,,,,,0.6249884,73.0
TUR,Turkey,2019,12238.295,45.681,44.422,,2.5,9.1,,,117.005,0.03,13.1,99.0,1.43,97.5,99.09,98.69,,,,,,,,,,,,,,,,,0.6337887,74.0
TUR,Turkey,2020,12338.644,42.848,39.051,209.646,2.5,8.7,,,118.884,0.032,,98.0,0.97,97.5,99.13,,,,,,,,,,,,,,,,,,,
TKM,Turkmenistan,1990,3495.748,,34.786,,,68.7,,,11.799,0.289,,,2.643,,93.13,,,,,,,,,,,,,,,,,,,
TKM,Turkmenistan,1991,3252.312,47.795,35.669,,,67.8,,,21.025,0.27,,,2.503,,93.22,,,,,,,,,,,,,,,,,,,
TKM,Turkmenistan,1992,2703.319,50.005,38.042,,,67.5,,,,0.252,,84.0,2.277,,93.25,,,,,,,,,,,,,,,,,,0.07873056,47.0
TKM,Turkmenistan,1993,2684.18,50.098,38.157,,,67.6,,,,0.231,,73.0,2.199,,93.24,,,,,,,,,,,,,,,,,,0.3485703,48.0
TKM,Turkmenistan,1994,2174.388,51.355,41.039,,,67.8,,,,0.209,,90.0,2.068,,93.22,,,,,,,,,,,,,,,,,,0.2592445,49.0
TKM,Turkmenistan,1995,1981.944,50.754,42.367,,,67.7,,,,0.187,,93.0,1.795,,93.23,,99.0,,,0.148,,0.905,,,,,,,,,,,-0.09913057,50.0
TKM,Turkmenistan,1996,2078.719,48.965,41.697,,,67.1,,,,0.159,,97.0,1.718,,93.29,,,,,,,,,,,,,,,,,,-0.8180471,51.0
TKM,Turkmenistan,1997,1810.78,50.589,43.628,,,65.9,,,,0.133,,98.0,1.696,,93.41,,,,,,,,,,,,,,,,,,0.1314987,52.0
TKM,Turkmenistan,1998,1906.905,49.148,42.846,,,64.0,,,,0.108,,99.0,1.687,,93.6,,,,,,,,,,,,,,,,,,0.06775461,53.0
TKM,Turkmenistan,1999,2181.159,47.002,40.918,,,61.3,,,,0.087,,98.0,1.835,,93.87,,,,,,,,,,,,,,,,,,0.01141031,54.0
TKM,Turkmenistan,2000,2255.015,47.079,40.416,,,58.3,,,,0.073,,97.0,1.995,,94.17,,,,,,,,,,,,,,,,,,0.06593495,55.0
TKM,Turkmenistan,2001,2306.301,47.224,40.067,,6.0,55.0,,,,0.062,,95.0,2.003,94.0,94.5,,,,,,,,,,,,,,,,,,-0.01040673,56.0
TKM,Turkmenistan,2002,2266.634,47.857,40.267,,5.2,51.7,,,,0.053,,98.0,1.992,94.8,94.83,,,,,,,,,,,,,,,,,,0.08081663,57.0
TKM,Turkmenistan,2003,2295.296,48.141,40.066,,4.5,48.6,,,,0.047,,83.0,1.96,95.5,95.14,,,,,,,,,,,,,,,,,,-0.8561266,58.0
TKM,Turkmenistan,2004,2364.267,48.203,39.639,,4.2,45.7,,,,0.044,,97.0,1.919,95.8,95.43,,,,,,,,,,,,,,,,,,-1.235691,59.0
TKM,Turkmenistan,2005,2622.618,47.338,38.234,,4.3,43.0,,,,0.041,,99.0,1.881,95.7,95.7,,,,,,,,,,,,,,,,,,-1.295085,60.0
TKM,Turkmenistan,2006,2856.775,46.743,37.111,,4.4,40.7,,,,0.039,,98.0,1.86,95.6,95.93,,,,,,,,,,,,,,,,,,-0.7382503,61.0
TKM,Turkmenistan,2007,3114.063,46.181,36.014,,4.5,38.7,,,,0.035,,98.0,1.866,95.5,96.13,,,,,,,,,,,,,,,,,,-0.9596001,62.0
TKM,Turkmenistan,2008,3504.348,45.332,34.558,,4.6,37.2,,,,0.031,,96.0,1.907,95.4,96.28,,,,,,,,,,,,,,,,,,-0.8512577,63.0
TKM,Turkmenistan,2009,3645.435,45.338,34.09,,4.6,35.9,,,,0.027,,96.0,1.974,95.4,96.41,,,,,,,,,,,,,,,,,,-0.8952474,64.0
TKM,Turkmenistan,2010,3900.142,44.689,33.296,,4.7,34.9,,,,0.025,,96.0,2.047,95.3,96.51,,,,,,,,,,,,,,,,,,-0.7811293,65.0
TKM,Turkmenistan,2011,4379.749,43.675,31.965,,4.7,34.3,,,,0.023,,97.0,2.117,95.3,96.57,,,,,,,,,,,,,,,,,,-0.9462242,66.0
TKM,Turkmenistan,2012,4761.079,43.029,31.044,,4.6,33.9,,,,0.022,,97.0,2.178,95.4,96.61,,,,,,,,,,,,,,,,,,-0.8832497,67.0
TKM,Turkmenistan,2013,5131.167,42.504,30.242,,4.1,33.7,,,,0.021,,98.0,2.227,95.9,96.63,,,,,,,,,,,,,,,,,,-0.9399295,68.0
TKM,Turkmenistan,2014,5533.035,42.023,29.455,,3.6,33.6,,,7.001,0.02,,98.0,2.263,96.4,96.64,,,,,,,,,,,,,,,,,,-0.8014654,69.0
TKM,Turkmenistan,2015,5759.498,41.786,29.052,,3.4,33.8,,,,0.019,,99.0,2.286,96.6,96.62,,,,,,,,,,,,,,,,,,-0.9239561,70.0
TKM,Turkmenistan,2016,5977.838,41.581,28.684,,3.4,34.0,,,,0.017,,98.0,2.295,96.6,96.6,,,,,,,,,,,,,,,,,,-0.8483556,71.0
TKM,Turkmenistan,2017,6222.556,41.375,28.288,,3.4,34.2,,,,0.016,,99.0,2.285,96.6,96.58,,,,,,,,,,,,,,,,,,-0.8843876,72.0
TKM,Turkmenistan,2018,6460.944,41.199,27.917,,3.5,34.1,,,,0.016,,99.0,2.256,96.5,96.59,,,,,,,,,,,,,,,,,,-0.8602813,73.0
TKM,Turkmenistan,2019,6718.166,41.03,27.53,,3.6,33.8,,,11.051,0.015,,99.0,2.206,96.4,96.62,,,,,,,,,,,,,,,,,,-0.7944244,74.0
TKM,Turkmenistan,2020,6965.112,39.682,26.106,180.944,3.6,33.2,,,12.409,0.015,,98.0,2.123,96.4,96.68,,,,,,,,,,,,,,,,,,,
TCA,Turks and Caicos Islands,2007,37466.182,,,,,5.9,,,,,,,4.464,,99.41,,,,,,,,,,,,,,,,,,,
TCA,Turks and Caicos Islands,2008,38854.108,,,,,5.7,,,0.116,,0.0,,4.31,,99.43,100.0,,,,,,,,,,,,,,,,,,
TCA,Turks and Caicos Islands,2009,29988.6,,,,,5.6,,,,,,,4.146,,99.44,,,,,,,,,,,,,,,,,,,
TCA,Turks and Caicos Islands,2010,29111.873,,,,,5.5,,,0.31,,0.0,,3.947,,99.45,100.0,,,,,,,,,,,,,,,,,,
TCA,Turks and Caicos Islands,2011,29363.948,,,,,5.3,,,,,0.0,,3.655,,99.47,100.0,,,,,,,,,,,,,,,,,,
TCA,Turks and Caicos Islands,2012,27441.334,,,,,5.2,,,,,0.0,,4.069,,99.48,100.0,,,,,,,,,,,,,,,,,,
TCA,Turks and Caicos Islands,2013,26477.541,,,,,5.1,,,,,0.0,,4.641,,99.49,100.0,,,,,,,,,,,,,,,,,,
TCA,Turks and Caicos Islands,2014,27636.821,,,,,5.0,,,13.516,,0.0,,4.067,,99.5,100.0,,,,,,,,,,,,,,,,,,
TCA,Turks and Caicos Islands,2015,29457.014,,,,,4.9,,,12.381,,0.0,,4.341,,99.51,100.0,,,,,,,,,,,,,,,,,,
TCA,Turks and Caicos Islands,2016,30183.0,,,,,4.8,,,11.062,,0.0,,4.566,,99.52,100.0,,,,,,,,,,,,,,,,,,
TCA,Turks and Caicos Islands,2017,50586.103,,,,,4.7,,,11.817,,0.0,,4.086,,99.53,100.0,,,,,,,,,,,,,,,,,,
TCA,Turks and Caicos Islands,2018,51863.183,,,,,4.6,,,11.3,,0.0,,4.041,,99.54,100.0,,,,,,,,,,,,,,,,,,
TCA,Turks and Caicos Islands,2019,52419.886,,,,,4.5,,,11.738,,0.0,,3.794,,99.55,100.0,,,,,,,,,,,,,,,,,,
TCA,Turks and Caicos Islands,2020,33739.425,,,,,4.3,,,,,0.0,,2.787,,99.57,100.0,,,,,,,,,,,,,,,,,,
UGA,Uganda,1990,369.839,,57.531,,,107.2,,,1.056,3.896,,45.0,3.234,,89.28,,,,,,,,,,,,,,,,,,-0.7956731,45.0
UGA,Uganda,1991,377.781,70.807,57.672,,,105.1,,,1.233,3.677,,49.0,3.281,,89.49,,56.0,,,0.254,,0.611,,,,,,,,,,,-0.9748682,46.0
UGA,Uganda,1992,377.61,70.795,57.78,,,103.0,,,1.203,3.542,,53.0,3.406,,89.7,,,,,,,,,,,,,,,,,,-1.055358,47.0
UGA,Uganda,1993,395.164,70.907,57.912,,,101.1,,,1.308,3.417,,56.0,3.454,,89.89,,,,,,,,,,,,,,,,,,-1.216063,48.0
UGA,Uganda,1994,406.592,71.041,58.134,,,99.7,,,1.453,3.358,,60.0,3.356,,90.03,,,,,,,,,,,,,,,,,,-1.107512,49.0
UGA,Uganda,1995,441.226,71.433,58.721,,,98.8,,,1.557,3.425,,59.0,2.732,,90.12,,,,,,,,,,,,,,,,,,-0.8257458,50.0
UGA,Uganda,1996,468.428,71.641,59.267,,,98.1,,,1.787,3.358,,57.0,2.701,,90.19,,,,,,,,,,,,,,,,,,-0.9757824,51.0
UGA,Uganda,1997,478.251,71.756,59.637,,,97.1,,,,3.424,,56.0,2.899,,90.29,,,,,,,,,,,,,,,,,,-0.9436466,52.0
UGA,Uganda,1998,487.009,71.701,59.921,,,95.5,,,,3.383,,48.0,2.974,,90.45,,,,,,,,,,,,,,,,,,-0.8036424,53.0
UGA,Uganda,1999,509.455,71.69,60.017,,,93.0,,,1.951,3.255,,50.0,3.24,,90.7,,,,,,,,,,,,,,,,,,-0.7427379,54.0
UGA,Uganda,2000,509.198,71.674,60.126,,,89.8,,,2.612,3.051,,52.0,3.144,,91.02,,,,,,,,0.621,81.9,17.794,0.407,49.64,3.945,,,,,-0.6827242,55.0
UGA,Uganda,2001,519.457,71.685,60.219,,21.2,85.9,,,2.851,2.821,,55.0,3.059,78.8,91.41,,,,,,,,0.602,81.9,24.671,0.418,50.576,4.023,,,,,-0.7233034,56.0
UGA,Uganda,2002,547.405,71.642,60.218,,19.5,81.4,,16.338,3.544,2.648,,57.0,3.132,80.5,91.86,,68.0,0.451675534248352,Africa,0.272,-0.481,0.787,0.599,81.9,24.671,0.432,51.443,4.1,,,,,-0.7540663,57.0
UGA,Uganda,2003,564.721,71.493,60.157,,18.4,76.6,,,3.779,2.498,,59.0,3.158,81.6,92.34,,,,,,,,0.589,37.38,24.671,0.446,52.414,4.275,,,,,-0.3626532,58.0
UGA,Uganda,2004,585.339,72.098,60.154,,18.1,71.7,,15.713,3.659,2.427,,62.0,2.999,81.9,92.83,,,,,,,,0.582,45.21,23.934,0.461,53.699,4.45,,,,,-0.2409367,59.0
UGA,Uganda,2005,604.405,72.623,60.147,,18.8,67.0,,,,2.613,,64.0,2.935,81.2,93.3,,,,,,,,0.574,53.03,23.934,0.47,54.926,4.625,,,,,-0.06299604,60.0
UGA,Uganda,2006,650.271,72.245,60.098,,19.2,62.7,,,3.561,2.541,,64.0,2.927,80.8,93.73,,71.0,,,0.328,-0.581,0.811,0.557,60.86,29.819,0.481,56.118,4.8,,,,,-0.01043938,61.0
UGA,Uganda,2007,684.542,71.835,59.994,,19.6,58.7,,19.944,,2.122,,73.0,2.941,80.4,94.13,,,,,,,,0.546,68.68,30.723,0.492,57.248,4.975,,,,,-0.6244229,62.0
UGA,Uganda,2008,722.565,71.425,59.822,,19.8,55.1,,22.373,3.805,1.972,,71.0,2.944,80.2,94.49,,,,,,,,0.543,76.51,30.723,0.502,58.253,5.15,,,,,-0.5786384,63.0
UGA,Uganda,2009,749.343,70.861,59.598,,18.7,52.4,94.584,,4.192,1.946,,79.0,2.941,81.3,94.76,,,,,,,,0.547,84.33,31.481,0.509,59.157,5.145,,,,,-0.3203466,64.0
UGA,Uganda,2010,768.624,70.692,59.334,124.559,17.6,49.5,91.5,,3.917,1.818,,80.0,2.944,82.4,95.05,,73.0,,,0.328,-0.572,0.793,0.551,70.19,31.288,0.514,59.959,5.14,36.029,32.2,45.1,30.785,-0.7946728,65.0
UGA,Uganda,2011,816.516,77.332,70.886,,17.7,46.7,94.673,,4.377,1.732,,82.0,2.932,82.3,95.33,,,,,,,,0.556,77.85,34.974,0.522,60.791,5.135,34.684,29.372,45.1,29.578,-0.7867151,66.0
UGA,Uganda,2012,823.58,67.436,53.723,,19.6,44.1,,,3.75,1.646,,83.0,2.904,80.4,95.59,,70.0,0.4100933969020843,Africa,0.327,-0.596,0.797,0.555,65.72,34.974,0.526,61.579,5.13,34.307,29.372,45.1,28.449,-0.6786877,67.0
UGA,Uganda,2013,828.989,82.91,75.845,,21.3,42.2,95.493,,,1.74,,84.0,2.87,78.7,95.78,,,,,,,,0.545,83.75,34.974,0.532,62.353,5.32,32.957,29.372,42.105,27.395,-1.073465,68.0
UGA,Uganda,2014,845.979,75.386,61.319,,23.8,40.3,,,4.619,1.721,,85.0,2.951,76.2,95.97,,,,,,,,0.546,75.25,34.974,0.539,63.057,5.51,32.641,29.372,42.105,26.445,-0.9376091,69.0
UGA,Uganda,2015,862.935,73.558,60.385,133.195,30.6,38.4,,,,1.618,,89.0,3.073,69.4,96.16,,,,,,,,0.539,73.25,34.974,0.547,63.831,5.7,32.34,29.372,42.105,25.542,-1.018715,70.0
UGA,Uganda,2016,874.648,71.562,59.444,,35.4,36.4,,,,1.437,336.0,93.0,3.322,64.6,96.36,66.4,69.10132,0.4275335967540741,Africa,0.3,-0.632,0.807,0.534,71.25,33.489,0.553,64.494,5.89,31.501,27.914,42.105,24.483,-1.142247,71.0
UGA,Uganda,2017,871.094,69.299,58.495,,35.5,34.6,,,,1.277,,94.0,3.491,64.5,96.54,,,,,,,,0.535,69.24,34.298,0.557,65.174,5.974,31.661,27.914,43.406,23.662,-1.103598,72.0
UGA,Uganda,2018,895.075,72.364,59.218,,35.9,32.9,,,,1.185,,93.0,3.397,64.1,96.71,,,,,,,,0.528,71.89,34.298,0.563,65.775,6.06,31.373,27.914,43.406,22.798,-0.998795,73.0
UGA,Uganda,2019,920.939,74.881,59.93,,33.1,31.7,,,,1.095,,93.0,3.391,66.9,96.83,,,,,,,,0.528,74.55,34.858,0.569,66.354,6.146,31.179,27.914,43.406,22.217,-0.8335561,74.0
UGA,Uganda,2020,917.035,75.029,64.772,143.341,33.1,30.6,,,,1.029,,89.0,3.333,66.9,96.94,,,,,,,,0.525,74.54,34.858,0.571,66.41,6.234,31.006,27.914,43.61,21.492,,
UKR,Ukraine,1990,3102.311,,34.491,,,18.3,,,46.615,0.064,,,0.262,,98.17,,,,,,,,,,,,,,,,,,-0.02191199,45.0
UKR,Ukraine,1991,2826.065,58.155,34.551,,,18.3,,,45.607,0.061,,,0.224,,98.17,,,,,,,,,,,,,,,,,,0.3516367,46.0
UKR,Ukraine,1992,2538.853,57.93,34.612,,,18.5,,,45.646,0.058,,88.0,0.292,,98.15,,,,,,,,,,,,,,,,,,0.4587517,47.0
UKR,Ukraine,1993,2177.235,57.647,34.67,,,18.8,,,43.972,0.057,,93.0,0.051,,98.12,,,,,,,,,,,,,,,,,,0.3149247,48.0
UKR,Ukraine,1994,1687.484,57.422,34.727,,,19.1,,,41.647,0.057,,97.0,-0.525,,98.09,,,,,,,,,,,,,,,,,,0.7338006,49.0
UKR,Ukraine,1995,1493.382,55.083,34.788,,,19.4,,,43.585,0.056,,98.0,-0.791,,98.06,,,,,,,,,,,,,,,,,,0.5441763,50.0
UKR,Ukraine,1996,1355.573,53.686,34.842,,,19.4,,,43.076,0.052,,99.0,-0.854,,98.06,,,,,,,,,,,,,,,,,,0.6285723,51.0
UKR,Ukraine,1997,1326.278,52.731,34.889,,,19.3,,,,0.044,,99.0,-0.861,,98.07,,,,,,,,,,,,,,,,,,0.5287319,52.0
UKR,Ukraine,1998,1311.594,51.142,34.935,,,18.9,,,46.256,0.038,,98.0,-0.805,,98.11,,,,,,,,,,,,,,,,,,0.3910201,53.0
UKR,Ukraine,1999,1319.533,50.625,34.983,,,18.3,,,48.157,0.032,,99.0,-0.804,,98.17,,,,,,,,,,,,,,,,,,0.4157081,54.0
UKR,Ukraine,2000,1409.223,50.51,35.033,,,17.6,,93.571,50.507,0.029,,99.0,-0.844,,98.24,,,,,,,,,,,,,,,,,,0.4264433,55.0
UKR,Ukraine,2001,1547.278,50.673,35.082,,2.7,16.8,,94.633,52.91,0.027,,99.0,-0.912,97.3,98.32,,99.0,,,0.384,,0.868,,,,,,,,,,,0.4336045,56.0
UKR,Ukraine,2002,1644.281,50.991,35.13,,2.5,16.0,93.636,90.482,56.646,0.026,,99.0,-0.879,97.5,98.4,,,,,,,,,,,,,,,,,,0.4011946,57.0
UKR,Ukraine,2003,1814.259,51.392,35.176,,2.5,15.3,88.576,91.044,60.255,0.027,,97.0,-0.747,97.5,98.47,,,,,,,,,,,,,,,,,,0.4114413,58.0
UKR,Ukraine,2004,2042.445,51.443,35.221,,2.5,14.6,88.015,90.227,63.441,0.028,,99.0,-0.697,97.5,98.54,,,,,,,,,,,,,,,,,,0.4127176,59.0
UKR,Ukraine,2005,2122.602,52.02,35.264,,2.5,14.0,89.537,85.672,66.89,0.028,,96.0,-0.824,97.5,98.6,,,,,,,,,,,,,,,,,,0.6203466,60.0
UKR,Ukraine,2006,2298.132,52.009,35.306,,2.5,13.5,88.342,86.923,71.94,0.029,,98.0,-0.647,97.5,98.65,,,,,,,,,,,,,,,,,,0.8234537,61.0
UKR,Ukraine,2007,2498.352,52.668,35.375,,2.5,13.0,87.751,86.768,76.263,0.031,,98.0,-0.458,97.5,98.7,,,,,,,,,,,,,,,,,,0.9689237,62.0
UKR,Ukraine,2008,2567.694,52.668,35.446,,2.5,12.5,87.518,86.486,79.733,0.032,,90.0,-0.519,97.5,98.75,,,,,,,,,,,,,,,,,,0.988316,63.0
UKR,Ukraine,2009,2188.17,51.28,35.516,,2.5,11.9,87.924,85.758,82.499,0.031,,71.0,-0.418,97.5,98.81,,,,,,,,,,,,,,,,,,0.9536158,64.0
UKR,Ukraine,2010,2285.934,51.703,35.587,213.281,2.5,11.4,90.411,85.991,81.908,0.027,,52.0,-0.36,97.5,98.86,,,,,,,,,,,,,,,,,,0.8586965,65.0
UKR,Ukraine,2011,2418.121,51.849,35.659,,2.5,10.8,92.43,84.203,84.798,0.026,,50.0,-0.319,97.5,98.92,,,,,,,,,,,,,,,,,,0.6649545,66.0
UKR,Ukraine,2012,2426.929,52.036,35.73,,2.5,10.3,93.205,84.486,83.88,0.026,,76.0,-0.211,97.5,98.97,,,,,,,,,,,,,,,,,,0.8253096,67.0
UKR,Ukraine,2013,2432.416,52.244,35.803,,2.5,9.9,93.392,85.024,81.532,0.026,,76.0,-0.18,97.5,99.01,,,,,,,,,,,,,,,,,,0.8414314,68.0
UKR,Ukraine,2014,2308.644,51.068,35.878,,2.5,9.5,91.665,85.676,83.784,0.024,,23.0,-0.335,97.5,99.05,,,,,,,,,,,,,,,,,,1.049914,69.0
UKR,Ukraine,2015,2094.474,51.147,35.953,226.892,2.5,9.2,,,76.865,0.021,,23.0,-0.409,97.5,99.08,,,,,,,,,,,,,,,,,,0.9801939,70.0
UKR,Ukraine,2016,2156.083,51.035,36.028,,2.5,8.9,,,77.04,0.02,,19.0,-0.368,97.5,99.11,,,,,,,,,,,,,,,,,,1.141747,71.0
UKR,Ukraine,2017,2217.753,50.956,36.105,,2.6,8.7,,,80.199,0.018,,50.0,-0.397,97.4,99.13,,,,,,,,,,,,,,,,,,1.22022,72.0
UKR,Ukraine,2018,2308.667,51.357,36.182,,3.0,8.5,,,81.495,0.017,,69.0,-0.501,97.0,99.15,,,,,,,,,,,,,,,,,,1.126352,73.0
UKR,Ukraine,2019,2398.078,51.703,36.26,,3.8,8.3,,,84.481,0.016,,80.0,-0.558,96.2,99.17,,,,,,,,,,,,,,,,,,1.255578,74.0
UKR,Ukraine,2020,2324.107,49.867,31.934,231.076,4.3,8.1,,,82.135,0.018,,81.0,-0.619,95.7,99.19,,,,,,,,,,,,,,,,,,,
ARE,United Arab Emirates,1990,66481.614,,51.398,,,11.8,96.907,,,0.092,32.6,85.0,5.878,,98.82,96.74,,,,,,,,,,,,,,,,,-0.619337,45.0
ARE,United Arab Emirates,1991,63430.915,73.432,51.632,,,11.2,97.428,57.813,,0.087,,85.0,5.554,,98.88,,,,,,,,,,,,,,,,,,-0.8004843,46.0
ARE,United Arab Emirates,1992,62201.624,73.667,51.427,,,10.7,93.988,60.25,,0.083,,86.0,5.247,,98.93,,,,,,,,,,,,,,,,,,-0.5995879,47.0
ARE,United Arab Emirates,1993,59942.859,74.048,51.139,,,10.2,90.433,64.122,,0.077,,90.0,4.952,,98.98,,,,,,,,,,,,,,,,,,-0.6184735,48.0
ARE,United Arab Emirates,1994,61156.651,74.42,50.251,,,9.8,88.415,69.274,,0.076,,90.0,4.664,,99.02,,,,,,,,,,,,,,,,,,-0.6677392,49.0
ARE,United Arab Emirates,1995,62393.331,74.789,49.269,,,9.5,88.89,72.826,,0.063,22.4,90.0,4.472,,99.05,97.76,,,,,,,0.764,31.33,0.0,0.747,71.392,7.251,,,,,-0.7705214,50.0
ARE,United Arab Emirates,1996,61871.367,74.636,49.619,,,9.2,86.055,,,0.052,,90.0,6.477,,99.08,,,,,,,,0.761,31.97,0.0,0.753,71.82,7.497,,,,,-0.5798859,51.0
ARE,United Arab Emirates,1997,61715.555,73.918,50.623,,,9.0,82.453,70.257,,0.042,,92.0,8.124,,99.1,,,,,,,,0.756,32.62,0.0,0.761,72.559,7.742,,,,,-0.7446711,52.0
ARE,United Arab Emirates,1998,57355.786,73.327,51.355,,,8.8,79.373,69.904,,0.035,,94.0,7.618,,99.12,,,,,,,,0.75,33.26,0.0,0.77,73.66,7.988,,,,,-0.7760331,53.0
ARE,United Arab Emirates,1999,54943.75,72.964,51.868,,,8.6,,,,0.029,,94.0,7.157,,99.14,,,,,,,,0.746,33.91,0.0,0.78,74.982,8.233,,,,,-0.6281929,54.0
ARE,United Arab Emirates,2000,56939.27,72.831,52.226,,,8.5,,,,0.023,0.0,94.0,6.736,,99.15,100.0,,,,,,,0.744,34.55,0.0,0.79,76.347,8.479,,,,,-0.6170196,55.0
ARE,United Arab Emirates,2001,54169.415,72.825,52.453,,2.5,8.3,,,,0.018,,94.0,6.376,97.5,99.17,,,,,,,,0.736,35.19,0.0,0.798,77.621,8.581,,,,,-0.7098594,56.0
ARE,United Arab Emirates,2002,52216.875,72.996,52.577,,2.5,8.2,,,,0.015,,94.0,6.075,97.5,99.18,,,,,,,,0.733,35.84,0.0,0.805,78.721,8.683,,,,,-1.086159,57.0
ARE,United Arab Emirates,2003,53619.193,73.28,52.595,,2.5,8.0,,,,0.012,,94.0,5.784,97.5,99.2,,,,,,,,0.722,36.48,0.0,0.81,79.6,8.785,,,,,-1.139553,58.0
ARE,United Arab Emirates,2004,55611.419,73.803,52.518,,2.5,7.9,,,,0.011,,94.0,5.488,97.5,99.21,,,,,,,,0.719,37.13,0.0,0.815,80.272,8.888,,,,,-1.091831,59.0
ARE,United Arab Emirates,2005,55363.566,74.315,52.445,,3.1,7.7,,,,0.009,0.0,94.0,5.188,96.9,99.23,100.0,90.0,,,0.02,0.717,0.136,0.72,37.77,0.0,0.819,80.779,8.99,,,,,-0.9539272,60.0
ARE,United Arab Emirates,2006,56629.976,74.934,52.213,,3.8,7.6,,,,0.007,,92.0,7.121,96.2,99.24,,,,,,,,0.341,39.12,5.0,0.823,81.155,9.158,,,,,-0.7803196,61.0
ARE,United Arab Emirates,2007,52038.616,75.051,51.894,,4.6,7.5,86.666,,,0.006,,92.0,11.59,95.4,99.25,,,,,,,,0.215,40.47,22.5,0.827,81.438,9.326,,,,,-0.6877113,62.0
ARE,United Arab Emirates,2008,47922.699,74.887,51.508,,5.3,7.3,,,,0.005,1.4,92.0,11.382,94.7,99.27,99.86,,,,,,,0.176,41.82,22.5,0.831,81.591,9.495,,,,,-0.8383256,63.0
ARE,United Arab Emirates,2009,42672.199,74.35,51.096,,5.9,7.2,,,,0.006,,93.0,6.219,94.1,99.28,,,,,,,,0.169,42.07,22.5,0.832,81.679,9.663,,,,,-0.9989607,64.0
ARE,United Arab Emirates,2010,42328.851,74.498,50.668,,5.6,7.0,,,,0.006,,94.0,2.398,94.4,99.3,,,,,,,,0.165,43.38,22.5,0.835,81.886,9.831,,,,5.495,-0.9434543,65.0
ARE,United Arab Emirates,2011,43687.778,74.881,50.224,,4.9,6.8,,,,0.006,,95.0,3.359,95.1,99.32,,,,,,,,0.172,44.68,17.5,0.839,81.898,9.999,,,,5.356,-0.7023333,66.0
ARE,United Arab Emirates,2012,43958.568,75.256,49.906,,3.9,6.7,86.534,,,0.006,,96.0,3.959,96.1,99.33,,,,,,,,0.161,45.99,17.5,0.843,81.913,10.167,,,,5.226,-1.023715,67.0
ARE,United Arab Emirates,2013,44312.634,75.691,49.833,,3.5,6.5,85.557,,,0.006,,98.0,3.999,96.5,99.35,,,,,,,,0.154,47.29,17.5,0.846,81.95,10.335,,,,5.106,-0.8934046,68.0
ARE,United Arab Emirates,2014,44257.651,76.119,49.874,,3.5,6.3,90.211,,,0.006,,99.0,4.653,96.5,99.37,,,,,,,,0.139,48.6,17.5,0.853,81.99,10.504,,,,4.99,-0.8536066,69.0
ARE,United Arab Emirates,2015,44910.335,76.599,49.91,,3.6,6.1,93.736,,,0.005,,99.0,5.384,96.4,99.39,,,,,,,,0.114,49.9,22.5,0.857,82.076,10.672,,,17.696,4.877,-0.8111558,70.0
ARE,United Arab Emirates,2016,45168.498,77.16,49.939,,3.5,5.8,94.552,87.068,,0.005,,99.0,4.93,96.5,99.42,,,,,,,,0.104,51.21,22.5,0.861,82.195,10.84,13.568,18.243,17.696,4.763,-0.7986058,71.0
ARE,United Arab Emirates,2017,43293.02,76.82,50.915,,3.4,5.6,95.028,92.8,,0.005,,97.0,3.174,96.6,99.44,,,,,,,,0.101,52.82,22.5,0.884,82.388,12.06,12.275,14.477,17.696,4.651,-0.4519909,72.0
ARE,United Arab Emirates,2018,43377.786,77.339,53.267,,2.9,5.3,,,53.211,0.004,,99.0,1.33,97.1,99.47,,,,,,,,0.093,52.75,22.5,0.901,82.449,12.48,11.618,12.636,17.696,4.523,-0.6392208,73.0
ARE,United Arab Emirates,2019,43468.459,77.614,47.85,,2.8,5.0,,,53.881,0.004,,99.0,1.055,97.2,99.5,,98.0,,,0.103,1.38,0.116,0.039,57.62,50.0,0.915,82.596,12.69,8.243,9.91,10.419,4.399,-0.6972142,74.0
ARE,United Arab Emirates,2020,39878.474,75.398,38.474,257.33,2.5,4.7,,,54.975,0.009,,90.0,-0.475,97.5,99.53,,,,,,,,0.03,61.83,50.0,0.909,81.936,12.73,8.235,9.91,10.419,4.376,,
GBR,United Kingdom,1990,30071.209,,71.664,,,7.9,99.789,78.438,,0.011,,84.0,0.299,,99.21,,,,,,,,0.254,52.44,11.578,0.812,75.738,9.637,,,,,2.378015,45.0
GBR,United Kingdom,1991,29590.905,56.678,70.018,,,7.3,98.185,81.0,,0.012,,88.0,0.309,,99.27,,,,,,,,0.253,52.27,11.578,0.816,75.911,9.726,,,,,2.215796,46.0
GBR,United Kingdom,1992,29893.078,55.525,67.821,,,6.9,96.655,83.638,,0.012,,92.0,0.27,,99.31,,,,,,,,0.249,52.39,11.578,0.824,76.307,9.815,,,,,2.106225,47.0
GBR,United Kingdom,1993,30862.412,54.713,65.952,,,6.5,,92.064,,0.013,,93.0,0.24,,99.35,,,,,,,,0.243,52.47,11.578,0.827,76.16,9.904,,,,,2.17818,48.0
GBR,United Kingdom,1994,32308.795,54.959,64.566,,,6.3,,93.903,,0.014,,93.0,0.255,,99.37,,,,,,,,0.238,52.5,11.578,0.836,76.72,9.993,,,,,2.341289,49.0
GBR,United Kingdom,1995,33362.016,55.357,63.603,,,6.1,,94.819,,0.014,,94.0,0.265,,99.39,,,,,,,,0.235,52.46,11.578,0.835,76.614,10.082,,,,,2.510056,50.0
GBR,United Kingdom,1996,34147.346,55.73,64.338,,,5.9,,93.93,,0.013,,94.0,0.255,,99.41,,,,,,,,0.236,52.89,11.578,0.841,76.872,10.205,,,,,2.165461,51.0
GBR,United Kingdom,1997,35721.611,56.559,64.288,,,5.8,,92.763,,0.013,,92.0,0.258,,99.42,,,,,,,,0.238,53.3,11.578,0.849,77.139,10.329,,,,,2.167485,52.0
GBR,United Kingdom,1998,36773.929,56.999,63.816,,,5.7,99.908,93.503,,0.015,,91.0,0.291,,99.43,,,,,,,,0.24,53.33,11.578,0.856,77.275,10.453,,,,,1.74668,53.0
GBR,United Kingdom,1999,37730.716,57.4,63.039,,,5.6,99.94,94.656,,0.016,,92.0,0.333,,99.44,,,,,,,,0.238,53.78,12.281,0.862,77.373,10.577,,,,,1.733423,54.0
GBR,United Kingdom,2000,39297.137,57.928,63.432,,,5.5,99.945,94.685,57.365,0.017,,91.0,0.357,,99.45,,,,,,,,0.216,54.19,16.981,0.87,77.849,10.7,,,,,1.736044,55.0
GBR,United Kingdom,2001,40082.136,58.103,61.93,,2.5,5.5,99.936,94.954,57.487,0.018,,91.0,0.385,97.5,99.45,,,,,,,,0.211,54.08,17.128,0.876,78.121,10.954,,,,,1.692274,56.0
GBR,United Kingdom,2002,40594.933,58.168,62.395,,2.5,5.4,99.823,95.641,61.128,0.019,,91.0,0.423,97.5,99.46,,,,,,,,0.211,54.64,17.128,0.881,78.237,11.208,,,,,1.800833,57.0
GBR,United Kingdom,2003,41706.83,58.418,61.178,,2.5,5.3,99.908,95.471,61.456,0.02,,91.0,0.466,97.5,99.47,,,,,,,,0.211,54.55,17.29,0.886,78.33,11.462,,,,,1.729949,58.0
GBR,United Kingdom,2004,42434.821,58.596,61.563,,2.5,5.2,98.133,95.029,59.453,0.02,,92.0,0.569,97.5,99.48,,,,,,,,0.207,54.93,17.936,0.897,78.9,11.716,,,,,1.564906,59.0
GBR,United Kingdom,2005,43320.563,58.654,61.333,,2.5,5.1,98.78,95.557,59.275,0.019,,91.0,0.687,97.5,99.49,,,,,,,,0.203,55.28,18.508,0.903,79.106,11.97,,,,,1.673415,60.0
GBR,United Kingdom,2006,43944.999,58.7,61.446,,2.5,5.0,98.428,92.346,59.191,0.018,,92.0,0.735,97.5,99.5,,,,,,,,0.198,55.79,19.256,0.902,79.347,12.25,,,,,1.519043,61.0
GBR,United Kingdom,2007,44882.141,58.598,60.597,,2.5,4.9,96.532,91.174,58.845,0.018,,92.0,0.779,97.5,99.51,,,,,,,,0.193,55.55,19.628,0.905,79.534,12.53,,,,,1.658965,62.0
GBR,United Kingdom,2008,44508.287,58.61,60.301,,2.5,4.8,98.633,92.619,57.431,0.018,,92.0,0.787,97.5,99.52,,,,,,,,0.192,55.84,19.612,0.91,79.655,12.81,,,,,1.586597,63.0
GBR,United Kingdom,2009,42146.51,57.231,58.236,,2.5,4.6,97.883,94.462,59.101,0.017,,93.0,0.756,97.5,99.54,,,,,,,,0.186,55.99,19.768,0.915,80.156,13.09,,,,,1.501522,64.0
GBR,United Kingdom,2010,42762.721,56.874,57.466,251.718,2.5,4.4,98.01,96.168,59.847,0.017,,94.0,0.784,97.5,99.56,,,,,,,,0.178,55.91,20.969,0.921,80.391,13.21,8.546,2.559,18.797,4.281,1.695525,65.0
GBR,United Kingdom,2011,42791.093,56.715,57.272,,2.5,4.3,98.117,92.958,59.343,0.016,,95.0,0.782,97.5,99.57,,,,,,,,0.168,56.05,22.072,0.916,80.796,13.19,7.995,2.419,17.365,4.201,1.52939,66.0
GBR,United Kingdom,2012,43136.701,56.858,57.774,,2.5,4.1,98.359,90.8,59.154,0.015,,95.0,0.712,97.5,99.59,,,,,,,,0.161,56.29,22.553,0.917,80.859,13.34,7.76,2.419,16.835,4.028,1.570629,67.0
GBR,United Kingdom,2013,43585.194,57.202,57.023,,2.5,4.0,99.725,93.843,56.779,0.014,,95.0,0.67,97.5,99.6,,,,,,,,0.151,56.64,22.553,0.931,80.923,12.83,7.688,2.419,16.754,3.891,1.677337,68.0
GBR,United Kingdom,2014,44627.882,58.156,57.01,,2.5,3.9,99.899,97.187,56.524,0.014,,95.0,0.747,97.5,99.61,,,,,,,,0.143,56.9,23.023,0.932,81.153,12.89,7.786,3.193,16.263,3.903,1.703858,69.0
GBR,United Kingdom,2015,45255.345,58.793,57.83,259.625,2.5,3.9,99.934,98.135,56.446,0.014,,95.0,0.722,97.5,99.61,,,,,,,,0.129,57.07,26.746,0.931,80.919,12.98,7.966,3.174,16.835,3.889,1.676125,70.0
GBR,United Kingdom,2016,45888.011,59.344,57.264,,2.5,3.8,99.652,,58.084,0.015,,94.0,0.794,97.5,99.62,,,,,,,,0.124,57.42,27.348,0.934,81.067,13.07,8.045,3.153,17.075,3.906,1.755581,71.0
GBR,United Kingdom,2017,47018.025,59.603,56.709,,2.5,3.8,99.492,97.132,59.628,0.014,,94.0,0.546,97.5,99.62,,,,,,,,0.116,57.61,28.522,0.937,81.164,13.16,7.857,2.734,16.964,3.871,1.705635,72.0
GBR,United Kingdom,2018,47514.776,60.023,56.353,,2.5,3.8,,,61.138,0.014,,94.0,0.488,97.5,99.62,,,,,,,,0.111,57.86,28.938,0.936,81.123,13.243,7.87,3.163,16.571,3.875,1.694075,73.0
GBR,United Kingdom,2019,47864.759,60.335,54.79,,2.5,3.8,,,65.512,0.013,,93.0,0.515,97.5,99.62,,,,,,,,0.105,58.43,28.909,0.941,81.443,13.327,8.213,3.163,17.555,3.922,1.726315,74.0
GBR,United Kingdom,2020,42982.463,59.775,54.77,264.251,2.5,3.9,,,69.408,0.019,,93.0,0.169,97.5,99.61,,,,,,,,0.094,58.63,29.965,0.93,80.385,13.41,7.965,3.163,16.949,3.783,,
USA,United States of America,1990,39009.373,,61.347,,,9.4,,,71.496,0.023,,90.0,1.13,,99.06,,,,,,,,0.289,57.5,11.215,0.878,75.374,12.98,,,,,3.06766,45.0
USA,United States of America,1991,38449.882,60.58,60.169,,,9.1,,,72.813,0.023,,86.0,1.336,,99.09,,,,,,,,0.292,57.4,11.215,0.878,75.524,13.027,,,,,2.977167,46.0
USA,United States of America,1992,39256.048,60.358,60.264,,,8.8,,,77.063,0.022,,83.0,1.387,,99.12,,,,,,,,0.291,57.8,11.215,0.882,75.779,13.075,,,,,3.000798,47.0
USA,United States of America,1993,39807.88,60.64,60.215,,,8.5,,,78.714,0.021,,88.0,1.319,,99.15,,,,,,,,0.293,57.9,11.215,0.884,75.568,13.122,,,,,2.955602,48.0
USA,United States of America,1994,40907.018,61.468,60.614,,,8.2,,,79.476,0.02,,94.0,1.226,,99.18,,,,,,,,0.293,58.86,11.215,0.887,75.738,13.17,,,,,3.009216,49.0
USA,United States of America,1995,41507.914,61.897,60.517,,,7.9,,,80.343,0.02,7.1,95.0,1.191,,99.21,99.29,,,,,,,0.292,59.05,11.215,0.888,75.852,13.135,,,,,3.130082,50.0
USA,United States of America,1996,42575.69,62.189,59.828,,,7.7,,,79.337,0.019,7.6,95.0,1.163,,99.23,99.24,,,,,,,0.287,59.34,11.215,0.89,76.175,13.1,,,,,3.14783,51.0
USA,United States of America,1997,43936.905,62.781,59.804,,,7.5,,,,0.019,8.4,96.0,1.204,,99.25,99.16,,,,,,,0.282,59.9,11.215,0.893,76.498,13.065,,,,,2.983911,52.0
USA,United States of America,1998,45374.622,63.033,59.944,,,7.3,,,70.9,0.019,7.1,96.0,1.166,,99.27,99.29,,,,,,,0.281,59.85,11.215,0.895,76.659,13.03,,,,,2.814332,53.0
USA,United States of America,1999,47004.469,63.27,59.601,,,7.2,,,71.375,0.02,9.9,96.0,1.148,,99.28,99.01,,,,,,,0.275,60.03,12.523,0.895,76.669,12.995,,,,,2.681448,54.0
USA,United States of America,2000,48379.755,63.506,59.904,,,7.1,,,,0.021,9.8,94.0,1.113,,99.29,99.02,,,,,,,0.276,59.94,12.523,0.895,76.806,12.96,,,,,2.664088,55.0
USA,United States of America,2001,48361.017,62.746,58.736,,2.5,7.0,,,,0.021,9.9,94.0,0.99,97.5,99.3,99.01,,,,,,,0.269,59.79,13.832,0.897,76.919,12.925,,,,,2.655105,56.0
USA,United States of America,2002,48729.159,61.793,57.593,,2.5,7.0,,,,0.022,8.9,94.0,0.928,97.5,99.3,99.11,,,,,,,0.268,59.62,13.645,0.898,76.988,12.89,,,,,2.733395,57.0
USA,United States of America,2003,49662.752,61.314,56.026,,2.5,6.9,,,,0.022,12.1,96.0,0.859,97.5,99.31,98.79,,,,,,,0.265,59.51,14.019,0.9,77.137,12.855,,,,,2.902368,58.0
USA,United States of America,2004,51098.557,61.407,55.647,,2.5,6.8,,,,0.022,13.1,96.0,0.925,97.5,99.32,98.69,,,,,,,0.26,59.16,14.766,0.905,77.535,12.82,,,,,2.819677,59.0
USA,United States of America,2005,52393.451,61.742,55.308,,2.5,6.8,94.778,89.344,80.635,0.023,15.1,96.0,0.922,97.5,99.32,98.49,,,,,,,0.258,59.26,14.953,0.907,77.526,12.83,,,,,2.889729,60.0
USA,United States of America,2006,53335.59,62.162,55.169,,2.5,6.7,,,,0.023,13.3,96.0,0.964,97.5,99.33,98.67,,,,,,,0.254,59.36,16.262,0.911,77.798,12.91,,,,,2.81137,61.0
USA,United States of America,2007,53889.396,61.99,54.037,,2.5,6.6,,,,0.024,12.7,96.0,0.951,97.5,99.34,98.73,,,,,,,0.254,59.31,16.636,0.914,78.047,12.95,,,,,2.743266,62.0
USA,United States of America,2008,53442.714,61.226,53.486,,2.5,6.5,,,,0.024,,96.0,0.946,97.5,99.35,,,,,,,,0.255,59.47,17.009,0.914,78.127,12.99,,,,,2.737774,63.0
USA,United States of America,2009,51611.322,58.412,51.73,,2.5,6.4,,,,0.024,,95.0,0.877,97.5,99.36,,,,,,,,0.26,59.19,16.51,0.915,78.476,13.01,,,,,2.54631,64.0
USA,United States of America,2010,52555.77,57.592,50.189,247.134,2.5,6.2,93.374,88.385,,0.024,,95.0,0.846,97.5,99.38,,,,,,,,0.245,58.62,16.822,0.919,78.668,13.05,11.493,2.881,25.757,5.842,2.519054,65.0
USA,United States of America,2011,52956.663,57.574,49.998,,2.5,6.1,92.443,89.753,,0.025,,96.0,0.792,97.5,99.39,,,,,,,,0.244,58.1,16.854,0.92,78.702,13.1,11.341,2.816,25.433,5.775,2.496376,66.0
USA,United States of America,2012,53738.148,58.017,49.932,,2.5,6.0,92.793,89.299,,0.025,,94.0,0.798,97.5,99.4,,,,,,,,0.235,57.68,18.352,0.923,78.817,13.14,11.593,2.789,26.252,5.737,2.58958,67.0
USA,United States of America,2013,54462.625,58.108,50.083,,2.5,5.9,92.809,89.466,88.726,0.026,,94.0,0.757,97.5,99.41,,,,,,,,0.231,57.21,18.233,0.925,78.817,13.2,11.583,2.82,26.232,5.697,2.676666,68.0
USA,United States of America,2014,55394.451,58.595,50.041,,2.5,5.8,93.23,89.869,88.627,0.027,,95.0,0.796,97.5,99.42,,,,,,,,0.221,56.97,19.439,0.926,78.879,13.22,11.429,2.814,25.804,5.668,2.668466,69.0
USA,United States of America,2015,56572.919,58.979,50.026,254.612,2.5,5.8,93.897,91.272,88.889,0.027,,95.0,0.798,97.5,99.42,,,,,,,,0.217,56.68,19.476,0.928,78.722,13.25,11.761,2.742,26.789,5.754,2.592322,70.0
USA,United States of America,2016,57151.471,59.391,50.183,,2.5,5.7,95.073,92.183,88.835,0.028,,95.0,0.786,97.5,99.43,,,,,,,,0.214,56.8,19.549,0.929,78.686,13.34,11.649,2.643,26.46,5.845,2.53694,71.0
USA,United States of America,2017,58151.702,59.824,50.453,,2.5,5.6,94.626,92.45,88.167,0.028,,94.0,0.693,97.5,99.44,,,,,,,,0.21,57.04,19.663,0.931,78.648,13.413,11.613,2.639,26.409,5.79,2.680102,72.0
USA,United States of America,2018,59526.666,60.153,50.213,,2.5,5.6,,,88.299,0.027,17.4,94.0,0.586,97.5,99.44,98.26,,,,,,,0.195,57.08,23.596,0.934,78.8,13.5,11.657,2.665,26.625,5.682,2.786768,73.0
USA,United States of America,2019,60750.99,60.543,50.816,,2.5,5.5,,,87.889,0.026,20.1,94.0,0.515,97.5,99.45,97.99,,,,,,,0.191,57.43,23.729,0.936,78.916,13.59,11.651,2.574,26.717,5.663,2.694793,74.0
USA,United States of America,2020,59194.667,56.598,49.025,255.596,2.5,5.5,,,87.568,0.033,23.8,93.0,0.408,97.5,99.45,97.62,,,,,,,0.181,56.2,27.099,0.925,77.011,13.68,11.679,2.575,26.733,5.73,,
URY,Uruguay,1990,8320.356,,53.974,,,20.8,,,30.111,0.082,,97.0,0.586,,97.92,,,,,,,,0.426,37.88,6.923,0.713,72.994,7.155,,,,,0.01706012,45.0
URY,Uruguay,1991,8565.269,52.372,53.87,,,20.4,92.013,,30.754,0.076,,96.0,0.577,,97.96,,,,,,,,0.429,43.78,6.923,0.717,73.198,7.193,,,,,0.4160119,46.0
URY,Uruguay,1992,9193.551,52.439,54.24,,,20.1,93.95,,28.086,0.074,,93.0,0.554,,97.99,,,,,,,,0.426,44.95,6.923,0.719,73.185,7.231,,,,,0.3675325,47.0
URY,Uruguay,1993,9388.109,51.865,54.119,,,19.7,94.633,,,0.07,,92.0,0.529,,98.03,,,,,,,,0.426,43.97,6.923,0.722,73.147,7.269,,,,,0.2486986,48.0
URY,Uruguay,1994,10019.348,52.857,57.55,,,19.2,93.012,,,0.069,,91.0,0.521,,98.08,,,,,,,,0.426,45.46,6.923,0.727,73.162,7.307,,,,,0.1063975,49.0
URY,Uruguay,1995,9822.897,53.259,58.378,,,18.5,92.53,,,0.065,22.9,91.0,0.522,,98.15,97.71,,,,,,,0.422,46.72,6.923,0.729,73.493,7.346,,,,,-0.09044705,50.0
URY,Uruguay,1996,10316.203,53.115,57.407,,,17.7,92.045,,29.964,0.062,18.7,91.0,0.528,,98.23,98.13,97.0,,,0.87,0.585,0.042,0.419,47.11,6.923,0.736,73.812,7.47,,,,,0.07437824,51.0
URY,Uruguay,1997,11138.868,53.72,58.487,,,16.8,92.201,,,0.059,30.2,91.0,0.529,,98.32,96.98,,,,,,,0.415,48.37,6.923,0.747,73.92,7.681,,,,,0.02758691,52.0
URY,Uruguay,1998,11584.949,55.297,59.557,,,16.0,,,35.438,0.054,20.1,91.0,0.493,,98.4,97.99,,,,,,,0.41,49.63,6.923,0.757,74.029,7.893,,,,,-0.07759718,53.0
URY,Uruguay,1999,11357.087,53.536,57.522,,,15.3,,,33.62,0.052,11.1,93.0,0.454,,98.47,98.89,,,,,,,0.381,48.8,11.538,0.76,74.293,8.104,,,,,0.03205758,54.0
URY,Uruguay,2000,11096.331,52.567,57.967,,,14.7,,,33.841,0.048,17.1,90.0,0.374,,98.53,98.29,,,,,,,0.379,49.34,11.538,0.764,74.693,8.316,,,,,0.04992545,55.0
URY,Uruguay,2001,10643.557,52.289,59.527,,3.6,14.3,,,37.779,0.049,36.6,94.0,0.246,96.4,98.57,96.34,,,,,,,0.367,51.63,11.538,0.771,74.987,8.527,,,,,0.03588659,56.0
URY,Uruguay,2002,9806.771,49.987,55.12,,3.3,14.0,,,39.583,0.047,34.6,95.0,0.141,96.7,98.6,96.54,,,,,,,0.363,49.97,11.538,0.775,74.979,8.739,,,,,0.04366272,57.0
URY,Uruguay,2003,9878.757,49.264,52.501,,3.0,13.6,,,41.763,0.044,21.7,91.0,0.071,97.0,98.64,97.83,,,,,,,0.357,49.68,11.538,0.78,75.086,8.95,,,,,0.03103398,58.0
URY,Uruguay,2004,10366.907,51.763,52.696,,2.6,13.1,,,42.766,0.041,18.0,94.0,0.06,97.4,98.69,98.2,,,,,,,0.352,49.44,11.538,0.779,75.319,8.633,,,,,0.02842132,59.0
URY,Uruguay,2005,11131.398,52.367,53.064,,2.5,12.4,97.35,,44.384,0.039,19.1,96.0,0.08,97.5,98.76,98.09,,,,,,,0.351,50.25,10.769,0.778,75.829,8.317,,,,,-0.07905874,60.0
URY,Uruguay,2006,11574.471,55.26,53.393,,2.5,11.6,99.714,,45.34,0.037,12.7,95.0,0.114,97.5,98.84,98.73,98.0,0.4594137966632843,South America,0.892,0.38,0.042,0.349,51.91,10.769,0.777,75.888,8.0,,,,,-0.06660176,61.0
URY,Uruguay,2007,12310.483,57.816,55.025,,2.5,10.9,98.255,67.655,50.392,0.035,27.4,94.0,0.172,97.5,98.91,97.26,98.0,0.4640476703643799,South America,0.892,0.563,0.042,0.337,53.78,12.308,0.78,76.15,8.185,,,,,-0.148146,62.0
URY,Uruguay,2008,13165.836,58.869,53.87,,2.5,10.2,99.412,69.476,51.063,0.034,14.8,94.0,0.213,97.5,98.98,98.52,98.0,0.4508153200149536,South America,0.892,0.542,0.042,0.333,54.74,12.308,0.783,76.275,8.37,,,,,-0.1217203,63.0
URY,Uruguay,2009,13691.714,59.732,54.096,,2.5,9.7,99.377,71.364,50.944,0.032,33.9,95.0,0.239,97.5,99.03,96.61,98.0,0.4554151892662048,South America,0.894,0.624,0.042,0.324,55.39,13.953,0.787,76.67,8.37,,,,,-0.1814792,64.0
URY,Uruguay,2010,14722.378,59.683,53.613,188.054,2.5,9.2,99.541,,51.888,0.031,14.8,95.0,0.256,97.5,99.08,98.52,98.0,0.4447481036186218,South America,0.912,0.633,0.042,0.318,55.08,14.615,0.796,76.691,8.33,15.445,10.296,28.673,7.367,-0.13845,65.0
URY,Uruguay,2011,15443.996,61.853,54.588,,2.5,8.8,99.398,73.459,52.556,0.03,8.6,95.0,0.248,97.5,99.12,99.14,98.0,0.421751469373703,South America,0.912,0.54,0.042,0.325,56.9,12.308,0.801,76.614,8.4,14.394,9.706,25.982,7.495,-0.3361497,66.0
URY,Uruguay,2012,15949.318,61.015,53.384,,2.5,8.5,99.247,74.702,54.707,0.03,10.4,95.0,0.257,97.5,99.15,98.96,98.0,0.3990043401718139,South America,0.912,0.416,0.042,0.324,56.62,12.308,0.804,76.691,8.48,13.643,9.381,23.773,7.776,-0.3903693,67.0
URY,Uruguay,2013,16639.405,60.665,53.34,,2.5,8.2,99.493,,59.951,0.03,18.5,95.0,0.297,97.5,99.18,98.15,98.0,0.4045079350471496,South America,0.912,0.398,0.05,0.326,55.43,12.308,0.812,76.953,8.52,13.884,9.264,24.829,7.558,-0.4336495,68.0
URY,Uruguay,2014,17122.036,61.561,53.046,,2.5,7.9,96.629,76.672,59.827,0.03,18.6,95.0,0.328,97.5,99.21,98.14,98.0,0.4011094272136688,South America,0.911,0.435,0.05,0.326,56.93,11.538,0.816,77.194,8.61,13.464,8.959,24.199,7.235,-0.4298971,69.0
URY,Uruguay,2015,17125.902,60.072,50.61,194.537,2.5,7.5,99.453,81.607,57.79,0.029,22.5,95.0,0.347,97.5,99.25,97.75,99.0,0.4012860059738159,South America,0.897,0.455,0.044,0.29,56.31,19.231,0.818,77.285,8.67,13.505,8.964,24.58,6.97,-0.4565317,70.0
URY,Uruguay,2016,17357.235,59.546,49.438,,2.5,7.2,99.6,83.279,59.646,0.028,19.1,95.0,0.334,97.5,99.28,98.09,99.0,0.3969535529613495,South America,0.897,0.505,0.044,0.284,56.35,19.231,0.821,77.351,8.7,13.125,8.718,23.935,6.722,-0.405276,71.0
URY,Uruguay,2017,17611.604,59.056,48.002,,2.5,6.8,99.378,88.213,59.752,0.027,18.6,93.0,0.271,97.5,99.32,98.14,99.0,0.3946439027786255,South America,0.889,0.405,0.044,0.26,56.07,22.308,0.827,77.618,8.83,12.811,8.637,23.58,6.217,-0.4713328,72.0
URY,Uruguay,2018,17608.944,58.371,47.717,,2.5,6.5,,,60.278,0.024,14.9,91.0,0.18,97.5,99.35,98.51,99.0,0.3968712091445923,South America,0.9,0.505,0.044,0.254,55.96,22.308,0.826,77.527,8.91,12.826,8.196,23.818,6.465,-0.3569252,73.0
URY,Uruguay,2019,17758.438,57.883,47.269,,2.5,6.2,,,61.964,0.022,13.3,94.0,0.079,97.5,99.38,98.67,99.0,0.3967631459236145,South America,0.898,0.643,0.044,0.256,56.0,20.93,0.83,77.503,8.98,12.781,8.158,23.753,6.432,-0.4205616,74.0
URY,Uruguay,2020,16443.364,54.741,42.613,202.446,2.5,6.0,,,64.933,0.026,22.3,92.0,0.052,97.5,99.4,97.77,,,,,,,0.235,54.23,23.077,0.837,78.381,9.5,12.475,8.158,23.261,6.007,,
UZB,Uzbekistan,1990,1569.011,,44.608,,,60.4,,,16.855,0.228,,,2.412,,93.96,,,,,,,,,,,,,,,,,,,
UZB,Uzbekistan,1991,1524.204,55.837,45.868,,,60.5,,,17.005,0.216,,,2.404,,93.95,,,,,,,,,,,,,,,,,,,
UZB,Uzbekistan,1992,1320.598,55.615,46.597,,,60.8,,,16.437,0.209,,90.0,2.46,,93.92,,,,,,,,,,,,,,,,,,,
UZB,Uzbekistan,1993,1260.716,54.751,47.199,,,60.9,,,,0.202,,45.0,2.314,,93.91,,,,,,,,,,,,,,,,,,,
UZB,Uzbekistan,1994,1169.869,53.601,47.522,,,60.9,,,,0.197,,67.0,2.139,,93.91,,,,,,,,,,,,,,,,,,0.4076567,49.0
UZB,Uzbekistan,1995,1136.358,53.289,47.47,,,60.7,,,,0.182,,87.0,2.002,,93.93,,,,,,,,,,,,,,,,,,0.9418669,50.0
UZB,Uzbekistan,1996,1134.179,51.349,46.827,,,60.3,,,,0.163,,95.0,1.878,,93.97,,,,,,,,,,,,,,,,,,0.7998371,51.0
UZB,Uzbekistan,1997,1172.718,51.151,46.239,,,59.6,,,,0.145,,96.0,1.728,,94.04,,,,,,,,,,,,,,,,,,0.6477262,52.0
UZB,Uzbekistan,1998,1204.091,49.688,45.809,,,58.5,,,,0.135,,99.0,1.57,,94.15,,,,,,,,,,,,,,,,,,0.7208856,53.0
UZB,Uzbekistan,1999,1238.366,49.679,45.438,,,57.0,,,12.98,0.126,,99.0,1.403,,94.3,,,,,,,,,,,,,,,,,,0.7476809,54.0
UZB,Uzbekistan,2000,1269.721,49.968,44.495,,,55.1,,,13.008,0.118,,99.0,1.263,,94.49,,99.0,,,0.156,-1.02,0.836,0.352,32.27,7.2,0.603,65.456,10.062,,,,,0.4919163,55.0
UZB,Uzbekistan,2001,1306.606,50.361,43.897,,19.0,52.9,,,13.298,0.111,,99.0,1.216,81.0,94.71,,,,,,,,0.334,32.27,7.2,0.61,65.853,10.15,,,,,,
UZB,Uzbekistan,2002,1341.96,50.669,42.86,,20.4,50.3,,,13.738,0.105,,99.0,1.227,79.6,94.97,,,,,,,,0.321,32.74,7.2,0.618,66.376,10.239,,,,,0.5094087,57.0
UZB,Uzbekistan,2003,1381.826,50.959,42.096,,18.9,47.6,,,13.835,0.1,,98.0,1.218,81.1,95.24,,,,,,,,0.308,33.22,7.2,0.625,66.852,10.328,,,,,0.4371893,58.0
UZB,Uzbekistan,2004,1466.613,51.346,41.353,,16.0,44.7,,,13.853,0.098,,99.0,1.23,84.0,95.53,,,,,,,,0.227,37.2,17.5,0.632,67.203,10.419,,,,,0.1133699,59.0
UZB,Uzbekistan,2005,1549.046,51.652,40.65,,13.0,41.7,,,9.844,0.096,,99.0,1.251,87.0,95.83,,,,,,,,0.232,37.52,16.364,0.638,67.481,10.51,,,,,-0.3295362,60.0
UZB,Uzbekistan,2006,1643.146,51.877,39.64,,10.3,38.8,,,9.961,0.094,,96.0,1.289,89.7,96.12,,,,,,,,0.227,38.12,16.364,0.644,67.905,10.602,,,,,-0.4962438,61.0
UZB,Uzbekistan,2007,1773.758,52.231,38.878,,8.0,35.8,90.111,,9.831,0.094,,96.0,1.402,92.0,96.42,,,,,,,,0.227,47.9,16.364,0.658,68.483,10.695,,,,,-0.5127016,62.0
UZB,Uzbekistan,2008,1904.459,52.214,38.405,,6.2,33.0,88.691,,9.899,0.094,,98.0,1.535,93.8,96.7,,,,,,,,0.234,57.68,16.364,0.663,69.035,10.789,,,,,-0.4497804,63.0
UZB,Uzbekistan,2009,2025.043,52.612,38.972,,4.8,30.4,88.213,,9.816,0.091,,98.0,1.604,95.2,96.96,,,,,,,,0.258,67.46,19.2,0.672,69.517,10.883,,,,,-0.2462987,64.0
UZB,Uzbekistan,2010,2144.64,52.406,38.332,,3.6,27.9,89.171,85.91,8.857,0.087,,99.0,1.584,96.4,97.21,,,,,,,,0.272,66.57,19.2,0.681,69.836,10.979,,1.934,,16.408,-0.3748685,65.0
UZB,Uzbekistan,2011,2271.009,52.795,38.549,,2.8,25.6,89.71,86.606,8.585,0.084,,99.0,1.53,97.2,97.44,,,,,,,,0.281,64.87,19.2,0.686,70.143,11.075,,1.934,,15.595,-0.532046,66.0
UZB,Uzbekistan,2012,2395.84,53.08,38.435,,2.5,23.5,91.437,88.3,7.85,0.082,,99.0,1.511,97.5,97.65,,,,,,,,0.283,65.29,19.2,0.692,70.411,11.172,,1.934,,14.486,-0.2612019,67.0
UZB,Uzbekistan,2013,2530.684,53.161,38.029,,2.5,21.7,92.805,88.52,7.977,0.085,,99.0,1.567,97.5,97.83,,100.0,,,0.166,-0.929,0.849,0.275,66.28,19.2,0.698,70.692,11.27,,1.934,,13.641,-0.3327422,68.0
UZB,Uzbekistan,2014,2659.991,53.207,38.014,,2.5,20.0,94.091,88.07,7.992,0.087,,99.0,1.665,97.5,98.0,,100.0,,,0.167,-0.636,0.849,0.272,67.09,19.2,0.703,70.973,11.34,,1.934,,12.875,-0.3730838,69.0
UZB,Uzbekistan,2015,2803.19,53.387,38.007,,2.5,18.6,94.446,88.741,8.053,0.087,,99.0,1.727,97.5,98.14,,100.0,,,0.165,-0.753,0.852,0.276,67.87,16.4,0.707,71.33,11.36,,1.934,,12.057,-0.3579528,70.0
UZB,Uzbekistan,2016,2918.677,53.534,37.891,,2.5,17.4,95.112,89.807,8.34,0.084,,99.0,1.726,97.5,98.26,,100.0,,,0.169,-0.662,0.853,0.267,68.58,16.4,0.714,71.58,11.67,,1.934,,11.475,-0.2342874,71.0
UZB,Uzbekistan,2017,2995.768,53.176,37.319,,2.5,16.4,96.269,90.856,8.648,0.082,,99.0,1.694,97.5,98.36,,,,,,,,0.259,69.87,16.4,0.719,71.737,11.72,,1.934,,10.987,-0.2384617,72.0
UZB,Uzbekistan,2018,3108.162,53.503,37.0,,2.5,15.5,94.597,,9.959,0.084,,98.0,1.727,97.5,98.45,,100.0,,,0.188,-0.617,0.799,0.267,68.74,16.4,0.725,71.999,11.77,,1.934,,10.529,-0.4270381,73.0
UZB,Uzbekistan,2019,3259.37,53.831,36.597,,2.5,14.8,,,13.032,0.087,,96.0,1.81,97.5,98.52,,100.0,,,0.202,-0.6,0.784,0.269,67.6,16.4,0.73,72.093,11.9,,1.934,,10.151,-0.2808059,74.0
UZB,Uzbekistan,2020,3249.052,52.579,35.604,187.657,2.5,14.2,,,15.972,0.09,,95.0,1.868,97.5,98.58,,,,,,,,0.266,39.92,29.15,0.723,71.461,11.89,,1.934,,9.43,,
VEN,Venezuela,1990,3762.275,,49.862,,,24.3,,,26.877,0.309,,63.0,2.441,,97.57,,,,,,,,,,,,,,,,,,-0.3306956,45.0
VEN,Venezuela,1991,4031.178,58.426,49.952,,,23.5,,,27.491,0.289,,64.0,2.382,,97.65,,,,,,,,,,,,,,,,,,-0.4189119,46.0
VEN,Venezuela,1992,4177.539,59.776,49.882,,,22.8,,,27.043,0.288,,67.0,2.317,,97.72,,,,,,,,,,,,,,,,,,-0.2791665,47.0
VEN,Venezuela,1993,4095.708,60.362,49.574,,,22.3,,,,0.28,,67.0,2.253,,97.77,,,,,,,,,,,,,,,,,,-0.2885807,48.0
VEN,Venezuela,1994,3912.839,58.818,49.15,,,22.0,,,,0.281,,63.0,2.19,,97.8,,,,,,,,,,,,,,,,,,-0.5726159,49.0
VEN,Venezuela,1995,3981.573,57.843,48.978,,,21.5,,,,0.274,,68.0,2.134,,97.85,,,,,,,,,,,,,,,,,,-0.3116957,50.0
VEN,Venezuela,1996,3891.579,56.721,48.618,,,20.8,,,,0.274,,57.0,2.088,,97.92,,,,,,,,,,,,,,,,,,-0.3093354,51.0
VEN,Venezuela,1997,4055.48,57.358,48.543,,,20.0,,,,0.256,59.6,60.0,2.051,,98.0,94.04,,,,,,,,,,,,,,,,,-0.2373331,52.0
VEN,Venezuela,1998,3986.467,57.264,48.205,,,19.1,,,,0.251,,39.0,2.01,,98.09,,,,,,,,,,,,,,,,,,-0.415513,53.0
VEN,Venezuela,1999,3675.991,54.607,47.624,,,18.2,85.453,48.533,,0.262,59.3,76.0,1.952,,98.18,94.07,,,,,,,,,,,,,,,,,-0.5103374,54.0
VEN,Venezuela,2000,3740.02,55.057,47.451,,,17.5,87.623,51.453,27.811,0.25,60.1,77.0,1.894,,98.25,93.99,,,,,,,,,,,,,,,,,-0.5103624,55.0
VEN,Venezuela,2001,3796.806,55.757,47.236,,14.1,17.0,90.076,54.8,,0.289,67.2,70.0,1.831,85.9,98.3,93.28,,,,,,,,,,,,,,,,,-0.554175,56.0
VEN,Venezuela,2002,3398.568,53.076,46.514,,14.2,16.6,93.001,57.323,37.519,0.247,68.0,65.0,1.808,85.8,98.34,93.2,,,,,,,,,,,,,,,,,-0.4719105,57.0
VEN,Venezuela,2003,3079.663,52.044,45.869,,13.8,16.2,91.542,58.96,39.206,0.268,57.8,68.0,1.781,86.2,98.38,94.22,,,,,,,,,,,,,,,,,-0.5523366,58.0
VEN,Venezuela,2004,3580.854,54.102,46.237,,9.3,15.7,91.649,61.335,41.206,0.252,,86.0,1.716,90.7,98.43,,,,,,,,,,,,,,,,,,-1.0001,59.0
VEN,Venezuela,2005,3884.701,57.422,46.265,,7.8,15.3,90.65,63.143,,0.248,59.9,87.0,1.675,92.2,98.47,94.01,,,,,,,,,,,,,,,,,-1.120175,60.0
VEN,Venezuela,2006,4199.398,59.278,45.606,,6.5,14.8,90.748,66.59,,0.253,,71.0,1.625,93.5,98.52,,,,,,,,,,,,,,,,,,-1.26872,61.0
VEN,Venezuela,2007,4496.849,59.727,44.458,,4.4,14.5,91.95,68.839,,0.235,56.8,62.0,1.548,95.6,98.55,94.32,,,,,,,,,,,,,,,,,-1.199333,62.0
VEN,Venezuela,2008,4665.953,60.279,43.849,,2.6,14.4,90.005,69.98,78.252,0.259,62.9,50.0,1.452,97.4,98.56,93.71,,,,,,,,,,,,,,,,,-1.313866,63.0
VEN,Venezuela,2009,4455.453,60.138,42.816,,2.5,14.4,92.013,71.69,78.27,0.265,73.0,84.0,1.362,97.5,98.56,92.7,,,,,,,,,,,,,,,,,-1.372799,64.0
VEN,Venezuela,2010,4332.027,59.312,41.607,179.356,2.5,14.5,92.481,71.946,,0.264,69.3,78.0,1.309,97.5,98.55,93.07,,,,,,,,,,,,,,,,,-1.296032,65.0
VEN,Venezuela,2011,4455.411,59.234,40.651,,2.5,14.8,92.698,73.033,,0.25,73.3,78.0,1.283,97.5,98.52,92.67,,,,,,,,,,,,,,,,,-1.82281,66.0
VEN,Venezuela,2012,4647.373,58.948,39.847,,2.5,15.1,92.498,74.794,,0.268,69.8,81.0,1.255,97.5,98.49,93.02,,,,,,,,,,,,,,,,,-1.494596,67.0
VEN,Venezuela,2013,4653.365,57.913,38.579,,2.5,15.4,91.56,75.075,,0.284,68.7,82.0,1.205,97.5,98.46,93.13,,,,,,,,,,,,,,,,,-1.497832,68.0
VEN,Venezuela,2014,4421.608,57.914,37.326,,3.9,15.8,91.11,75.726,,0.301,82.4,78.0,1.136,96.1,98.42,91.76,,,,,,,,,,,,,,,,,-1.358782,69.0
VEN,Venezuela,2015,4103.138,57.885,36.091,180.844,11.3,16.8,90.699,74.553,,0.302,80.24,87.0,1.052,88.7,98.32,91.976,,,,,,,,,,,,,,,,,-1.595652,70.0
VEN,Venezuela,2016,3382.735,57.93,34.874,,17.4,21.5,88.887,73.304,,0.353,132.84,84.0,0.625,82.6,97.85,86.716,,,,,,,,,,,,,,,,,-1.558314,71.0
VEN,Venezuela,2017,2871.315,56.881,34.341,,23.7,21.5,87.392,73.245,,0.418,122.66,66.0,-0.653,76.3,97.85,87.734,,,,,,,,,,,,,,,,,-1.582938,72.0
VEN,Venezuela,2018,2365.593,55.011,33.775,,23.4,21.5,,,,0.431,125.44,60.0,-2.51,76.6,97.85,87.456,,,,,,,,,,,,,,,,,-1.538688,73.0
VEN,Venezuela,2019,1762.737,51.914,32.893,,24.1,21.5,,,,0.408,,64.0,-2.96,75.9,97.85,,,,,,,,,,,,,,,,,,-1.800307,74.0
VEN,Venezuela,2020,1255.373,44.55,27.993,,18.5,21.5,,,,0.402,,54.0,-1.722,81.5,97.85,,,,,,,,,,,,,,,,,,,
VNM,Vietnam,1990,687.86,,73.6,,,37.2,,,3.054,0.557,,88.0,2.094,,96.28,,,,,,,,,,,,,,,,,,-0.9032005,45.0
VNM,Vietnam,1991,713.747,76.391,73.208,,,35.5,,,2.05,0.529,,88.0,2.096,,96.45,,,,,,,,,,,,,,,,,,-1.041696,46.0
VNM,Vietnam,1992,759.911,76.227,72.538,,,33.7,,,1.626,0.492,,88.0,2.025,,96.63,,,,,,,,,,,,,,,,,,-1.299378,47.0
VNM,Vietnam,1993,805.606,76.126,71.908,,,31.9,,,2.016,0.451,,91.0,1.924,,96.81,,,,,,,,,,,,,,,,,,-1.610302,48.0
VNM,Vietnam,1994,861.122,75.996,71.182,,,30.1,,,2.247,0.402,,94.0,1.806,,96.99,,,,,,,,,,,,,,,,,,-1.658764,49.0
VNM,Vietnam,1995,927.626,75.804,70.364,,,28.4,,,2.832,0.34,,93.0,1.673,,97.16,,,,,,,,0.392,72.6,26.222,0.556,70.871,4.785,,,,,-1.545748,50.0
VNM,Vietnam,1996,998.925,75.625,69.542,,,26.8,,,4.064,0.29,,94.0,1.524,,97.32,,,,,,,,0.383,72.6,26.222,0.567,71.296,4.956,,,,,-1.421923,51.0
VNM,Vietnam,1997,1064.778,73.955,66.194,,,25.3,,,6.841,0.25,,95.0,1.453,,97.47,,,,,,,,0.374,70.8,26.222,0.578,71.67,5.127,,,,,-1.55807,52.0
VNM,Vietnam,1998,1110.113,73.602,63.24,,,23.9,99.696,,9.538,0.204,,94.0,1.435,,97.61,,,,,,,,0.366,70.3,26.222,0.588,72.283,5.297,,,,,-1.311989,53.0
VNM,Vietnam,1999,1148.045,72.773,60.234,,,22.7,98.917,,10.417,0.179,,93.0,1.303,,97.73,,,,,,,,0.359,70.4,26.0,0.596,72.575,5.468,,,,,-1.474536,54.0
VNM,Vietnam,2000,1212.197,71.734,56.239,,,21.7,97.931,,9.247,0.174,,96.0,1.13,,97.83,,,,,,,,0.353,68.8,26.0,0.604,72.746,5.638,,,,,-1.298028,55.0
VNM,Vietnam,2001,1273.805,72.844,60.787,,19.5,20.7,96.2,,9.301,0.163,130.0,96.0,1.051,80.5,97.93,87.0,,,,,,,0.339,69.6,26.0,0.612,72.984,5.851,,,,,-1.380804,56.0
VNM,Vietnam,2002,1340.517,72.838,58.644,,17.7,19.9,93.552,,9.557,0.153,,75.0,1.024,82.3,98.01,,,,,,,,0.331,69.0,27.309,0.621,73.138,6.063,,,,,-1.425747,57.0
VNM,Vietnam,2003,1418.743,72.429,57.001,,16.0,19.2,,,9.918,0.146,,99.0,1.0,84.0,98.08,,,,,,,,0.326,68.5,27.309,0.63,73.236,6.275,,,,,-1.532455,58.0
VNM,Vietnam,2004,1510.944,72.402,56.122,,15.3,18.6,,,,0.145,,96.0,0.97,84.7,98.14,,,,,,,,0.323,67.6,27.309,0.638,73.062,6.487,,,,,-1.485679,59.0
VNM,Vietnam,2005,1609.963,72.704,56.049,,15.2,18.1,90.702,,15.876,0.134,,95.0,0.928,84.8,98.19,,,,,,,,0.317,68.58,27.309,0.647,73.198,6.699,,,,,-1.405593,60.0
VNM,Vietnam,2006,1699.676,73.07,55.972,,14.9,17.7,91.79,,16.805,0.127,,94.0,1.323,85.1,98.23,,,,,,,,0.318,69.56,27.309,0.656,73.293,6.91,,,,,-1.417416,61.0
VNM,Vietnam,2007,1788.949,73.511,55.89,,13.8,17.3,,,18.95,0.125,,92.0,1.768,86.2,98.27,,,,,,,,0.323,70.53,25.761,0.664,73.385,7.12,,,,,-1.223048,62.0
VNM,Vietnam,2008,1856.005,74.159,57.682,,12.5,17.0,97.422,,20.055,0.124,,93.0,1.827,87.5,98.3,,,,,,,,0.327,71.01,25.761,0.672,73.455,7.33,,,,,-1.290977,63.0
VNM,Vietnam,2009,1927.134,74.718,59.455,,11.3,16.8,98.581,,21.501,0.121,69.0,96.0,1.496,88.7,98.32,93.1,,,,,,,0.331,71.49,25.761,0.679,73.525,7.54,,,,,-1.297024,64.0
VNM,Vietnam,2010,2027.582,75.418,58.086,,10.4,16.5,98.015,,23.925,0.116,,93.0,1.144,89.6,98.35,,,,,,,,0.335,71.57,25.761,0.686,73.611,7.63,18.647,16.578,25.184,14.179,-1.294863,65.0
VNM,Vietnam,2011,2132.905,75.609,56.238,,9.3,16.3,99.325,,25.867,0.115,,95.0,1.152,90.7,98.37,,,,,,,,0.339,71.57,24.4,0.693,73.713,7.72,18.602,16.578,25.184,14.045,-1.226559,66.0
VNM,Vietnam,2012,2224.114,75.539,54.892,,8.8,16.2,98.056,,25.749,0.117,,97.0,1.171,91.2,98.38,,,,,,,,0.34,71.75,24.4,0.698,73.762,7.81,17.154,16.578,20.953,13.93,-1.144086,67.0
VNM,Vietnam,2013,2320.084,76.217,57.379,,8.4,16.0,97.965,,25.625,0.116,,59.0,1.18,91.6,98.4,,,,,,,,0.341,72.65,24.4,0.704,73.821,7.9,17.48,17.639,20.953,13.847,-1.118149,68.0
VNM,Vietnam,2014,2439.287,76.335,57.494,,8.3,15.8,,,31.331,0.121,,95.0,1.214,91.7,98.42,,,,,,,,0.341,72.7,24.297,0.711,73.886,7.99,16.779,17.639,18.969,13.727,-1.113908,69.0
VNM,Vietnam,2015,2577.569,75.999,58.852,215.253,8.0,15.6,,,29.725,0.118,,97.0,1.24,92.0,98.44,,,,,,,,0.339,72.49,24.297,0.717,73.955,8.08,16.748,17.639,18.969,13.636,-1.085462,70.0
VNM,Vietnam,2016,2715.579,75.542,56.576,,7.7,15.4,,,29.081,0.109,,96.0,1.26,92.3,98.46,,,,,,,,0.327,71.95,26.721,0.723,73.984,8.17,16.9,17.639,19.505,13.556,-1.103752,71.0
VNM,Vietnam,2017,2868.137,75.753,56.414,,7.3,15.2,,,25.953,0.105,,94.0,1.244,92.7,98.48,,,,,,,,0.325,71.44,26.721,0.729,74.026,8.26,16.869,17.639,19.505,13.461,-0.9702065,72.0
VNM,Vietnam,2018,3048.283,76.582,55.153,,6.9,15.0,,,,0.095,,75.0,1.108,93.1,98.5,,,,,,,,0.32,70.45,26.721,0.737,74.1,8.35,17.041,17.639,20.125,13.358,-0.8979024,73.0
VNM,Vietnam,2019,3241.076,75.327,57.249,,6.4,14.9,,,30.224,0.095,,89.0,0.968,93.6,98.51,,,,,,,,0.318,70.47,26.721,0.744,74.211,8.44,16.993,17.639,20.125,13.215,-0.8158486,74.0
VNM,Vietnam,2020,3303.169,72.803,52.761,221.667,5.9,14.7,,,,0.092,,94.0,0.927,94.1,98.53,,,,,,,,0.312,67.86,26.721,0.755,75.383,8.62,16.475,15.255,21.054,13.117,,
VIR,Virgin Islands (U.S.),2002,43205.725,54.979,41.883,,,,,,,,0.0,,-0.037,,,100.0,,,,,,,,,,,,,,,,,,
VIR,Virgin Islands (U.S.),2003,43036.182,53.434,41.525,,,,,,,,0.0,,-0.004,,,100.0,,,,,,,,,,,,,,,,,,
VIR,Virgin Islands (U.S.),2004,44466.287,55.259,41.383,,,,,,,,,,-0.036,,,,,,,,,,,,,,,,,,,,,
VIR,Virgin Islands (U.S.),2005,46021.591,56.129,41.233,,,,,,,,0.0,,-0.012,,,100.0,,,,,,,,,,,,,,,,,,
VIR,Virgin Islands (U.S.),2006,47671.567,56.685,41.025,,,,,,,,0.0,,-0.077,,,100.0,,,,,,,,,,,,,,,,,,
VIR,Virgin Islands (U.S.),2007,49598.126,57.316,40.754,,,,,,,,,,-0.03,,,,,,,,,,,,,,,,,,,,,
VIR,Virgin Islands (U.S.),2008,50174.753,56.96,40.26,,,,,,,,,,0.055,,,,,,,,,,,,,,,,,,,,,
VIR,Virgin Islands (U.S.),2009,46862.808,56.048,39.344,,,,,,,,,,0.006,,,,,,,,,,,,,,,,,,,,,
VIR,Virgin Islands (U.S.),2010,47162.738,54.163,38.825,,,,,,,,,,-0.043,,,,,,,,,,,,,,,,,,,,,
VIR,Virgin Islands (U.S.),2011,43320.177,54.506,37.758,,,,,,,,,,-0.062,,,,,,,,,,,,,,,,,,,,,
VIR,Virgin Islands (U.S.),2012,36938.168,53.467,36.528,,,,,,,,,,-0.094,,,,,,,,,,,,,,,,,,,,,
VIR,Virgin Islands (U.S.),2013,34663.646,50.228,35.939,,,,,,,,,,-0.136,,,,,,,,,,,,,,,,,,,,,
VIR,Virgin Islands (U.S.),2014,34098.711,49.585,35.638,,,,,,,,,,-0.147,,,,,,,,,,,,,,,,,,,,,
VIR,Virgin Islands (U.S.),2015,34007.353,51.819,35.197,,,,,,,,,,-0.158,,,,,,,,,,,,,,,,,,,,,
VIR,Virgin Islands (U.S.),2016,34614.748,51.48,34.616,,,,,,,,,,-0.182,,,,,,,,,,,,,,,,,,,,,
VIR,Virgin Islands (U.S.),2017,34435.494,52.367,33.794,,,,,,,,,,-0.219,,,,,,,,,,,,,,,,,,,,,
VIR,Virgin Islands (U.S.),2018,35174.102,48.621,33.113,,,,,,,,,,-0.261,,,,,,,,,,,,,,,,,,,,,
VIR,Virgin Islands (U.S.),2019,36309.744,46.145,32.529,,,,,,,,,,-0.311,,,,,,,,,,,,,,,,,,,,,
VIR,Virgin Islands (U.S.),2020,35850.743,44.919,31.912,,,,,,,,,,-0.356,,,,,,,,,,,,,,,,,,,,,
PSE,West Bank and Gaza,1994,2137.389,35.964,28.291,,,32.7,,,,0.43,,98.0,4.478,,96.73,,,,,,,,,,,,,,,,,,,
PSE,West Bank and Gaza,1995,2189.265,35.976,28.195,,,31.5,,,,0.407,,99.0,4.478,,96.85,,,,,,,,,,,,,,,,,,,
PSE,West Bank and Gaza,1996,2118.82,35.997,28.207,,,30.3,,,15.833,0.38,,97.0,4.478,,96.97,,,,,,,,,,,,,,,,,,,
PSE,West Bank and Gaza,1997,2323.206,36.026,27.965,,,29.2,,,18.397,0.359,,96.0,4.478,,97.08,,,,,,,,,,,,,,,,,,,
PSE,West Bank and Gaza,1998,2589.204,35.976,27.691,,,28.2,,,20.169,0.349,,98.0,2.555,,97.18,,,,,,,,,,,,,,,,,,,
PSE,West Bank and Gaza,1999,2732.873,35.964,27.513,,,27.2,88.37,73.236,22.771,0.336,,89.0,2.555,,97.28,,,,,,,,,,,,,,,,,,,
PSE,West Bank and Gaza,2000,2436.012,35.977,27.631,,,26.4,88.091,74.671,23.625,0.334,,93.0,2.555,,97.36,,,,,,,,,,,,,,,,,,,
PSE,West Bank and Gaza,2001,2153.457,28.754,23.992,,,25.5,85.449,75.418,25.773,0.334,,97.0,2.555,,97.45,,,,,,,,,,,,,,,,,,,
PSE,West Bank and Gaza,2002,1836.98,26.045,21.758,,,24.8,85.266,78.092,27.504,0.313,,97.0,2.555,,97.52,,,,,,,,,,,,,,,,,,,
PSE,West Bank and Gaza,2003,2041.605,29.843,23.969,,,24.0,84.414,80.88,31.26,0.295,,98.0,2.555,,97.6,,,,,,,,,,,,,,,,,,,
PSE,West Bank and Gaza,2004,2426.416,29.349,22.993,,,23.3,82.163,84.533,35.172,0.282,,96.0,2.555,,97.67,,,,,,,,,,,,,,,,,,,
PSE,West Bank and Gaza,2005,2632.246,30.907,23.21,,,22.6,79.7,85.619,38.401,0.258,,96.0,2.555,,97.74,,,,,,,,,,,,,,,,,,,
PSE,West Bank and Gaza,2006,2540.268,31.285,23.514,,,21.8,80.212,86.683,40.144,0.245,,96.0,2.555,,97.82,,,,,,,,,,,,,,,,,,,
PSE,West Bank and Gaza,2007,2569.984,32.621,24.746,,,21.1,79.59,86.455,43.545,0.229,,99.0,2.555,,97.89,,,,,,,,,,,,,,,,,,,
PSE,West Bank and Gaza,2008,2685.986,30.354,25.182,,,20.4,83.733,86.291,44.702,0.226,,96.0,2.751,,97.96,,,,,,,,,,,,,,,,,,,
PSE,West Bank and Gaza,2009,2840.016,31.445,24.952,,,19.7,85.435,85.041,43.409,0.218,,97.0,2.668,,98.03,,,,,,,,,,,,,,,,,,,
PSE,West Bank and Gaza,2010,2927.081,31.431,24.88,146.612,,19.0,87.004,83.275,45.094,0.193,,99.0,2.597,,98.1,,,,,,,,,,,,,,,,,,,
PSE,West Bank and Gaza,2011,3128.108,34.083,26.846,,,18.4,87.753,81.388,47.509,0.174,,99.0,2.525,,98.16,,,,,,,,,,,,,,,,,,,
PSE,West Bank and Gaza,2012,3237.916,33.675,27.948,,,17.7,91.726,81.751,47.042,0.156,,97.0,2.468,,98.23,,,,,,,,,,,,,,,,,,,
PSE,West Bank and Gaza,2013,3309.631,33.485,27.7,,,17.1,92.376,81.783,45.235,0.136,,99.0,2.401,,98.29,,,,,,,,,,,,,,,,,,,
PSE,West Bank and Gaza,2014,3227.849,33.473,28.022,,,17.6,93.531,82.224,44.845,0.125,,99.0,2.344,,98.24,,,,,,,,,,,,,,,,,,,
PSE,West Bank and Gaza,2015,3272.154,33.852,30.884,156.625,,15.8,93.222,83.723,46.087,0.11,,99.0,2.29,,98.42,,,,,,,,,,,,,,,,,,,
PSE,West Bank and Gaza,2016,3483.099,33.291,30.978,,,15.2,93.844,85.183,45.392,0.096,,99.0,2.246,,98.48,,,,,,,,,,,,,,,,,,,
PSE,West Bank and Gaza,2017,3462.98,32.705,31.445,,,14.7,95.263,87.201,45.504,0.084,,99.0,1.989,,98.53,,,,,,,,,,,,,,,,,,,
PSE,West Bank and Gaza,2018,3417.794,32.043,30.505,,,14.1,94.843,87.226,46.485,0.077,,99.0,2.533,,98.59,,,,,,,,,,,,,,,,,,,
PSE,West Bank and Gaza,2019,3378.435,33.052,30.268,,,13.6,,,45.633,0.068,19.1,99.0,2.512,,98.64,98.09,,,,,,,,,,,,,,,,,,
PSE,West Bank and Gaza,2020,2922.468,30.336,26.226,167.524,,13.2,,,45.39,0.073,,98.0,2.487,,98.68,,,,,,,,,,,,,,,,,,,
YEM,"Yemen, Rep.",1990,1722.224,,32.541,,,96.6,,,,2.851,,84.0,3.844,,90.34,,,,,,,,,,,,,,,,,,,
YEM,"Yemen, Rep.",1991,1761.811,40.465,32.453,,,94.3,,,,2.689,,47.0,3.831,,90.57,,,,,,,,,,,,,,,,,,-1.280336,46.0
YEM,"Yemen, Rep.",1992,1835.281,40.456,32.26,,,92.4,,,3.99,2.563,,50.0,3.803,,90.76,,,,,,,,,,,,,,,,,,-1.34146,47.0
YEM,"Yemen, Rep.",1993,1838.283,40.458,32.28,,,90.7,,,,2.441,,54.0,3.761,,90.93,,,,,,,,,,,,,,,,,,-1.073838,48.0
YEM,"Yemen, Rep.",1994,1890.755,40.438,32.151,,,89.2,,,,2.315,,33.0,3.691,,91.08,,,,,,,,,,,,,,,,,,-1.086243,49.0
YEM,"Yemen, Rep.",1995,1927.423,40.481,32.897,,,87.9,,,,2.127,,44.0,3.594,,91.21,,,,,,,,,,,,,,,,,,-0.5780111,50.0
YEM,"Yemen, Rep.",1996,1949.998,40.555,33.661,,,86.3,,,,1.898,,47.0,3.366,,91.37,,,,,,,,,,,,,,,,,,-0.8093885,51.0
YEM,"Yemen, Rep.",1997,1987.627,40.602,34.441,,,84.5,,,3.972,1.789,,40.0,3.188,,91.55,,,,,,,,,,,,,,,,,,-0.8789797,52.0
YEM,"Yemen, Rep.",1998,2041.671,40.658,35.234,,,82.1,,,,1.675,,68.0,3.15,,91.79,,,,,,,,,,,,,,,,,,-0.8220793,53.0
YEM,"Yemen, Rep.",1999,2053.798,40.72,36.044,,,79.2,56.753,33.482,9.011,1.587,,71.0,3.114,,92.08,,,,,,,,,,,,,,,,,,-0.6300294,54.0
YEM,"Yemen, Rep.",2000,2114.673,39.974,35.377,,,75.9,,,,1.491,,74.0,3.077,,92.41,,,,,,,,,,,,,,,,,,-0.705686,55.0
YEM,"Yemen, Rep.",2001,2129.773,39.232,34.734,,,72.3,65.196,,,1.395,,73.0,3.022,,92.77,,,,,,,,,,,,,,,,,,-1.021403,56.0
YEM,"Yemen, Rep.",2002,2148.889,38.547,34.112,,,68.6,,,9.184,1.287,365.0,65.0,2.966,,93.14,63.5,,,,,,,,,,,,,,,,,-1.204076,57.0
YEM,"Yemen, Rep.",2003,2164.861,37.876,33.514,,,65.2,71.358,,8.781,1.192,,61.0,2.938,,93.48,,,,,,,,,,,,,,,,,,-1.29187,58.0
YEM,"Yemen, Rep.",2004,2185.79,37.277,32.94,,,61.9,74.314,,8.359,1.104,,72.0,2.934,,93.81,,,,,,,,,,,,,,,,,,-1.163737,59.0
YEM,"Yemen, Rep.",2005,2237.638,36.752,32.389,,,58.7,76.719,,8.337,1.004,,79.0,3.097,,94.13,,,,,,,,,,,,,,,,,,-1.106099,60.0
YEM,"Yemen, Rep.",2006,2234.743,36.253,31.86,,,55.8,,,8.007,0.931,,78.0,3.251,,94.42,,,,,,,,,,,,,,,,,,-0.8588981,61.0
YEM,"Yemen, Rep.",2007,2235.751,35.788,31.355,,,53.1,,,9.049,0.853,,79.0,3.239,,94.69,,,,,,,,,,,,,,,,,,-0.9193129,62.0
YEM,"Yemen, Rep.",2008,2244.045,35.346,30.873,,,50.6,76.802,,9.209,0.789,,78.0,3.212,,94.94,,,,,,,,,,,,,,,,,,-1.185958,63.0
YEM,"Yemen, Rep.",2009,2257.469,34.962,30.414,,,48.5,,,9.698,0.75,,76.0,3.197,,95.15,,,,,,,,,,,,,,,,,,-1.24506,64.0
YEM,"Yemen, Rep.",2010,2356.2,34.644,29.974,,,46.6,81.533,39.724,9.262,0.7,,76.0,3.139,,95.34,,,,,,,,,,,,,,,,,,-1.00646,65.0
YEM,"Yemen, Rep.",2011,1994.837,33.743,28.647,,,45.0,,,8.807,0.657,,69.0,3.05,,95.5,,,,,,,,,,,,,,,,,,-0.9668869,66.0
YEM,"Yemen, Rep.",2012,1981.458,33.065,27.437,,,43.7,84.691,42.332,,0.649,148.0,67.0,3.038,,95.63,85.2,,,,,,,,,,,,,,,,,-1.137628,67.0
YEM,"Yemen, Rep.",2013,2014.729,32.428,26.327,,,42.4,85.434,43.752,,0.64,,71.0,3.046,,95.76,,,,,,,,,,,,,,,,,,-1.056427,68.0
YEM,"Yemen, Rep.",2014,1950.163,31.993,25.306,,,41.5,,,,0.638,,70.0,3.068,,95.85,,,,,,,,,,,,,,,,,,-1.092658,69.0
YEM,"Yemen, Rep.",2015,1362.174,26.328,21.847,75.57,,41.3,,,,0.641,,63.0,3.04,,95.87,,,,,,,,,,,,,,,,,,-0.9606895,70.0
YEM,"Yemen, Rep.",2016,1197.959,26.336,22.048,,,40.5,84.166,47.591,,0.637,,63.0,3.002,,95.95,,,,,,,,,,,,,,,,,,-0.7343786,71.0
YEM,"Yemen, Rep.",2017,1103.456,26.427,22.212,,,39.7,,,,0.674,,59.0,3.012,,96.03,,,,,,,,,,,,,,,,,,-0.6218569,72.0
YEM,"Yemen, Rep.",2018,1079.329,26.874,22.319,,,39.6,,,,0.635,,54.0,2.96,,96.04,,,,,,,,,,,,,,,,,,-0.8376648,73.0
ZMB,Zambia,1990,878.589,,42.057,,,101.6,,,2.085,3.827,,91.0,2.562,,89.84,,65.0,,,0.215,,0.224,0.691,31.91,9.677,0.422,48.204,4.48,,,,,-0.8936822,45.0
ZMB,Zambia,1991,856.762,48.361,41.933,,,102.2,,,,3.685,,79.0,2.48,,89.78,,,,,,,,0.667,55.8,9.677,0.416,47.443,4.571,,,,,-0.7040879,46.0
ZMB,Zambia,1992,821.85,47.948,41.834,,,102.2,,,,3.441,,83.0,2.414,,89.78,,,,,,,,0.665,55.97,9.677,0.414,46.968,4.662,,,,,-0.8612718,47.0
ZMB,Zambia,1993,857.04,47.86,41.767,,,101.5,,,,3.13,,86.0,2.384,,89.85,,,,,,,,0.662,56.14,9.677,0.417,46.678,4.753,,,,,-0.3607626,48.0
ZMB,Zambia,1994,764.639,48.46,41.755,,,100.2,72.804,,,2.959,,90.0,2.388,,89.98,,,,,,,,0.659,56.31,9.677,0.413,46.344,4.844,,,,,-0.5516054,49.0
ZMB,Zambia,1995,768.035,49.571,41.789,,,98.6,71.001,,,2.694,,86.0,2.413,,90.14,,,,,,,,0.655,56.49,9.677,0.413,46.051,4.935,,,,,-0.3753561,50.0
ZMB,Zambia,1996,796.018,50.492,41.833,,,97.1,,,,2.471,,84.0,2.454,,90.29,,,,,,,,0.653,56.66,9.677,0.415,45.757,5.026,,,,,-0.4258269,51.0
ZMB,Zambia,1997,805.532,51.697,41.811,,,95.8,,,,2.274,,83.0,2.555,,90.42,,,,,,,,0.65,56.83,9.677,0.418,45.743,5.117,,,,,-0.2745459,52.0
ZMB,Zambia,1998,781.663,52.446,41.75,,,94.4,68.286,,2.399,2.188,,84.0,2.621,,90.56,,,,,,,,0.647,57.0,10.256,0.418,45.709,5.208,,,,,0.06974968,53.0
ZMB,Zambia,1999,796.378,52.135,41.662,,,92.5,66.617,,2.383,2.087,,84.0,2.68,,90.75,,68.0,,,0.486,,0.485,0.65,50.97,10.127,0.423,45.924,5.299,,,,,-0.3955948,54.0
ZMB,Zambia,2000,804.485,51.852,41.498,,,89.4,66.271,,,1.861,,85.0,2.811,,91.06,,,,,,,,0.65,44.93,10.127,0.429,46.577,5.39,,,,,-0.63934,55.0
ZMB,Zambia,2001,822.021,51.523,41.202,,50.3,84.6,66.15,,,1.649,,85.0,3.024,49.7,91.54,,,,,,,,0.639,46.35,10.127,0.437,47.408,5.482,,,,,-0.5501465,56.0
ZMB,Zambia,2002,833.021,51.042,40.892,,50.1,78.8,68.278,,,1.467,,84.0,3.078,49.9,92.12,,69.0,0.4205872714519501,Africa,0.486,-0.925,0.265,0.623,47.76,12.025,0.445,48.461,5.573,,,,,-0.6334876,57.0
ZMB,Zambia,2003,863.65,50.658,40.614,,50.1,72.9,,,,1.336,,83.0,3.104,49.9,92.71,,,,,,,,0.615,49.18,12.025,0.458,49.616,5.664,,,,,-0.7083281,58.0
ZMB,Zambia,2004,895.475,50.246,40.364,,49.5,66.7,81.563,,,1.387,,83.0,3.177,50.5,93.33,,,,,,,,0.613,50.6,12.025,0.468,50.54,5.755,,,,,-0.6651906,59.0
ZMB,Zambia,2005,929.079,49.872,40.127,,49.4,61.2,89.746,,,1.413,,82.0,3.302,50.6,93.88,,,,,,,,0.607,52.02,12.658,0.48,51.615,5.846,,,,,-0.4701324,60.0
ZMB,Zambia,2006,968.564,51.417,39.881,,48.1,57.5,89.247,,,1.412,,81.0,3.445,51.9,94.25,,,,,,,,0.596,53.43,14.65,0.492,52.693,5.937,,,,,-0.6668022,61.0
ZMB,Zambia,2007,1013.086,52.958,39.632,,46.8,55.4,90.459,,,1.737,,80.0,3.528,53.2,94.46,,,,,,,,0.589,54.85,15.19,0.504,53.73,6.028,,,,,-0.6194543,62.0
ZMB,Zambia,2008,1053.586,54.47,39.37,,45.6,52.9,92.167,,,2.105,,87.0,3.567,54.4,94.71,,,,,,,,0.591,56.27,15.19,0.514,54.835,6.119,,,,,-0.562912,63.0
ZMB,Zambia,2009,1110.719,52.855,39.099,,44.9,50.7,87.283,,,2.158,,94.0,3.539,55.1,94.93,,,,,,,,0.594,57.68,14.013,0.526,55.886,6.21,,,,,-0.5226918,64.0
ZMB,Zambia,2010,1183.417,51.272,38.835,115.575,43.9,49.0,84.809,,,1.75,,83.0,3.462,56.1,95.1,,83.0,0.5201219916343689,Africa,0.515,-0.862,0.346,0.579,59.1,14.013,0.533,56.896,6.301,37.594,23.737,57.676,31.369,-0.5548595,65.0
ZMB,Zambia,2011,1208.464,52.793,38.602,,42.8,47.6,87.939,,3.991,1.519,,81.0,3.325,57.2,95.24,,,,,,,,0.582,56.19,11.465,0.538,57.843,6.392,37.313,23.737,57.676,30.525,-0.7999405,66.0
ZMB,Zambia,2012,1258.789,54.342,38.353,,41.1,46.4,89.206,,3.962,1.316,,78.0,3.243,58.9,95.36,,,,,,,,0.58,53.28,11.465,0.551,58.704,6.483,37.11,23.737,57.676,29.916,-0.3388296,67.0
ZMB,Zambia,2013,1280.77,54.63,38.049,,39.1,44.7,86.612,,,1.075,,79.0,3.203,60.9,95.53,,,,,,,,0.572,50.36,11.465,0.557,59.445,6.574,36.201,21.735,57.676,29.192,-0.6045992,68.0
ZMB,Zambia,2014,1299.012,54.974,37.674,,37.3,43.3,,,,0.858,,86.0,3.172,62.7,95.67,,,,,,,,0.569,47.45,10.759,0.559,60.109,6.665,36.02,21.735,57.676,28.648,-0.7535634,69.0
ZMB,Zambia,2015,1295.878,55.266,37.251,128.57,35.1,42.5,,,,0.748,,90.0,3.12,64.9,95.75,,,,,,,,0.561,44.54,12.658,0.565,60.728,6.756,37.755,21.735,63.399,28.131,-0.5618425,70.0
ZMB,Zambia,2016,1303.575,55.597,36.784,,33.4,40.9,,,,0.749,,95.0,3.094,66.6,95.91,,,,,,,,0.536,50.51,17.964,0.565,61.129,6.847,37.624,21.735,63.399,27.737,-0.6433299,71.0
ZMB,Zambia,2017,1308.768,55.924,36.276,,31.8,38.8,83.167,,,0.657,,94.0,3.068,68.2,96.12,,,,,,,,0.534,56.48,17.964,0.57,61.564,6.938,37.445,21.735,63.399,27.202,-0.724799,72.0
ZMB,Zambia,2018,1321.25,55.533,35.751,,31.5,37.5,,,,0.537,252.0,90.0,3.006,68.5,96.25,74.8,71.1323,,,0.367,-0.653,0.439,0.529,52.3,17.964,0.575,62.138,7.029,36.834,20.436,63.399,26.668,-0.6827844,73.0
ZMB,Zambia,2019,1301.181,56.247,36.66,,32.1,35.7,,,,0.464,,88.0,2.962,67.9,96.43,,,,,,,,0.521,52.4,17.964,0.578,62.914,7.157,36.693,20.436,63.399,26.246,-0.5237395,74.0
ZMB,Zambia,2020,1228.735,57.2,39.341,120.15,33.9,34.5,,,,0.438,,84.0,2.904,66.1,96.55,,,,,,,,0.523,54.64,16.766,0.578,63.361,7.285,36.431,20.436,63.399,25.459,,
ZWE,Zimbabwe,1990,1653.565,,57.304,,,52.8,,,5.235,1.694,,88.0,2.725,,94.72,,,,,,,,,,,,,,,,,,-0.7950412,45.0
ZWE,Zimbabwe,1991,1700.168,63.645,56.459,,,52.9,,,5.299,1.527,,87.0,2.605,,94.71,,,,,,,,,,,,,,,,,,-0.9804488,46.0
ZWE,Zimbabwe,1992,1503.834,63.596,56.753,,,53.5,,,6.015,1.492,,86.0,2.823,,94.65,,84.0,,,0.306,,0.526,,,,,,,,,,,-1.136063,47.0
ZWE,Zimbabwe,1993,1497.594,63.625,57.22,,,54.7,,,,1.383,,85.0,1.462,,94.53,,,,,,,,,,,,,,,,,,-1.024212,48.0
ZWE,Zimbabwe,1994,1633.965,63.538,56.53,,,56.2,,,,1.331,,87.0,0.118,,94.38,,,,,,,,,,,,,,,,,,-1.09506,49.0
ZWE,Zimbabwe,1995,1621.419,62.964,55.441,,,57.9,,,,1.266,,88.0,0.929,,94.21,,,,,,,,0.58,69.14,14.667,0.477,51.144,5.779,,,,,-0.8628393,50.0
ZWE,Zimbabwe,1996,1759.941,62.345,53.947,,,58.6,,,,1.315,,90.0,1.661,,94.14,,,,,,,,0.579,69.14,14.667,0.472,48.981,5.932,,,,,-0.7533317,51.0
ZWE,Zimbabwe,1997,1773.507,61.589,52.382,,,58.5,,,,1.323,,86.0,1.877,,94.15,,,,,,,,0.573,67.57,14.667,0.472,48.536,6.085,,,,,-0.9330546,52.0
ZWE,Zimbabwe,1998,1789.351,61.731,50.939,,,58.3,84.515,,,1.365,,84.0,1.955,,94.17,,,,,,,,0.573,66.04,14.667,0.467,47.551,6.238,,,,,-1.094698,53.0
ZWE,Zimbabwe,1999,1746.227,61.801,49.759,,,58.4,86.878,42.416,,1.473,,81.0,1.618,,94.16,,,,,,,,0.587,64.5,14.0,0.462,46.379,6.391,,,,,-0.7693894,54.0
ZWE,Zimbabwe,2000,1677.349,61.884,48.958,,,59.3,88.761,42.459,,1.488,,78.0,0.917,,94.07,,,,,,,,0.606,67.09,9.333,0.458,46.034,6.544,,,,,-0.7288398,55.0
ZWE,Zimbabwe,2001,1690.147,62.043,48.419,,32.8,61.1,92.146,43.339,,1.661,,75.0,0.669,67.2,93.89,,,,,,,,0.625,69.68,10.0,0.456,44.525,6.697,,,,,-0.6440221,56.0
ZWE,Zimbabwe,2002,1525.079,62.215,48.227,,31.8,58.3,89.61,41.225,,1.517,,71.0,0.962,68.2,94.17,,,,,,,,0.607,72.28,10.0,0.459,45.938,6.85,,,,,-0.9447241,57.0
ZWE,Zimbabwe,2003,1250.919,62.415,48.379,,31.4,61.0,88.942,37.239,,1.63,,68.0,1.19,68.6,93.9,,,,,,,,0.617,74.87,10.0,0.45,45.373,6.952,,,,,-0.9263153,58.0
ZWE,Zimbabwe,2004,1165.544,62.69,48.673,,30.6,64.2,,,,1.62,,65.0,1.086,69.4,93.58,,,,,,,,0.611,77.46,10.0,0.453,46.043,7.054,,,,,-1.207721,59.0
ZWE,Zimbabwe,2005,1088.631,62.585,49.01,,29.5,66.6,,,,1.627,,68.0,0.946,70.5,93.34,,,,,,,,0.581,77.46,20.833,0.455,46.57,7.156,,,,,-1.091885,60.0
ZWE,Zimbabwe,2006,1038.224,62.528,49.214,,28.7,69.5,,,,1.701,,70.0,1.218,71.3,93.05,,,,,,,,0.578,77.46,22.222,0.457,47.056,7.258,,,,,-1.236579,61.0
ZWE,Zimbabwe,2007,987.2,62.397,49.388,,27.9,71.5,,,,1.876,,73.0,1.318,72.1,92.85,,,,,,,,0.587,77.46,22.222,0.459,47.576,7.36,,,,,-1.421141,62.0
ZWE,Zimbabwe,2008,803.045,62.196,49.736,,27.1,71.7,,,,1.98,,75.0,1.204,72.9,92.83,,,,,,,,0.6,77.47,18.152,0.456,48.456,7.462,,,,,-1.411277,63.0
ZWE,Zimbabwe,2009,896.916,62.225,50.248,,28.0,70.7,,,,2.148,,73.0,1.407,72.0,92.93,,,,,,,,0.6,77.47,17.891,0.488,49.75,7.564,,,,,-1.344805,64.0
ZWE,Zimbabwe,2010,1056.209,62.319,50.839,,29.2,67.6,,,6.946,2.351,,89.0,1.613,70.8,93.24,,,,,,,,0.595,77.47,17.891,0.512,51.925,7.666,,17.825,,32.157,-1.494748,65.0
ZWE,Zimbabwe,2011,1184.934,62.469,51.385,,29.9,64.7,,,7.111,2.433,,93.0,1.773,70.1,93.53,,,,,,,,0.589,77.47,17.891,0.529,53.911,7.768,31.191,17.825,44.648,31.1,-1.37553,66.0
ZWE,Zimbabwe,2012,1360.152,62.75,51.879,,29.6,59.9,94.172,47.875,7.129,2.428,,95.0,1.623,70.4,94.01,,,,,,,,0.592,58.1,17.891,0.545,55.386,7.87,30.779,17.825,44.648,29.863,-1.299549,67.0
ZWE,Zimbabwe,2013,1367.818,62.875,52.221,,31.1,57.0,94.149,48.734,7.319,2.269,,95.0,1.408,68.9,94.3,,,,,,,,0.55,69.18,35.143,0.554,56.842,7.99,30.373,17.825,44.648,28.645,-1.67308,68.0
ZWE,Zimbabwe,2014,1381.254,63.0,52.281,,33.4,54.3,,,,1.961,,91.0,1.372,66.6,94.57,,,,,,,,0.538,80.25,35.143,0.56,58.106,8.11,29.897,17.395,44.648,27.647,-1.634873,69.0
ZWE,Zimbabwe,2015,1387.126,62.559,52.109,146.434,34.3,52.8,,,11.049,1.735,,87.0,1.34,65.7,94.72,,,,,,,,0.533,76.34,35.143,0.567,58.989,8.389,29.386,16.806,44.648,26.706,-1.642778,70.0
ZWE,Zimbabwe,2016,1378.343,62.175,51.749,,32.8,50.8,,,,1.611,,90.0,1.388,67.2,94.92,,,,,,,,0.529,72.43,35.143,0.57,59.76,8.425,29.151,16.806,44.648,25.998,-1.619345,71.0
ZWE,Zimbabwe,2017,1422.919,61.799,51.256,,30.9,49.2,,,,1.486,,89.0,1.443,69.1,95.08,,,,,,,,0.52,68.52,36.152,0.575,60.263,8.46,29.139,16.806,45.345,25.267,-1.954796,72.0
ZWE,Zimbabwe,2018,1472.146,61.421,50.686,,31.0,47.4,,,,1.446,,89.0,1.487,69.0,95.26,,,,,,,,0.52,64.6,34.286,0.586,60.906,8.574,28.903,16.806,45.345,24.559,-1.496534,73.0
ZWE,Zimbabwe,2019,1357.531,60.944,50.078,,30.0,46.0,,,,1.438,,90.0,1.564,70.0,95.4,,93.22755,0.5025644898414612,Africa,0.292,-1.32,0.765,0.525,60.69,34.571,0.584,61.06,8.687,30.611,14.605,52.888,24.34,-0.3976938,74.0
ZWE,Zimbabwe,2020,1230.819,59.093,49.189,135.809,28.2,44.9,,,,1.408,,86.0,1.659,71.8,95.51,,,,,,,,0.519,60.35,34.571,0.582,61.53,8.808,30.307,14.605,52.888,23.43,,
