Country Name,Country Code,Series Name,Series Code,1990 [YR1990],1991 [YR1991],1992 [YR1992],1993 [YR1993],1994 [YR1994],1995 [YR1995],1996 [YR1996],1997 [YR1997],1998 [YR1998],1999 [YR1999],2000 [YR2000],2001 [YR2001],2002 [YR2002],2003 [YR2003],2004 [YR2004],2005 [YR2005],2006 [YR2006],2007 [YR2007],2008 [YR2008],2009 [YR2009],2010 [YR2010],2011 [YR2011],2012 [YR2012],2013 [YR2013],2014 [YR2014],2015 [YR2015],2016 [YR2016],2017 [YR2017],2018 [YR2018],2019 [YR2019],2020 [YR2020],2021 [YR2021],2022 [YR2022],2023 [YR2023]
Afghanistan,AFG,"School enrollment, tertiary (% gross)",SE.TER.ENRR,2.21519994735718,..,..,..,..,..,..,..,..,..,..,..,..,1.37434995174408,1.39064002037048,..,..,..,..,3.93815994262695,..,3.68686008453369,..,..,8.39764022827148,..,..,..,9.99592018127441,..,10.85435962677,..,..,..
Albania,ALB,"School enrollment, tertiary (% gross)",SE.TER.ENRR,8.0117301940918,8.63831043243408,9.12522029876709,11.0173997879028,10.4434404373169,10.0794801712036,11.0262098312378,12.8083696365356,13.6314601898193,14.7700595855713,15.3867101669312,15.4820499420166,16.3895606994629,16.3662395477295,19.1295795440674,22.389009475708,26.2101001739502,30.2319297790527,31.6839599609375,32.9239883422852,43.3279304504395,49.3997040639925,58.6214186004979,63.8440585382953,65.5507096860696,61.9608485481051,58.4884791901189,58.0177836674929,56.0802964109938,61.4085141527142,61.5853024328899,59.9698690125562,62.647921513098,64.7293520237257
Algeria,DZA,"School enrollment, tertiary (% gross)",SE.TER.ENRR,10.0710496902466,10.8018398284912,10.945969581604,10.8634300231934,10.4309101104736,10.2354803085327,11.6038904190063,..,..,13.6004695892334,..,15.2947797775269,16.9754199981689,18.211820602417,18.8709297180176,20.7098693847656,21.3458003997803,23.5956306457519,..,30.5014705657959,30.7344437013341,32.3866003582095,33.5570987119466,35.4386275633738,36.0427983596258,38.2444735695552,43.9040620880927,49.177689984383,52.8819387317527,53.8645018203122,53.3752192208988,54.2222597146723,53.3875786756,55.5320185816789
American Samoa,ASM,"School enrollment, tertiary (% gross)",SE.TER.ENRR,..,..,..,..,..,..,..,..,..,..,..,..,..,..,..,..,..,..,..,..,..,..,..,..,..,..,..,..,..,..,..,..,..,..
Andorra,AND,"School enrollment, tertiary (% gross)",SE.TER.ENRR,..,..,..,..,..,..,..,..,..,..,..,..,7.31105995178223,8.82861995697021,8.74967002868652,8.41534996032715,9.89391040802002,..,10.986120223999,..,..,..,12.870249017038,14.5405405405405,13.5399673735726,13.8206896551724,15.2011095700416,15.6664896441848,15.7132150886835,15.4352596927579,15.2605749006777,15.4117647058823,34.6414389161411,62.4106937082277
Angola,AGO,"School enrollment, tertiary (% gross)",SE.TER.ENRR,0.594919979572296,0.60505998134613,0.573329985141754,..,..,..,..,..,0.613650023937225,0.554629981517792,..,..,0.783640027046204,2.87620997428894,2.14597010612488,2.6385600566864,2.55977010726929,..,..,..,..,6.44004138280629,..,9.22339720175662,..,8.78320868033121,9.78287696232453,..,..,..,..,..,..,10.04935810264
Antigua and Barbuda,ATG,"School enrollment, tertiary (% gross)",SE.TER.ENRR,..,..,..,..,..,..,..,..,..,..,..,..,..,..,..,..,..,..,..,14.8930101394653,16.6952054794521,15.1060820367751,25.1156271899089,..,..,..,..,..,..,..,..,..,..,..
Argentina,ARG,"School enrollment, tertiary (% gross)",SE.TER.ENRR,..,38.3296699523926,..,..,37.3899002075195,..,..,..,47.9862289428711,49.5107002258301,54.0843505859375,58.4697608947754,61.7228813171387,64.0304870605469,64.5891418457031,63.4893112182617,66.9444732666016,66.6672210693359,68.5610733032227,70.6931915283203,73.803669361107,77.0101185060955,78.1465174294761,78.5681646081939,81.072589697739,83.75569332589,86.6743832906399,89.3297346952415,91.0846512732766,95.1928240640628,99.3697348717996,107.219557633976,107.103901423423,107.822574129434
Armenia,ARM,"School enrollment, tertiary (% gross)",SE.TER.ENRR,22.0238304138184,23.5778503417969,22.9340400695801,22.5643806457519,19.1631298065186,19.5058898925781,16.6888809204102,21.8644905090332,31.5830402374268,32.2853813171387,32.5305213928223,31.3409194946289,33.9618911743164,35.0657081604004,35.8360900878906,37.7094497680664,41.5903587341309,44.4558410644531,46.5244903564453,49.0897102355957,50.5839875932926,51.2949290708131,44.4855719494927,44.8347790892711,47.7150849538629,48.7313687040259,54.3432877365993,55.5065519523494,57.4585357681354,53.5944174785534,52.3331534448642,56.6235144830279,57.1818422625098,56.2770051010456
Aruba,ABW,"School enrollment, tertiary (% gross)",SE.TER.ENRR,..,..,..,..,..,..,..,..,..,25.6337509155273,28.3303394317627,28.8601303100586,28.5816898345947,30.3779106140137,30.352689743042,36.204231262207,34.2268714904785,34.8968086242676,35.0970611572266,34.4308586120605,36.0625305175781,37.8648109436035,38.8641815185547,17.1258697509766,17.7518997192383,16.7312393188477,17.1416206359863,..,..,..,..,..,..,..
Australia,AUS,"School enrollment, tertiary (% gross)",SE.TER.ENRR,..,..,..,..,..,..,..,..,..,..,..,..,..,..,..,..,..,..,..,..,..,..,..,..,..,119.679389953613,119.682777404785,109.993309020996,103.322090148926,109.759559631348,110.139221191406,112.688293457031,106.240760803223,104.64835357666
Austria,AUT,"School enrollment, tertiary (% gross)",SE.TER.ENRR,..,..,..,..,..,..,..,..,..,..,..,..,..,..,..,..,..,63.8021202087402,66.1983871459961,67.9915771484375,75.0402526855469,77.2625122070312,79.5471267700195,80.9616012573242,81.0195693969727,82.2563095092773,82.8496932983398,83.8392562866211,85.8698883056641,86.3234329223633,88.7071990966797,93.940071105957,94.5116882324219,91.6818237304688
Azerbaijan,AZE,"School enrollment, tertiary (% gross)",SE.TER.ENRR,..,..,..,..,..,..,..,..,..,..,..,..,..,..,..,..,19.7894592285156,19.3645992279053,19.0478897094727,19.057710647583,19.2600431394615,19.6473062365442,20.4384614704139,21.4404253568261,23.1597349800287,25.4831961094662,27.2368629930846,28.4670565431322,28.9724903670069,32.9221812477847,36.3854742250215,39.0095977224788,41.0017793895325,41.3907560278377
"Bahamas, The",BHS,"School enrollment, tertiary (% gross)",SE.TER.ENRR,..,..,..,..,..,14.8425798416138,..,..,..,..,..,..,..,..,..,..,..,..,..,..,..,..,..,..,..,..,..,..,..,..,..,..,..,..
Bahrain,BHR,"School enrollment, tertiary (% gross)",SE.TER.ENRR,..,16.2764205932617,17.6800899505615,18.3249492645264,16.9074897766113,15.6648597717285,15.3127403259277,..,..,19.2530899047852,..,..,..,25.1201400756836,..,19.0136394500732,17.5358505249023,..,..,..,..,46.3075025646345,47.6811679519633,44.1274788546413,44.7866602427761,45.6439860607554,46.7631772606016,48.7280981931009,50.2628341348842,52.9045782700327,54.4077922369055,47.5015525503536,50.3073760962771,57.0562240948353
Bangladesh,BGD,"School enrollment, tertiary (% gross)",SE.TER.ENRR,4.3600001335144,..,..,..,..,..,..,..,..,5.28646993637085,5.25165987014771,6.17244005203247,5.91559982299805,5.99128007888794,5.55667018890381,6.13484001159668,7.07040023803711,7.66305017471313,8.62265968322754,10.4939298629761,..,13.2663245348367,13.4211598649529,13.4900578063704,13.5777392703559,15.5739926180902,17.3985207411042,18.5175604399834,19.5710492453779,22.7094642473405,22.6923019564501,23.9006822335243,23.5005059888653,24.2003442708621
Barbados,BRB,"School enrollment, tertiary (% gross)",SE.TER.ENRR,18.1553592681885,28.3673095703125,29.5495491027832,27.2394599914551,..,..,..,..,..,36.0569381713867,41.9254302978516,41.2074584960938,..,..,..,..,..,60.2387390136719,..,74.2060775756836,69.5953279239237,66.9463967271583,70.0289730657796,73.1807704972012,71.2682628742848,57.2814457564167,52.0533712473342,51.0106696691866,45.8751983077737,48.935497470489,52.971630831,54.672,55.0600902713579,54.2600399378744
Belarus,BLR,"School enrollment, tertiary (% gross)",SE.TER.ENRR,48.9211387634277,47.9793395996094,44.3892517089844,43.4634819030762,41.3819999694824,40.5794792175293,44.467098236084,44.790599822998,48.6389083862305,51.9174118041992,54.5108413696289,56.5885696411133,58.9719886779785,61.6584510803223,62.9585113525391,65.4601211547852,68.3140869140625,71.1050872802734,71.3163528442383,75.3678512573242,80.1169697729485,87.3373753061346,93.4729592664074,95.4975003100193,94.316359554493,93.7888271999214,91.5206757734477,89.4706479354735,84.7097808751504,81.2921953254514,79.900160036935,78.6027133367864,77.0977334087936,72.8250212584046
Belgium,BEL,"School enrollment, tertiary (% gross)",SE.TER.ENRR,..,..,..,..,..,..,..,..,..,..,..,56.7148895263672,58.1100807189941,59.6124610900879,62.0411491394043,62.8203315734863,63.3717384338379,62.461841583252,62.7642097473145,64.9798431396484,66.8578872680664,67.7034072875977,69.7490615844727,71.7841110229492,74.0397262573242,76.423942565918,77.2435073852539,80.7738189697266,79.1237487792969,79.3044815063477,79.4996032714844,82.6882019042969,83.5736465454102,82.1475601196289
Belize,BLZ,"School enrollment, tertiary (% gross)",SE.TER.ENRR,..,..,..,..,..,..,..,..,..,..,..,15.1962203979492,17.0946197509766,16.2938194274902,15.6906204223633,16.1422500610352,16.941520690918,17.9253196716309,18.78537940979,22.0563106536865,21.5657311669129,21.5464009784327,24.0271611386785,24.0045345047471,24.0154633440872,23.4350622690571,24.4760136680388,24.731690676743,24.5883446033139,25.138736158351,25.9421694120047,23.6813942822198,23.9767727412258,22.3734089825019
Benin,BEN,"School enrollment, tertiary (% gross)",SE.TER.ENRR,1.9679399728775,2.25591993331909,2.13378000259399,1.94243001937866,1.89841997623444,1.97397005558014,1.99114000797272,2.43330001831055,..,3.09658002853394,3.49604988098144,4.20038986206055,4.92833995819092,5.43203020095825,5.47938013076782,5.41120004653931,6.20295000076294,7.43086004257202,7.34216022491455,9.3462495803833,12.6081895828247,11.8088598251343,12.8605403900147,14.7752199172974,14.6916198730469,12.4851799011231,11.9529895782471,11.337929725647,11.5739097595215,10.3906803131103,10.3808002471924,9.82796955108643,10.2350101470947,..
Bermuda,BMU,"School enrollment, tertiary (% gross)",SE.TER.ENRR,..,..,..,..,..,..,..,..,..,..,..,..,..,..,..,..,32.5518684387207,29.2320194244385,29.9917602539062,38.3707885742188,36.5495414733887,37.8277206420898,36.9150810241699,35.1997718811035,33.3333282470703,30.6167392730713,..,21.8093700408936,22.3407592773438,..,..,..,..,17.3357105255127
Bhutan,BTN,"School enrollment, tertiary (% gross)",SE.TER.ENRR,..,..,..,..,..,..,..,..,..,2.69045996665955,..,..,..,..,..,4.87233018875122,5.12222003936768,5.54621982574463,6.58204984664917,6.29682016372681,6.57718143152316,7.70502526511554,7.60806024678839,10.362939215902,..,..,..,14.8354989456323,14.9303808051574,15.9420291550317,16.8650740250552,14.7382447141292,14.5780698560857,15.0074996948242
Bolivia,BOL,"School enrollment, tertiary (% gross)",SE.TER.ENRR,..,..,..,..,..,..,..,..,..,..,..,..,..,..,..,..,..,..,..,..,..,..,..,..,..,..,..,..,..,..,..,..,..,..
Bosnia and Herzegovina,BIH,"School enrollment, tertiary (% gross)",SE.TER.ENRR,..,..,..,..,..,..,..,..,..,..,15.3945398330688,16.782470703125,17.0357398986816,18.8590297698975,21.1273002624512,24.1594295501709,27.0378398895264,30.7171401977539,34.473949432373,36.9575691223145,38.5334587097168,41.9769592285156,44.7015495300293,51.3600883483887,54.1655807495117,55.5336608886719,56.9546089172363,54.528678894043,49.7987518310547,46.6677894592285,43.8039207458496,45.0589485168457,45.6063499450684,45.5027618408203
Botswana,BWA,"School enrollment, tertiary (% gross)",SE.TER.ENRR,..,4.35687017440796,..,5.16587018966675,5.62313985824585,5.28647994995117,5.66145992279053,..,5.96113014221191,6.25281000137329,6.98083019256592,7.48678016662598,7.80341005325317,9.07960033416748,9.56877994537354,9.23077964782715,10.0698099136353,10.2232799530029,14.2659397125244,21.9871006011963,19.5398902893066,17.5134506225586,21.6663608551025,26.3370990753174,24.8355648460166,26.8692925538756,22.6605855291776,21.4762885165012,..,21.4965480211896,22.4017870513653,21.2032904951187,20.7095613715302,20.5658232475186
Brazil,BRA,"School enrollment, tertiary (% gross)",SE.TER.ENRR,..,..,..,..,..,..,..,..,..,..,..,..,..,..,..,..,..,..,..,..,..,..,43.8344116210938,44.9966697692871,47.8131904602051,49.0805015563965,48.9665794372559,50.7326316833496,52.05712890625,53.6215400695801,55.529109954834,57.6311988830566,61.0000915527344,..
British Virgin Islands,VGB,"School enrollment, tertiary (% gross)",SE.TER.ENRR,..,..,..,..,..,..,..,..,..,57.7987785339355,49.8008003234863,43.8400993347168,47.8233413696289,..,65.4377899169922,..,..,..,..,70.4889373779297,..,..,..,..,..,40.3414634146341,39.173320807891,..,17.7551020408163,24.2532322781988,30.475763016158,30.3667262969589,29.0409725348942,26.6493055555556
Brunei Darussalam,BRN,"School enrollment, tertiary (% gross)",SE.TER.ENRR,..,..,5.49680995941162,5.81064987182617,6.15674018859863,..,..,..,10.6331796646118,13.0251398086548,13.4959297180176,14.6684103012085,14.1154699325562,14.257490158081,15.1707801818848,15.2498598098755,15.2068796157837,15.4847002029419,15.7385101318359,16.5658493041992,15.3331604003906,17.4244594573975,22.0733509063721,23.4649200439453,30.0799102783203,28.6641292572021,28.6644096374512,31.2433910195239,27.9285989469629,27.7715019255456,27.4692556634304,27.4258937503291,31.1925368707703,36.4182725443167
Bulgaria,BGR,"School enrollment, tertiary (% gross)",SE.TER.ENRR,..,..,..,..,..,..,..,..,..,..,..,41.0407791137695,41.4290084838867,42.8536109924316,43.6935691833496,46.225269317627,47.7948303222656,51.2403411865234,52.6504096984863,55.0083694458008,58.354850769043,59.8246803283691,62.1616516113281,68.2013397216797,72.981559753418,78.2999572753906,80.6399612426758,81.2245864868164,83.134880065918,84.7503128051758,85.5331115722656,85.3017501831055,84.1293563842773,79.8532333374023
Burkina Faso,BFA,"School enrollment, tertiary (% gross)",SE.TER.ENRR,0.744490027427673,0.695360004901886,0.928770005702972,1.0837299823761,1.05731999874115,1.1000200510025,1.05685997009277,0.968949973583221,..,0.983640015125275,..,1.11434996128082,1.34107005596161,1.50508999824524,..,2.14314007759094,2.25787997245789,2.40549993515015,2.92968010902405,3.26682996749878,3.34944579587797,3.91906920981907,4.33792685706514,4.57338342077701,4.89539917725699,4.90356866333498,5.40541465878063,5.8341880408112,6.31826110291158,6.90532594926159,7.64277062242324,9.30513098594236,9.67069485831779,10.1078755635882
Burundi,BDI,"School enrollment, tertiary (% gross)",SE.TER.ENRR,0.681379973888397,0.755699992179871,0.786339998245239,0.828920006752014,..,..,..,..,0.864509999752045,0.916909992694855,1.05474996566773,1.03059995174408,1.60111999511719,..,2.10109996795654,2.13503003120422,2.16554999351502,2.26625990867615,2.49793004989624,2.6779100894928,3.05528938002435,..,2.92052732762984,3.70341642841244,4.46892058042299,5.25856537918645,3.97908916361797,4.30528005798307,4.55281922933846,..,..,..,..,6.02545976638794
Cabo Verde,CPV,"School enrollment, tertiary (% gross)",SE.TER.ENRR,..,..,..,..,..,..,..,..,..,1.54689002037048,1.77746999263763,1.54462003707886,3.76713991165161,4.45262002944946,5.89057016372681,7.33844995498657,8.3322696685791,9.42763996124268,11.6451501846313,14.5845203399658,17.2396798150949,19.8174684695304,19.8951290654347,22.2468122776255,23.2703965538205,22.524027665499,23.6934975221505,24.5594648459854,24.2905954414767,..,..,..,..,..
Cambodia,KHM,"School enrollment, tertiary (% gross)",SE.TER.ENRR,0.685980021953583,0.82029002904892,1.07730996608734,1.30534994602203,1.51787996292114,1.53399002552032,1.79530000686646,1.22730004787445,..,..,1.86557996273041,1.97913002967834,2.33661007881165,3.01460003852844,3.07344007492065,3.77035999298096,6.20005989074707,7.67417001724243,8.92994976043701,10.6747398376465,12.1998596191406,11.4902860215331,..,..,..,13.615484963166,..,12.5181529981862,13.2671737077763,12.9409846754696,13.8767573747135,13.5005634857238,14.6069513022825,17.4362364390629
Cameroon,CMR,"School enrollment, tertiary (% gross)",SE.TER.ENRR,2.95227003097534,3.23773002624512,..,..,..,..,..,..,..,4.9432201385498,4.69010019302368,4.71602010726929,5.15587997436523,5.22031021118164,5.22725009918213,6.03904008865356,7.07693004608154,7.57396984100342,8.20874977111816,9.40400981903076,11.5745716750246,12.5102445161105,13.5363302230835,15.7712802886963,16.7535896301269,17.2970758627753,12.7046554004596,12.9818161813936,14.5449548868213,15.0528614131463,15.5519566247682,17.1581831920239,16.4371527754335,16.0404395184936
Canada,CAN,"School enrollment, tertiary (% gross)",SE.TER.ENRR,..,..,..,..,..,..,..,..,..,..,58.5191192626953,..,58.4131507873535,..,..,..,..,63.8298110961914,64.3074111938477,63.6236991882324,61.8845901489258,63.1586990356445,63.603271484375,65.7477188110352,67.1677017211914,67.2690963745117,69.2459411621094,70.2687072753906,69.3507232666016,73.1128768920898,75.2389068603516,79.7657318115234,78.8488311767578,76.2666931152344
Cayman Islands,CYM,"School enrollment, tertiary (% gross)",SE.TER.ENRR,..,..,..,..,..,..,..,..,..,15.839599609375,21.135799407959,21.8025798797607,19.2189903259277,19.8089809417725,..,..,19.4577903747559,22.1045207977295,33.0195503234863,..,..,..,..,..,..,..,..,..,..,..,..,..,..,..
Central African Republic,CAF,"School enrollment, tertiary (% gross)",SE.TER.ENRR,1.32114005088806,1.43098998069763,1.34974002838135,..,..,..,..,..,..,2.01588010787964,1.94369995594025,..,..,..,1.66786003112793,..,1.08675003051758,..,2.16495990753174,2.30814003944397,2.53881001472473,2.95497989654541,2.77519989013672,..,..,..,..,..,..,..,..,..,..,..
Chad,TCD,"School enrollment, tertiary (% gross)",SE.TER.ENRR,..,..,..,..,..,..,0.503790020942688,0.543320000171661,0.672879993915558,..,0.79297000169754,0.816110014915466,..,0.942139983177185,1.20975995063782,1.4159699678421,..,..,1.95048999786377,2.01651000976562,2.0962732183809,2.21312898390939,..,..,3.38820626861646,3.22750677590433,..,..,..,..,4.39665967267065,..,..,..
Channel Islands,CHI,"School enrollment, tertiary (% gross)",SE.TER.ENRR,..,..,..,..,..,..,..,..,..,..,..,..,..,..,..,..,..,..,..,..,..,..,..,..,..,..,..,..,..,..,..,..,..,..
Chile,CHL,"School enrollment, tertiary (% gross)",SE.TER.ENRR,..,..,..,..,..,..,..,..,..,..,35.4313201904297,..,40.2664985656738,43.5181999206543,44.3284606933594,50.2735595703125,49.3216896057129,54.7230491638184,56.7743988037109,59.9912910461426,66.3445205688477,70.8241806030273,75.0770721435547,79.8703384399414,83.6629791259766,86.4181137084961,88.8458862304688,89.921989440918,91.1974792480469,92.0659713745117,89.1124877929688,96.2227935791016,99.3372802734375,104.734062194824
China,CHN,"School enrollment, tertiary (% gross)",SE.TER.ENRR,3.00202989578247,2.88314008712769,2.81714010238648,2.93351006507873,3.77007007598877,4.65805006027222,5.27504014968872,5.79580020904541,6.25878000259399,6.61046981811523,7.57777976989746,9.28069019317627,11.8050804138184,14.513970375061,16.9004402160644,18.6565208435059,20.5667705535889,21.4715595245361,21.8667392730713,23.2886295318604,25.2883066277701,26.7875039907406,29.3081906903292,32.7191603158803,43.7110051016854,47.1192619330726,49.309077375597,51.0678812273407,53.3987984572814,56.6050917923292,61.6124675996947,66.8186077597542,71.5799465086024,74.5933014618366
Colombia,COL,"School enrollment, tertiary (% gross)",SE.TER.ENRR,..,..,..,..,..,..,..,..,..,..,25.5096893310547,26.3812599182129,26.5130996704102,..,29.5034599304199,32.253978729248,34.3662109375,35.4785308837891,37.9448013305664,39.5088005065918,41.529670715332,45.2873306274414,47.4669914245605,50.7474899291992,53.1794395446777,54.7961311340332,57.1437492370605,58.3960418701172,57.3205413818359,56.6663017272949,55.7331085205078,58.3159217834473,59.2901382446289,..
Comoros,COM,"School enrollment, tertiary (% gross)",SE.TER.ENRR,0.617150008678436,..,0.555559992790222,0.578010022640228,..,..,0.901440024375916,..,..,1.51769995689392,1.60367000102997,..,..,3.42070007324219,..,..,..,4.39438009262085,..,6.19504022598267,7.90405216581276,9.48193229364778,10.5360636883691,9.13247966766357,9.5927242808028,..,..,18.8190281456697,..,..,..,..,..,..
"Congo, Dem. Rep.",COD,"School enrollment, tertiary (% gross)",SE.TER.ENRR,2.01207995414734,2.3406400680542,..,..,..,2.31089997291565,..,..,..,1.45257997512817,..,..,..,..,..,..,4.20873022079468,4.20303010940552,5.27932977676392,6.261549949646,..,7.55883979797363,7.63979005813599,6.37279987335205,..,..,5.9003701210022,..,..,..,6.37987995147705,..,..,..
"Congo, Rep.",COG,"School enrollment, tertiary (% gross)",SE.TER.ENRR,4.57369995117188,4.54329013824463,4.98357009887695,5.57453012466431,..,..,..,..,..,3.67139005661011,5.24350023269653,4.20174980163574,3.7616400718689,3.79619002342224,..,..,..,..,..,5.87968015670776,..,7.95887994766235,9.09545040130615,8.56632041931152,..,..,..,12.1461896896362,..,..,..,..,..,10.3812103271484
Costa Rica,CRI,"School enrollment, tertiary (% gross)",SE.TER.ENRR,..,..,..,..,..,..,..,..,..,..,..,..,..,..,25.8056793212891,..,..,..,..,..,..,44.6711883544922,46.6885414123535,47.5057106018066,50.3342781066895,51.2845802307129,51.6516418457031,54.4492301940918,52.6140899658203,55.0202903747559,..,..,..,..
Cote d'Ivoire,CIV,"School enrollment, tertiary (% gross)",SE.TER.ENRR,..,..,2.47028994560242,2.93564009666443,3.6460599899292,3.5975399017334,..,5.41806983947754,..,5.49134016036987,..,..,..,..,..,..,..,7.9370698928833,7.48366022109985,7.18858003616333,6.53099472386889,2.92101759305363,..,7.35426503598509,7.73897659286671,8.46433224598306,8.89557845705252,9.52488768872621,..,10.3256981639741,10.2664091345849,10.7725833415282,11.1134926507622,11.5724272130065
Croatia,HRV,"School enrollment, tertiary (% gross)",SE.TER.ENRR,..,..,..,..,..,..,..,..,..,..,..,36.3740501403809,39.1618309020996,42.3809814453125,44.0762214660645,47.2947196960449,48.5975112915039,50.530590057373,52.3514518737793,51.9583015441895,57.0685997009277,59.3388595581055,62.0256614685059,66.7111129760742,68.6392517089844,68.4413986206055,69.5889511108398,71.3775863647461,72.8625411987305,74.0501174926758,74.738037109375,78.0067901611328,80.7626724243164,81.1775207519531
Cuba,CUB,"School enrollment, tertiary (% gross)",SE.TER.ENRR,20.6704692840576,20.8748302459717,19.6879501342773,17.9483890533447,16.7040901184082,14.2621002197266,13.4059000015259,13.2927103042603,13.477499961853,21.1540107727051,22.9956703186035,26.0719394683838,27.423469543457,32.568790435791,52.4411582946777,60.115119934082,84.7447280883789,105.017448425293,117.163070678711,113.827087402344,93.544739814446,78.4791611574931,61.3519866952141,47.9938388668246,40.8057214253261,36.7510276842099,35.0523986816406,41.1702416547293,42.3506387045364,44.7791807576091,46.7357262964117,51.8885571735926,..,49.7285704304293
Curacao,CUW,"School enrollment, tertiary (% gross)",SE.TER.ENRR,..,..,..,..,..,..,..,..,..,..,..,..,..,..,..,..,..,..,..,..,..,..,..,23.0842005676443,..,..,..,..,..,..,..,..,..,..
Cyprus,CYP,"School enrollment, tertiary (% gross)",SE.TER.ENRR,..,..,..,..,..,..,..,..,..,..,..,21.6125202178955,25.1022891998291,31.9552307128906,36.0204582214355,34.102180480957,34.3019485473633,36.2316017150879,40.8491706848145,47.6964492797852,48.311580657959,46.5397300720215,45.8635902404785,47.470890045166,52.1083793640137,59.8640594482422,68.3754730224609,79.827522277832,86.5899276733398,93.9260711669922,102.390762329102,106.362930297852,105.384979248047,107.26212310791
Czechia,CZE,"School enrollment, tertiary (% gross)",SE.TER.ENRR,..,..,..,..,..,..,..,..,..,..,..,32.0267791748047,36.8876609802246,39.2078895568848,45.4242782592773,49.1181411743164,49.8811302185059,54.1809005737305,57.9171714782715,61.4115715026855,64.9327697753906,66.7968215942383,66.9287719726562,66.3243179321289,67.3959732055664,67.2303619384766,67.5056381225586,67.7142181396484,66.7902221679688,66.8802185058594,67.1843719482422,69.8369293212891,70.8145904541016,66.7282867431641
Denmark,DNK,"School enrollment, tertiary (% gross)",SE.TER.ENRR,..,..,..,..,..,..,..,..,..,..,..,61.3673095703125,64.2234725952148,68.1712493896484,74.9665069580078,80.8124618530273,78.5057678222656,78.243293762207,74.8606262207031,73.1106262207031,72.4951477050781,75.9300231933594,77.7465515136719,80.4186782836914,81.3143615722656,83.300407409668,82.1714935302734,81.3220062255859,81.1405487060547,81.6945877075195,82.6643295288086,83.982292175293,84.5866088867188,81.2308197021484
Djibouti,DJI,"School enrollment, tertiary (% gross)",SE.TER.ENRR,..,0,0.0858300030231476,0.105959996581078,0.124420002102852,..,0.209659993648529,0.251010000705719,..,0.244910001754761,0.257360011339188,0.654820024967194,0.934469997882843,1.14007997512817,1.43494999408722,2.15187001228333,2.43639993667602,2.70820999145508,2.89696002006531,3.63386988639831,3.61855006217956,5.16012001037598,..,..,..,..,..,..,..,..,..,..,..,..
Dominica,DMA,"School enrollment, tertiary (% gross)",SE.TER.ENRR,..,5.67882013320923,8.95604038238525,6.9480299949646,..,..,..,..,..,..,..,..,..,..,..,..,..,..,..,..,..,..,..,..,..,..,..,..,..,..,..,..,..,..
Dominican Republic,DOM,"School enrollment, tertiary (% gross)",SE.TER.ENRR,..,..,..,..,..,..,..,21.4665298461914,..,..,..,..,..,33.6751098632812,..,..,..,..,..,..,..,..,48.6290038507636,..,49.3192689674723,51.7471143700009,54.498998211862,59.9155940980465,..,..,58.7264105314523,56.4690832383051,55.1665311527454,58.2428049803824
Ecuador,ECU,"School enrollment, tertiary (% gross)",SE.TER.ENRR,..,..,..,..,..,..,..,..,..,..,..,..,..,..,..,..,..,..,38.1871795654297,..,..,..,39.2524690384971,39.7734405802353,..,44.5371492743653,..,..,47.3311832253279,47.2627814012203,56.9066311483682,..,59.879782344866,67.8851161961618
"Egypt, Arab Rep.",EGY,"School enrollment, tertiary (% gross)",SE.TER.ENRR,13.5156497955322,11.1729497909546,..,..,..,..,..,..,..,28.6016693115234,..,27.8922500610352,28.9182395935059,26.0245094299316,27.2862091064453,28.4127006530762,28.3695907592773,28.8399200439453,28.6861095428467,29.2693099975586,30.0727383660214,25.5901820932158,26.2271566255146,28.3479816954113,29.1134325604942,32.8848991394043,31.8731307983398,33.1018892935221,36.1230010986328,33.622825887244,38.773998260498,35.1185317783157,36.462230682373,37.9005584716797
El Salvador,SLV,"School enrollment, tertiary (% gross)",SE.TER.ENRR,14.6922903060913,16.1209907531738,..,17.6409893035889,19.5335502624512,20.6800804138184,19.8966503143311,..,20.4799194335938,20.4824199676514,19.7553405761719,18.9663391113281,19.7187805175781,20.5764999389648,21.6425590515137,22.4542694091797,23.2541999816894,24.743709564209,25.5441799163818,25.9216804504394,26.3151708858206,27.32486420544,28.0979076272602,28.2731299038736,27.5441027812368,27.3929262374809,27.1794802471695,27.6409104549006,28.194336537252,28.5178063545936,30.9986370324013,30.3043325211094,31.4538910186841,32.3802636612661
Equatorial Guinea,GNQ,"School enrollment, tertiary (% gross)",SE.TER.ENRR,..,1.39267003536224,..,..,..,..,..,..,..,..,1.84452998638153,..,..,..,..,..,..,..,..,..,..,..,..,..,..,..,..,..,..,..,..,..,..,..
Eritrea,ERI,"School enrollment, tertiary (% gross)",SE.TER.ENRR,..,..,..,..,..,1.73020994663239,1.42960000038147,..,1.49975001811981,1.95580005645752,2.00988006591797,2.69304990768433,2.54442000389099,..,1.97107994556427,..,..,..,..,3.67761993408203,4.35516023635864,..,..,..,4.12871980667114,3.51574993133545,3.20262002944946,..,..,..,..,..,..,..
Estonia,EST,"School enrollment, tertiary (% gross)",SE.TER.ENRR,..,..,..,..,..,..,..,..,..,..,..,58.7174797058105,61.7471008300781,64.2222671508789,65.7773971557617,67.9843521118164,68.7950820922852,68.8220596313477,67.8356094360352,67.8494186401367,68.7101593017578,71.0235290527344,72.9364700317383,75.4523162841797,76.2024536132812,74.5832824707031,73.0334320068359,72.1369781494141,72.0659637451172,72.7060317993164,72.0443572998047,73.1502075195312,71.4251937866211,67.6179275512695
Eswatini,SWZ,"School enrollment, tertiary (% gross)",SE.TER.ENRR,3.92527008056641,3.75163006782532,3.34717011451721,4.43348979949951,..,..,5.9414701461792,..,..,4.54553985595703,4.26582002639771,..,4.41731977462769,..,5.39188003540039,4.7824501991272,4.6042799949646,..,..,..,..,7.02840092827937,..,6.43545771863543,..,..,..,..,..,..,..,..,..,..
Ethiopia,ETH,"School enrollment, tertiary (% gross)",SE.TER.ENRR,0.787320017814636,0.776000022888184,..,..,0.60223001241684,0.660380005836487,0.686529994010925,0.80171000957489,0.837999999523163,0.931810021400452,1.17114996910095,1.47605001926422,1.68374001979828,2.40167999267578,2.72982001304627,2.94167995452881,..,..,3.53211998939514,5.09216022491455,6.96482992172241,7.27566003799438,7.62416982650757,..,5.9192507771213,..,..,..,..,..,..,..,..,..
Faroe Islands,FRO,"School enrollment, tertiary (% gross)",SE.TER.ENRR,..,..,..,..,..,..,..,..,..,..,..,..,..,..,..,..,..,..,..,..,..,..,..,..,..,..,..,..,..,..,..,..,..,..
Fiji,FJI,"School enrollment, tertiary (% gross)",SE.TER.ENRR,..,10.7947301864624,..,..,..,..,..,..,..,..,..,..,..,14.7718696594238,14.5726699829102,14.4559001922607,..,..,..,..,..,..,..,..,69.4327641990718,68.4167953525995,77.5601234063116,82.343551650893,79.1464225438552,77.5562006170027,83.7613654490349,76.7030156165859,68.7794855157684,60.9679066767014
Finland,FIN,"School enrollment, tertiary (% gross)",SE.TER.ENRR,..,..,..,..,..,..,..,..,..,..,..,85.9510498046875,86.788932800293,88.286979675293,90.1379318237305,91.9409408569336,93.4309921264648,95.0834808349609,95.8668518066406,92.0154724121094,93.1867599487305,93.2884292602539,91.5533828735352,91.2365264892578,89.9938812255859,89.6573791503906,89.3280029296875,90.6983871459961,92.3850021362305,94.5891189575195,96.4726333618164,100.868072509766,104.944221496582,108.130409240723
France,FRA,"School enrollment, tertiary (% gross)",SE.TER.ENRR,..,..,..,..,..,..,..,..,..,..,..,50.4472885131836,50.2516899108887,52.3169784545898,53.4576301574707,53.8823318481445,53.8754196166992,52.9475402832031,52.4755210876465,52.7731018066406,54.881721496582,55.6257286071777,57.9090118408203,59.8487586975098,61.5104789733887,62.7859306335449,64.7276763916016,65.8022308349609,67.5435180664062,67.7331314086914,68.8709411621094,69.9397888183594,71.5107269287109,70.4536437988281
French Polynesia,PYF,"School enrollment, tertiary (% gross)",SE.TER.ENRR,..,..,1.45677995681763,..,..,..,..,..,..,..,..,..,..,..,..,..,..,..,..,..,..,..,..,..,..,..,..,..,..,..,..,..,..,..
Gabon,GAB,"School enrollment, tertiary (% gross)",SE.TER.ENRR,5.09427976608276,..,..,..,..,..,..,..,..,6.65822982788086,..,7.45746994018555,..,7.65526008605957,..,..,..,..,..,..,..,..,..,..,..,..,..,..,..,..,..,..,..,..
"Gambia, The",GMB,"School enrollment, tertiary (% gross)",SE.TER.ENRR,..,..,..,..,..,1.44263994693756,..,..,..,1.00466001033783,..,..,..,..,1.07393002510071,..,..,..,..,..,1.79782111896994,2.79681586845883,1.18089454395552,..,..,..,..,..,..,..,..,..,..,..
Georgia,GEO,"School enrollment, tertiary (% gross)",SE.TER.ENRR,..,37.0881996154785,..,..,..,46.4012413024902,43.8229789733887,47.1814498901367,..,38.4826202392578,40.6597099304199,41.7714691162109,44.0944595336914,45.2726097106934,44.4988403320312,49.7896995544434,42.33203125,41.5539588928223,38.640739440918,28.6668605804443,32.7360912804725,35.9205541584628,33.6164699594408,40.5870663959566,46.3290537874173,51.9050659422441,58.1988080034057,63.535040959252,66.747813990461,69.6463934713126,71.8064531290391,77.2303110681266,79.3253367493498,78.2652247393707
Germany,DEU,"School enrollment, tertiary (% gross)",SE.TER.ENRR,..,..,..,..,..,..,..,..,..,..,..,..,..,..,..,..,..,..,..,..,..,..,..,60.8984489440918,65.1844787597656,68.23291015625,67.9464111328125,68.4692306518555,69.1634292602539,72.705078125,72.3894195556641,75.6655426025391,77.3656997680664,78.5947494506836
Ghana,GHA,"School enrollment, tertiary (% gross)",SE.TER.ENRR,..,0.910929977893829,1.05234003067017,1.25375998020172,1.28396999835968,..,..,..,..,..,..,..,..,..,..,5.35099983215332,4.7728099822998,5.92381000518799,7.91365003585815,8.29780006408691,..,11.2824466895305,11.4938894891938,13.4205396326832,15.0809451652103,15.5618871637579,15.606270735823,16.2065694246062,15.9045597520982,17.3607250095097,18.6139938594155,19.2005186528071,20.44559258931,22.0958254757285
Gibraltar,GIB,"School enrollment, tertiary (% gross)",SE.TER.ENRR,..,..,..,..,..,..,..,..,..,..,..,..,..,..,..,..,..,..,..,..,..,..,..,..,..,..,..,..,..,..,..,..,..,..
Greece,GRC,"School enrollment, tertiary (% gross)",SE.TER.ENRR,..,..,..,..,..,..,..,..,..,..,52.6726303100586,59.9249114990234,66.8908386230469,72.9116668701172,80.4148406982422,90.3474731445312,95.0775375366211,90.5404281616211,..,..,101.694053649902,105.812690734863,110.122978210449,112.705833435059,119.104209899902,..,131.403213500977,135.333923339844,140.950317382812,143.96272277832,143.693344116211,150.605484008789,166.389556884766,165.113418579102
Greenland,GRL,"School enrollment, tertiary (% gross)",SE.TER.ENRR,..,..,..,..,..,..,..,..,..,..,..,..,..,..,..,..,..,..,..,..,..,..,..,..,..,..,..,..,..,..,..,..,..,..
Grenada,GRD,"School enrollment, tertiary (% gross)",SE.TER.ENRR,..,..,..,..,..,..,..,..,..,..,..,..,..,..,..,..,..,..,..,56.8550796508789,..,..,..,..,..,96.7931289672852,96.7951431274414,98.6993408203125,99.9891967773438,..,..,..,..,..
Guam,GUM,"School enrollment, tertiary (% gross)",SE.TER.ENRR,..,..,..,..,..,..,..,..,..,..,..,..,..,..,..,..,..,..,..,..,..,..,..,..,..,..,..,..,..,..,..,..,..,..
Guatemala,GTM,"School enrollment, tertiary (% gross)",SE.TER.ENRR,..,..,..,8.24779987335205,8.60204029083252,8.65814971923828,..,..,..,..,..,..,9.50201988220215,..,..,..,..,17.2977504730225,..,15.0972604751587,15.752311204905,16.4344375204985,16.8753678874298,19.5737030720879,18.255292159465,21.9573684260954,..,..,..,22.559501429793,..,..,..,27.2948879201171
Guinea,GIN,"School enrollment, tertiary (% gross)",SE.TER.ENRR,1.04196000099182,0.905399978160858,0.847769975662231,1.17282998561859,1.09438002109528,1.21478998661041,1.12723004817963,1.16131997108459,1.22133994102478,..,..,..,..,..,2.29848003387451,3.08171010017395,5.37415981292725,8.27204990386963,9.32559967041016,9.34879016876221,10.5439796447754,10.6184597015381,10.0085697174072,10.4364004135132,10.8547201156616,..,..,..,..,..,..,..,..,..
Guinea-Bissau,GNB,"School enrollment, tertiary (% gross)",SE.TER.ENRR,..,..,..,..,..,..,..,..,..,..,..,..,..,..,..,2.26420998573303,2.62031006813049,..,..,..,..,..,..,..,..,..,..,..,..,..,..,..,..,..
Guyana,GUY,"School enrollment, tertiary (% gross)",SE.TER.ENRR,5.64598989486694,..,..,..,9.56210041046143,8.95621013641357,10.0417098999023,11.9156799316406,..,..,..,..,..,7.17658996582031,10.3284902572632,10.8724203109741,10.9942598342896,11.1278600692749,10.6148700714111,10.0790901184082,10.9517002105713,11.2686901092529,11.7027597427368,..,..,..,..,..,..,..,..,..,..,25.1520757996244
Haiti,HTI,"School enrollment, tertiary (% gross)",SE.TER.ENRR,..,..,..,..,..,..,..,..,..,..,..,..,..,..,..,..,..,..,..,..,..,..,..,..,..,..,..,..,..,..,..,..,..,..
Honduras,HND,"School enrollment, tertiary (% gross)",SE.TER.ENRR,9.24248027801514,9.16545009613037,9.41639041900635,9.12376022338867,9.96479988098145,9.81441974639893,10.3873300552368,11.0547504425049,12.7151498794556,12.4082698822022,12.8694696426392,..,..,15.888970375061,15.9416399002075,..,..,..,17.5304298400879,..,19.2757550175649,..,18.9442917508647,19.4476759264062,19.7241865242748,20.3152639116671,21.0025442228384,24.5585599156436,26.3838242053705,25.3231382609304,..,..,..,..
"Hong Kong SAR, China",HKG,"School enrollment, tertiary (% gross)",SE.TER.ENRR,..,..,..,..,..,..,..,..,..,..,..,..,..,32.2168502807617,32.296459197998,32.9854888916016,33.7220993041992,42.6142997741699,55.8018608093262,56.5805511474609,59.0325529542921,60.2208370436331,60.9527896995708,68.0858986854034,69.6881506285714,68.7008718656545,70.3316379391101,72.9228515909643,78.2463196011546,83.8542119335773,89.9479038224414,97.3813269493844,100.776315789474,105.461738484398
Hungary,HUN,"School enrollment, tertiary (% gross)",SE.TER.ENRR,..,..,..,..,..,..,..,..,..,..,..,42.3478889465332,47.357421875,54.6346397399902,61.5071411132812,64.9774017333984,66.3986663818359,66.2652969360352,63.9738388061523,61.9771690368652,60.7487602233887,59.9984893798828,60.6758003234863,57.5212211608887,53.4245910644531,50.9797401428223,50.7361488342285,51.3840599060059,52.5629386901855,54.2122917175293,56.6071815490723,58.6536102294922,60.2746810913086,56.5924415588379
Iceland,ISL,"School enrollment, tertiary (% gross)",SE.TER.ENRR,25.3219699859619,25.3714694976807,30.0962295532227,27.5019397735596,33.6896896362305,35.5167617797852,35.7354316711426,37.4768981933594,39.2137908935547,41.3102912902832,45.9174499511719,46.9373588562012,52.6091117858887,60.0269813537598,66.5821762084961,69.8324279785156,72.9682083129883,73.1370162963867,73.5754699707031,72.4675521850586,78.5030899047852,79.9194183349609,79.5824813842773,78.3723907470703,80.3950881958008,75.6419982910156,74.7006301879883,71.3372497558594,69.3402328491211,70.6093521118164,74.5906066894531,86.5232086181641,84.985237121582,76.5200729370117
India,IND,"School enrollment, tertiary (% gross)",SE.TER.ENRR,5.93025016784668,6.00928020477295,..,..,..,5.47798013687134,6.19850015640259,6.47068023681641,..,..,9.93826007843018,10.0273504257202,10.5586500167847,11.0576400756836,11.3926801681519,11.1277303695679,11.9628095626831,13.6564798355103,15.6485204696655,16.6775093078613,18.6971831309683,23.8253684220097,24.9402082606779,24.390638443123,25.991324706788,27.2845677075978,27.3043573857643,27.9090519049334,28.5316865291946,29.0233593907143,29.8196397708424,31.5741765984501,32.6703053423023,34.2394344991225
Indonesia,IDN,"School enrollment, tertiary (% gross)",SE.TER.ENRR,8.29506015777588,8.55126953125,9.37843990325928,9.33967018127441,10.4964103698731,11.301739692688,11.5222902297974,13.3638401031494,13.3347997665405,14.6863803863525,14.810640335083,14.1229801177978,14.6824598312378,15.7722797393799,16.1766300201416,16.6967105865479,16.767240524292,17.5765991210938,20.5209503173828,22.6933307647705,23.4159086398462,25.027444191823,29.0425391195214,29.894529174265,29.9904910473273,32.4590200433758,34.8307173410877,35.967012362631,36.1494878042588,37.3230862728703,38.1650601406923,40.6293239880732,42.3260385456152,44.8813034886441
"Iran, Islamic Rep.",IRN,"School enrollment, tertiary (% gross)",SE.TER.ENRR,..,..,..,..,..,17.3369598388672,18.9632396697998,..,..,18.7925605773926,18.780179977417,19.4918804168701,18.2758693695068,19.4057903289795,21.3706798553467,22.6841907501221,25.3070392608643,29.8213806152344,36.1939392089844,36.4833183288574,42.5482215881348,48.0596084594727,53.9002494812012,56.4632682800293,64.4999084472656,70.6858520507812,67.9112319946289,66.351448059082,60.8611488342285,58.1169509887695,55.6366691589355,54.3051986694336,58.6838607788086,..
Iraq,IRQ,"School enrollment, tertiary (% gross)",SE.TER.ENRR,..,..,..,..,..,..,..,..,..,11.6204996109009,12.0502004623413,..,12.6159200668335,..,15.5104904174805,15.5580997467041,..,..,..,..,..,..,..,..,..,..,..,..,..,..,..,..,..,..
Ireland,IRL,"School enrollment, tertiary (% gross)",SE.TER.ENRR,..,..,..,..,..,..,..,..,..,..,..,50.6748008728027,53.5348014831543,55.8461685180664,58.9219093322754,58.8693199157715,58.4411811828613,58.3019905090332,54.0174713134766,56.503978729248,63.1264381408691,67.7985916137695,68.1972503662109,71.6995468139648,73.813232421875,77.2321472167969,77.5571365356445,77.5191116333008,76.7604675292969,74.444580078125,74.1961975097656,78.4613265991211,77.5933380126953,..
Isle of Man,IMN,"School enrollment, tertiary (% gross)",SE.TER.ENRR,..,..,..,..,..,..,..,..,..,..,..,..,..,..,..,..,..,..,..,..,..,..,..,..,..,..,..,..,..,..,..,..,..,..
Israel,ISR,"School enrollment, tertiary (% gross)",SE.TER.ENRR,..,..,..,..,..,..,..,..,..,..,..,51.1147117614746,55.8358116149902,55.2073287963867,54.5026702880859,55.645191192627,54.7331390380859,57.3098487854004,56.7789001464844,59.5300903320312,62.1285705566406,62.7604484558105,64.2354736328125,62.6519393920898,62.6224403381348,61.6271781921387,61.4426498413086,60.3434600830078,58.6109886169434,57.4564514160156,57.633861541748,60.2585487365723,58.9500617980957,57.143440246582
Italy,ITA,"School enrollment, tertiary (% gross)",SE.TER.ENRR,..,..,..,..,..,..,..,..,..,..,..,53.4531898498535,56.3153915405273,60.0055885314941,63.3327293395996,65.3270263671875,67.2835083007812,68.8725967407227,67.5799865722656,66.9516296386719,65.3790435791016,64.2492523193359,62.3447418212891,60.8925285339355,60.8831481933594,60.941291809082,61.3571014404297,62.69580078125,64.4753265380859,65.6895065307617,68.7231063842773,71.2745208740234,73.8962097167969,75.9496536254883
Jamaica,JAM,"School enrollment, tertiary (% gross)",SE.TER.ENRR,..,6.82577991485596,6.77873992919922,..,..,..,..,..,..,8.55788993835449,13.8694095611572,16.0548496246338,16.8487892150879,18.8019199371338,18.9983196258545,17.27659034729,17.2686595916748,..,22.3192901611328,22.2321395874023,25.3770890609495,24.7684625492773,27.0686781072538,25.6212147817614,..,26.2334142821948,..,..,..,..,..,..,..,..
Japan,JPN,"School enrollment, tertiary (% gross)",SE.TER.ENRR,..,..,..,..,..,..,..,..,..,..,..,..,..,..,..,..,..,..,..,..,..,..,..,62.6422691345215,62.8334884643555,62.4498481750488,62.4975395202637,63.287540435791,62.6058502197266,62.4008407592773,62.2987403869629,62.0412483215332,63.3752288818359,64.4907608032227
Jordan,JOR,"School enrollment, tertiary (% gross)",SE.TER.ENRR,19.6618995666504,19.5192108154297,19.4466094970703,19.5052795410156,18.2145004272461,18.0741004943848,20.2109298706055,23.0235805511475,..,..,28.7968101501465,..,32.2784004211426,36.0558204650879,40.467830657959,39.7074890136719,37.8664016723633,38.7338409423828,41.3684692382812,42.0630187988281,37.7581337455828,37.4216386327285,43.9161464129347,..,..,36.6284278762539,34.0612635636995,28.6210570991622,31.5562985544301,30.1108403894558,30.2879665605319,30.451314266821,32.5119829829151,33.0567036969523
Kazakhstan,KAZ,"School enrollment, tertiary (% gross)",SE.TER.ENRR,37.2998504638672,36.3714981079102,35.2556304931641,..,32.8665618896484,33.1454582214355,29.1463108062744,..,..,24.0278301239014,30.799259185791,..,..,..,..,..,54.5240592956543,..,..,..,46.7229330476587,50.4275094921369,52.1525037230692,45.8669276379862,51.0877733655657,48.3464575023644,46.0492258820674,49.9712092283595,51.9662639587064,57.3421123781351,62.2921373672319,59.3849415869809,57.2459264222925,54.6563982045582
Kenya,KEN,"School enrollment, tertiary (% gross)",SE.TER.ENRR,..,..,..,..,..,..,..,..,..,..,2.81501007080078,2.88299989700317,2.87671995162964,..,2.96267008781433,3.00099992752075,..,..,..,3.99230003356934,..,..,..,..,..,9.25319496188721,11.6347883294504,11.8049232142021,..,10.4975595474243,..,..,..,8.67676730066979
Kiribati,KIR,"School enrollment, tertiary (% gross)",SE.TER.ENRR,..,..,..,..,..,..,..,..,..,..,..,..,..,..,..,..,..,..,..,..,..,..,..,..,..,..,..,..,..,..,..,..,..,..
"Korea, Dem. People's Rep.",PRK,"School enrollment, tertiary (% gross)",SE.TER.ENRR,..,..,..,..,..,..,..,..,..,..,..,..,..,..,..,..,..,..,..,30.1253795623779,..,29.8180599212646,..,..,..,27.9393501281738,..,..,26.7206192016602,..,..,..,..,..
"Korea, Rep.",KOR,"School enrollment, tertiary (% gross)",SE.TER.ENRR,..,..,..,..,..,..,..,..,..,..,74.6898574829102,77.3433532714844,80.7160491943359,84.4563903808594,89.8009033203125,95.3700103759766,99.9493103027344,102.949272155762,103.136177062988,102.658447265625,101.673286437988,100.819679260254,98.286979675293,96.3375015258789,94.4421691894531,93.9676513671875,93.6577224731445,93.7230224609375,93.3281784057617,93.9989166259766,96.8767700195312,100.359878540039,102.813056945801,106.709167480469
Kosovo,XKX,"School enrollment, tertiary (% gross)",SE.TER.ENRR,..,..,..,..,..,..,..,..,..,..,..,..,..,..,..,..,..,..,..,..,..,..,..,..,..,..,..,..,..,..,..,..,..,..
Kuwait,KWT,"School enrollment, tertiary (% gross)",SE.TER.ENRR,12.6500101089478,..,16.0930099487305,15.5384998321533,17.9414691925049,22.5260505676269,23.0858898162842,21.0989608764648,..,19.7340202331543,..,18.3207397460938,19.2795295715332,19.5890598297119,19.9746398925781,..,..,..,..,..,..,..,..,..,55.893130577116,58.9434554973822,59.2213394214596,54.9159622359267,52.1066893601774,50.4400595299189,53.731878917367,51.8967176944636,..,..
Kyrgyz Republic,KGZ,"School enrollment, tertiary (% gross)",SE.TER.ENRR,26.2876701354981,24.8964099884033,23.9627304077148,22.0965995788574,21.5608692169189,20.6899299621582,21.9203300476074,23.8372802734375,27.4004993438721,28.0213508605957,33.69287109375,39.2672080993652,42.2281188964844,39.491138458252,39.1110000610352,40.615779876709,41.6426811218262,41.4537391662598,45.5842208862305,43.4328689575195,42.2182042645436,42.4374714139813,45.2330629115781,48.5727890390198,46.360320327803,46.5495890237956,44.5886036787376,41.5760302696793,39.5679556504749,40.8257000638543,45.3327840830343,51.6239256637785,54.2184527097527,53.588822099772
Lao PDR,LAO,"School enrollment, tertiary (% gross)",SE.TER.ENRR,1.11591994762421,..,..,1.31793999671936,1.30735003948212,1.63365995883942,2.36982989311218,2.52199006080627,2.00583004951477,2.30977010726929,2.64691996574402,3.04713988304138,4.05916023254395,4.79725980758667,5.579430103302,7.60128021240234,8.78625965118408,11.2626600265503,13.0783004760742,16.2123508453369,16.6638298034668,17.4954696423161,17.330766926856,18.9224448772621,18.4954952643985,18.1574846273063,17.0880719461771,15.4112577339384,14.4969749098337,13.7404020217342,12.561911777868,12.4396649191011,13.677811550152,14.8841695785522
Latvia,LVA,"School enrollment, tertiary (% gross)",SE.TER.ENRR,..,..,..,..,..,..,..,..,..,..,..,63.4917602539062,67.8093032836914,71.0342407226562,74.6085586547852,75.4191970825195,74.5965118408203,73.0432968139648,72.3635406494141,73.0548934936523,69.0510406494141,67.9534683227539,66.6435470581055,69.0765991210938,70.8979415893555,74.2998809814453,80.6048126220703,88.0574264526367,93.0244827270508,94.8645324707031,94.5108337402344,93.4839324951172,91.3303680419922,85.7360610961914
Lebanon,LBN,"School enrollment, tertiary (% gross)",SE.TER.ENRR,..,..,23.675479888916,..,..,..,21.6194705963135,..,..,28.0918598175049,28.1094799041748,31.8084697723389,33.2399406433105,33.0007705688477,34.8977317810059,36.9155197143555,38.105541229248,40.4916915893555,41.7746200561523,41.8963890075684,42.1777031083244,45.5351218323996,44.9326117621184,48.3089213263461,42.9353408813477,39.2905242294107,42.5074771456909,44.1878772500135,47.2296269060678,50.1483937104215,51.5677337643942,56.8657861418168,58.1761149059991,54.4012561547071
Lesotho,LSO,"School enrollment, tertiary (% gross)",SE.TER.ENRR,1.20950996875763,1.24198997020721,2.1456298828125,2.27322006225586,2.42086005210877,2.36249995231628,2.40869998931885,..,..,1.93276000022888,2.08551001548767,2.27312994003296,2.2450098991394,2.70279002189636,..,3.44801998138428,3.67536997795105,..,..,..,..,..,10.8528418132462,10.4558385996916,10.4168970963646,9.72517754374624,..,10.3130654092878,9.93844298033582,..,..,..,..,..
Liberia,LBR,"School enrollment, tertiary (% gross)",SE.TER.ENRR,..,..,..,..,..,..,..,..,..,7.76494979858398,18.5271492004394,..,..,..,..,..,..,..,..,..,9.00753004752703,..,10.838520055325,..,..,..,..,..,..,..,..,..,..,..
Libya,LBY,"School enrollment, tertiary (% gross)",SE.TER.ENRR,11.2165002822876,..,14.9024696350098,..,..,..,..,..,..,50.3618698120117,46.5393905639648,51.0642204284668,56.240291595459,58.543701171875,..,..,..,..,..,..,..,..,..,..,..,..,..,..,..,..,..,..,..,..
Liechtenstein,LIE,"School enrollment, tertiary (% gross)",SE.TER.ENRR,..,..,..,..,..,..,..,..,..,..,..,..,..,20.7547206878662,24.6068496704102,24.4774703979492,29.81715965271,31.5962390899658,36.7309494018555,34.4922218322754,36.018310546875,43.6750984191895,42.4966812133789,..,37.4887084960938,33.5420417785645,35.0226211547852,35.6219291687012,38.3002700805664,41.1658401489258,42.5986099243164,46.0189590454102,..,..
Lithuania,LTU,"School enrollment, tertiary (% gross)",SE.TER.ENRR,..,..,..,..,..,..,..,..,..,..,..,57.3476104736328,63.0700798034668,69.6304168701172,74.9013824462891,79.7298126220703,82.4531784057617,82.5158309936523,85.7450866699219,89.2521667480469,86.5725708007812,84.0555877685547,79.7516326904297,74.3968200683594,72.034538269043,72.1163330078125,74.0858306884766,76.5389785766602,77.3577728271484,75.0942306518555,73.5892868041992,75.0314712524414,76.9154586791992,77.0064163208008
Luxembourg,LUX,"School enrollment, tertiary (% gross)",SE.TER.ENRR,..,..,..,..,..,..,..,..,..,..,..,9.9181604385376,11.6310997009277,12.0609903335571,..,..,9.85431003570557,..,10.6716299057007,..,18.2021293640137,..,19.117790222168,..,..,20.2907104492188,19.9203605651856,19.5990200042725,19.3915195465088,19.3969497680664,19.961389541626,20.7341499328613,21.032600402832,21.5371704101562
"Macao SAR, China",MAC,"School enrollment, tertiary (% gross)",SE.TER.ENRR,..,..,..,..,..,..,..,..,..,..,..,50.4305801391602,66.0375518798828,80.2272033691406,69.0725402832031,57.060718536377,49.7756004333496,46.4321784973145,48.17041015625,56.2147483825684,63.4042461657596,70.3462105845473,53.9347408829175,61.8619153674833,69.2981220657277,76.1658415841584,79.925,81.2655086848635,76.7935034802784,80.0911214953271,86.7956730769231,98.9696202531646,116.232189973615,129.151041666667
Madagascar,MDG,"School enrollment, tertiary (% gross)",SE.TER.ENRR,3.23319005966186,3.00562000274658,..,3.32564997673035,2.7063000202179,2.18760991096497,2.03707003593445,1.83174002170563,2.0486900806427,1.99398005008698,2.02373003959656,1.89465999603272,1.92859995365143,2.0998899936676,2.44068002700806,2.54628992080689,2.74632000923157,3.13453006744385,3.23572993278503,3.44889998435974,3.61032855425362,3.99246757065153,4.04987583552392,4.186720053214,4.68533144082284,4.65904652237845,4.6583858057243,5.07525058069797,5.11877849200791,5.28586006164551,5.17336117275841,5.3135678666922,5.87562673022926,6.1466638463036
Malawi,MWI,"School enrollment, tertiary (% gross)",SE.TER.ENRR,0.516950011253357,0.53711998462677,0.540430009365082,0.539810001850128,0.574460029602051,0.589349985122681,0.597699999809265,..,..,0.309139996767044,0.331539988517761,0.364780008792877,0.385289996862411,0.391519993543625,0.462709993124008,0.45329999923706,0.479409992694855,0.477120012044907,..,..,1.26225889832108,1.55183037174754,0.838820281170415,..,0.827777867221161,0.809801002249246,..,..,1.6942403485732,..,2.40217380732134,2.39798041885226,2.70813684546823,..
Malaysia,MYS,"School enrollment, tertiary (% gross)",SE.TER.ENRR,7.25777006149292,8.06015014648438,9.16376972198486,9.45715999603271,10.3980398178101,11.2613296508789,..,..,22.9279899597168,24.1853408813477,27.5522994995117,26.960880279541,28.92991065979,31.2641696929932,29.779899597168,27.1163005828857,27.6703605651856,29.375789642334,32.9037017822266,35.0602111816406,36.6774305573553,35.5661790570975,36.825516807355,38.0700970900265,38.3919142029325,44.289909239243,45.4034659569972,42.293211695146,43.3100279300797,40.8082966813944,39.7445667367633,38.1899993008367,36.9853099297291,37.2745812491757
Maldives,MDV,"School enrollment, tertiary (% gross)",SE.TER.ENRR,..,..,..,..,..,..,..,..,..,..,..,..,..,0.21356999874115,..,..,..,10.3270502090454,11.3926296234131,..,..,..,..,..,13.6843761236965,..,..,33.3294981245829,..,24.6480059688561,27.0805812417437,23.794640430505,48.4968654322788,..
Mali,MLI,"School enrollment, tertiary (% gross)",SE.TER.ENRR,0.615209996700287,0.595889985561371,0.759490013122559,0.879809975624084,..,0.900170028209686,1.00970995426178,1.38881003856659,1.35441994667053,1.75006997585297,1.77691996097565,1.89023995399475,1.88522005081177,..,..,..,..,..,4.79010009765625,5.29625988006592,5.50589495885227,4.96896888641169,6.41861745428738,5.94123501789155,5.53504882678079,5.12750941173932,..,..,..,..,..,..,..,..
Malta,MLT,"School enrollment, tertiary (% gross)",SE.TER.ENRR,..,..,..,..,..,..,..,..,..,..,..,24.9949493408203,24.2556896209717,30.0867691040039,26.6235694885254,32.2053604125977,31.2252807617188,34.6690711975098,33.3216094970703,35.7878684997559,36.8344192504883,39.4486618041992,42.5473289489746,44.4813919067383,45.4103507995605,48.0389709472656,49.2171897888184,54.0890197753906,57.8407592773438,58.4985084533691,61.4767112731934,70.2313537597656,74.5901336669922,80.5250091552734
Marshall Islands,MHL,"School enrollment, tertiary (% gross)",SE.TER.ENRR,..,..,..,..,..,..,..,..,..,..,..,..,16.0476303100586,..,..,..,..,..,..,..,..,..,29.3663060278207,..,..,34.320987654321,36.6609294320138,..,..,37.3626373626374,..,..,41.3350449293967,..
Mauritania,MRT,"School enrollment, tertiary (% gross)",SE.TER.ENRR,3.07737994194031,2.74047994613648,2.9126501083374,3.51754999160767,3.48554992675781,3.42460989952087,3.70655989646912,3.99486994743347,3.90360999107361,4.19634008407593,..,3.47914004325867,3.0836501121521,3.29281997680664,3.34153008460998,3.07908010482788,3.48698997497559,3.95002007484436,4.07179021835327,4.12409019470215,4.66769636853479,5.06647175812938,5.49335070425997,5.79601450584933,..,5.88425001273035,5.56245834327609,5.15614020144375,5.13275480775448,5.88823986461851,5.97194330025359,..,..,..
Mauritius,MUS,"School enrollment, tertiary (% gross)",SE.TER.ENRR,3.39674997329712,4.01713991165161,..,5.99556016921997,5.4636402130127,5.95722007751465,6.69427013397217,6.51308012008667,..,9.55496025085449,10.6760301589966,16.4485702514648,15.1241102218628,15.7577295303345,17.2851009368896,21.0529594421387,23.6054592132568,24.5238494873047,27.0272006988525,31.3993797302246,33.0799908955061,34.2265053809565,40.3749497386409,41.4023953525386,40.0382004235695,37.760738643162,38.4107692617261,39.6618786560902,40.4078098261963,42.9878710798151,42.5378418595105,43.9577226373808,44.2026816403629,43.3386887794765
Mexico,MEX,"School enrollment, tertiary (% gross)",SE.TER.ENRR,..,..,..,..,..,..,..,..,..,..,20.5259704589844,21.3776397705078,22.3153591156006,23.0477905273438,23.7031497955322,24.130989074707,24.5689697265625,25.1474304199219,25.7789402008057,26.2105903625488,27.1670207977295,28.0361595153809,29.3496494293213,30.3301601409912,31.2052898406982,31.9718608856201,38.589771270752,40.3390693664551,41.6382789611816,43.0441398620605,45.1654510498047,45.6506195068359,46.4061317443848,47.474681854248
"Micronesia, Fed. Sts.",FSM,"School enrollment, tertiary (% gross)",SE.TER.ENRR,..,..,..,..,..,..,..,..,..,13.3604698181152,13.3582201004028,..,..,..,..,..,..,..,..,..,..,..,..,..,..,..,..,..,..,..,..,..,..,..
Moldova,MDA,"School enrollment, tertiary (% gross)",SE.TER.ENRR,..,..,..,..,..,..,..,..,..,..,..,..,..,..,..,..,..,..,..,..,38.1453631147397,39.4480430115419,40.1086414991241,41.2771708905345,52.151516238366,52.1000519119307,52.8435823784374,51.9490291393525,52.8423092059456,54.7812048030675,56.2498196612517,61.3014036981023,68.0572346521372,71.1679028753075
Monaco,MCO,"School enrollment, tertiary (% gross)",SE.TER.ENRR,..,..,..,..,..,..,..,..,..,..,..,..,..,..,..,..,..,..,..,..,..,..,..,..,..,..,53.5667991638184,..,..,..,..,..,..,..
Mongolia,MNG,"School enrollment, tertiary (% gross)",SE.TER.ENRR,18.5528602600098,16.260929107666,14.4373903274536,12.4017696380615,12.822790145874,14.1376399993897,15.7019596099853,17.720329284668,20.3455009460449,25.9451408386231,29.2760200500488,33.2865905761719,34.7981109619141,36.878849029541,39.5999908447266,43.4830207824707,46.8148307800293,46.9772300720215,49.1745986938477,53.1806716918945,56.0776786804199,56.7482133834947,61.3067016601562,64.8171691894531,66.6792297363281,70.3587265014648,65.2477111816406,64.4055709838867,65.1030502319336,67.970817565918,66.2557467107749,67.4261046440448,67.6998728025335,67.941399950927
Montenegro,MNE,"School enrollment, tertiary (% gross)",SE.TER.ENRR,..,..,..,..,..,..,..,..,..,..,18.111270904541,18.9315395355225,17.7185001373291,18.6800899505615,22.1096992492676,24.9292507171631,29.1942901611328,36.3274917602539,43.55712890625,51.6601409912109,55.2963485717773,59.0115089416504,60.3092498779297,60.4347686767578,63.2196388244629,63.9372711181641,59.1839218139648,60.9102210998535,58.1831512451172,56.2633209228516,58.0944709777832,57.9613914489746,57.4317893981934,55.1743011474609
Morocco,MAR,"School enrollment, tertiary (% gross)",SE.TER.ENRR,10.6727600097656,10.5482597351074,10.2783403396606,10.6426095962524,10.7795495986938,11.2644500732422,..,11.5530099868774,9.10352039337158,9.54483032226562,10.1461200714111,10.5071296691894,10.6168403625488,11.0415000915527,11.1358003616333,11.69873046875,12.1653699874878,11.6039199829102,12.6373701095581,13.0986795425415,13.9896441158412,15.8539977340994,19.0472282489073,22.4068908691406,25.3112415031422,28.5519130573154,32.0952579243239,33.4735433090703,35.319186358341,37.7212021382481,39.6858047574445,42.531967383806,45.9400219155138,47.4687039298036
Mozambique,MOZ,"School enrollment, tertiary (% gross)",SE.TER.ENRR,..,..,0.368429988622665,0.408349990844727,0.453289985656738,0.450109988451004,0.470349997282028,..,..,0.602349996566772,0.613489985466003,0.602580010890961,0.682079970836639,0.928529977798462,1.15550994873047,1.43202996253967,2.12770009040833,3.03946995735169,3.51939988136292,3.82146000862122,4.6029332896014,4.903703492415,5.19951373358179,5.59344755668074,6.25049132527997,6.73181717702859,7.34197304077013,7.24573099191356,7.4630510423433,..,..,..,..,..
Myanmar,MMR,"School enrollment, tertiary (% gross)",SE.TER.ENRR,5.35702991485596,..,4.6560001373291,5.73016977310181,5.46826982498169,5.63515996932983,..,..,7.36062002182007,..,..,11.6847896575928,..,..,..,..,..,11.0508098602295,..,..,..,14.3246002197266,13.7377004623413,..,..,..,..,..,20.3723297119141,..,..,..,..,..
Namibia,NAM,"School enrollment, tertiary (% gross)",SE.TER.ENRR,..,2.84932994842529,..,..,6.21911001205444,7.09803009033203,..,5.32100009918213,6.53711986541748,..,..,7.40269994735718,6.05016994476318,6.39102983474731,..,7.1070499420166,6.75277996063232,..,9.49368953704834,..,..,..,16.9048603106683,17.4603999838663,18.4653069281067,19.6551504993361,21.4367036193,22.4801755471009,23.7001690404035,25.8966511201824,25.9870484145026,26.6057345682932,26.1092654658031,..
Nauru,NRU,"School enrollment, tertiary (% gross)",SE.TER.ENRR,..,..,..,..,..,..,..,..,..,..,..,..,..,..,..,..,..,..,..,..,..,..,..,..,..,..,..,..,..,..,..,..,..,..
Nepal,NPL,"School enrollment, tertiary (% gross)",SE.TER.ENRR,4.94331979751587,5.65020990371704,5.17172002792358,4.9591498374939,4.64684009552002,4.26433992385864,4.72988986968994,..,..,..,4.12185001373291,4.40957021713257,4.98775005340576,4.91134977340698,5.69477987289429,7.15422010421753,7.62671995162964,9.50374031066895,10.4749002456665,10.4467401504517,13.3236488235053,13.2867385971183,..,15.4719563352624,13.2380540463977,12.282886814704,11.0932748536215,11.4357824790838,12.613695863565,13.8072821953912,14.2002391888535,15.243139284484,14.8435874359729,19.0357612047581
Netherlands,NLD,"School enrollment, tertiary (% gross)",SE.TER.ENRR,..,..,..,..,..,..,..,..,..,..,..,52.9789810180664,54.2512283325195,54.9959297180176,56.7709884643555,58.7895011901855,59.8265113830566,60.3940391540527,61.0170593261719,61.4280090332031,63.7049789428711,75.518798828125,75.8141632080078,..,..,80.1601486206055,79.8454895019531,83.2009887695312,83.652473449707,..,85.3370819091797,89.3898620605469,..,86.5938262939453
New Caledonia,NCL,"School enrollment, tertiary (% gross)",SE.TER.ENRR,..,..,..,..,..,..,..,..,..,..,..,..,..,..,..,..,..,..,..,..,..,..,..,..,..,..,..,..,..,..,..,..,..,..
New Zealand,NZL,"School enrollment, tertiary (% gross)",SE.TER.ENRR,..,..,..,..,..,..,..,..,..,..,..,..,..,..,..,..,..,..,..,..,..,..,..,80.388542175293,80.7100067138672,82.1818466186523,81.8633575439453,81.2698593139648,81.2513122558594,77.5843734741211,75.7348327636719,79.4128875732422,77.0104675292969,76.3811416625977
Nicaragua,NIC,"School enrollment, tertiary (% gross)",SE.TER.ENRR,7.32009983062744,7.24826002120972,7.94035005569458,..,..,10.2333698272705,..,10.4613103866577,..,..,..,..,17.9654998779297,..,..,..,..,..,..,..,..,..,..,..,..,..,..,..,..,..,..,..,..,30.3635101318359
Niger,NER,"School enrollment, tertiary (% gross)",SE.TER.ENRR,0.630980014801025,..,0.599449992179871,..,..,..,..,..,..,..,..,..,..,0.827859997749329,0.796029984951019,0.951579988002777,0.960169970989227,0.905510008335114,1.03770005702972,1.25635004043579,1.30152108043912,1.34816649944538,1.54284142561837,..,..,3.24257822413642,3.45043638449437,3.66741981878978,4.33801956751366,4.15170730347346,..,..,..,..
Nigeria,NGA,"School enrollment, tertiary (% gross)",SE.TER.ENRR,..,..,..,..,..,..,..,..,..,5.80225992202759,..,..,..,9.28291988372803,9.52007961273193,10.0968999862671,..,..,..,..,9.21187548100134,9.74153350922586,..,..,..,..,..,..,..,..,..,..,..,..
North Macedonia,MKD,"School enrollment, tertiary (% gross)",SE.TER.ENRR,17.0110492706299,15.4305000305176,15.9333200454712,15.9066295623779,16.9034595489502,18.1758499145508,18.3413791656494,18.9666194915771,19.633279800415,21.3615303039551,22.4084796905518,24.3628692626953,26.8072891235352,27.8220596313477,28.2504692077637,29.7906494140625,29.2525997161865,35.2432899475098,39.6388511657715,39.837718963623,38.147590637207,..,39.7961082458496,38.9499015808105,39.3214912414551,42.0811805725098,..,43.5097694396973,43.8547897338867,43.1991004943848,43.782169342041,44.3020210266113,53.1601181030273,55.0082015991211
Northern Mariana Islands,MNP,"School enrollment, tertiary (% gross)",SE.TER.ENRR,..,..,..,..,..,..,..,..,..,..,..,..,..,..,..,..,..,..,..,..,..,..,..,..,..,..,..,..,..,..,..,..,..,..
Norway,NOR,"School enrollment, tertiary (% gross)",SE.TER.ENRR,..,..,..,..,..,..,..,..,..,..,..,69.9630813598633,72.3173294067383,77.970588684082,78.612548828125,78.4450302124023,77.9310684204102,77.0373611450195,73.5914688110352,73.0674514770508,72.1170806884766,71.0614166259766,71.7047576904297,75.8635787963867,78.109977722168,79.206428527832,81.8827285766602,83.7353363037109,85.3883514404297,85.7633819580078,87.1685333251953,93.9243011474609,97.6419830322266,95.0573806762695
Oman,OMN,"School enrollment, tertiary (% gross)",SE.TER.ENRR,3.60879993438721,3.75335001945496,4.22148990631104,4.19745016098022,4.31106996536255,5.00130987167358,4.77463006973267,5.80454015731812,7.2172999382019,..,..,..,..,14.3313598632812,15.1500101089478,17.117769241333,19.2329597473144,20.4086494445801,20.4462108612061,21.9678993225098,27.8526854365953,31.5563508791784,..,35.149615885003,41.1818561581842,45.1898945959512,46.8235059845958,43.5767818520195,44.9540216505645,45.1723183863131,48.3754397440909,43.8433613964625,..,..
Pakistan,PAK,"School enrollment, tertiary (% gross)",SE.TER.ENRR,2.87730002403259,..,1.96153998374939,..,..,..,..,..,..,..,..,..,..,2.37435007095337,2.97886991500854,4.32808017730713,4.39564990997315,4.95792007446289,4.87824010848999,5.97273015975952,7.03303843576596,7.31739557390399,8.33303617018241,8.71835995772812,8.74569228544475,8.43556648904153,8.31973903550878,8.62228080260493,8.20683057963381,11.103638528678,11.7245978752314,12.3810012807012,10.5057175294292,10.4770304814137
Palau,PLW,"School enrollment, tertiary (% gross)",SE.TER.ENRR,..,..,..,..,..,..,..,..,..,..,45.7822113037109,36.336109161377,36.3363418579102,..,..,..,..,..,..,..,..,..,..,67.3166885375977,..,..,..,..,..,..,..,..,51.5274949083503,41.130604288499
Panama,PAN,"School enrollment, tertiary (% gross)",SE.TER.ENRR,20.9681491851807,22.7339706420898,24.4285793304443,26.2708797454834,26.0492897033691,28.6424999237061,30.0619602203369,..,37.6058883666992,39.5324287414551,42.537109375,41.646728515625,40.7841186523438,44.2729110717773,43.0450782775879,41.6649894714355,42.6925010681152,42.9214782714844,43.0992698669434,43.0278511047363,43.9639480204278,41.8858795918623,43.6626516529234,..,44.6253501937764,47.5819435584313,48.3799959758914,..,..,..,44.9372948646286,52.7147829654218,57.8162831217614,53.6949637061742
Papua New Guinea,PNG,"School enrollment, tertiary (% gross)",SE.TER.ENRR,..,..,..,..,..,3.21866011619568,3.52103996276856,..,2.00097990036011,1.94981002807617,..,..,..,..,..,..,..,..,..,..,..,..,..,..,..,..,..,..,..,..,..,..,..,..
Paraguay,PRY,"School enrollment, tertiary (% gross)",SE.TER.ENRR,8.72241020202637,..,..,10.947699546814,..,9.94643974304199,10.0490303039551,..,..,14.3129796981812,17.2918395996094,19.336540222168,28.3164596557617,26.9151496887207,27.1320304870606,27.7761993408203,..,31.087760925293,36.8851890563965,39.7724685668945,37.6179261040957,..,..,..,..,..,..,..,..,..,..,..,..,..
Peru,PER,"School enrollment, tertiary (% gross)",SE.TER.ENRR,29.8857402801514,31.3302307128906,30.8364906311035,27.4707508087158,26.3175106048584,26.7130508422852,25.3557891845703,25.3866500854492,..,38.0124893188477,33.4137687683105,29.9192008972168,30.2558097839356,30.319580078125,32.1658897399902,32.4608917236328,33.9184188842773,..,..,..,..,..,..,..,..,..,73.2223205566406,71.2404708862305,..,..,..,..,..,..
Philippines,PHL,"School enrollment, tertiary (% gross)",SE.TER.ENRR,23.2742691040039,25.9223308563232,25.0141506195068,..,..,27.0712604522705,28.5230102539062,..,26.6495494842529,27.5217990875244,..,28.6476802825928,28.3481502532959,27.230110168457,26.5457592010498,25.823429107666,26.2468109130859,..,27.1289901733398,26.6055793762207,27.7549235195177,29.0709151463153,29.6298942276846,31.8704183328366,33.8741923214799,35.8745887819664,38.3447414525513,33.6841018682349,28.1166228592308,30.0548680110365,31.6317598507085,33.6166173848126,38.4011392706768,44.2394203278519
Poland,POL,"School enrollment, tertiary (% gross)",SE.TER.ENRR,..,..,..,..,..,..,..,..,..,..,..,56.3456916809082,59.5361404418945,60.6214714050293,61.7436981201172,63.7791404724121,65.0900726318359,66.9424667358398,70.2946319580078,72.6793594360352,76.5571212768555,75.8021011352539,75.0382919311523,73.317268371582,70.2389678955078,69.3731994628906,69.8503799438477,70.6174621582031,71.0217437744141,70.9065017700195,70.9730377197266,72.2060623168945,75.2911071777344,76.8794097900391
Portugal,PRT,"School enrollment, tertiary (% gross)",SE.TER.ENRR,..,..,..,..,..,..,..,..,..,..,..,..,..,..,..,..,..,..,..,..,..,..,..,..,..,61.7960205078125,63.2387504577637,64.2040176391602,65.1127395629883,66.0920562744141,68.1568908691406,72.5122375488281,75.0714797973633,77.6778182983398
Puerto Rico (US),PRI,"School enrollment, tertiary (% gross)",SE.TER.ENRR,..,..,..,..,..,..,..,..,..,..,..,..,..,..,..,..,..,78.6092071533203,84.4570999145508,86.6972579956055,90.7308767027593,91.7977449760959,94.0074751455172,95.3715682046859,97.2016557105489,100.706557185143,100.643406166336,100.739404309645,107.502380763432,95.6914950121196,88.4148538699338,88.5327447779272,82.0153279566474,77.9263575380698
Qatar,QAT,"School enrollment, tertiary (% gross)",SE.TER.ENRR,17.9684505462646,17.2565193176269,16.9536304473877,18.6690902709961,18.9698295593262,20.5342998504639,22.4816493988037,23.9278392791748,21.5736999511719,19.7645206451416,..,18.6874694824219,17.2873592376709,15.7512302398682,16.8915996551514,14.7242298126221,12.8355398178101,11.8196697235107,11.3421602249146,10.1654901504517,9.64273278083432,12.6008552690979,12.2866942772156,14.8707295209095,17.3063613126932,15.9339905308662,14.8163562584538,16.7774362605473,17.4458250857575,21.0931416049405,23.7649212314763,31.2813974439236,35.0854901088778,38.2058906555176
Romania,ROU,"School enrollment, tertiary (% gross)",SE.TER.ENRR,..,..,..,..,..,..,..,..,..,..,..,28.0544300079346,33.7016906738281,38.9063987731934,41.7997398376465,45.4637298583984,54.1389312744141,60.2831192016602,73.4470672607422,81.5331497192383,75.2290267944336,66.7865829467773,54.9534912109375,51.3826103210449,51.0950393676758,49.3609886169434,49.911319732666,50.5108184814453,51.9943504333496,52.4439697265625,53.4911117553711,55.2656097412109,58.2390403747559,55.1682891845703
Russian Federation,RUS,"School enrollment, tertiary (% gross)",SE.TER.ENRR,52.3742599487305,50.4663314819336,48.4463882446289,46.1837692260742,44.2100410461426,42.86083984375,43.8972396850586,45.2858200073242,47.279411315918,52.1262397766113,55.2136611938477,60.3866996765137,65.0104217529297,69.0352096557617,69.818717956543,72.2228012084961,73.4398880004883,76.1305465698242,77.5339736938477,77.8685607910156,..,80.1629736412764,80.5323453975492,82.8009567260742,84.5181387513356,84.2355651240256,83.860044350614,81.7051021681418,81.5681115998523,80.9520697471091,57.2232854739754,54.9542479280814,53.9151941239211,93.7277679443359
Rwanda,RWA,"School enrollment, tertiary (% gross)",SE.TER.ENRR,0.576889991760254,..,..,..,..,..,..,..,..,0.705209970474243,1.12785005569458,1.54308998584747,1.87186002731323,2.34143996238708,2.73148989677429,2.85111999511719,3.64229989051819,3.88545989990234,4.18300008773804,5.0719199180603,5.77316665562353,6.83723020553589,6.70938666027303,6.23149117030345,7.35861774339014,7.53124856448318,7.57807264441764,7.34488296090452,6.76094647714264,6.3142892660234,7.56709586345553,..,7.41325884733851,8.88624308383425
Samoa,WSM,"School enrollment, tertiary (% gross)",SE.TER.ENRR,..,..,..,..,..,..,..,..,8.555100440979,11.0324897766113,7.18760013580322,..,..,..,..,..,..,..,..,..,..,..,..,..,..,..,..,13.2596995097127,14.1633542972529,13.5792119039657,17.3303454643177,19.1409681560724,18.5508413272527,14.6106638814429
San Marino,SMR,"School enrollment, tertiary (% gross)",SE.TER.ENRR,..,..,..,..,..,..,..,..,..,..,59.3199005126953,..,..,..,..,..,..,..,65.980110168457,..,66.4068036853295,64.2955801104972,59.8490048043926,..,..,..,..,..,45.421020282729,50.2355712603062,55.0960978450786,57.6704545454545,53.7988826815642,51.1357340720222
Sao Tome and Principe,STP,"School enrollment, tertiary (% gross)",SE.TER.ENRR,..,..,..,..,..,..,..,..,..,..,..,..,..,..,..,..,..,..,..,3.92682003974915,4.22901010513306,..,7.83568000793457,..,9.24396991729736,12.8210802078247,..,..,..,..,..,..,..,..
Saudi Arabia,SAU,"School enrollment, tertiary (% gross)",SE.TER.ENRR,16.3262596130371,17.2099800109863,17.4679698944092,19.5948505401611,19.4799900054932,21.5111103057861,22.0051803588867,22.6720199584961,23.2514591217041,27.5408992767334,28.3759498596191,27.2377300262451,25.1049709320068,26.6230297088623,26.2631301879883,25.1983699798584,24.5137691497803,24.3000392913818,24.4659805297852,25.0353107452393,29.3244802795728,28.9419498443604,36.0444107055664,43.163501739502,53.1803840195563,57.0892771397236,63.9826623355369,70.7471342981424,73.1971736383918,77.9664942011008,73.7510866368859,74.3924865722656,73.7492065429688,..
Senegal,SEN,"School enrollment, tertiary (% gross)",SE.TER.ENRR,..,..,3.05016994476318,..,..,..,..,3.11023998260498,..,3.20563006401062,..,..,..,..,4.75202989578247,5.26141023635864,5.46575021743774,6.1223201751709,7.75537014007568,7.9150800704956,7.62979751289774,10.121109956384,10.2635537254668,10.5725397458545,10.8787568632408,10.8409366679467,10.8875992426245,11.3494415127099,12.4178375059947,12.60825139125,13.3136624860931,14.6823561354842,15.6478973478986,16.0710053721835
Serbia,SRB,"School enrollment, tertiary (% gross)",SE.TER.ENRR,..,..,..,..,..,..,..,..,..,..,..,37.7618789672852,35.6637191772461,39.6133613586426,40.9337997436523,44.205249786377,46.819580078125,47.966869354248,48.6653785705566,49.8496704101562,49.0825119018555,51.5937690734863,53.5000305175781,56.3808784484863,58.0549697875977,58.2876892089844,62.1369705200195,66.4867401123047,67.1586608886719,67.7898406982422,68.1431121826172,69.1800231933594,69.8046798706055,73.2060012817383
Seychelles,SYC,"School enrollment, tertiary (% gross)",SE.TER.ENRR,..,..,..,..,..,..,..,..,..,..,..,..,..,..,..,..,..,..,..,..,..,2.91756715035505,1.55593589544111,3.50154479917611,7.29119296649992,16.4973007303906,25.6358902463449,42.2082018927445,38.8581314878893,41.2970430107527,26.934264107039,26.8701526144608,13.930414075936,14.0341370902195
Sierra Leone,SLE,"School enrollment, tertiary (% gross)",SE.TER.ENRR,1.40813994407654,1.24685001373291,..,..,..,..,..,..,..,..,1.67453002929688,2.11300992965698,1.98783004283905,..,..,..,..,..,..,..,..,..,..,..,..,..,..,..,..,..,..,..,..,..
Singapore,SGP,"School enrollment, tertiary (% gross)",SE.TER.ENRR,..,..,..,..,..,..,..,..,..,..,..,..,..,..,..,..,..,..,..,..,93.2696812803906,95.9817452372883,101.99681244982,..,..,..,83.9409778236648,84.7929138455372,88.8864453410769,91.0889904414776,93.134767179468,97.0989103061521,98.02222650098,97.2886546863037
Sint Maarten (Dutch part),SXM,"School enrollment, tertiary (% gross)",SE.TER.ENRR,..,..,..,..,..,..,..,..,..,..,..,..,..,..,..,..,..,..,..,..,..,..,7.8405017921147,..,7.32811856731165,7.93456032719836,..,9.85608373310074,..,..,..,..,8.259449370042,7.65284309533989
Slovak Republic,SVK,"School enrollment, tertiary (% gross)",SE.TER.ENRR,..,..,..,..,..,..,..,..,..,..,..,30.8164901733398,32.7422409057617,34.5505905151367,36.6599617004395,40.7710609436035,45.0326881408691,50.5563583374023,54.1637115478516,56.7700996398926,58.0442390441895,57.1524887084961,57.0384407043457,55.253978729248,53.8843002319336,52.7206687927246,50.3014488220215,49.1256103515625,47.8138313293457,48.1902389526367,48.3790016174316,50.7342491149902,52.4959106445312,53.417610168457
Slovenia,SVN,"School enrollment, tertiary (% gross)",SE.TER.ENRR,..,..,..,..,..,..,..,..,..,..,..,60.8455085754395,66.6545715332031,69.6047668457031,73.348876953125,81.2728118896484,85.2738876342773,87.2651672363281,88.5987091064453,87.96533203125,90.2514877319336,87.1887130737305,89.0215606689453,87.8572082519531,84.3780288696289,82.1997833251953,79.4747467041016,79.2703475952148,77.3015975952148,76.4720077514648,75.8166809082031,82.2400436401367,82.3922576904297,80.0806884765625
Solomon Islands,SLB,"School enrollment, tertiary (% gross)",SE.TER.ENRR,..,..,..,..,..,..,..,..,..,..,..,..,..,..,..,..,..,..,..,..,..,..,..,..,..,..,..,..,..,..,..,..,..,..
"Somalia, Fed. Rep.",SOM,"School enrollment, tertiary (% gross)",SE.TER.ENRR,..,..,..,..,..,..,..,..,..,..,..,..,..,..,..,..,..,..,..,..,..,..,..,..,..,..,..,..,..,..,..,..,..,..
South Africa,ZAF,"School enrollment, tertiary (% gross)",SE.TER.ENRR,11.43630027771,11.8450698852539,12.3273200988769,13.6232995986938,15.7045001983643,..,..,..,..,..,..,..,..,..,..,..,..,..,..,..,..,..,17.9447234835981,18.6088225305342,18.4813356370067,19.0332949537661,18.9292980324153,21.0902909603212,22.3515425184231,22.2442465104023,22.6148742572009,22.3431289991291,23.7271036201865,23.493768799339
South Sudan,SSD,"School enrollment, tertiary (% gross)",SE.TER.ENRR,..,..,..,..,..,..,..,..,..,..,..,..,..,..,..,..,..,..,..,..,..,..,..,..,..,..,..,..,..,..,..,..,..,..
Spain,ESP,"School enrollment, tertiary (% gross)",SE.TER.ENRR,..,..,..,..,..,..,..,..,..,..,..,61.0042190551758,63.7400817871094,65.5322113037109,67.4735717773438,68.1358337402344,68.9646224975586,69.2297668457031,69.4019393920898,71.4311676025391,76.3829116821289,80.7240905761719,82.89208984375,85.1826324462891,87.9358520507812,88.5305328369141,89.810791015625,92.070182800293,92.5194931030273,91.5387725830078,91.59912109375,95.3768997192383,95.0271606445312,93.7303466796875
Sri Lanka,LKA,"School enrollment, tertiary (% gross)",SE.TER.ENRR,..,..,..,..,4.75038003921509,..,..,..,..,..,..,..,..,..,..,..,..,..,..,..,15.8440563450578,14.6727189156336,16.322805343317,17.7655041707891,17.8701919678234,18.1726459197686,17.1510485178135,17.1941300290821,17.8869756778112,19.4563160693078,20.1614879343022,20.7824292013914,22.3679922774735,20.7412633848006
St. Kitts and Nevis,KNA,"School enrollment, tertiary (% gross)",SE.TER.ENRR,..,..,6.1207799911499,10.4815101623535,..,..,..,..,..,..,..,..,..,..,..,..,..,..,19.8842601776123,..,..,..,..,..,90.9599990844727,93.92236328125,..,..,..,..,..,..,..,..
St. Lucia,LCA,"School enrollment, tertiary (% gross)",SE.TER.ENRR,..,..,..,5.70678997039795,..,..,17.3051605224609,..,..,..,..,..,..,..,13.3422899246216,12.7918500900269,9.52157974243164,8.46230983734131,15.7249202728272,17.469539642334,12.4684000015259,16.2693996429443,10.2734699249268,14.0192003250122,17.0831794738769,17.0301094055176,19.7992000579834,20.7471294403076,14.6563596725464,15.9467096328735,16.8199691772461,..,16.1808795928955,15.0396404266357
St. Martin (French part),MAF,"School enrollment, tertiary (% gross)",SE.TER.ENRR,..,..,..,..,..,..,..,..,..,..,..,..,..,..,..,..,..,..,..,..,..,..,..,..,..,..,..,..,..,..,..,..,..,..
St. Vincent and the Grenadines,VCT,"School enrollment, tertiary (% gross)",SE.TER.ENRR,6.06251001358032,..,..,..,..,..,..,..,..,..,..,..,..,..,..,..,..,..,..,..,13.4546976354886,20.6017072662919,19.8016733808491,19.7655115169122,23.9405403137207,23.6186294555664,23.6683079677708,25.7215423689679,26.0140359224456,29.6853960093035,33.6692278624512,35.7032258064516,41.4983277591973,..
Sudan,SDN,"School enrollment, tertiary (% gross)",SE.TER.ENRR,..,..,..,..,..,..,..,..,..,6.56864023208618,6.69480991363525,8.25726985931396,9.31309986114502,8.65738010406494,10.5490598678589,11.823320388794,13.3374099731445,13.0165500640869,14.3921899795532,14.6098203659058,14.8035297393799,14.5120697021484,14.8181400299072,16.6676292419434,15.958589553833,15.8645696640015,..,..,..,..,..,..,..,..
Suriname,SUR,"School enrollment, tertiary (% gross)",SE.TER.ENRR,9.56165981292725,..,..,..,..,..,..,..,..,..,..,..,11.2604503631592,..,..,..,..,..,..,..,..,..,..,..,..,..,..,..,..,5.26435130947432,5.30574712643678,8.45416298008342,5.02487384130847,4.93785087797966
Sweden,SWE,"School enrollment, tertiary (% gross)",SE.TER.ENRR,..,..,..,..,..,..,..,..,..,..,..,70.0115203857422,74.7414321899414,80.4902877807617,83.0349807739258,81.7390899658203,79.3352279663086,75.3943710327148,71.158073425293,71.0115814208984,73.0818328857422,71.9184112548828,68.742301940918,65.7820892333984,64.9541931152344,66.4283218383789,68.306037902832,70.4342498779297,73.4083786010742,75.1148529052734,79.1196365356445,85.9426193237305,83.8976135253906,81.3998184204102
Switzerland,CHE,"School enrollment, tertiary (% gross)",SE.TER.ENRR,..,..,..,..,..,..,..,..,..,..,38.1127586364746,39.2238006591797,39.9602890014648,43.0505409240723,44.8805198669434,45.2465286254883,46.2847785949707,47.8155517578125,49.6888809204102,50.3034515380859,52.8040618896484,53.1352806091309,54.835620880127,56.1812400817871,58.0650596618652,60.8185615539551,61.1939888000488,62.4597206115723,64.3533935546875,66.3093414306641,68.0676422119141,71.893928527832,74.1526794433594,74.0060882568359
Syrian Arab Republic,SYR,"School enrollment, tertiary (% gross)",SE.TER.ENRR,17.3862705230713,17.3162403106689,16.5408096313477,16.5476303100586,15.1282196044922,14.5729703903198,..,..,..,..,..,..,12.6482696533203,13.2320003509522,15.2420597076416,18.2976398468018,20.8499908447266,21.3354091644287,21.8033008575439,22.903039932251,24.7345008850098,24.5282592773438,28.8359394073486,31.4127197265625,44.4609794616699,47.8358993530273,43.7606582641602,..,..,..,..,..,..,..
Tajikistan,TJK,"School enrollment, tertiary (% gross)",SE.TER.ENRR,21.2453308105469,21.2790393829346,21.0363006591797,20.7430591583252,20.4126892089844,20.391580581665,..,..,..,16.6428604125977,17.1997108459473,16.7238998413086,16.9350700378418,18.3057403564453,19.5840606689453,20.1519508361816,21.302490234375,22.2864494323731,22.7512302398682,22.5239295959473,22.8308906555176,22.3199405670166,22.6923599243164,22.6164398193359,24.2260093688965,26.0669097900391,28.5179100036621,30.2374706268311,..,..,34.6676458195911,37.4220713871838,37.2834392884446,34.9689625947729
Tanzania,TZA,"School enrollment, tertiary (% gross)",SE.TER.ENRR,..,0.33186000585556,0.338530004024506,0.378969997167587,0.394089996814728,0.448469996452331,0.505940020084381,0.603569984436035,0.521799981594086,0.602710008621216,0.64341002702713,0.662460029125214,0.697420001029968,0.897960007190704,1.21524000167847,1.42771995067596,..,1.46310997009277,..,..,2.13913621753427,..,3.96461947161333,3.67337417645482,..,3.98361077132501,3.72893939925404,4.78205361153138,4.27996511118124,2.85588898826608,7.18188265775187,3.59164319762461,5.32159018874409,5.16887784940301
Thailand,THA,"School enrollment, tertiary (% gross)",SE.TER.ENRR,15.9281196594238,..,..,19.8854808807373,..,21.1048393249512,22.2134990692139,24.7779598236084,28.7875995635986,34.5813102722168,35.3038711547852,38.9344787597656,40.1257095336914,41.1551513671875,42.1445999145508,44.3367195129395,44.1761817932129,47.55419921875,46.3521308898926,46.2023391723633,46.3783774485726,52.7332765596589,50.7403100613359,49.6879408184566,49.9091820021394,45.713134717198,49.3227291503798,47.427491541895,46.1667791174286,44.9880040072053,42.5900878816865,43.4690405127808,43.29484965617,45.4407811172674
Timor-Leste,TLS,"School enrollment, tertiary (% gross)",SE.TER.ENRR,..,..,..,..,..,..,..,..,..,..,..,..,8.40392971038818,..,..,..,..,..,..,16.5156002044678,17.7029094696045,..,..,..,..,..,..,..,..,..,..,..,..,30.9611108169641
Togo,TGO,"School enrollment, tertiary (% gross)",SE.TER.ENRR,2.16568994522095,2.39435005187988,2.63255000114441,2.21612000465393,2.38979005813599,2.71031999588013,2.69524002075195,..,3.07287001609802,..,..,..,..,..,..,..,4.9507098197937,5.5628399848938,..,..,8.90678270945479,9.66968081043628,10.7079137745625,10.8397865677878,10.5384945175632,10.8146472215817,12.0913340463942,12.3068653432672,12.9031599603185,13.1551472123617,14.9029897765252,..,..,..
Tonga,TON,"School enrollment, tertiary (% gross)",SE.TER.ENRR,..,..,..,..,..,..,..,..,..,3.42492008209229,5.37392997741699,4.62669992446899,6.1286997795105,6.82398986816406,..,..,..,..,..,..,..,..,..,..,..,..,..,..,..,..,21.2782986508118,..,..,42.8611738148984
Trinidad and Tobago,TTO,"School enrollment, tertiary (% gross)",SE.TER.ENRR,..,6.57351016998291,6.72268009185791,7.21654987335205,..,..,..,..,..,5.81035995483398,5.75815010070801,6.25368022918701,8.58695983886719,8.70431995391846,11.8308000564575,..,..,..,..,..,..,..,..,..,..,..,..,..,..,..,..,..,..,..
Tunisia,TUN,"School enrollment, tertiary (% gross)",SE.TER.ENRR,7.63667011260986,8.36275959014893,9.21152973175049,10.3985395431519,11.0246095657349,11.4788904190063,12.3348503112793,13.0872402191162,14.4664297103882,16.0545997619629,18.2472705841064,20.5963401794434,22.0570907592773,25.9742908477783,28.3220500946045,30.4263496398926,31.5884609222412,32.1416816711426,33.5827484130859,35.3081817626953,36.0425300598145,35.942798614502,36.0693092346191,34.2130088806152,33.7252311706543,33.373851776123,31.2128105163574,30.9277496337891,30.9594707489014,31.4410896301269,32.5181999206543,33.2740287780762,37.1276893615723,38.1219482421875
Turkiye,TUR,"School enrollment, tertiary (% gross)",SE.TER.ENRR,12.0200004577637,12.9068098068237,13.753210067749,15.4898300170898,18.9496097564697,19.2497100830078,..,22.7995204925537,22.0010604858398,22.4771995544434,..,25.0384502410889,25.9334297180176,29.7210502624512,30.7662506103516,33.2225189208984,37.3102416992188,39.3874015808105,40.7729606628418,46.9404602050781,56.7506217956543,61.516300201416,70.1044998168945,79.6469573974609,86.9976806640625,95.5645065307617,103.71558380127,110.534072875977,115.462463378906,117.005470275879,118.883682250977,125.763786315918,127.577972412109,105.88606262207
Turkmenistan,TKM,"School enrollment, tertiary (% gross)",SE.TER.ENRR,11.7992095947266,21.0249099731445,..,..,..,..,..,..,..,..,..,..,..,..,..,..,..,..,..,..,..,..,..,..,7.00093637977294,..,..,..,..,11.0507708201956,12.4085702576356,14.5425982703266,16.7316012007071,18.8084201812744
Turks and Caicos Islands,TCA,"School enrollment, tertiary (% gross)",SE.TER.ENRR,..,..,..,..,..,..,..,..,..,..,..,..,..,..,..,..,..,..,0.116480000317097,..,0.30978998541832,..,..,..,13.5160680529301,12.3809523809524,11.0619469026549,11.8171251452925,11.3000755857899,11.7383177570093,..,..,16.973180770874,25.2537080405933
Tuvalu,TUV,"School enrollment, tertiary (% gross)",SE.TER.ENRR,..,..,..,..,..,..,..,..,..,..,..,..,..,..,..,..,..,..,..,..,..,..,..,..,..,..,..,..,..,..,..,..,..,19.3509615384615
Uganda,UGA,"School enrollment, tertiary (% gross)",SE.TER.ENRR,1.05559003353119,1.23331999778748,1.20323002338409,1.30781996250153,1.45316004753113,1.5566600561142,1.78656005859375,..,..,1.9514000415802,2.61231994628906,2.85116004943848,3.54375004768372,3.77904009819031,3.65948009490967,..,3.56147003173828,..,3.80542993545532,4.19193983078003,3.9166100025177,4.37658023834229,3.74987006187439,..,4.61899995803833,..,..,..,..,..,..,..,..,..
Ukraine,UKR,"School enrollment, tertiary (% gross)",SE.TER.ENRR,46.6147499084473,45.6067581176758,45.6464614868164,43.9720497131348,41.6465492248535,43.5848693847656,43.0763893127441,..,46.2560806274414,48.1569786071777,50.5071182250977,52.9101104736328,56.645679473877,60.2553215026855,63.4407501220703,66.8898620605469,71.939811706543,76.2627563476562,79.7325210571289,82.4992523193359,81.9082510858655,84.7981059629784,83.8798999891598,81.5320112568844,83.7842174613245,76.8646556476929,77.0398374695438,80.1990246943391,81.4946716210446,84.48135621115,82.1345992180731,75.9079435107907,..,82.5533599853516
United Arab Emirates,ARE,"School enrollment, tertiary (% gross)",SE.TER.ENRR,..,..,..,..,..,..,..,..,..,..,..,..,..,..,..,..,..,..,..,..,..,..,..,..,..,..,..,..,53.2113281680102,53.8814655213653,54.9746998074699,56.4520334436146,60.4188226013954,61.3456114422447
United Kingdom,GBR,"School enrollment, tertiary (% gross)",SE.TER.ENRR,..,..,..,..,..,..,..,..,..,..,57.365119934082,57.4873008728027,61.1282196044922,61.4559707641602,59.4526710510254,59.2745018005371,59.1907196044922,58.8450889587402,57.4309883117676,59.101131439209,59.8467292785645,59.3426704406738,59.1535682678223,56.7794799804688,56.5240287780762,56.4461288452148,58.083869934082,59.6282081604004,61.1377716064453,65.5119934082031,69.4076614379883,76.7543563842773,79.7695083618164,80.4146499633789
United States,USA,"School enrollment, tertiary (% gross)",SE.TER.ENRR,71.4957275390625,72.8127975463867,77.0626602172852,78.7144165039062,79.476432800293,80.342529296875,79.3373336791992,..,70.8996200561523,71.37548828125,..,..,..,..,..,80.6348266601562,..,..,..,..,..,..,..,88.7264175415039,88.6268692016602,88.8894119262695,88.8350524902344,88.1673889160156,88.2991790771484,87.8887100219727,87.5676574707031,84.8550872802734,79.361930847168,..
Uruguay,URY,"School enrollment, tertiary (% gross)",SE.TER.ENRR,30.11083984375,30.7541999816894,28.0859699249268,..,..,..,29.964319229126,..,35.4384002685547,33.6197891235352,33.8414497375488,37.7791595458984,39.5832290649414,41.7629699707031,42.7656097412109,44.3836708068848,45.3399810791016,50.3921318054199,51.0627593994141,50.9438095092773,51.8884303512712,52.5558159999377,54.7069093768187,59.9512588300598,59.826704311423,57.7897211461691,59.6462945758069,59.7518904286933,60.2781342968002,61.9644279466795,64.9332150107214,75.1713873701582,76.3977408357972,79.9536903496537
Uzbekistan,UZB,"School enrollment, tertiary (% gross)",SE.TER.ENRR,16.854549407959,17.0046997070312,16.4374408721924,..,..,..,..,..,..,12.9796800613403,13.0081100463867,13.297869682312,13.7379999160767,13.8350601196289,13.8527898788452,9.84444999694824,9.96053028106689,9.83143043518066,9.89933967590332,9.8161096572876,8.85653237012253,8.58497947573208,7.84954008903504,7.97676963416095,7.99231869405469,8.05320814639575,8.33958377998093,8.64750307019382,9.95855522351711,13.0316667432446,15.9720957084892,22.0939011675309,31.701936179599,45.7591768686293
Vanuatu,VUT,"School enrollment, tertiary (% gross)",SE.TER.ENRR,..,..,..,..,..,..,..,..,..,4.55672979354858,4.54419994354248,4.5063099861145,5.41701984405518,4.86402988433838,4.87792015075684,..,..,..,..,..,..,..,..,..,..,..,..,..,..,..,..,..,..,..
"Venezuela, RB",VEN,"School enrollment, tertiary (% gross)",SE.TER.ENRR,26.8769798278809,27.4910392761231,27.0434608459473,..,..,..,..,..,..,..,27.8114891052246,..,37.518970489502,39.2063407897949,41.2058296203613,..,..,..,78.2515029907227,78.2699203491211,..,..,..,..,..,..,..,..,..,..,..,..,..,..
Viet Nam,VNM,"School enrollment, tertiary (% gross)",SE.TER.ENRR,3.05396008491516,2.04989004135132,1.62644994258881,2.01602005958557,2.24714994430542,2.83200001716614,4.06363010406494,6.84087991714478,9.53810024261475,10.4174203872681,9.24740982055664,9.30103015899658,9.55722999572754,9.91792964935303,..,15.8760204315185,16.8052501678467,18.9504508972168,20.0552005767822,21.5007190704346,23.9250975429329,25.8674734818525,25.7487091222031,25.6249412769592,31.3306389293887,29.7250797402999,29.0811980839409,25.9526307046456,..,30.2241191864014,..,41.9554971195048,44.7536854027422,32.8415128147815
Virgin Islands (U.S.),VIR,"School enrollment, tertiary (% gross)",SE.TER.ENRR,..,29.536470413208,31.2717208862305,33.5513496398926,..,..,..,..,..,..,..,..,..,..,..,..,..,..,..,..,..,..,..,..,..,..,..,..,..,..,..,..,..,..
West Bank and Gaza,PSE,"School enrollment, tertiary (% gross)",SE.TER.ENRR,..,..,..,..,..,..,15.8326501846313,18.3967094421387,20.1686706542969,22.7711391448975,23.624870300293,25.7727699279785,27.5037307739258,31.2601299285889,35.1719093322754,38.400749206543,40.1437492370605,43.544979095459,44.7015686035156,43.4091491699219,45.0943742403046,47.5094364758648,47.0416991089195,45.2354836861858,44.8451220304662,46.0871831764203,45.3924907557838,45.5044081379083,46.4852162059319,45.6330464687168,45.3895360497376,44.2081176768623,45.7982801281791,44.4904623709098
"Yemen, Rep.",YEM,"School enrollment, tertiary (% gross)",SE.TER.ENRR,..,..,3.99025011062622,..,..,..,..,3.97206997871399,..,9.01142978668213,..,..,9.18375968933105,8.78116989135742,8.35861015319824,8.33720016479492,8.00743007659912,9.04864025115967,9.20860004425049,9.69779014587402,9.26154041290283,8.80690002441406,..,..,..,..,..,..,..,..,..,..,..,..
Zambia,ZMB,"School enrollment, tertiary (% gross)",SE.TER.ENRR,2.08488011360169,..,..,..,..,..,..,..,2.3989999294281,2.38265991210938,..,..,..,..,..,..,..,..,..,..,..,3.99062158481189,3.96159738763825,..,..,..,..,..,..,..,..,..,..,..
Zimbabwe,ZWE,"School enrollment, tertiary (% gross)",SE.TER.ENRR,5.23507022857666,5.29875993728638,6.0151801109314,..,..,..,..,..,..,..,..,..,..,..,..,..,..,..,..,..,6.9457720142893,7.111226643716,7.12874147164551,7.31873655658947,..,11.0489020370076,..,..,..,..,..,..,..,..
Africa Eastern and Southern,AFE,"School enrollment, tertiary (% gross)",SE.TER.ENRR,3.19349002838135,3.32539010047913,3.44453001022339,3.58260989189148,3.75828003883362,3.77903008460998,3.79064011573792,3.8187301158905,3.85899996757507,3.8215799331665,3.99448990821838,4.2595100402832,4.5005898475647,4.8099799156189,5.12434005737305,5.39512014389038,5.67903995513916,5.82964992523193,6.22163009643555,6.78540992736816,7.34631013870239,7.71177005767822,7.9946699142456,8.18673038482666,8.29104042053223,8.43400001525879,8.57314014434814,8.71269035339355,8.7509298324585,8.67273044586182,8.71187019348145,8.66186046600342,..,..
Africa Western and Central,AFW,"School enrollment, tertiary (% gross)",SE.TER.ENRR,2.87589001655579,2.97762989997864,3.11690998077393,3.29299998283386,3.45100998878479,3.59401988983154,3.78765988349915,4.01411008834839,4.16986989974976,4.33806991577148,4.95100021362305,5.43233013153076,5.93669986724854,6.43214988708496,6.620689868927,7.03709983825684,7.09086990356445,7.31161022186279,7.55156993865967,7.67314004898071,7.94076013565063,8.23383045196533,8.61141014099121,9.13339042663574,9.39218044281006,9.45302963256836,9.26937007904053,9.39776039123535,9.58899021148682,9.73875999450684,9.93537998199463,10.1902599334717,..,..
Arab World,ARB,"School enrollment, tertiary (% gross)",SE.TER.ENRR,9.73840045928955,9.47113037109375,10.0868196487427,10.910590171814,11.8772401809692,12.6549396514893,13.5704402923584,14.5025501251221,15.4457502365112,16.7325000762939,16.8672409057617,17.4352397918701,18.2287998199463,18.2871894836426,19.4084701538086,20.39501953125,20.922119140625,21.5595207214356,22.4240398406982,23.2823505401611,24.0447006225586,23.5923805236816,24.9674091339111,26.6111106872559,27.9501495361328,29.4163494110107,29.9698600769043,30.7080307006836,31.8304405212402,32.1644706726074,32.7869911193848,32.6684608459473,32.7095909118652,33.2456398010254
Caribbean small states,CSS,"School enrollment, tertiary (% gross)",SE.TER.ENRR,7.63067007064819,8.56671047210693,8.82328987121582,9.07065963745117,9.40382957458496,9.52126026153564,9.88105964660645,10.2123603820801,10.1574897766113,10.1685104370117,12.4815998077393,13.4508304595947,14.4409503936768,15.3083400726318,16.4811305999756,16.0023498535156,16.1468200683594,17.4229507446289,18.9792003631592,19.4849090576172,20.8750495910644,20.8291606903076,22.1598205566406,21.7818107604981,22.1476001739502,22.3374500274658,22.4458999633789,..,..,..,..,..,..,..
Central Europe and the Baltics,CEB,"School enrollment, tertiary (% gross)",SE.TER.ENRR,..,..,..,..,..,..,..,..,..,35.614429473877,39.194709777832,43.7403717041016,48.1001586914062,51.3497581481934,54.1560592651367,57.1709289550781,60.1693992614746,63.0291404724121,67.3870162963867,70.2542572021484,71.1350784301758,69.3709716796875,67.0797119140625,65.7614822387695,64.334602355957,63.5147018432617,63.742748260498,64.2809066772461,64.793212890625,65.126091003418,65.5949325561523,67.2225112915039,69.6117095947266,68.5388870239258
Early-demographic dividend,EAR,"School enrollment, tertiary (% gross)",SE.TER.ENRR,8.21088027954102,8.46541023254395,11.1210899353027,10.9425001144409,11.3204898834228,9.46609020233154,10.4444303512573,10.7684097290039,12.6715803146362,13.1674900054932,13.3640298843384,13.5822095870972,14.0371999740601,14.4978704452515,14.925350189209,15.2303199768066,16.0446300506592,17.3509292602539,18.9660301208496,20.0750503540039,21.7061100006104,24.1540393829346,25.700590133667,26.1639900207519,27.4999103546143,28.9729995727539,29.7700099945068,30.3353500366211,30.673189163208,31.5165290832519,32.2398986816406,33.4120712280273,34.193359375,35.5325889587402
East Asia & Pacific,EAS,"School enrollment, tertiary (% gross)",SE.TER.ENRR,7.48769998550415,8.1414098739624,8.27670955657959,9.50734043121338,10.2500200271606,10.8400802612305,12.5520896911621,14.0118904113769,14.1969804763794,15.0512599945068,16.5568504333496,17.4698600769043,19.0702209472656,20.7942905426025,22.3188800811768,23.4988803863525,24.681209564209,25.5336608886719,26.1920108795166,27.3756103515625,29.0185108184814,30.5334892272949,32.6158103942871,35.0063514709473,41.8916206359863,44.2587699890137,45.9389686584473,46.5590782165527,47.4009819030762,49.4808692932129,52.6518783569336,56.0834693908691,59.3321418762207,61.8918609619141
East Asia & Pacific (excluding high income),EAP,"School enrollment, tertiary (% gross)",SE.TER.ENRR,5.20879983901978,5.82052993774414,5.84430980682373,5.51512002944946,6.93306016921997,7.28415012359619,8.07845020294189,9.03649044036865,9.74847030639648,10.5767602920532,11.3488101959228,12.4969301223755,14.2745199203491,16.2081909179688,17.9389495849609,19.3102798461914,20.6872100830078,21.6776599884033,22.4409999847412,23.7790603637695,25.4730396270752,26.9844398498535,29.1287307739258,31.580940246582,38.8466682434082,41.3544311523438,43.1053314208984,43.858829498291,44.811351776123,46.9729614257812,50.3684883117676,53.9938011169434,57.4992599487305,60.2147789001465
East Asia & Pacific (IDA & IBRD countries),TEA,"School enrollment, tertiary (% gross)",SE.TER.ENRR,4.8690299987793,5.50631999969482,5.54217004776001,5.22213983535767,6.66963005065918,7.02889013290405,7.83038997650146,8.79578971862793,9.51282024383545,10.3489799499512,11.1288003921509,12.2932901382446,14.0914402008057,16.0474491119385,17.7994499206543,19.1879806518555,20.5814304351807,21.5844192504883,22.3570995330811,23.7103404998779,25.4230098724365,26.9515590667725,29.1261692047119,31.6151294708252,38.9852485656738,41.5367698669434,43.3201484680176,44.0927085876465,45.0661506652832,47.2565612792969,50.6974411010742,54.3689193725586,57.9160804748535,60.657829284668
Euro area,EMU,"School enrollment, tertiary (% gross)",SE.TER.ENRR,..,..,..,..,..,..,..,..,..,53.4500617980957,54.636791229248,56.2347106933594,57.7058181762695,59.5358581542969,61.2149200439453,62.4031982421875,63.1356391906738,63.1724586486816,63.1868896484375,63.742259979248,65.1743316650391,66.5702667236328,67.2605895996094,67.9843521118164,69.9664688110352,71.4340972900391,72.2064819335938,73.6193008422852,74.7783737182617,76.0138626098633,76.9254837036133,79.9525680541992,81.6640472412109,81.8938369750977
Europe & Central Asia,ECS,"School enrollment, tertiary (% gross)",SE.TER.ENRR,..,..,..,..,..,..,..,..,..,43.6435012817383,45.8308486938477,48.1379318237305,50.6971092224121,53.2160682678223,54.428840637207,56.0824089050293,57.5957984924316,58.696159362793,59.4951515197754,60.6389389038086,62.1960716247559,63.1500511169434,63.842960357666,64.9021987915039,66.4192199707031,67.4049606323242,68.9127578735352,70.533203125,72.0409393310547,73.6700897216797,75.6536102294922,79.1505813598633,81.0477066040039,81.5205917358398
Europe & Central Asia (excluding high income),ECA,"School enrollment, tertiary (% gross)",SE.TER.ENRR,..,..,..,..,..,..,..,..,..,28.1236400604248,29.9919700622559,30.9964904785156,32.5421905517578,34.9637107849121,36.3488998413086,38.0454292297363,40.5656318664551,41.7718391418457,42.468391418457,44.1857299804688,46.8220100402832,48.8937301635742,51.655029296875,54.6174812316895,57.4994316101074,59.4534492492676,63.0641899108887,66.7744674682617,69.4651870727539,72.0600280761719,74.5084381103516,77.9448471069336,79.0034332275391,79.1041488647461
Europe & Central Asia (IDA & IBRD countries),TEC,"School enrollment, tertiary (% gross)",SE.TER.ENRR,..,..,..,..,..,..,..,..,..,36.4291915893555,39.5721206665039,42.5860595703125,45.6075897216797,48.6035614013672,49.6661491394043,51.7776718139648,53.9830513000488,55.8291511535645,57.3591613769531,58.7855110168457,60.5026206970215,61.4155616760254,62.2472190856934,64.0805892944336,65.699821472168,66.5678024291992,68.5775833129883,70.3993377685547,72.1406326293945,73.6460266113281,76.050666809082,79.2664413452148,81.2411270141602,82.1417770385742
European Union,EUU,"School enrollment, tertiary (% gross)",SE.TER.ENRR,..,..,..,..,..,..,..,..,..,49.1069717407227,50.9117202758789,53.326229095459,55.6869888305664,57.9621315002441,59.9736289978027,61.5676918029785,62.8105583190918,63.493091583252,64.5242614746094,65.613899230957,66.8966522216797,67.5122680664062,67.3753204345703,67.5626907348633,68.7397079467773,69.7687225341797,70.514030456543,71.7874526977539,72.9149475097656,74.0401382446289,75.0071029663086,77.8575668334961,79.6330184936523,79.4997329711914
Fragile and conflict affected situations,FCS,"School enrollment, tertiary (% gross)",SE.TER.ENRR,8.82411003112793,8.74586963653564,8.60334014892578,8.52583026885986,8.33749008178711,8.45205020904541,8.51620960235596,9.13803005218506,8.9995698928833,9.36382961273193,9.74339008331299,10.6055097579956,11.3661603927612,11.9478998184204,12.5274095535278,13.4128198623657,14.1131496429443,14.6190299987793,15.2314701080322,15.4442901611328,15.5230598449707,15.5898895263672,15.4469995498657,15.3281497955322,15.5115299224853,15.0761098861694,14.7394104003906,14.7340002059937,14.6939496994019,14.5780601501465,..,..,..,..
Heavily indebted poor countries (HIPC),HPC,"School enrollment, tertiary (% gross)",SE.TER.ENRR,2.55408000946045,2.61220002174377,2.63121008872986,2.67179989814758,2.69591999053955,2.70195007324219,2.75222992897034,2.84836006164551,2.91209006309509,2.97796988487244,3.24032998085022,3.52948999404907,3.82609009742737,4.06547021865845,4.40012979507446,4.72972011566162,5.0988597869873,5.42055988311768,5.94095993041992,6.50473022460938,7.1113600730896,7.36318016052246,7.75029993057251,8.12090969085693,8.39015007019043,8.46887016296387,8.36925029754639,8.52756977081299,8.68200016021729,8.76803016662598,8.93181037902832,9.09300994873047,..,..
High income,HIC,"School enrollment, tertiary (% gross)",SE.TER.ENRR,..,..,..,..,..,..,..,..,..,54.4368782043457,56.6191596984863,59.5139083862305,62.5276412963867,64.6086807250977,65.9248275756836,66.98193359375,68.3215713500977,69.4518508911133,70.3824996948242,71.669563293457,72.7250671386719,73.4673080444336,73.9660415649414,74.6711502075195,75.5722274780273,76.1647109985352,76.8188171386719,76.9816284179688,77.3113708496094,78.1505126953125,78.8942108154297,80.3660430908203,80.0000076293945,81.3826599121094
IBRD only,IBD,"School enrollment, tertiary (% gross)",SE.TER.ENRR,9.07730960845947,9.4219799041748,10.9922199249268,10.7540302276611,11.6766595840454,12.2933597564697,11.8981704711914,14.2854900360107,14.5565900802612,15.4099798202515,16.2139205932617,17.2033996582031,18.6798000335693,20.156099319458,21.3158397674561,22.308780670166,24.1985492706299,24.9976596832275,26.4676303863525,27.5671901702881,29.3168201446533,31.60080909729,33.3618087768555,34.6321601867676,38.5710983276367,40.3413391113281,41.3350410461426,42.1075210571289,42.8337593078613,43.9086608886719,45.7753410339355,48.078239440918,50.1821708679199,52.1241912841797
IDA & IBRD total,IBT,"School enrollment, tertiary (% gross)",SE.TER.ENRR,8.12067031860352,8.38817024230957,9.62351036071777,9.40445041656494,10.0930099487305,10.5301303863525,10.1860198974609,12.0109100341797,12.1943702697754,12.8300504684448,13.4703903198242,14.3240900039673,15.4760999679565,16.6210899353027,17.5342903137207,18.3835792541504,19.8638801574707,20.5265102386475,21.6924991607666,22.640739440918,23.9923896789551,25.6595001220703,26.9026508331299,27.7377204895019,30.4351806640625,31.5849208831787,32.1406402587891,32.534610748291,32.9231109619141,33.7504501342773,34.881721496582,36.371711730957,37.5708808898926,38.8012886047363
IDA blend,IDB,"School enrollment, tertiary (% gross)",SE.TER.ENRR,4.26107978820801,4.17679977416992,4.06719017028809,4.05819988250732,4.1597900390625,4.23231983184815,4.34964990615845,4.45048999786377,4.50826978683472,4.54576015472412,4.86374998092651,5.16861009597778,5.49699020385742,5.80453014373779,6.13330984115601,6.62731981277466,6.67625999450684,6.89648008346558,6.84502983093262,7.30359983444214,7.6446099281311,8.02414035797119,8.63274955749512,9.06772041320801,9.27478981018066,9.33965969085693,9.36579990386963,9.59840965270996,9.50831985473633,10.7665796279907,11.1854295730591,11.750789642334,10.9789304733276,11.2455501556397
IDA only,IDX,"School enrollment, tertiary (% gross)",SE.TER.ENRR,3.56413006782532,3.61227989196777,3.58607006072998,3.69358992576599,3.66381001472473,3.68244004249573,3.81008005142212,3.93319988250732,4.10483980178833,4.31957006454468,4.62181997299194,5.11661005020142,5.27756977081299,5.43798017501831,5.62271022796631,6.06575012207031,6.55491018295288,6.99860000610352,7.64674997329712,8.40328025817871,9.14879989624023,9.50562000274658,9.869460105896,10.199330329895,10.5037803649902,10.8185300827026,10.9488000869751,11.0960502624512,11.5536499023438,12.1506395339966,12.1009197235107,12.3128900527954,12.5317802429199,12.8625402450562
IDA total,IDA,"School enrollment, tertiary (% gross)",SE.TER.ENRR,3.81779003143311,3.82239007949829,3.76781988143921,3.83015990257263,3.83544993400574,3.87375998497009,3.98690009117127,4.09068012237549,4.22511005401611,4.38017988204956,4.6884298324585,5.11937999725342,5.33851003646851,5.5499701499939,5.78554010391235,6.2495698928833,6.58255004882812,6.94739007949829,7.35834980010986,8.02299976348877,8.64418029785156,9.07277011871338,9.49693965911865,9.83683967590332,10.1054496765137,10.3262100219727,10.4179496765137,10.5911903381348,10.8586797714233,11.6913900375366,11.8063497543335,12.1378402709961,12.0069704055786,12.314169883728
Late-demographic dividend,LTE,"School enrollment, tertiary (% gross)",SE.TER.ENRR,8.55105972290039,8.89568996429443,8.91987991333008,8.56987953186035,9.90587997436523,13.2426204681397,11.2503595352173,15.5510902404785,13.6268196105957,14.7308702468872,16.1450004577637,18.0309791564941,20.4317893981934,22.8418598175049,24.6795501708984,26.4337997436523,29.2601299285889,29.1174507141113,29.939790725708,30.9654293060303,32.7734413146973,34.3755798339844,36.1907615661621,38.6981582641602,46.0270004272461,48.2025108337402,49.5272407531738,50.7083702087402,52.2510185241699,54.3362693786621,57.8864784240723,61.8659400939941,65.5056533813477,68.1330413818359
Latin America & Caribbean,LCN,"School enrollment, tertiary (% gross)",SE.TER.ENRR,..,..,..,..,..,..,..,..,..,22.5913906097412,23.8176708221436,25.2762908935547,27.1014404296875,28.6692295074463,30.1274299621582,31.8272495269775,38.6138916015625,36.3547286987305,39.265079498291,40.250301361084,41.7594985961914,43.2492713928223,44.429859161377,45.4711112976074,47.1078109741211,48.3956489562988,50.3843383789062,51.7569198608398,52.4460487365723,53.3577194213867,54.8686599731445,56.7638816833496,58.2350807189941,60.6225090026855
Latin America & Caribbean (excluding high income),LAC,"School enrollment, tertiary (% gross)",SE.TER.ENRR,..,..,..,..,..,..,..,..,..,21.455680847168,22.7809104919434,24.0530796051025,25.7361106872559,27.2607803344727,28.7352905273438,29.9256992340088,36.9377784729004,33.6932716369629,36.2729682922363,37.243049621582,38.6875381469727,40.2218818664551,41.3904914855957,42.4139709472656,44.145320892334,45.495979309082,47.6427688598633,49.1490287780762,49.9449081420898,51.0327110290527,52.8043212890625,54.614860534668,56.1285705566406,58.5862693786621
Latin America & the Caribbean (IDA & IBRD countries),TLA,"School enrollment, tertiary (% gross)",SE.TER.ENRR,..,..,..,..,..,..,..,..,..,22.2505493164062,23.4782104492188,24.9325294494629,26.7873706817627,28.3239593505859,29.5181694030762,31.132360458374,37.6753311157227,35.0256118774414,37.754810333252,38.8017082214355,40.6646003723145,42.4470100402832,43.9397506713867,45.221851348877,46.9943084716797,48.3502616882324,50.4026489257812,51.7107086181641,52.4073104858398,53.3199310302734,54.8506698608398,56.7357902526855,58.2713890075684,60.7355194091797
Least developed countries: UN classification,LDC,"School enrollment, tertiary (% gross)",SE.TER.ENRR,2.76378011703491,2.82580995559692,2.80761003494263,2.92497992515564,2.90509009361267,2.91950011253357,3.00693011283875,3.07293009757996,3.19510006904602,3.40175008773804,3.65261006355286,4.12803983688354,4.23750019073486,4.41347980499268,4.49539995193481,4.85500001907349,5.29082012176514,5.69760990142822,6.30137014389038,7.15224981307983,7.9300799369812,8.46016979217529,8.69954013824463,8.92932033538818,9.0360803604126,9.34146976470947,9.60595035552979,9.68212985992432,10.154990196228,10.6823301315308,10.5179395675659,10.6617698669434,10.8424100875854,11.1316499710083
Low & middle income,LMY,"School enrollment, tertiary (% gross)",SE.TER.ENRR,8.02661037445068,8.31497001647949,9.54493999481201,9.27371025085449,9.92378044128418,10.3202295303345,9.90573978424072,11.7060899734497,11.8792400360107,12.4727802276611,13.0773096084595,13.8656902313232,14.9703702926636,16.0999202728271,17.0338306427002,17.8279209136963,19.3010101318359,19.9281501770019,21.0461902618408,21.9846591949463,23.3099193572998,24.9900798797607,26.2386302947998,27.0639896392822,29.786039352417,30.9507808685303,31.5065193176269,31.9152908325195,32.3189010620117,33.1788482666016,34.3418502807617,35.8265914916992,37.0190887451172,38.2484283447266
Low income,LIC,"School enrollment, tertiary (% gross)",SE.TER.ENRR,5.11652994155884,5.05625009536743,4.87666988372803,4.71951007843018,4.46163988113403,4.28110980987549,4.17020988464355,4.10144996643066,4.17962980270386,4.26265001296997,4.4872899055481,4.71783018112183,4.92111015319824,5.08628988265991,5.43169021606445,5.8095498085022,6.18627977371216,6.41929006576538,6.86619997024536,7.4379301071167,7.93957996368408,8.07408046722412,8.42776012420654,8.5317497253418,8.91011047363281,8.86390972137451,8.71317005157471,8.79467010498047,8.88230037689209,9.01313972473145,9.19797039031982,9.28015041351318,..,..
Lower middle income,LMC,"School enrollment, tertiary (% gross)",SE.TER.ENRR,5.90819978713989,5.98908996582031,8.46774005889893,8.5859203338623,8.67026042938232,6.39603996276855,7.06133985519409,7.48793983459473,9.44723033905029,9.67063999176025,9.76397037506104,10.0435600280762,10.4285297393799,10.6699695587158,11.0608701705933,11.2711601257324,11.8481998443603,12.9341802597046,14.0953397750854,14.8929595947266,16.17506980896,18.6026000976562,19.551139831543,19.6597690582275,20.7868595123291,21.6971092224121,21.8519096374512,22.0319995880127,22.3385906219482,23.1019592285156,23.7904491424561,24.9580802917481,25.6742095947266,26.7934799194336
"Middle East, North Africa, Afghanistan & Pakistan",MEA,"School enrollment, tertiary (% gross)",SE.TER.ENRR,8.68671989440918,8.4927396774292,9.11003017425537,9.45423030853271,10.302080154419,10.6883602142334,11.4784202575684,12.165060043335,12.690770149231,13.4846296310425,13.556619644165,13.9357404708862,14.1848001480103,14.3840999603272,15.3665399551392,16.4484596252441,17.0407199859619,18.2272891998291,19.4375705718994,20.1668605804443,21.461669921875,21.9487991333008,23.6090698242188,24.6868095397949,26.2296390533447,27.3493404388428,27.0987300872803,27.2971000671387,27.1299304962158,27.9685897827148,28.3051891326904,28.3076190948486,28.0563106536865,28.7123298645019
"Middle East, North Africa, Afghanistan & Pakistan (excluding high income)",MNA,"School enrollment, tertiary (% gross)",SE.TER.ENRR,..,..,..,..,..,..,..,..,..,..,..,..,..,..,..,..,..,..,..,..,..,..,..,..,..,..,..,..,..,..,..,..,..,..
"Middle East, North Africa, Afghanistan & Pakistan (IDA & IBRD)",TMN,"School enrollment, tertiary (% gross)",SE.TER.ENRR,..,..,..,..,..,..,..,..,..,..,..,..,..,..,..,..,..,..,..,..,..,..,..,..,..,..,..,..,..,..,..,..,..,..
Middle income,MIC,"School enrollment, tertiary (% gross)",SE.TER.ENRR,8.22194004058838,8.53505039215088,9.86660003662109,9.59543037414551,10.3195600509644,10.7753896713257,10.3503799438477,12.3088703155518,12.5035200119019,13.1548299789429,13.8052501678467,14.6393899917603,15.8292303085327,17.0537300109863,18.051290512085,18.8964004516602,20.488639831543,21.1776008605957,22.3852806091309,23.3845500946045,24.841100692749,26.7389297485352,28.1563606262207,29.1475200653076,32.2277793884277,33.6232795715332,34.3544692993164,34.9058494567871,35.4456214904785,36.4931297302246,37.891170501709,39.6747283935547,41.134651184082,42.6316795349121
North America,NAC,"School enrollment, tertiary (% gross)",SE.TER.ENRR,..,..,..,..,..,..,..,..,..,69.5722122192383,66.9040679931641,71.4756927490234,76.0470504760742,77.6200637817383,79.1845626831055,78.8173599243164,81.1328964233398,82.1136093139648,83.0399475097656,85.34716796875,85.4238433837891,85.7931976318359,86.0814895629883,86.5340118408203,86.5686874389648,86.8131408691406,86.9502792358398,86.4250564575195,86.4270935058594,86.4167633056641,86.3354034423828,84.3603820800781,79.3105697631836,82.2317199707031
Not classified,INX,"School enrollment, tertiary (% gross)",SE.TER.ENRR,..,..,..,..,..,..,..,..,..,..,..,..,..,..,..,..,..,..,..,..,..,..,..,..,..,..,..,..,..,..,..,..,..,..
OECD members,OED,"School enrollment, tertiary (% gross)",SE.TER.ENRR,..,..,..,..,..,..,..,..,..,50.7634506225586,52.5736885070801,54.7479782104492,57.0971183776855,58.7679901123047,60.0452499389648,60.9480895996094,62.3033905029297,63.0849990844727,63.6964912414551,65.258903503418,66.7914505004883,67.871696472168,68.917236328125,69.910758972168,70.9062423706055,72.0236282348633,73.9402770996094,74.7901000976562,75.4892120361328,76.4273910522461,77.2700805664062,78.8566436767578,78.3904876708984,79.5250930786133
Other small states,OSS,"School enrollment, tertiary (% gross)",SE.TER.ENRR,6.02519989013672,6.10103988647461,7.22867012023926,6.70027017593384,6.96515989303589,7.23445987701416,8.18107032775879,8.38290023803711,9.31105041503906,9.0228099822998,9.36697006225586,10.1713199615478,10.2919998168945,11.151650428772,11.674599647522,11.9553003311157,12.1797800064087,12.9949903488159,14.2241697311401,15.9248199462891,16.3189792633057,17.2415008544922,18.0363903045654,18.7155208587646,19.1145305633545,19.3875293731689,19.365930557251,20.0034809112549,20.2906303405762,21.1205902099609,21.617130279541,22.1164093017578,22.3280200958252,22.353889465332
Pacific island small states,PSS,"School enrollment, tertiary (% gross)",SE.TER.ENRR,6.1402997970581,7.41555023193359,7.51308012008667,7.58362007141113,7.66329002380371,7.77312994003296,7.91181993484497,8.19550037384033,8.41001987457275,8.68115043640137,8.57024955749512,8.64962959289551,8.9496603012085,9.11674976348877,9.18844985961914,9.26836967468262,10.448320388794,11.6148996353149,12.749059677124,13.8834295272827,14.9991502761841,15.9915399551392,16.9056892395019,17.8391304016113,18.7202606201172,19.5440101623535,20.3001098632812,21.0051193237305,21.6747703552246,22.1763496398926,23.8909606933594,25.3326797485352,26.6385803222656,27.8527202606201
Post-demographic dividend,PST,"School enrollment, tertiary (% gross)",SE.TER.ENRR,..,..,..,..,..,..,..,..,..,59.2588806152344,60.9504508972168,63.4118690490723,66.2143707275391,68.0389709472656,69.8123016357422,70.7085113525391,72.5484390258789,73.6274032592773,74.382568359375,75.7163009643555,76.129638671875,76.8018493652344,76.9093017578125,76.8820114135742,77.3907699584961,77.5960006713867,78.0374298095703,78.2045822143555,78.5094528198242,79.4663619995117,80.1040878295898,81.0674819946289,79.975341796875,81.2349395751953
Pre-demographic dividend,PRE,"School enrollment, tertiary (% gross)",SE.TER.ENRR,2.98382997512817,3.05075001716614,3.1136999130249,3.20022988319397,3.2739999294281,3.30173993110657,3.37503004074097,3.4682400226593,3.51804995536804,3.57716989517212,3.96374988555908,4.32922983169556,4.69973993301392,5.09181976318359,5.37591981887817,5.72213983535767,5.93388986587524,6.07145023345947,6.37200021743774,6.63960981369019,6.91344022750854,7.22444009780884,7.61994981765747,7.97291994094849,8.17070007324219,8.25500011444092,8.31756973266602,8.40110015869141,8.50343990325928,8.51943969726562,8.60867023468018,8.72068023681641,..,..
Small states,SST,"School enrollment, tertiary (% gross)",SE.TER.ENRR,6.44184017181396,6.81321001052856,7.64163017272949,7.34355020523071,7.6034197807312,7.8176097869873,8.56110954284668,8.79374980926514,9.44421005249023,9.2608003616333,10.0239400863647,10.8100900650024,11.1305904388428,11.9303302764893,12.5509300231934,12.6359996795654,12.8919200897217,13.8059597015381,15.073920249939,16.4898891448975,17.1129703521729,17.8525390625,18.7524394989014,19.2426204681396,19.6605091094971,19.9418296813965,19.9832496643066,20.5163993835449,20.7374591827393,21.3656902313232,21.8676891326904,22.3052196502686,22.5005798339844,22.5767707824707
South Asia,SAS,"School enrollment, tertiary (% gross)",SE.TER.ENRR,..,..,..,..,..,..,..,..,..,9.23464012145996,9.22157001495361,9.43124008178711,9.87176036834717,10.3095397949219,10.5721397399902,10.4651298522949,11.3078498840332,12.8670997619629,14.7031297683716,15.8038501739502,17.6207408905029,21.8057098388672,23.1186695098877,22.6903400421143,24.041389465332,25.3642196655273,25.5159492492676,26.079870223999,26.8766307830811,27.6625595092773,28.2194099426269,29.8268604278564,30.9421100616455,32.438419342041
South Asia (IDA & IBRD),TSA,"School enrollment, tertiary (% gross)",SE.TER.ENRR,..,..,..,..,..,..,..,..,..,9.23464012145996,9.22157001495361,9.43124008178711,9.87176036834717,10.3095397949219,10.5721397399902,10.4651298522949,11.3078498840332,12.8670997619629,14.7031297683716,15.8038501739502,17.6207408905029,21.8057098388672,23.1186695098877,22.6903400421143,24.041389465332,25.3642196655273,25.5159492492676,26.079870223999,26.8766307830811,27.6625595092773,28.2194099426269,29.8268604278564,30.9421100616455,32.438419342041
Sub-Saharan Africa,SSF,"School enrollment, tertiary (% gross)",SE.TER.ENRR,3.07052993774414,3.19055008888245,3.31670999526977,3.46866011619568,3.63604998588562,3.70559000968933,3.78944993019104,3.89790010452271,3.98570990562439,4.03235006332397,4.38447999954224,4.7371997833252,5.08393001556396,5.46747016906738,5.72870016098022,6.05515003204346,6.24377012252808,6.42028999328613,6.74998998641968,7.13790988922119,7.58255004882812,7.91926002502441,8.23978996276855,8.56149959564209,8.72679042816162,8.83660984039307,8.84762001037598,8.98320960998535,9.08197975158691,9.09492015838623,9.19791030883789,9.27116012573242,..,..
Sub-Saharan Africa (excluding high income),SSA,"School enrollment, tertiary (% gross)",SE.TER.ENRR,3.07101011276245,3.19103002548218,3.31718993186951,3.46915006637573,3.636549949646,3.70607995986939,3.78994011878967,3.89840006828308,3.98621010780335,4.03283023834229,4.38500022888184,4.73776006698608,5.08449983596802,5.4680700302124,5.72931003570557,6.05577993392944,6.24442005157471,6.42093992233276,6.75066995620728,7.13859987258911,7.58326005935669,7.91976976394653,8.24044036865234,8.56204032897949,8.72710990905762,8.83637046813965,8.84714984893799,8.98270988464355,9.08168983459473,9.09453010559082,9.19779014587402,9.27089023590088,..,..
Sub-Saharan Africa (IDA & IBRD countries),TSS,"School enrollment, tertiary (% gross)",SE.TER.ENRR,3.07052993774414,3.19055008888245,3.31670999526977,3.46866011619568,3.63604998588562,3.70559000968933,3.78944993019104,3.89790010452271,3.98570990562439,4.03235006332397,4.38447999954224,4.7371997833252,5.08393001556396,5.46747016906738,5.72870016098022,6.05515003204346,6.24377012252808,6.42028999328613,6.74998998641968,7.13790988922119,7.58255004882812,7.91926002502441,8.23978996276855,8.56149959564209,8.72679042816162,8.83660984039307,8.84762001037598,8.98320960998535,9.08197975158691,9.09492015838623,9.19791030883789,9.27116012573242,..,..
Upper middle income,UMC,"School enrollment, tertiary (% gross)",SE.TER.ENRR,8.05681037902832,8.62090015411377,9.20166015625,8.70341014862061,10.0458097457886,12.9722995758057,11.5313997268677,15.0228595733643,13.4518899917603,14.3624200820923,15.3636999130249,16.5188007354736,18.3253898620606,20.4253807067871,22.1560802459717,23.5556201934814,26.2403697967529,26.4564990997314,27.747049331665,29.0400905609131,30.9967708587646,32.8706703186035,35.3440704345703,37.8507614135742,44.0766296386719,46.6499481201172,48.6304512023926,50.1707000732422,51.4451103210449,53.2710494995117,56.021671295166,58.9831390380859,61.7802200317383,64.0977478027344
World,WLD,"School enrollment, tertiary (% gross)",SE.TER.ENRR,13.307559967041,13.5430002212524,14.8865699768066,15.3053102493286,15.8401098251343,16.3353996276856,16.392370223999,17.93284034729,18.058629989624,18.7848205566406,19.484260559082,20.3930397033691,21.6429405212402,22.7504901885986,23.6235904693604,24.3295593261719,25.7015895843506,26.303430557251,27.350980758667,28.2910709381104,29.5784606933594,31.1437301635742,32.3113899230957,33.0915985107422,35.5645713806152,36.6130981445312,37.1431999206543,37.4994316101074,37.8525314331055,38.6688690185547,39.7074089050293,41.0742492675781,42.0465698242188,43.197868347168
,,,,,,,,,,,,,,,,,,,,,,,,,,,,,,,,,,,,,
,,,,,,,,,,,,,,,,,,,,,,,,,,,,,,,,,,,,,
,,,,,,,,,,,,,,,,,,,,,,,,,,,,,,,,,,,,,
Data from database: World Development Indicators,,,,,,,,,,,,,,,,,,,,,,,,,,,,,,,,,,,,,
Last Updated: 04/08/2026,,,,,,,,,,,,,,,,,,,,,,,,,,,,,,,,,,,,,
Code,License Type,Indicator Name,Long definition,Source,Topic,Dataset,Unit of measure,Periodicity,Reference period,Aggregation method,Statistical concept and methodology,Development relevance,Limitations and exceptions,License URL
SE.TER.ENRR,CC BY-4.0,"School enrollment, tertiary (% gross)","Gross enrollment ratio is the ratio of total enrollment, regardless of age, to the population of the age group that officially corresponds to the level of education shown. Tertiary education, whether or not to an advanced research qualification, normally requires, as a minimum condition of admission, the successful completion of education at the secondary level.","Data API, UN Educational, Scientific and Cultural Organization (UNESCO), uri: https://databrowser.uis.unesco.org/resources, note: The data are obtained through the UIS API.  Detailed documentation is available at: https://api.uis.unesco.org/api/public/documentation/, publisher: UNESCO Institute for Statistics (UIS), type: Bulk file (csv), date accessed: 2026-03-19, date published: 2026-02",Education: Participation,WB_WDI,% of population in the 5-year age group immediately following upper secondary education,Annual,1970-2025,Weighted average,"Methodology: Gross enrollment ratio for tertiary school is calculated by dividing the number of students enrolled in tertiary education regardless of age by the population of the age group which officially corresponds to tertiary education, and multiplying by 100. 



















Data on education are collected by the UNESCO Institute for Statistics from official responses to its annual education survey. All the data are mapped to the International Standard Classification of Education (ISCED) to ensure the comparability of education programs at the international level. The current version was formally adopted by UNESCO Member States in 2011. Population data are drawn from the United Nations Population Division. Using a single source for population data standardizes definitions, estimations, and interpolation methods, ensuring a consistent methodology across countries and minimizing potential enumeration problems in national censuses.



















The reference years reflect the school year for which the data are presented. In some countries the school year spans two calendar years (for example, from September 2010 to June 2011); in these cases the reference year refers to the year in which the school year ended (2011 in the example).
Statistical concept(s): Gross enrollment ratios indicate the capacity of each level of the education system, but a high ratio may reflect a substantial number of overage children enrolled in each grade because of repetition or late entry rather than a successful education system.","Sustainable Development Goal (SDG) target 4.3 is committed to providing equitable access to affordable and high-quality technical, vocational, and tertiary education, including university, for both women and men. This particular indicator reflects the overall capacity of the educational infrastructure to support enrolment within a specified age demographic at the tertiary level.","Enrollment indicators are based on annual school surveys, but do not necessarily reflect actual attendance or dropout rates during the year. Also, the length of education differs across countries and can influence enrollment rates, although the International Standard Classification of Education (ISCED) tries to minimize the difference. For example, a shorter duration for primary education tends to increase the rate; a longer one to decrease it (in part because older children are more at risk of dropping out). Moreover, age at enrollment may be inaccurately estimated or misstated, especially in communities where registration of births is not strictly enforced.",https://datacatalog.worldbank.org/public-licenses#cc-by
