Country Name,Country Code,Series Name,Series Code,1990 [YR1990],1991 [YR1991],1992 [YR1992],1993 [YR1993],1994 [YR1994],1995 [YR1995],1996 [YR1996],1997 [YR1997],1998 [YR1998],1999 [YR1999],2000 [YR2000],2001 [YR2001],2002 [YR2002],2003 [YR2003],2004 [YR2004],2005 [YR2005],2006 [YR2006],2007 [YR2007],2008 [YR2008],2009 [YR2009],2010 [YR2010],2011 [YR2011],2012 [YR2012],2013 [YR2013],2014 [YR2014],2015 [YR2015],2016 [YR2016],2017 [YR2017],2018 [YR2018],2019 [YR2019],2020 [YR2020],2021 [YR2021],2022 [YR2022],2023 [YR2023]
Afghanistan,AFG,Lifetime risk of maternal death (%),SH.MMR.RISK.ZS,10.7437502202721,10.5676376878976,9.64868791951344,9.24201921636505,9.96933050887818,10.242911417575,10.1304739160608,10.0436760528126,10.5826856316197,9.78989587848017,10.1658565836579,9.42971179886303,8.72610257302503,8.28521481127143,7.96922960997225,7.32243913192302,6.92239875781847,6.62482273520315,5.92845622121885,5.6628389013163,5.37961633971084,4.92806991667695,4.70058059737284,4.4453325980915,4.21066725696158,4.07603205032049,3.77589120276931,3.46973936527902,3.24642538107139,3.04262618130804,3.1359441259691,3.21447974837581,2.66737953300154,2.46934219058648
Albania,ALB,Lifetime risk of maternal death (%),SH.MMR.RISK.ZS,0.0966741571457302,0.0885462257992214,0.0805466250421819,0.0714283203592788,0.0659801125653869,0.0603582770581003,0.0546729620209204,0.0530125436873608,0.0427059181911111,0.0372905974902142,0.0326416727835282,0.0287157713167589,0.025599914760914,0.0248539793198246,0.0223775130989249,0.0199486706450621,0.0174484406726818,0.0152885761792253,0.0139995533975227,0.0136727877297908,0.0136827387561932,0.0138599252629721,0.0149151602260106,0.0155076105246231,0.0151779245289166,0.0136838304885463,0.0122107086858442,0.0109728267058779,0.00993305703904972,0.00954409910574468,0.00934328646560039,0.0184324454517961,0.0105697969397847,0.00909171003227131
Algeria,DZA,Lifetime risk of maternal death (%),SH.MMR.RISK.ZS,0.848136500504295,0.812789295196133,0.782682032934397,0.754056934868825,0.726788119692579,0.616016370935543,0.512064383965723,0.42045600316519,0.358414254872715,0.322888666978347,0.296620202009747,0.267369077069009,0.233286422898784,0.233688562167554,0.215456876416084,0.21282312555417,0.213924875282764,0.219045117036515,0.226544343720727,0.229215557233454,0.231332120295469,0.231053351248484,0.242171721760108,0.241709114053195,0.249138388394457,0.246525111175559,0.243339941214787,0.237931255081135,0.225826530464605,0.215050466468913,0.274746583157437,0.215206654058784,0.169460980724741,0.1578960592252
American Samoa,ASM,Lifetime risk of maternal death (%),SH.MMR.RISK.ZS,..,..,..,..,..,..,..,..,..,..,..,..,..,..,..,..,..,..,..,..,..,..,..,..,..,..,..,..,..,..,..,..,..,..
Andorra,AND,Lifetime risk of maternal death (%),SH.MMR.RISK.ZS,0.0237493110072233,0.0254223146337025,0.0246786407295101,0.0227566650848769,0.0224534468687192,0.022180573710013,0.0217109011495181,0.0183795396240007,0.0184584751384679,0.0186536020938894,0.0187344060302625,0.0184155986766474,0.0170656136165816,0.0139634885320036,0.0138772147962602,0.0153825336258678,0.0130010351050952,0.013643717652556,0.0140560586667165,0.0135330718383146,0.0152224451551674,0.0133319139528255,0.0131239434093039,0.0100365027757304,0.0102343505336814,0.0106804469684844,0.0098373720867834,0.0104171629130741,0.00931422577151733,0.00904669069858087,0.0405023709377129,0.0151072111812889,0.01425720407199,0.00920324924573702
Angola,AGO,Lifetime risk of maternal death (%),SH.MMR.RISK.ZS,5.55326167372253,5.26659871834775,5.51903799350127,5.36184991327497,5.08392710270316,4.8224673670912,4.63664359731874,4.42033836577608,4.40693049785518,4.17031988287619,3.9889436802524,3.79814071475027,3.62865773852324,3.24951294450769,3.01193220576529,2.78763402667569,2.62928899022445,2.41045570999856,2.23015188704842,2.07962585979772,1.90888118698188,1.77260687066036,1.62620760381344,1.54921493547831,1.50667605658398,1.41982892371209,1.32525367182672,1.2239985725232,1.14480784352691,1.0944678118863,1.04769613159538,1.11783372293875,0.966422541178586,0.945447457496034
Antigua and Barbuda,ATG,Lifetime risk of maternal death (%),SH.MMR.RISK.ZS,0.104857657450342,0.0925960007483794,0.0908755790312634,0.0859101357789447,0.0826227494178484,0.0862269272076004,0.0864290370429255,0.0822596792074087,0.069953860368884,0.0668981094650203,0.0797504264132262,0.0693570695125465,0.0663155369840725,0.059439366211557,0.0577624226879637,0.0544481013266844,0.0523313371301262,0.0539015530776873,0.0568382760560637,0.0567737295249108,0.0489061819002888,0.0471619860184257,0.043843163750138,0.0427442634378557,0.0422307217982866,0.0403938745518694,0.0354423051044471,0.0402293331321425,0.0365423227798885,0.0412683225806877,0.0476422563455336,0.0439790081819754,0.0496016040449321,0.047449099184204
Argentina,ARG,Lifetime risk of maternal death (%),SH.MMR.RISK.ZS,0.194193258022028,0.189472087370887,0.182296966836462,0.171979604093648,0.169826711949849,0.161641965595671,0.153931507311701,0.152216180614435,0.142715080684318,0.143009652037933,0.1424705935849,0.145356533919048,0.140880442084586,0.142750311337891,0.136020419974415,0.13371507209098,0.13840528635614,0.140574785429462,0.138698007463305,0.14314975493318,0.126860668720274,0.111558266707094,0.10896425234058,0.10455188006338,0.0991818923618713,0.0865813800192031,0.0841717023916473,0.0786005602039371,0.0748312540570162,0.0641585373355376,0.0591457310857316,0.11189506411252,0.0535964466956519,0.045677677466147
Armenia,ARM,Lifetime risk of maternal death (%),SH.MMR.RISK.ZS,0.136224049223353,0.129399487627203,0.13230553810287,0.113158223584182,0.100938766346488,0.0946703363538766,0.0911943691757692,0.0795964159539934,0.0698484683564776,0.0564849180147974,0.0525954723103125,0.0490538088368729,0.0472688175733948,0.0482785950450301,0.047754159387721,0.0461758732311057,0.0449552912065739,0.0450897762574164,0.0450898213279672,0.0450817251507573,0.0441257506525208,0.0441694377702614,0.0442336088447542,0.0439148354566967,0.0427889081946611,0.0406053328789041,0.039493786813794,0.0363764948768119,0.0353189138317484,0.0347210004437949,0.063930275474321,0.0874392098839186,0.0394883650427026,0.0281187008695276
Aruba,ABW,Lifetime risk of maternal death (%),SH.MMR.RISK.ZS,..,..,..,..,..,..,..,..,..,..,..,..,..,..,..,..,..,..,..,..,..,..,..,..,..,..,..,..,..,..,..,..,..,..
Australia,AUS,Lifetime risk of maternal death (%),SH.MMR.RISK.ZS,0.0162115072589003,0.0160470918681973,0.0160980145104647,0.0154366618277069,0.0153359583635652,0.0144851960219115,0.0133994412827768,0.0129842527053592,0.0118961134030879,0.011236086951574,0.0103879692159888,0.00891879125311489,0.00855268584045927,0.00838899051478568,0.0079763739027515,0.00774290324620264,0.00798231937389533,0.00865553493149161,0.00862310822225866,0.00912404957345354,0.00915983385734819,0.00977601457709223,0.00984866699531465,0.00982870517113865,0.00963656940408491,0.00957213332681087,0.00963559981186279,0.00899329332295266,0.00862264982038485,0.0082153707506153,0.00768601123064728,0.0066506417125052,0.00550363653522365,0.00354830151364281
Austria,AUT,Lifetime risk of maternal death (%),SH.MMR.RISK.ZS,0.0167480685997161,0.0165151321114707,0.0154516619799928,0.0148385767128913,0.0139340406090857,0.0120017783692811,0.011203867537872,0.0093947952005694,0.00844487712279645,0.00836147798093068,0.00807994136838547,0.00715261513448683,0.00734380479794903,0.00731050210445496,0.00665718823992098,0.0069791323755314,0.00654971421262309,0.00643913354915591,0.00638041221182259,0.00668465535687331,0.00713543698874219,0.00721519815385741,0.00701252016610403,0.00715495698167504,0.00786901348041452,0.00815661021966096,0.00838647936419175,0.0081806954860932,0.00884943567741842,0.00842282706988132,0.00701341927147225,0.00774121204396818,0.00930335116862168,0.00719172816091795
Azerbaijan,AZE,Lifetime risk of maternal death (%),SH.MMR.RISK.ZS,0.142594131898895,0.145797834929075,0.178186842274662,0.162767475755451,0.152264914782889,0.148057273123764,0.120177224214813,0.123826802986066,0.102437102211413,0.0882510336685114,0.0774851351976222,0.0695264355829774,0.061066627078411,0.0624907565662821,0.0738181314756201,0.0744718193087445,0.0640847217532016,0.0619583388850703,0.0550174704633136,0.0510706815461646,0.0525352370209188,0.0527015305360206,0.0584890568201278,0.0499981953940321,0.0471242734666712,0.0432636123414967,0.0432770006480776,0.0408975217531641,0.037469592353788,0.0366327699985101,0.0342904335190245,0.084477482182072,0.0466832457136906,0.0255772965262719
"Bahamas, The",BHS,Lifetime risk of maternal death (%),SH.MMR.RISK.ZS,0.166356935575383,0.168854567533866,0.182744429090791,0.174267010832358,0.160238575006931,0.15250868457859,0.145817059480933,0.134340992778205,0.125270737630132,0.112801763993061,0.102905695339711,0.0943883243006536,0.0880155216520145,0.107020822699903,0.127672306260865,0.129410788155585,0.136705139159085,0.144149528128847,0.144350555498516,0.150146149668518,0.129569027215813,0.118127410821993,0.110503108887265,0.114206188981304,0.116169947487601,0.115545275445605,0.10255174092267,0.100116030438556,0.102898067654793,0.101408154836403,0.104972789332434,0.214707809168144,0.0985624193596207,0.0929847216468503
Bahrain,BHR,Lifetime risk of maternal death (%),SH.MMR.RISK.ZS,0.148677269241913,0.139825296774962,0.136442259820514,0.12627259778066,0.116521883253042,0.104081178768206,0.0951001386842245,0.0875875972369668,0.0830389242702227,0.0805520099485838,0.0739659144316295,0.0641159557034819,0.0609732966007337,0.0600331346109593,0.0582574774176095,0.0549934699326174,0.0500214231792531,0.0449133671417095,0.0418229272836229,0.0388832438654538,0.0391482235375356,0.0391549015376434,0.0375957109382387,0.0373266297723416,0.036019494776676,0.0356430761108783,0.0348422348731275,0.0340151047234187,0.0325841705112666,0.0325787577300037,0.0130839994600313,0.0179856630855782,0.00944785186716374,0.0301641485638747
Bangladesh,BGD,Lifetime risk of maternal death (%),SH.MMR.RISK.ZS,4.16126604136186,3.9755303865438,3.579136162866,3.28843341663312,3.05689209475462,2.7925617589596,2.57128123001106,2.42997788366847,2.25513931957074,2.0840687904623,1.93215686356191,1.79283485352955,1.64074172011315,1.48714853839163,1.34141955172353,1.1973343994636,1.07740801284463,0.987140865213456,0.880981421012641,0.797862624672751,0.713351457454971,0.644029830747359,0.593327940822502,0.551887416106367,0.509407295975376,0.474432965453475,0.442118125199972,0.408043915526719,0.383423809263104,0.359171965932391,0.34950591544687,0.444685295794463,0.301794246035332,0.262810154903884
Barbados,BRB,Lifetime risk of maternal death (%),SH.MMR.RISK.ZS,0.113249515441814,0.113797968194996,0.111779297553898,0.0974932876620157,0.0920484610995499,0.0868918948181165,0.0814143876386304,0.0779905818613269,0.0677419450272335,0.0700716349275791,0.0784400722035551,0.0781242161153932,0.0695624901651192,0.0711552173029669,0.065484072917313,0.0642870145505824,0.0637635031871836,0.0614265165929947,0.0606566675393098,0.0614466707538891,0.0618567145655938,0.0601352770991036,0.0567866387054362,0.0568020147364142,0.0550712852916382,0.0528727774440003,0.0518131808049299,0.0523444228939356,0.0525555201223796,0.052298167998288,0.055329407852027,0.0553174072934126,0.054726233974315,0.0501869682070716
Belarus,BLR,Lifetime risk of maternal death (%),SH.MMR.RISK.ZS,0.0560038100302073,0.0508630854982022,0.0481521032124997,0.0434767196593761,0.0397719925566215,0.0346654985796001,0.032044378569745,0.0282092204403596,0.0276370481545362,0.0243261609381813,0.0214545628259114,0.0183499885292635,0.0155784319177355,0.0136579052732893,0.0115378508414434,0.00964145614469954,0.00808163435638338,0.00661285743602005,0.00542423247313544,0.00452739078109637,0.00383032296630097,0.00327952595539175,0.00300058948067729,0.00267983169999682,0.0024743465055771,0.00224460014318571,0.00200370555295196,0.00169248208184333,0.00154749457594993,0.00145251831437197,0.00197623546913201,0.00208400625061796,0.00116702711977153,0.00103935611839151
Belgium,BEL,Lifetime risk of maternal death (%),SH.MMR.RISK.ZS,0.0141666850000492,0.0140407020990375,0.0141192636347786,0.0133280140264858,0.0129830209757956,0.0129830104358785,0.0127701465826659,0.0120502219676819,0.011730350337179,0.0111057352178099,0.011479335119857,0.0108375478756472,0.0101125934976888,0.00967441908408588,0.00953457917235468,0.00964507181658033,0.0095565408247321,0.0100760895852513,0.00968136637660225,0.00949523341214858,0.00944900781995239,0.00887067893018473,0.00802520023466852,0.00818716614278846,0.00769546093171949,0.00733838995113546,0.0069955092701808,0.00674111087631485,0.00659428849562,0.006099651596712,0.00577088968803712,0.0103755733325338,0.0146639345656216,0.00467175083425671
Belize,BLZ,Lifetime risk of maternal death (%),SH.MMR.RISK.ZS,0.41738504508653,0.391448245604628,0.3683829742699,0.344425965527318,0.323096748203323,0.317077479288915,0.312387439992043,0.317268138466137,0.324664711171299,0.313810777499998,0.308034832656234,0.289970052812841,0.251729904404245,0.238211766847591,0.217347124589182,0.202537212437615,0.17717898249081,0.157088872770456,0.140003299522639,0.124509752757249,0.10945947279957,0.10426580490856,0.105940909655808,0.108264066750819,0.113069931248537,0.119803716551646,0.127976240775673,0.137873927649993,0.14653970836861,0.13645934723466,0.185668834334742,0.293890878698779,0.215979603451335,0.13651823177749
Benin,BEN,Lifetime risk of maternal death (%),SH.MMR.RISK.ZS,4.33178969504606,4.13919946853748,3.85588294913462,3.53774238804118,3.74004049377116,3.54517878384914,3.44316153872177,3.29227952334166,3.20214136917571,3.09657154318917,3.01811225271381,2.99436437410364,2.97699924466931,2.95330670970384,2.92410758176448,2.80709938453991,2.79074999991968,2.71785641337405,2.99982371541329,3.14298873130176,3.16122110069242,3.18195442830278,3.20252029416536,3.14044258685059,3.11069305042694,3.08894247614951,3.04339553217759,2.92788713615987,2.82636369974256,2.69137001865817,2.67066278018614,2.63369084176179,2.43368406082473,2.26969682560058
Bermuda,BMU,Lifetime risk of maternal death (%),SH.MMR.RISK.ZS,..,..,..,..,..,..,..,..,..,..,..,..,..,..,..,..,..,..,..,..,..,..,..,..,..,..,..,..,..,..,..,..,..,..
Bhutan,BTN,Lifetime risk of maternal death (%),SH.MMR.RISK.ZS,3.73351589735749,3.49761818188244,3.48640513850735,2.83424748319724,2.58858778823822,2.27586012079442,1.92047035434764,1.6683901761301,1.43701300649358,1.24448903709265,1.09394764538537,0.916856856676669,0.781023574031356,0.665931138998077,0.585387129607775,0.518078991639389,0.454799606285817,0.398621792951311,0.343087691920605,0.300898566753323,0.253117526118712,0.218418826848311,0.188744412139957,0.16835890197243,0.149815506712851,0.132650707122771,0.11582030623344,0.0984794072773595,0.0865225366552987,0.0777520023844033,0.0787141408693617,0.0755217683978688,0.0725239937883377,0.0685234157812362
Bolivia,BOL,Lifetime risk of maternal death (%),SH.MMR.RISK.ZS,1.92027318677538,1.82469307906922,1.70841092796988,1.58267593903789,1.47553019612421,1.39094915957428,1.33886740807021,1.27485769245665,1.22500596227911,1.18501278646106,1.13928033579021,1.06883338875337,0.994010208238456,0.951757021369473,0.909450523872699,0.861514388414795,0.834229066346089,0.772288985718313,0.721915106750967,0.674853352634155,0.631083373462036,0.59029466526744,0.556882585572354,0.529772320389774,0.505312533311852,0.481577437100478,0.460508720323684,0.445103069329709,0.430318208264097,0.420634663070624,0.574098375379101,0.699251650674799,0.421205512830847,0.368770269322554
Bosnia and Herzegovina,BIH,Lifetime risk of maternal death (%),SH.MMR.RISK.ZS,0.0442615084253055,0.0407870670485687,0.054307544391394,0.0399328544326804,0.0328757689959184,0.0251383369496251,0.0227187932242269,0.0233725035376381,0.0200475556450277,0.0157328254165038,0.013543935133646,0.0122594657445054,0.01167327060112,0.011291215136155,0.011021451001373,0.0104052692722531,0.00970204027643373,0.00941967008668438,0.00922410595249717,0.00909997515546746,0.00864065131136504,0.00771192249241651,0.00755225024073704,0.00747524832002571,0.0072529708235619,0.00735668450787126,0.00728740940489812,0.00752795904181224,0.00813999254842303,0.0075444827038061,0.00863832268824177,0.0142919327086292,0.0129456906322642,0.00677838109450252
Botswana,BWA,Lifetime risk of maternal death (%),SH.MMR.RISK.ZS,1.317999910982,1.2083586459071,1.08665562443604,0.917986596225221,0.698965212769534,0.53163240527053,0.43537000107303,0.393882866581898,0.391217436987716,0.400425246791629,0.411268075092804,0.412713781091949,0.410582319410321,0.412777833058106,0.436499968327595,0.48829921022437,0.609705142917023,0.611855605628228,0.610272476257577,0.657163324530252,0.710982922982852,0.831601129043415,0.889678638278172,0.676797377408945,0.644538771954441,0.427009044897017,0.219233736618569,0.139992628989958,0.298878121874323,0.300079045128113,0.291408901350096,0.483447382946081,0.352739583006629,0.445021383551757
Brazil,BRA,Lifetime risk of maternal death (%),SH.MMR.RISK.ZS,0.428311843411922,0.379559466180656,0.336246401885981,0.315190081115648,0.293943612717694,0.27585506872268,0.253989457918375,0.235589720585782,0.208616134343187,0.180307344755984,0.157940937648228,0.146683491267039,0.139679442828811,0.136185236711456,0.138290178028804,0.139085870198762,0.136186580164311,0.132943635788868,0.127243198055289,0.121299372121998,0.114053550640134,0.105658063360071,0.100699108430979,0.101967494613807,0.106045670260473,0.10488759397577,0.102414700820188,0.0984339203802137,0.100303947909106,0.100960441725636,0.127504895229096,0.188629877743384,0.151849015101862,0.0964280845728622
British Virgin Islands,VGB,Lifetime risk of maternal death (%),SH.MMR.RISK.ZS,..,..,..,..,..,..,..,..,..,..,..,..,..,..,..,..,..,..,..,..,..,..,..,..,..,..,..,..,..,..,..,..,..,..
Brunei Darussalam,BRN,Lifetime risk of maternal death (%),SH.MMR.RISK.ZS,0.249179841924359,0.233896492035065,0.214578806983946,0.194659660644081,0.181187098363197,0.163588693442182,0.15067531751291,0.139834141112453,0.130906256485843,0.12277357398767,0.114469224013965,0.106444329777475,0.101396595832171,0.0948698477467082,0.0877479475635705,0.0819292443925299,0.0779232357361172,0.074294051041576,0.073481166327332,0.073251743915068,0.0738796295288305,0.0758213009204651,0.0772242034006332,0.0762255581921338,0.0750484130322002,0.0734188492068825,0.0715255647291829,0.0697481444576858,0.0680179440036121,0.0654618616564672,0.0645690794125889,0.0727268718105902,0.144549843258962,0.0589846724641408
Bulgaria,BGR,Lifetime risk of maternal death (%),SH.MMR.RISK.ZS,0.0414390909926403,0.0356580789596599,0.0338520671947,0.0297207230448161,0.0293616923513791,0.0249802141354569,0.0241306578406613,0.0225909923614245,0.0201102082441614,0.02227474207162,0.0210602088915145,0.0181536036320302,0.0160218321780009,0.0152112630163081,0.0153403420846009,0.01486972793593,0.0142701380836289,0.0134356404393676,0.0129125879661012,0.0129581543228194,0.0120937398411682,0.0106530008672599,0.00941006040414355,0.00886451424306325,0.00933527502721692,0.00913069246818267,0.00873217885916335,0.00846668584116169,0.00830889350858557,0.00790384694564351,0.0104939109946305,0.011201718851137,0.0127721357951741,0.00724689697829005
Burkina Faso,BFA,Lifetime risk of maternal death (%),SH.MMR.RISK.ZS,4.8431158358113,4.65918019818366,4.43693143966382,4.23530736353324,4.04651277461477,3.90651230789071,3.75345229917119,3.74699592271334,3.46282713905091,3.30807330449852,3.1611212221121,3.06068427070032,2.99182917341087,2.91245506598096,2.80006997642554,2.71291725901782,2.71062271658453,2.64203412524493,2.49328788505648,2.42206124893149,2.32189998527312,2.21223743261593,2.12525772529715,2.01654319908721,1.8842161661998,1.7599244317799,1.63228113306965,1.50579957020584,1.37397825220603,1.24977650566181,1.44628213435079,1.49998770124312,1.31454058752655,0.984400875610166
Burundi,BDI,Lifetime risk of maternal death (%),SH.MMR.RISK.ZS,9.42426252716742,9.31383069907083,8.79907525819498,11.1239537115476,6.27425999051719,7.67370989410415,7.39270309441886,6.28743393784388,5.39621900262631,5.05269879546131,4.8559598380398,4.5111195183337,4.27103990708608,4.06586452693964,3.99886008205479,4.04928850308822,4.00241106215103,3.92748820836624,3.8015011678712,3.65323626210848,3.71526009868939,3.56597979098388,3.37570388942346,3.2295722401506,3.06103335833425,3.01558659865235,2.77302634962089,2.59048527473832,2.39766434360824,2.26899803867009,2.17500423263875,2.13100207314743,1.90792634112704,1.76258043637167
Cabo Verde,CPV,Lifetime risk of maternal death (%),SH.MMR.RISK.ZS,1.67499407156558,1.54165147529012,1.3914326678062,1.23872276379327,1.07921993460489,0.934288054556907,0.759196836807681,0.635784372636467,0.556443937501719,0.482365932443634,0.415202756900835,0.362630784314995,0.314094381908226,0.277420608420589,0.246659116115156,0.217581753865592,0.205545286600745,0.187141410448439,0.166870321725945,0.14829281230971,0.150047354269387,0.134756777516375,0.116384197537639,0.109189841649683,0.103087451113376,0.0966367359396678,0.0919987156739817,0.087168799386667,0.0806468436031333,0.0716224619644592,0.0914020395155997,0.0871258153554504,0.064042830225535,0.0606167982992853
Cambodia,KHM,Lifetime risk of maternal death (%),SH.MMR.RISK.ZS,3.81688483471376,3.84162504266986,3.67552916950491,3.81589334118223,3.60174897197095,3.2036908376204,2.84687050192465,2.31561420201679,2.1029498406498,1.85344683892657,1.65108586646276,1.48322161706656,1.31401900251835,1.16707567471475,1.06385003291154,0.984422753978087,0.916659468622673,0.874415742129814,0.804457456000262,0.733684427180747,0.667200633686027,0.60140302757043,0.553031824831167,0.513395610804321,0.484966122008872,0.466904284384337,0.446119947996729,0.430166962266593,0.416885169997855,0.405017285348495,0.436032840499977,0.490852082142321,0.401230634210952,0.339229051473357
Cameroon,CMR,Lifetime risk of maternal death (%),SH.MMR.RISK.ZS,3.4593550416306,3.52144275474327,3.55226704878324,3.5754197418039,3.64841701213375,3.65684662022807,3.63191446840417,3.60488249702387,3.6577885548133,3.68294875902502,3.67349220583344,3.60773814052046,3.52942538732177,3.46768132721007,3.41184930026519,3.38129924837156,3.29116943150845,3.21630443345181,3.12792442898307,3.04005841761613,2.91161362921669,2.76111117717675,2.52381709151611,2.33456766821931,2.15690954228651,2.05233407972576,1.93832637192246,1.82382185831563,1.70873542163172,1.58724873381338,1.46042163136325,1.54268414652209,1.22568648617187,1.12855680980856
Canada,CAN,Lifetime risk of maternal death (%),SH.MMR.RISK.ZS,0.0127905914423,0.0131651140961684,0.012963910179738,0.0129453062935079,0.0126188353378431,0.0126277981736993,0.0124976635996425,0.0116030836560468,0.0114733857169661,0.0115406203588354,0.0113583826443821,0.0120971620277379,0.0124054578932999,0.0129039321359472,0.013020132156377,0.0141987600541732,0.0146400410968572,0.0153236742770942,0.0163277689201896,0.0165788351365981,0.0154893728231899,0.0154217144713983,0.0157468322564261,0.0152905328882108,0.015957177125719,0.0156528211713033,0.0165592956640001,0.016602371097345,0.0167677037021627,0.0161736243118125,0.0212559541742341,0.0176828499369549,0.0181173851649857,0.0144702633100448
Cayman Islands,CYM,Lifetime risk of maternal death (%),SH.MMR.RISK.ZS,..,..,..,..,..,..,..,..,..,..,..,..,..,..,..,..,..,..,..,..,..,..,..,..,..,..,..,..,..,..,..,..,..,..
Central African Republic,CAF,Lifetime risk of maternal death (%),SH.MMR.RISK.ZS,5.27629177097445,5.47034351970474,5.62507739738536,5.76188634264861,5.98374386988297,6.33336732147016,6.60174214714506,6.87734037582682,7.15030790828184,7.38908703036026,7.66810784504264,7.6923367241472,7.52046746608594,7.50897569126324,7.2961955472809,7.05033690555128,6.90267218314872,6.6259378692589,6.5178553873636,5.35112057620611,6.67275924500172,6.32455882349078,6.21354155446433,6.24198613700805,5.84970169242333,5.67018033216741,5.59075232229627,6.31821263006941,5.2266827275366,9.02490753439707,7.69586297254062,6.52941581205941,4.15680231638214,4.23609918242882
Chad,TCD,Lifetime risk of maternal death (%),SH.MMR.RISK.ZS,7.96656191005046,7.63364506005321,8.00394161422572,8.55932054417341,8.21291442430839,7.83055455724606,8.21832849846769,8.16150016224109,8.35998569835353,8.34116418427964,8.47072677967081,8.41787721707297,8.25322535037109,7.94253146905223,7.90810659516304,8.06772000848837,8.21979584494215,8.34813569368053,8.40578277366673,8.49726977359981,8.46355329620576,8.25441062255794,8.07726279213175,7.7631402391335,7.57397429540848,7.36028079540086,6.95025028170305,6.56531596632358,6.10868587966111,5.73312336163388,5.19876394624314,5.06053077746105,4.52883427242283,4.22507861839587
Channel Islands,CHI,Lifetime risk of maternal death (%),SH.MMR.RISK.ZS,..,..,..,..,..,..,..,..,..,..,..,..,..,..,..,..,..,..,..,..,..,..,..,..,..,..,..,..,..,..,..,..,..,..
Chile,CHL,Lifetime risk of maternal death (%),SH.MMR.RISK.ZS,0.151568947731091,0.142849069020826,0.131619202316234,0.122122517195941,0.112302837626925,0.104488936352588,0.0924499728468116,0.0835306387229135,0.0760194492280819,0.0692572749146955,0.0645140133976659,0.0601487070929807,0.0553283403491961,0.0515344760271583,0.0480917103275936,0.0463109493354311,0.0442336813327897,0.0429911559796752,0.0412705908061155,0.0404413666046302,0.0364155527075359,0.0330540294927014,0.0299894852642941,0.027427529065889,0.0253053436033529,0.0227484652884936,0.0200753804296643,0.017132935126007,0.0160510243894544,0.0146237464146859,0.0150029734152673,0.0157961392544342,0.0137392794196414,0.0107895075108553
China,CHN,Lifetime risk of maternal death (%),SH.MMR.RISK.ZS,0.291322168812325,0.210133056736171,0.180577419676618,0.159483346978716,0.14487780057144,0.129748899455775,0.115918233420941,0.104254795662179,0.0952953325610211,0.0883905306082686,0.0877410413486114,0.0769302895016709,0.0711368409559185,0.0657131687964771,0.06253672388598,0.0586413861744972,0.055834367656274,0.0539445800062176,0.056118200528746,0.0522756899359403,0.0505469699119651,0.0487158255142635,0.0515055553641976,0.0461728018951497,0.044756848268753,0.0388180195046921,0.0384312560135924,0.0367170529759052,0.0289699078499759,0.0268390839232387,0.0207042908686329,0.0195388659616456,0.0155989585501403,0.0131920135206366
Colombia,COL,Lifetime risk of maternal death (%),SH.MMR.RISK.ZS,0.337216041143749,0.32319016417022,0.314533033899558,0.302496598929306,0.29041094665095,0.273518917230066,0.260436752649871,0.257891928890087,0.257924321434514,0.259226872184446,0.249059901059598,0.239000740778437,0.227970831120375,0.212021839423007,0.198795655895478,0.18575803055213,0.177300437316124,0.171258266165651,0.163921795590699,0.156043105437478,0.148411507643656,0.140454327521967,0.133637583923218,0.128446977627037,0.123610325799404,0.118891006505742,0.112635491721231,0.11052190331216,0.109318720362246,0.107568007299966,0.150940747158301,0.233233327139781,0.117121688804844,0.092176010918302
Comoros,COM,Lifetime risk of maternal death (%),SH.MMR.RISK.ZS,4.43000748711541,4.16727964575649,3.95319784857059,3.67845381414803,3.37113310248842,3.13741777731457,2.94791526130651,2.74773269355688,2.64719855474862,2.43861617545242,2.34892188059727,2.14892200099184,2.05651114628099,1.89889864256898,1.80559379923106,1.73853510936083,1.65884914253894,1.60079817913288,1.51099849021357,1.44631396938931,1.37558019288112,1.30620540186669,1.21737717825681,1.13773032381232,1.0679110661084,1.00939246735628,0.944127211181093,0.894466334231661,0.842763372883736,0.800875582620414,0.773365292118791,0.819107874962318,0.698911900642822,0.660579199223931
"Congo, Dem. Rep.",COD,Lifetime risk of maternal death (%),SH.MMR.RISK.ZS,4.42006155926247,4.33244890086312,4.17516093822477,4.05269476274127,3.82433738191596,3.91773089857571,4.05711211193843,3.77442408307712,3.63588760657625,3.63402814422496,3.55562816826701,3.55463428041021,3.60387475775598,3.60045751334727,3.58933447708151,3.62422690697185,3.68774581851028,3.7651812103347,3.71532606546019,3.65968660459294,3.60915818188824,3.54521732513212,3.47943944572834,3.39572849601088,3.33570270755102,3.24716229772508,3.10822746147041,3.07046432861853,3.00739564489465,2.9039579513307,2.8758504870394,2.95460599315236,2.64369598086613,2.46264403802706
"Congo, Rep.",COG,Lifetime risk of maternal death (%),SH.MMR.RISK.ZS,2.57958503376135,2.60252910780222,2.66837120218089,2.68477622695216,2.72408670953112,2.70025815420647,2.65502960484407,3.12691093203146,2.81337140354154,2.57269127044414,2.2856413469416,2.23022484754922,2.1368936255587,1.9854545647698,1.82710490127641,1.75197101064906,1.79205430119749,1.69158069323364,1.84856438588124,1.9403808160239,1.83632128097838,1.80719992051945,1.77618784261444,1.49654744381748,1.38656658476907,1.28161041078171,1.1636413427659,1.14217694578404,1.11137383013682,1.0258263215901,1.02960882669619,1.23725536601688,0.974435802699557,0.963748162029176
Costa Rica,CRI,Lifetime risk of maternal death (%),SH.MMR.RISK.ZS,0.135929316204931,0.128596831180494,0.121941537539661,0.118448482321518,0.114101655600147,0.11003041477877,0.10605735329173,0.0989427503004192,0.094520844854737,0.089157551853831,0.0855118863090927,0.0809700921329233,0.0725685569367367,0.0681281253852427,0.0653418932509844,0.0622219072184798,0.0569470557787662,0.0577974196621209,0.0576990034051464,0.054844534160634,0.0508565039699485,0.0513178131938767,0.048717113323674,0.0451555950730094,0.0455062443037261,0.0434844274986419,0.0445522728456187,0.0435537962056236,0.0453689480441906,0.0384959676894482,0.045958627405031,0.0550553315572379,0.0337546768684571,0.0293771962797202
Cote d'Ivoire,CIV,Lifetime risk of maternal death (%),SH.MMR.RISK.ZS,4.09413417848104,3.78701262152422,3.46799554784971,3.11027080182634,2.78806006692351,2.50319356500121,2.233343484323,2.115190303292,2.18059672498494,2.1818873813065,2.15620469816612,2.27827975085922,2.36758119248459,2.45699676766633,2.46100984488495,2.63722488137289,2.88592551536086,2.97779929348669,2.91506077313333,3.04363155944271,3.06247216311274,2.93828117868592,2.91312689437568,2.78952140878938,2.65319305408512,2.51737617217711,2.38311503710231,2.21519522214145,2.05733588243978,1.92836208249421,1.97566937423211,1.98393149390452,1.73444779152076,1.48980512002707
Croatia,HRV,Lifetime risk of maternal death (%),SH.MMR.RISK.ZS,0.0140314914360574,0.0138705764047623,0.0127921391659433,0.0125173504944583,0.0121635465196406,0.0130122012860008,0.0132878031089962,0.0132722621156254,0.0107913743421437,0.00973015848477676,0.009019664135552,0.00892244903700047,0.00861937496179215,0.00893433364800531,0.00828667495814573,0.00854993484839899,0.00789674529162843,0.00779433719870856,0.00798207875562519,0.0078713587736238,0.00733080877162242,0.00663093235703618,0.00642771932138665,0.00570593486863936,0.00548337774081981,0.00474298648133815,0.00453592870977178,0.00434294559238295,0.00409343132958005,0.0042795644121033,0.00633909042424962,0.0162699449836546,0.00682145141078365,0.00359183052945134
Cuba,CUB,Lifetime risk of maternal death (%),SH.MMR.RISK.ZS,0.130090016664111,0.119691821140022,0.111244042213066,0.103606633479736,0.0980905201571127,0.0947381097256613,0.0870482850251214,0.0898396146659822,0.0843610301880807,0.0793376195496559,0.071726567197441,0.0666350388645053,0.0661059890410668,0.0625805629369394,0.0578488644440865,0.0530753126349763,0.048227992810632,0.0488765904984569,0.05552541151245,0.060709547604966,0.0588136608789689,0.0603379380992419,0.0563664812492433,0.0558832815723314,0.0545402460055778,0.0543300207714735,0.0502806038188378,0.0484303015293091,0.0492553269361236,0.0481936256902172,0.0472153957592678,0.195201613019367,0.0465942752382446,0.0404435284632331
Curacao,CUW,Lifetime risk of maternal death (%),SH.MMR.RISK.ZS,..,..,..,..,..,..,..,..,..,..,..,..,..,..,..,..,..,..,..,..,..,..,..,..,..,..,..,..,..,..,..,..,..,..
Cyprus,CYP,Lifetime risk of maternal death (%),SH.MMR.RISK.ZS,0.0369210537662073,0.0349545230835886,0.0361303712382385,0.0324091060865289,0.0305959480635501,0.0273143158135505,0.0249576546100289,0.0224754400770129,0.0212496060666608,0.018813256698017,0.0179345746123634,0.016180122664878,0.0148585821545555,0.0147174131574684,0.0147077253912526,0.0143027242720884,0.0139244934452666,0.0130790915668462,0.0136233766906604,0.0133303024516465,0.013281013349471,0.013016882896387,0.0133823814421171,0.0130118112134264,0.0140304971651267,0.0147894229627187,0.0156584710116567,0.0158186380589484,0.0164142688168133,0.0173309214056093,0.116618074042596,0.133043298527768,0.0714539757753753,0.0180996793143021
Czechia,CZE,Lifetime risk of maternal death (%),SH.MMR.RISK.ZS,0.0241434708049771,0.0229699719968288,0.0190910046579932,0.0174220343778133,0.0133625772340032,0.0110120652217924,0.00879708883449043,0.00856992178268212,0.00725724543032616,0.00675619052511879,0.00684856602082311,0.00655515991321875,0.00622205868506404,0.00611363128111547,0.00592904181242258,0.0061578795145272,0.00592923463916857,0.00599985756379964,0.00620586975697696,0.00604228734930943,0.00553734888791541,0.00507757392244053,0.00489803697700894,0.00453872046507075,0.004443699521586,0.00441891398259737,0.00463824340716466,0.00433047096939732,0.00442753811574563,0.00457798857370686,0.00472228285400562,0.00652546845928859,0.00382789266162082,0.0031641739351163
Denmark,DNK,Lifetime risk of maternal death (%),SH.MMR.RISK.ZS,0.0183689019303236,0.0182499966226753,0.0191532207193458,0.0188010707588389,0.0193962060662958,0.0194055521166906,0.0172578529716327,0.0165792548773787,0.014489149547873,0.0148404795970518,0.0140526175599633,0.0137774759651653,0.0134759766792676,0.0130540718136207,0.0127310585183469,0.0117962750593215,0.0114355335089688,0.0116760639665146,0.0114850206769612,0.0106455359885445,0.0100944429022838,0.00887732896729309,0.00800856689051165,0.00715764937597971,0.00731903881574897,0.00689150880960542,0.00745657641650074,0.00671028917254979,0.0067577276812654,0.0061137895224055,0.00591066889999178,0.0115616668116237,0.00765621165912904,0.00499167065228535
Djibouti,DJI,Lifetime risk of maternal death (%),SH.MMR.RISK.ZS,3.49939063847386,3.57633232600257,4.00535865334762,3.35082983634861,3.23852108553803,2.89578870067352,2.67771299652207,2.44205141775802,2.27947253094321,2.134478157801,2.02010329384066,1.76644431364669,1.59702662221953,1.5319569404353,1.38331388112479,1.16389507558992,1.05480035753315,0.97271341283028,0.895841893860596,0.838697919226558,0.754501406347976,0.693621285642252,0.651442057878185,0.629716206517333,0.593464722294319,0.573775183371355,0.54375876938801,0.523271437530605,0.506240574588918,0.481970081946421,0.467278164770932,0.529376423083512,0.411993583373326,0.37733059286671
Dominica,DMA,Lifetime risk of maternal death (%),SH.MMR.RISK.ZS,0.267735852307528,0.279696337035582,0.278976813011615,0.276415140219208,0.249369299359489,0.212985418480643,0.193526087063993,0.170114243176257,0.152960537415658,0.160523106791627,0.142989056185855,0.136047950660963,0.11727270314672,0.109729181053566,0.104938267499099,0.101552353404357,0.10444199892606,0.0997448358778212,0.0952639772876779,0.0876076611034603,0.0857004355892024,0.0822084734703696,0.0861204823751102,0.0786344002241452,0.0844139199788934,0.0953240395780784,0.0729516870135607,0.0613954343258261,0.0599957532084631,0.0570955841462148,0.0650362778624036,0.151196680241931,0.0603409169238953,0.0487406474867623
Dominican Republic,DOM,Lifetime risk of maternal death (%),SH.MMR.RISK.ZS,0.797146300753081,0.741437760545286,0.696273286966541,0.649150795722886,0.597271226037225,0.530968930259208,0.469291089146883,0.396804043252034,0.340509289600249,0.285828043581531,0.235304860090052,0.207017599600949,0.201033040373979,0.203770850717428,0.215190009365641,0.223171458025954,0.224430836122649,0.232023679555121,0.244227507129161,0.252230549333333,0.23993086286239,0.234396394607732,0.225611603050938,0.228579370394193,0.236162090759334,0.249911445101761,0.254977682545593,0.248152576278243,0.254066736103069,0.27548702795085,0.277311085851023,0.341144870887599,0.274529851893415,0.270778358174781
Ecuador,ECU,Lifetime risk of maternal death (%),SH.MMR.RISK.ZS,0.64777647889745,0.672073140331849,0.643006718256233,0.611390543868515,0.554290542215078,0.516366368376589,0.481635717719254,0.459762125690008,0.439287710527956,0.419903727777362,0.393071866828026,0.363867449553821,0.334994311306519,0.30538038758155,0.284656497239257,0.269334067767277,0.254689209228343,0.238335673645452,0.229430681425106,0.223462446955694,0.212754834645622,0.203159334034318,0.184362679442438,0.162415578181698,0.148315949576481,0.142137682460022,0.13684254298036,0.130052281743362,0.127210214629872,0.123580664966282,0.177022892954496,0.174422122597147,0.124700215996894,0.0978263804909136
"Egypt, Arab Rep.",EGY,Lifetime risk of maternal death (%),SH.MMR.RISK.ZS,0.493254602270156,0.445140045140342,0.397685389951685,0.354604270964528,0.319117978246042,0.287519483649684,0.260924297519907,0.23933002713985,0.221824232108395,0.203629106425708,0.186421883514597,0.173973101333769,0.163615710837768,0.15420846032139,0.144736837199651,0.137613428246035,0.131204636142248,0.126379692299656,0.120946778058773,0.115776694116832,0.111432213315897,0.10546625971851,0.102145370691123,0.0987670527569662,0.0923016672452864,0.086824665595742,0.0767516136447595,0.0711525748001088,0.0604478383907492,0.0544403862498507,0.0875449978616293,0.11184506205979,0.0642133460784413,0.0449770659158685
El Salvador,SLV,Lifetime risk of maternal death (%),SH.MMR.RISK.ZS,0.623589775665985,0.547302641491257,0.499694589545369,0.454904490220539,0.395978819804498,0.343838998569652,0.294279063490322,0.24459944886185,0.220630169742888,0.183442812000433,0.157469738525307,0.141771311040932,0.117697377294487,0.105241936861504,0.0917272880928576,0.0863358840581077,0.0827822688827721,0.0808551475261279,0.0782778466571639,0.0799166014843461,0.0782713349023305,0.0799279243722888,0.0802977443175505,0.0843117037129564,0.087365902690421,0.0894597252711758,0.0858978109888687,0.0836190247344664,0.0795001827932466,0.0743923266384167,0.0872031682826662,0.105072828465369,0.0687835670636284,0.0687373190839062
Equatorial Guinea,GNQ,Lifetime risk of maternal death (%),SH.MMR.RISK.ZS,3.97841932681009,3.95713900358262,3.90597498104976,3.80588626521036,3.62676327196922,3.31156974290532,3.04705426561959,2.82409876766705,2.63537544821287,2.4292303837374,2.18022764337867,2.06410241839226,1.92039749756155,1.79193361816608,1.67559837599966,1.62288963609248,1.54931571612274,1.49295952456823,1.41942090437563,1.36512918096565,1.31584416672553,1.27751802748348,1.21595382459685,1.15531237322671,1.09696084872922,1.05663612103178,1.01239912423786,0.974502978907285,0.923466874159915,0.880263797168803,0.858886146343474,0.86496191713216,0.768854336942156,0.714376065052334
Eritrea,ERI,Lifetime risk of maternal death (%),SH.MMR.RISK.ZS,7.36216508290735,8.07010498273135,6.21553801717265,5.43342074698116,5.39629733690956,4.26155095004911,4.77173745815616,4.31799859420384,4.46046630321287,3.61593003278752,3.6971442322752,3.11253034399128,3.08382344178452,2.72515568031233,2.78434352507229,2.64271446225827,2.59435292458093,2.46617098438869,2.35233663825161,2.28635908913916,2.16598231804528,2.0485120841725,1.92678421117985,1.8273255329775,1.76719187662111,1.66143952470998,1.57093911239164,1.48493221570356,1.40166584301946,1.34198635218195,1.25710605857921,1.26088425628293,1.11031248255895,1.06336814939602
Estonia,EST,Lifetime risk of maternal death (%),SH.MMR.RISK.ZS,0.0781279285853478,0.0654799747662709,0.0593721688845721,0.0587075631836189,0.0717344626170221,0.052808485521918,0.0418807851295681,0.0349787323360602,0.0339489459087749,0.0298148265085509,0.0308459146511998,0.0274522118224101,0.0252303958825428,0.0206886891137864,0.0191647462868543,0.0189678970461754,0.0170658625583529,0.0183697697991891,0.0156843792846667,0.0145228966009319,0.0118379895496112,0.0126156759674949,0.0107777671295597,0.00877545363734848,0.00940579364638628,0.00908991448440819,0.0104136428595239,0.00772834307213879,0.00809248221887661,0.00898144382917169,0.00832464160239068,0.0118042760324487,0.00871439724612062,0.00567090274762537
Eswatini,SWZ,Lifetime risk of maternal death (%),SH.MMR.RISK.ZS,2.81574618397805,2.83702575285654,2.9018292172532,2.94765326910297,3.07824357524455,2.64640410187848,2.48120425180119,2.14489024484645,1.78245958795954,1.51072063947094,1.30045227894468,1.07225989405111,1.1292631813424,1.31152187279348,1.48006560341852,1.72431589128329,1.6600498387342,2.09027452141175,2.46020068529493,2.73105072555235,2.35711330979528,2.36705426699782,1.91533476337893,1.54683741456588,1.15488548458109,0.878139603497553,0.653563220558851,0.458901734315447,0.397470357555421,0.284821656492296,0.298551535944475,0.624151760863624,0.316891795502654,0.329335952846979
Ethiopia,ETH,Lifetime risk of maternal death (%),SH.MMR.RISK.ZS,8.53578364546127,7.94912063446692,7.83905678284533,7.49856948540779,7.11704822816221,6.72085393991454,6.36836651136754,6.00379910255862,5.65935928706556,5.5518586414565,5.31091884739772,5.17990267383957,4.93994544703514,4.68334971343425,4.44122433100846,4.32429032244515,4.09081398119581,3.86336622627225,3.61209063665917,3.33249532654087,3.08154496132527,2.83861452685751,2.53597996942084,2.22193411610913,1.97249612732271,1.76349576830197,1.59234120317015,1.41823558263857,1.28590456431864,1.16631663722379,1.04884000470394,1.05164799718146,0.860779480365355,0.793909543911477
Faroe Islands,FRO,Lifetime risk of maternal death (%),SH.MMR.RISK.ZS,..,..,..,..,..,..,..,..,..,..,..,..,..,..,..,..,..,..,..,..,..,..,..,..,..,..,..,..,..,..,..,..,..,..
Fiji,FJI,Lifetime risk of maternal death (%),SH.MMR.RISK.ZS,0.258399360444805,0.244065840106424,0.227063500720661,0.212761123383591,0.194595236239596,0.183546554439731,0.173411766707289,0.162154836500652,0.149107057886286,0.138377051815093,0.137748479783493,0.133540688429071,0.139724404825751,0.136309291585197,0.131958322385399,0.126916813110889,0.123354858707213,0.120887204798061,0.116714864971547,0.111814322028349,0.105172808486507,0.100149399688084,0.106309020861564,0.101569101870618,0.0951264298704379,0.09270666599733,0.0919734534999515,0.0819016227325442,0.0810153923053949,0.0780815764421243,0.0755724960768823,0.14997938683429,0.0688989382037911,0.0646714230953423
Finland,FIN,Lifetime risk of maternal death (%),SH.MMR.RISK.ZS,0.0129980252953118,0.0122797388914629,0.012893251123046,0.0116553746484236,0.011165142546822,0.0107039911800584,0.0101259644105057,0.0102627198917986,0.0092561940139539,0.0093466151333377,0.00986871822796147,0.0095184462275773,0.00965643235900276,0.00955623082463206,0.0106064836058371,0.0112871816111592,0.0103615917036007,0.0109112246403501,0.01100044920862,0.012026469020825,0.0118493931877232,0.0110811880201283,0.0117614033521015,0.0115885937477893,0.0101597894889006,0.0102764330173229,0.0102115514878879,0.0103144018777574,0.00991736660634742,0.0101295518665382,0.0105246927890579,0.0111094070368323,0.00987577775573623,0.00903850194407271
France,FRA,Lifetime risk of maternal death (%),SH.MMR.RISK.ZS,0.0300648736717605,0.0296945514109497,0.0280887073438342,0.0256808004066999,0.0237093620787068,0.0232813412319835,0.0208202895938166,0.0177652702209697,0.0164868286973023,0.015631483264062,0.0153382476742048,0.0150024782038885,0.0147690524727655,0.0146824027619098,0.0145414675633338,0.0147822876614306,0.0154353150937463,0.0152391705279219,0.0159938063110252,0.0162201299159058,0.0159325108334941,0.0154884660912358,0.015133747431727,0.0146567056609209,0.0145508006887837,0.0141424785211252,0.0138650690795928,0.0130535395054686,0.0131411517592795,0.0127267571738517,0.0132582530295376,0.0132330493566582,0.0128311716731536,0.0100157457413623
French Polynesia,PYF,Lifetime risk of maternal death (%),SH.MMR.RISK.ZS,..,..,..,..,..,..,..,..,..,..,..,..,..,..,..,..,..,..,..,..,..,..,..,..,..,..,..,..,..,..,..,..,..,..
Gabon,GAB,Lifetime risk of maternal death (%),SH.MMR.RISK.ZS,1.93864319897568,1.91826375326751,1.90272339818663,1.83778192191646,1.75470008820462,1.63071355795406,1.49901162809371,1.33390143634078,1.17252922302745,0.969023292059311,0.791254553567748,0.699873106384871,0.654472547058539,0.57340082537259,0.604502202714968,0.73813713944707,0.777365151396178,0.721152770225584,0.657027547096964,0.662154996952942,0.607944175555732,0.626270539229188,0.717073240426565,0.959002350994966,1.09965277628446,0.954476699372317,0.855977475176957,0.729979996029108,0.692629005239932,0.699026690030201,0.741017008143181,0.933400345302364,0.790375490334226,0.832923789801269
"Gambia, The",GMB,Lifetime risk of maternal death (%),SH.MMR.RISK.ZS,7.54518998486897,7.25628757888069,6.89041210652569,6.57974559725353,6.37163889509807,6.04950976034486,5.6809724337378,5.40688935555602,4.99061109460089,4.69220825641691,4.492140075034,4.3295271239055,4.14746902729676,3.97673908069275,3.79906971649836,3.71679233854312,3.58946984157,3.50015203129157,3.34212037497222,3.21619586749985,3.19017193921048,3.19496841374704,3.16327527473952,3.00007523626152,2.69098247380229,2.45170568876345,2.20859348173565,2.04564901139701,1.8992528397843,1.75640145563604,1.64480633800109,1.69444821008804,1.45046792251584,1.38898831801172
Georgia,GEO,Lifetime risk of maternal death (%),SH.MMR.RISK.ZS,0.0757839131632715,0.0767553738120679,0.0739264437339624,0.0740985154136532,0.0702595869125778,0.071368852103653,0.0590638431423635,0.0724020853297238,0.0678571171460661,0.0621054011204676,0.0614844068736635,0.0621681884596602,0.0627615048371612,0.0564514033955701,0.058683864685544,0.0743481010603749,0.0642951369434364,0.0776275946969805,0.0883993478381021,0.0999326969605266,0.0725953212442049,0.0643901012877119,0.060951607291768,0.0606682681175483,0.0620353026441202,0.0583758152823701,0.05524642303733,0.0508014359018124,0.0449250283668007,0.0394369689419426,0.0510609654641119,0.101891967437965,0.0337994392010845,0.0300082387537348
Germany,DEU,Lifetime risk of maternal death (%),SH.MMR.RISK.ZS,0.0163371944520498,0.0139241605305538,0.0124072717025808,0.0116897836797497,0.0104260312218328,0.0101168411595802,0.0104234327654197,0.0100254902320482,0.00931686002078704,0.00858702958548152,0.00812665027369492,0.00726883435728061,0.00696208298009426,0.00659333584011999,0.00638123857776303,0.00610422919665532,0.00603073712355684,0.00593644915299194,0.00598925648953322,0.00585526683954448,0.00590223535198804,0.0056711649459093,0.00552180506591553,0.0054751806128437,0.00533344649201911,0.00551305340995447,0.00582107508283171,0.0055300744232904,0.00559670132701352,0.00526679934631123,0.00565939169131045,0.00619417097769366,0.0051918951581377,0.00462217713819232
Ghana,GHA,Lifetime risk of maternal death (%),SH.MMR.RISK.ZS,4.11007761856813,3.92847453642533,3.72539687805803,3.53599131013532,3.30108009595131,3.02654373169751,2.76091234729074,2.5561812281973,2.38521244648072,2.23205635975018,2.16062685195049,2.07343260023911,1.9228011294951,1.77986342855913,1.71577417151548,1.6582848673125,1.60596198819451,1.53933239478264,1.52568514631306,1.46837518964694,1.44759127490757,1.42249839292727,1.39461583486318,1.33551302174857,1.22604947374157,1.18467146082795,1.09618586495885,1.01797315841988,0.959082553891053,0.887835683530389,0.848569615784383,0.87046728428489,0.775197810640793,0.750389173051613
Gibraltar,GIB,Lifetime risk of maternal death (%),SH.MMR.RISK.ZS,..,..,..,..,..,..,..,..,..,..,..,..,..,..,..,..,..,..,..,..,..,..,..,..,..,..,..,..,..,..,..,..,..,..
Greece,GRC,Lifetime risk of maternal death (%),SH.MMR.RISK.ZS,0.00887469659413493,0.00830704610066982,0.00792433727312136,0.00715083395238183,0.00659650348047299,0.00610669824997285,0.00553005353993117,0.00505317210122205,0.00481629302809971,0.00457965930153075,0.00439038669056768,0.00406181591783563,0.00399319846692271,0.00394821115784436,0.00381630630890885,0.00373374777583468,0.00397449806539909,0.00416964632436633,0.00439202402749211,0.0044895039875716,0.00467102150670662,0.00451905103704576,0.00474841254215644,0.00446729775349163,0.00476640763032852,0.00540375553529523,0.00570789609139886,0.005846961305815,0.00557618162548942,0.00562015001871369,0.00792939503297002,0.00993001191895699,0.01002493824637,0.00494889750747669
Greenland,GRL,Lifetime risk of maternal death (%),SH.MMR.RISK.ZS,..,..,..,..,..,..,..,..,..,..,..,..,..,..,..,..,..,..,..,..,..,..,..,..,..,..,..,..,..,..,..,..,..,..
Grenada,GRD,Lifetime risk of maternal death (%),SH.MMR.RISK.ZS,0.213439991049513,0.206009799680913,0.184895113875984,0.163245681344071,0.166033527937292,0.162086194737115,0.153013967650164,0.143064703309671,0.124636048699105,0.112785724724199,0.107677401114545,0.103601332093333,0.0951561072084858,0.0927172171738945,0.104052827573439,0.0855867697305245,0.0809937873699627,0.0818653695232014,0.0836980629020533,0.0816922545620711,0.0848107643418454,0.0852789439604382,0.0835548614383447,0.0829339622683692,0.0792564382107985,0.0778994512705002,0.0700887149510939,0.0639254429961145,0.070436069778243,0.0739853263720603,0.076454370551957,0.0774113047165747,0.0729230056928443,0.068962986844601
Guam,GUM,Lifetime risk of maternal death (%),SH.MMR.RISK.ZS,..,..,..,..,..,..,..,..,..,..,..,..,..,..,..,..,..,..,..,..,..,..,..,..,..,..,..,..,..,..,..,..,..,..
Guatemala,GTM,Lifetime risk of maternal death (%),SH.MMR.RISK.ZS,1.51596071545448,1.47907437315224,1.46162747478401,1.40620610072637,1.29276893886582,1.19912671654961,1.09148680836666,0.998167483558591,0.915195585076107,0.839237336521764,0.786463638376578,0.754511812204114,0.693093572616975,0.656654852894917,0.63092146567588,0.626707499730626,0.563822769407834,0.522863947116576,0.499532393090482,0.476504131826044,0.45371312000408,0.420939738427463,0.395211760333138,0.373214516150075,0.364936558799404,0.36367043137214,0.351798191445332,0.329421014198245,0.316969287712792,0.2964914307896,0.271560163730566,0.318341683031281,0.240612856119361,0.229518594848037
Guinea,GIN,Lifetime risk of maternal death (%),SH.MMR.RISK.ZS,6.82527725791106,6.78843089700229,6.70682412803891,6.48223559824206,6.37560322890196,6.06339455345711,5.88432008445544,5.77569355870542,5.51272618495008,5.39834042741948,5.28543521706175,5.19085612550652,4.93563262653757,4.76419506467568,4.62436176682399,4.50101453270617,4.38884472097208,4.24435034031205,4.06775954298762,4.0096606037688,3.88369230183254,3.71475983578989,3.53581995329093,3.39423965855982,3.26036621805118,3.11927650789622,2.91623756233505,2.7573801474645,2.60996192121396,2.52195909650666,2.40109964262644,2.37479780424005,2.18656352059565,2.11868341116624
Guinea-Bissau,GNB,Lifetime risk of maternal death (%),SH.MMR.RISK.ZS,10.1569628569565,9.76296759566427,9.49541954872728,9.28731340377934,9.38018237151327,8.82245824670281,8.59620463651598,8.99699926022034,7.97115776163831,7.79829830575332,6.86159109189576,6.37097690560451,5.90447591766006,5.49175180987744,4.97062278806646,4.81379319487038,4.17707143870777,3.96476779509632,3.95331502284837,3.67187031673988,3.37536341422134,3.2626329936645,3.35226805461344,3.33111650650795,3.04213093832355,2.82819533272113,2.68644162439265,2.50609071693671,2.39975626329093,2.40513663890546,2.38300966160413,2.39015696337801,2.0503449660325,1.88672303963666
Guyana,GUY,Lifetime risk of maternal death (%),SH.MMR.RISK.ZS,0.801135212390882,0.7741322196027,0.73522520109122,0.722185011605461,0.718448791347855,0.728392812134529,0.703010237608092,0.671086250477288,0.620535152885516,0.582466494311975,0.541655587049117,0.495316488335551,0.474653599789103,0.451380614683553,0.43304564555831,0.434766676537482,0.433945960877018,0.411860744900274,0.400372614047925,0.381660475727739,0.366054602444635,0.352696034060867,0.346319983661359,0.33612823796917,0.316291818245289,0.30579562283189,0.295572268046528,0.281460602923026,0.260105017233283,0.274476323887026,0.27091445268094,0.463251004096604,0.203535854855742,0.180420455984603
Haiti,HTI,Lifetime risk of maternal death (%),SH.MMR.RISK.ZS,4.24375580995106,3.96867130461595,3.71999377616546,3.43210209208049,3.20208473227311,2.83270304156059,2.56789992987563,2.36413994516552,2.15039779148522,1.91549336074107,1.79665984130254,1.69625090750988,1.58263231376204,1.45732101023967,1.57479712156446,1.28711715414512,1.3135897797705,1.34475548644016,1.36482119685943,1.35769584851349,1.17386131182717,1.3481821929661,1.23647474798519,1.18845627622108,1.14692661357059,1.10193709079526,1.05999810979453,1.02304949506555,1.02527452091192,0.981890822482624,0.949229905858479,1.02671222649251,0.869533204995152,0.846500703616184
Honduras,HND,Lifetime risk of maternal death (%),SH.MMR.RISK.ZS,0.879538062466652,0.811125581691747,0.748477015901256,0.681455251382102,0.622130530728881,0.56198109655109,0.510960224064426,0.470211226176962,0.426530901125862,0.403697803153788,0.377281702834781,0.348200653847121,0.325540412619732,0.312555245653455,0.298149148243754,0.2845167406238,0.26970808181987,0.261291889533109,0.252583262618078,0.242482565035998,0.237033663597575,0.217430104336696,0.202051806316901,0.18905428301873,0.178223626393922,0.167155952506101,0.157075024633649,0.149383535607597,0.144502407929012,0.140348571823196,0.154149404918693,0.233590140946988,0.125734932834941,0.120452335395474
"Hong Kong SAR, China",HKG,Lifetime risk of maternal death (%),SH.MMR.RISK.ZS,..,..,..,..,..,..,..,..,..,..,..,..,..,..,..,..,..,..,..,..,..,..,..,..,..,..,..,..,..,..,..,..,..,..
Hungary,HUN,Lifetime risk of maternal death (%),SH.MMR.RISK.ZS,0.0370546106665301,0.0356561999315718,0.0338465021072696,0.0320192114926252,0.0283615046567537,0.0253776626967949,0.0210056819792757,0.0189915992296633,0.0176214109231831,0.0168223891422746,0.0159942144592878,0.014978308742486,0.0150682259144752,0.0144208483558571,0.0141105263564303,0.0150246206211271,0.0151060510842946,0.0161365399572762,0.0160484756395859,0.0160001981994204,0.0147395777250037,0.0154914412606321,0.0155464921286774,0.0156028663563771,0.0165062643282251,0.0166465807006336,0.0169763348922684,0.0173564139589759,0.0171143725341619,0.0163413409669133,0.0235930066214544,0.0381884744914596,0.0167717914624517,0.0138255906755582
Iceland,ISL,Lifetime risk of maternal death (%),SH.MMR.RISK.ZS,0.0307742157847448,0.0235720173240958,0.0261307306738938,0.0230303959211098,0.0192273890909989,0.0253532428414816,0.014616275902074,0.0143196617138747,0.0145803130858162,0.0127030533814793,0.0122078923593047,0.0112984363173378,0.0124917773404133,0.00985200678186702,0.0105075220551734,0.00909439694966636,0.00856616699617147,0.00832534377381415,0.00850319666632946,0.00940398114438053,0.00895293123611383,0.00682475377567395,0.00693234061493284,0.00709171754803833,0.00717480894629933,0.00642999309863205,0.00522254448006355,0.00475437560091215,0.00617705511370441,0.0065014776505352,0.0190484366096262,0.00917108320740766,0.00772699024904166,0.00445813888761068
India,IND,Lifetime risk of maternal death (%),SH.MMR.RISK.ZS,2.21976134019944,2.10204102255519,1.98983043082255,1.88532897074929,1.7873875258385,1.69353412310616,1.59962616089099,1.50517166774641,1.42111125009342,1.33832860551377,1.267127788852,1.20124313844476,1.10329748652925,1.01193806005569,0.929746454368129,0.836762027631231,0.755613921191779,0.682041600207967,0.618930199121371,0.561169557396967,0.500944398543651,0.450089398983932,0.40519717400283,0.363187437062919,0.318615114333022,0.29587173391399,0.274618372126596,0.245857820138793,0.231104360820657,0.21120860015659,0.202170838563706,0.304152105923377,0.174890497574788,0.155073471105069
Indonesia,IDN,Lifetime risk of maternal death (%),SH.MMR.RISK.ZS,1.24724142479467,1.18558624590471,1.08970467951051,0.976221064358089,0.975955718517953,0.965962738358262,0.944919581880639,0.906119053535478,0.86215857356613,0.836807234181709,0.789814493147854,0.748478522957362,0.695840177083109,0.673058140082932,0.673054028348968,0.648196825578137,0.63508820967999,0.617361539618774,0.590153088586271,0.573563007133267,0.564543966732129,0.54543330163635,0.517196350207866,0.472058257704685,0.437792646445551,0.409380994415505,0.383382190051802,0.3543017032132,0.337333119169845,0.320106411133104,0.361616522930305,0.436472913750134,0.283632535229711,0.265197467641627
"Iran, Islamic Rep.",IRN,Lifetime risk of maternal death (%),SH.MMR.RISK.ZS,0.518884527540688,0.427768844165069,0.353932808725552,0.301617694246295,0.227072557229512,0.180062423712748,0.145402017052463,0.124006845887737,0.104906589327992,0.0939180779298307,0.0839622928466403,0.0760502514860675,0.0708294744589677,0.0665630339420628,0.0620551776772216,0.0598292322790624,0.0581749991260351,0.0568098367584774,0.0548537614004408,0.0527884661627585,0.05107675639174,0.0503579561780939,0.0498643389610878,0.0491317965917878,0.0483745955648932,0.0469164199391204,0.0452356669294051,0.0421201126249991,0.0371986980989077,0.0319012401305976,0.0557303201161264,0.0804447806232944,0.032861379311177,0.0239274155277145
Iraq,IRQ,Lifetime risk of maternal death (%),SH.MMR.RISK.ZS,1.08863529470209,0.86729490798088,0.690122426529013,0.701714972756737,0.749587231865614,0.784811129861059,0.800231911139371,0.82716246487058,0.806318925534375,0.764942407772696,0.701307955106342,0.65135156394436,0.592314425690996,0.574229078392942,0.55334063461146,0.527363760532639,0.551208083506873,0.529385882365433,0.479513985564858,0.474078677958051,0.483204853337624,0.485471015900374,0.453496489397292,0.425519037099381,0.387579947784719,0.351456337442383,0.335034568938241,0.296445828969715,0.268846559943566,0.259636304950301,0.21661324643914,0.258295028242617,0.194817177706665,0.215228426461542
Ireland,IRL,Lifetime risk of maternal death (%),SH.MMR.RISK.ZS,0.0212524658629872,0.0194861081743236,0.0179256688287329,0.0156713894847005,0.0145432712661267,0.0149877583730543,0.0134366027518474,0.0145878731381314,0.0134653572285404,0.0127643317811355,0.0137207233071175,0.012962637411026,0.0122282307952913,0.0108265066929498,0.0111136939754836,0.0110041282233321,0.0106966015839047,0.0106964982586897,0.0125490869438165,0.0121278379826406,0.0110270986414043,0.0123013183912244,0.0110212863739375,0.00933062933703686,0.00854637768635541,0.00824794211747895,0.00736676449297741,0.00688930814362126,0.00747038828799848,0.00652193762933117,0.00808152289990718,0.00877566873515833,0.009068032629063,0.00498030026150778
Isle of Man,IMN,Lifetime risk of maternal death (%),SH.MMR.RISK.ZS,..,..,..,..,..,..,..,..,..,..,..,..,..,..,..,..,..,..,..,..,..,..,..,..,..,..,..,..,..,..,..,..,..,..
Israel,ISR,Lifetime risk of maternal death (%),SH.MMR.RISK.ZS,0.0766865460586925,0.0749859695905389,0.0725559090374965,0.0682769732726508,0.063377744038956,0.0596265361520232,0.0531021856722233,0.0461418458093797,0.0367773238201555,0.0292327527016296,0.0233235435702594,0.0194950388608021,0.0174513160899496,0.0145287294685748,0.0124695207543945,0.0117906362756071,0.0114655627831782,0.010185915164883,0.010048236154138,0.0101360011593741,0.0096676403757,0.00961352753347189,0.00949821055356331,0.00885780648473467,0.00935955689069251,0.00833439968100599,0.00898227970548878,0.00851571872700506,0.00773154006197703,0.0075710303599741,0.00843847287375466,0.0089903547223367,0.00824388804549612,0.00629348476247194
Italy,ITA,Lifetime risk of maternal death (%),SH.MMR.RISK.ZS,0.0224760484227422,0.0216153602838154,0.0205991551704228,0.0191058641216246,0.0177090423580162,0.0170086821993432,0.0163570307686997,0.0147913743170201,0.0141336558803894,0.0129937618198891,0.0125905050543539,0.0119151321872967,0.0115111989438628,0.00962648500217945,0.0102749500842197,0.00975253153297886,0.0092305758370277,0.00908717045355445,0.00923447455820051,0.00962299601839731,0.00952092122064336,0.0096474146716208,0.00954959931712175,0.00911879726421585,0.00854672191687262,0.00843981485702512,0.00814366814042922,0.00807217315814797,0.00753024897393526,0.00714093804498999,0.0074147190251136,0.00721409611309708,0.00950995624196632,0.00612494821390756
Jamaica,JAM,Lifetime risk of maternal death (%),SH.MMR.RISK.ZS,0.182286551611946,0.197360206308324,0.213301675840837,0.224178408243772,0.231187870783198,0.231971142340963,0.233087482900362,0.22822410015133,0.220267325413933,0.212105828924838,0.201199781735638,0.196128987178535,0.18875430910424,0.180456246544993,0.17133266969804,0.173577202493869,0.184380803227892,0.176531352637092,0.173685010864954,0.16956853737993,0.164528714195222,0.148901259302716,0.142143574986851,0.145062156161991,0.149862673868947,0.147038424831777,0.145545284758801,0.146361612532662,0.152041288837995,0.160974984747963,0.167023355995014,0.244664984740595,0.179520235688127,0.166743619411278
Japan,JPN,Lifetime risk of maternal death (%),SH.MMR.RISK.ZS,0.0163249485266,0.0153110452762653,0.0144833838671246,0.0133959571067232,0.0131303234665899,0.0131557468317939,0.0125072719425304,0.0119804291781884,0.0118538187579016,0.0111508025827257,0.0106693676498201,0.00994126155345552,0.00939696119550043,0.00907146272478887,0.0088418546921783,0.00838737055101118,0.00820704560534255,0.00787287784472568,0.00782886504731607,0.00748551502507188,0.00723080348297939,0.00685069750901214,0.00656554189961125,0.0063516296153992,0.00609761212073926,0.00586490462739127,0.00560310575055773,0.0052668510463348,0.00511021294726394,0.00477372608062524,0.00432579798438168,0.00402973488871573,0.00511862078919651,0.00284505022794214
Jordan,JOR,Lifetime risk of maternal death (%),SH.MMR.RISK.ZS,0.376118905706974,0.39512393301897,0.376951937152355,0.36339950318436,0.352588872105747,0.343559392010306,0.328579503743144,0.307125162733779,0.283556194010306,0.264552506923018,0.246688366426941,0.233530290456409,0.224929898805188,0.216798865684394,0.203288751984189,0.191945253175069,0.171646355413453,0.18773109962334,0.187164816928503,0.181564517057356,0.175224474043262,0.16679481799122,0.16184273947802,0.139755855299419,0.133226452894166,0.12488822960403,0.122530063893393,0.113236218781673,0.104497702491236,0.0980110702748145,0.112229383866088,0.210375024798173,0.0920789244833096,0.0791554919893869
Kazakhstan,KAZ,Lifetime risk of maternal death (%),SH.MMR.RISK.ZS,0.177814207134098,0.17218572210881,0.169259329870747,0.16773736831778,0.167217153252232,0.161058341820988,0.148883856222453,0.137437699411932,0.128669341415448,0.112963278229751,0.102356552277451,0.0927416808371127,0.0862264252668338,0.0839168238781224,0.0824718057753143,0.0785975792142145,0.0761343483812849,0.0734010227102814,0.0698250654022315,0.060502572850165,0.0536857860603802,0.0470345193315088,0.0422193650491412,0.0386018400475286,0.0367989637020239,0.0341333633088793,0.032853313043869,0.0306163733779666,0.0306109338267282,0.0295869281506383,0.0517517673446525,0.0681964336007385,0.0381416315818391,0.0252845579250951
Kenya,KEN,Lifetime risk of maternal death (%),SH.MMR.RISK.ZS,3.6378047935145,2.97833188204207,2.45164007296421,2.0700193444203,1.89702385150642,1.69092731950936,1.48410068543965,1.35131771762439,1.32733914693324,1.13728289897223,1.06797221490652,0.964738455706987,0.920707344333857,0.883212150665385,0.870133087685127,0.866150910074104,0.909156653758249,0.952977265984971,0.935805643291583,0.970149101642672,0.958161443220046,0.92133650346154,0.908116377180949,0.841860269471306,0.802134441224858,0.784673459634961,0.737413867881129,0.683807122319628,0.655814403575675,0.608231552621993,0.620051089911257,0.606968602480153,0.508917588333458,0.479347697308969
Kiribati,KIR,Lifetime risk of maternal death (%),SH.MMR.RISK.ZS,0.933333561122991,0.883325585951537,0.807696055335886,0.735644941290738,0.670039411328643,0.653565486282311,0.620876379027071,0.570042788325539,0.529778845418886,0.492201485336846,0.462864929813994,0.426115433400252,0.39423656399238,0.367126558110217,0.369289182834228,0.364115614537267,0.364505465669622,0.363842868816005,0.366836328152431,0.363791180192132,0.374391609245139,0.362177153332899,0.350261749187841,0.323664450267249,0.309598558951541,0.300817025127518,0.29028696674313,0.294619139725677,0.286016618501517,0.292764726227884,0.289293309927779,0.390553192502267,0.272679795613952,0.248152641018556
"Korea, Dem. People's Rep.",PRK,Lifetime risk of maternal death (%),SH.MMR.RISK.ZS,0.0981476217410113,0.0880810315948346,0.085582395419109,0.106085402452813,0.133160720168648,0.294730704292734,0.294000213979636,0.287417758485548,0.282173389893786,0.274775661879251,0.263298616420114,0.255733974997763,0.246233880978789,0.138410495957529,0.133989933687648,0.128346446210088,0.131282991287041,0.129326524879003,0.12746253642779,0.120230120836655,0.117233402067509,0.115611953440841,0.115018477227087,0.114388773311493,0.112670644156458,0.111421997017306,0.111277269361929,0.109942751007891,0.108554169896536,0.105300201715157,0.105829991942045,0.114582951650727,0.10701218165819,0.107133245788802
"Korea, Rep.",KOR,Lifetime risk of maternal death (%),SH.MMR.RISK.ZS,0.0497072822347835,0.0510126221079735,0.0476688992158488,0.0422139334279406,0.0405543842099895,0.0377666546084723,0.0338979555042932,0.0306165074283896,0.0271384837837463,0.0244123318710665,0.0223972903173049,0.0182847460224464,0.0158337884710305,0.0148907296567573,0.0133367151919976,0.0117480403040501,0.0109915950890807,0.0110922861467448,0.00979546936179657,0.00896077446806591,0.00905978555852317,0.00865201775785969,0.00844148554076841,0.00727837221939371,0.00660745891420712,0.00641903290670517,0.00571629176331859,0.00477276590871297,0.00415587087018054,0.00354733627634735,0.00767554030965071,0.0033584907145373,0.0042750053913843,0.0022987780794353
Kosovo,XKX,Lifetime risk of maternal death (%),SH.MMR.RISK.ZS,..,..,..,..,..,..,..,..,..,..,..,..,..,..,..,..,..,..,..,..,..,..,..,..,..,..,..,..,..,..,..,..,..,..
Kuwait,KWT,Lifetime risk of maternal death (%),SH.MMR.RISK.ZS,0.075426749516349,0.0217250406527015,0.0303481267554875,0.0320772251656556,0.0352690845597704,0.037696332134969,0.0382219008180412,0.0377148393005548,0.0363895002968331,0.0352120155343385,0.0344073965549486,0.0336442287661352,0.0327091950009689,0.0321480958966688,0.0317686484028893,0.0295116226590538,0.0267729005913261,0.024315525170221,0.0225548327943932,0.0211329254944303,0.0195305419271005,0.0179302236662069,0.0175824223020471,0.0162863155721191,0.0164328504331729,0.0151236875867725,0.0146865630451371,0.0147716824802504,0.0132956410857839,0.0124756329204481,0.0540121391256875,0.102034963698296,0.0109431869140689,0.0106530426398927
Kyrgyz Republic,KGZ,Lifetime risk of maternal death (%),SH.MMR.RISK.ZS,0.293474630797559,0.28688215830841,0.289784264606637,0.293211933927403,0.308011142080399,0.319014273457562,0.297600694861934,0.25562036009259,0.229631116355214,0.210692798990219,0.190830297245731,0.186548763736423,0.188867487714239,0.191961540840551,0.192424072819825,0.19397852480608,0.206207189827272,0.206080682502393,0.20584647706739,0.206891947257779,0.219426412991178,0.220478107794993,0.21436663363456,0.199201833609174,0.196087892598813,0.181604264447404,0.162056725295217,0.146873928957407,0.163572999986908,0.158079126545395,0.167971902296388,0.20001818983908,0.119961437400047,0.113523182437333
Lao PDR,LAO,Lifetime risk of maternal death (%),SH.MMR.RISK.ZS,4.74651436557188,4.52499088782928,4.38449663583854,4.17734320171037,3.99950480772313,3.68420342708346,3.43203211718688,3.2284633728669,3.06242058049848,2.93529136116668,2.69245775228141,2.46874737530249,2.28923976594319,2.13225321581309,1.9528173778222,1.72591611985068,1.58025225446095,1.43630304571869,1.30715762039317,1.14816169472861,1.01529490227074,0.871122316040256,0.761986513411091,0.663680619216465,0.578290388207283,0.534606899024855,0.481276304914821,0.439416492566783,0.404599511919023,0.37399284936703,0.354396343181222,0.362750180382382,0.306543386031289,0.28067674786468
Latvia,LVA,Lifetime risk of maternal death (%),SH.MMR.RISK.ZS,0.0820554399588171,0.0745193253064519,0.0724238685611443,0.0737555979499042,0.0765959864071554,0.0630675004519944,0.0450579638543456,0.0390765686431666,0.0375614939358256,0.0389603928435337,0.0351859104992634,0.0331827324283682,0.0307025527475286,0.0333857291151773,0.0304776466208013,0.0311909692609493,0.0341175634834851,0.0358169913232931,0.0334835745323784,0.030511821909054,0.0263307024403644,0.0258962835984045,0.0255244449402665,0.0320887943595814,0.0318621027971631,0.0328636260774612,0.0354302210706698,0.0342021752100468,0.0324231575293781,0.030609311545449,0.027735910368988,0.0548105823259824,0.035219568894856,0.0201712424391145
Lebanon,LBN,Lifetime risk of maternal death (%),SH.MMR.RISK.ZS,0.165050981926049,0.127988834635246,0.114085158551343,0.0999646530342347,0.0883491311141381,0.0793909817360409,0.0754129148110991,0.0710831459221086,0.0675601266581512,0.0639514608036362,0.0595973669423469,0.0546933436140228,0.0497667817215735,0.044957819107428,0.0408696924548795,0.0372872705623025,0.0362684514272808,0.0328361015396945,0.0317391788832371,0.0312082089736079,0.0318553373260248,0.0321654542841359,0.0316006657120956,0.0284911351883218,0.0314119125929123,0.0346224884810803,0.0342470166835478,0.0337957805825254,0.0326833150187008,0.0319125265419381,0.0566942213893944,0.110467097886508,0.0309692501881462,0.0303637337791056
Lesotho,LSO,Lifetime risk of maternal death (%),SH.MMR.RISK.ZS,3.16413722993412,2.9573480950019,2.67588738560484,2.30641805551725,1.72879122155087,1.41364972564282,1.23390465452129,1.17378162577904,1.17659116561731,1.24110358424654,1.32943185238587,1.48017753182121,1.53841532174089,1.57904892589735,1.49902586941653,1.626165508612,2.00976589282083,2.68630374954191,3.6473937217062,4.16673935298169,3.93417046449915,3.79626421003531,3.15700518023126,2.72890620062404,2.25140633362506,1.8913807692186,1.6486668596029,1.46610958283071,1.49520684659329,1.37619782619054,1.50231552594535,1.59093630983327,1.29437578112526,1.27890163468146
Liberia,LBR,Lifetime risk of maternal death (%),SH.MMR.RISK.ZS,14.3763726620417,9.24723137448614,9.35016113920609,9.76664015036125,10.5724325756729,8.5848902436309,8.19644622030846,5.56790707947377,5.33590198542013,4.74665400539691,4.3822209046998,3.96541271863078,3.81006111885369,4.11623616908989,3.44765447302226,3.27914126331078,3.45929226588771,3.50098521264922,3.46192775566751,3.44442137395949,3.5601154495958,3.49917945323471,3.53917395431325,3.42250720982624,3.66124521436262,3.49177302174608,3.05287865037014,3.06218593876778,3.03742159702285,2.90962406020549,2.75440093535321,2.71235388525981,2.53339359255595,2.47426034560362
Libya,LBY,Lifetime risk of maternal death (%),SH.MMR.RISK.ZS,0.277197022680585,0.247127346305794,0.221433357481508,0.201794277272203,0.18867931765069,0.181394593689185,0.179711061226857,0.181079171693497,0.186420538251806,0.191270973606925,0.192753078921395,0.191469670084797,0.188758814124261,0.185677886206248,0.183263606025207,0.183502472683681,0.182651757674994,0.182224577019252,0.181668774054826,0.184192167564867,0.188960095183283,0.232023379318524,0.1977547537291,0.198424495826281,0.206013881782933,0.196915146654249,0.185823723784147,0.167785641465398,0.155892494839217,0.147043302376889,0.156747459283166,0.210490724806533,0.124599894196972,0.11678144772784
Liechtenstein,LIE,Lifetime risk of maternal death (%),SH.MMR.RISK.ZS,..,..,..,..,..,..,..,..,..,..,..,..,..,..,..,..,..,..,..,..,..,..,..,..,..,..,..,..,..,..,..,..,..,..
Lithuania,LTU,Lifetime risk of maternal death (%),SH.MMR.RISK.ZS,0.0544232508335998,0.0547112765861685,0.0516669627638943,0.0458369484659881,0.0438130543709512,0.039628137209828,0.0338766527508753,0.0270004757320631,0.025166213159818,0.0225810230659335,0.0189380448773228,0.0171853023103246,0.0141684528356211,0.0148180846291403,0.0131542628792646,0.0142660256074755,0.0149922106460953,0.0152334554714881,0.0148675391448684,0.0131616421339169,0.0127577913735522,0.0129777754082353,0.0127471313246938,0.0127457300030298,0.0120359861303764,0.0138739867960279,0.0131861661606212,0.0134533985172042,0.012473707246614,0.012237147959548,0.0103544033420809,0.010909947117018,0.0101967450148522,0.00809413242449933
Luxembourg,LUX,Lifetime risk of maternal death (%),SH.MMR.RISK.ZS,0.0375796466702516,0.0395166840852988,0.0410093188404104,0.0337098567020506,0.0324940394780027,0.0362663354600397,0.0387257042148188,0.0355727272584043,0.0276752324413859,0.0336772182740672,0.0275139457510818,0.0279554281726808,0.0249486544362131,0.0207095677211242,0.0239198374644637,0.0230637385916693,0.0227650783358781,0.0185783517202402,0.0178900896887532,0.0209688302379643,0.0232532265348267,0.0173657202267287,0.017818421904584,0.0207897448854512,0.0170042932377827,0.0166433512417493,0.0166653933126977,0.0190111868179849,0.0118075214887877,0.015258099510067,0.00757813931491463,0.00775231063367862,0.00786504404397431,0.0149707384852632
"Macao SAR, China",MAC,Lifetime risk of maternal death (%),SH.MMR.RISK.ZS,..,..,..,..,..,..,..,..,..,..,..,..,..,..,..,..,..,..,..,..,..,..,..,..,..,..,..,..,..,..,..,..,..,..
Madagascar,MDG,Lifetime risk of maternal death (%),SH.MMR.RISK.ZS,4.09339446762071,4.07370392986801,4.09137798610177,4.03988648671625,4.0459248222747,4.04539649780113,4.02658684425252,3.99332516915582,3.89585224011482,3.72829723831358,3.58099145441509,3.3619148228938,3.193459160019,3.02859830936367,2.90691468984035,2.79523230220801,2.70017983731174,2.6505689988125,2.57700881894862,2.54615458087457,2.4589687084489,2.34502715608584,2.26617616920132,2.20180376588457,2.1393325880924,2.0870522198276,2.048981172271,2.03250119566903,2.01510969875797,1.98912955103619,1.90389685592305,1.95141734839001,1.80613607977962,1.80619396362585
Malawi,MWI,Lifetime risk of maternal death (%),SH.MMR.RISK.ZS,6.75634390577204,6.52840324886237,6.23298642906467,6.0015097334352,5.46105360943262,4.50434162239786,4.04583178231151,3.78772290001385,3.6801420418248,3.21007401198811,2.80011306953794,2.46580007415348,2.23380235422592,1.92893558245003,1.7133278397929,1.61690754250326,1.63127254766528,1.88449207479687,2.4021084542168,2.81008375012622,2.77787103218543,2.55559569211181,2.28641034378698,2.05477796849929,1.77749897540685,1.65039842142413,1.40553728727122,1.25248480015047,1.15778510196618,1.10425580877226,1.07093132350717,1.16513973811628,0.956501800593568,0.883491104785073
Malaysia,MYS,Lifetime risk of maternal death (%),SH.MMR.RISK.ZS,0.171515987906834,0.167106297160726,0.162782566459803,0.15662232536542,0.148689546944636,0.143194646475127,0.138717927831455,0.129672295947759,0.120125030919958,0.114849235287281,0.105179923676876,0.095414034274875,0.0857230787005023,0.0810615237594863,0.0749880289870773,0.0690125274766483,0.0646347500615117,0.0619649960382202,0.061960094866534,0.0609676842860439,0.0587461201451699,0.0594545716920236,0.0586637346308163,0.0584281750326767,0.0596094987037091,0.058731736923732,0.0564904830613418,0.0545047193500836,0.052106129152131,0.0493748388934302,0.0467160312695387,0.0780796970787339,0.0560887874108037,0.039275490714337
Maldives,MDV,Lifetime risk of maternal death (%),SH.MMR.RISK.ZS,2.16400975449972,1.84701230000132,1.58349035450368,1.32528688546703,1.0935308666747,0.864383802990171,0.681645291365872,0.544989966820284,0.452335771757902,0.333948694486045,0.258502796641774,0.208624644844814,0.187131115976708,0.165980864930712,0.147809102643831,0.121615704161917,0.118920278810615,0.121348306173052,0.133538518309247,0.134764526162482,0.125651118010242,0.121896382428728,0.117556458745487,0.114064434891778,0.0987308885982053,0.0904759015567787,0.0860356599351868,0.0813514902491993,0.0742510233440281,0.0708059420827351,0.083334433228745,0.102807357245284,0.0576523429817087,0.0516036682548267
Mali,MLI,Lifetime risk of maternal death (%),SH.MMR.RISK.ZS,7.11308792136209,6.98023477741257,6.69717571368472,6.42979182839765,6.08259291194009,5.74031386076852,5.59239608300395,5.2824716217956,5.06042170574511,4.90935298319526,4.84237189232115,4.5385317343999,4.27096987479446,4.07232714887711,3.93564982543928,3.85526724636637,3.77581018354891,3.81141012838289,3.79221732073506,3.73826383677506,3.69206929745178,3.64332513115295,3.6219414571751,3.42081254636931,3.27017110307104,3.12561967849251,2.97044243083914,2.81727555223838,2.64059961141902,2.43386135774926,2.34649125506713,2.36963053966778,2.15000436349746,2.04575192522473
Malta,MLT,Lifetime risk of maternal death (%),SH.MMR.RISK.ZS,0.0323367711117934,0.0298658138422617,0.030262406583129,0.0277097761106828,0.0247143379006943,0.0224008636103781,0.0256930112240918,0.0238453589755871,0.0205590991072657,0.0216237108125149,0.0172877340668659,0.0150519296655115,0.0160576552200757,0.0165044778843523,0.0132941237305214,0.0132357628368217,0.0145036921034892,0.0122592904025522,0.01239219447043,0.0133240507388031,0.0105593874692297,0.0136461492749878,0.0120479499520676,0.00933306125713068,0.0102923821710483,0.00895297226125288,0.0122881180340098,0.00887027964480507,0.0105813613831287,0.00956287877283271,0.0113464599811844,0.0110345241828422,0.0107922205524258,0.00903978004941683
Marshall Islands,MHL,Lifetime risk of maternal death (%),SH.MMR.RISK.ZS,2.03291019763039,1.85548296231703,1.93218160358794,1.85149966154029,1.69522747347246,1.63978243316588,1.54490584600991,1.42274059605318,1.31784833059933,1.24732617752096,1.22687014061885,1.10634440320692,1.05113208876227,1.03241661645805,1.09571352847826,1.06684840246695,1.04317195811213,1.00197144887799,0.958744463808096,0.912495967112577,0.822886588154722,0.773756278971067,0.726483366800896,0.668577428022386,0.642432096439125,0.576544337339543,0.562678740952851,0.54030233021977,0.495986621378716,0.489274327255482,0.508239415679413,0.584430202615486,0.476494740273405,0.415565821526843
Mauritania,MRT,Lifetime risk of maternal death (%),SH.MMR.RISK.ZS,4.91483995155364,4.81861779256077,4.52518739731509,4.60339751548853,4.5698916814576,4.5945832617941,4.51916358835491,4.07257422716674,3.7126203559425,3.50961208496503,3.35944044958362,3.21995409937906,3.06892916822862,2.97494359238912,2.92216653963838,2.81550062396594,2.75525512248893,2.74468012020067,2.67961338853978,2.627098819384,2.60932526487249,2.57471949278965,2.57268721959395,2.55447259335063,2.4661244392731,2.37020438754195,2.2800532859278,2.22701074100969,2.13860929716818,2.04700964012129,1.96556529685383,1.99467662151002,1.77921381537593,1.73349735485429
Mauritius,MUS,Lifetime risk of maternal death (%),SH.MMR.RISK.ZS,0.193685322515175,0.183574803402993,0.180807845313166,0.167595302518206,0.144421036785647,0.118894414359983,0.108020035960826,0.0978554352950493,0.0886670377659051,0.0899333182383552,0.0819982271096002,0.0757712965881389,0.0758138337279619,0.0732914529548292,0.0738943849249789,0.0723345938908394,0.0696733037222067,0.0689950782834247,0.06835569613315,0.0694478717716407,0.0695204263597547,0.071983856036861,0.0713789430454941,0.0728083485325527,0.0730123257836745,0.0715732823490888,0.0745323370425265,0.0814787107511278,0.0807484635255927,0.0807582173974252,0.07204800405385,0.0969077382102911,0.0690851725020017,0.0734433503709764
Mexico,MEX,Lifetime risk of maternal death (%),SH.MMR.RISK.ZS,0.29970946760269,0.27918219068447,0.260628726100546,0.246805672392419,0.234337056994237,0.219033305581433,0.205985073115528,0.193941944844504,0.182351422551655,0.171527653152283,0.162567630175092,0.156297752248526,0.152178564696687,0.145764104846836,0.13985174004158,0.132900500600481,0.127185791318713,0.122024764132004,0.122324235530979,0.120294352943781,0.116494136891457,0.109247102427167,0.104423169025256,0.100928344583873,0.0950726066077579,0.0901648977664603,0.0873849206977957,0.0864500319526568,0.0856125355734653,0.0835466060662291,0.115802775959265,0.192578078682963,0.083054081416166,0.075514952353871
"Micronesia, Fed. Sts.",FSM,Lifetime risk of maternal death (%),SH.MMR.RISK.ZS,1.04592186181767,1.01043840247329,0.969905631071038,0.93984377404605,0.894324538287546,0.897898537320311,0.883161102783437,0.850629854792002,0.846614296856611,0.824837762580309,0.82713679298658,0.771165010974703,0.806508182257807,0.700123054477494,0.68158139289317,0.658687420835152,0.646801179596159,0.620164417713291,0.601207513785445,0.581075952022823,0.561215569109601,0.541057082688096,0.532029530789311,0.52677411336855,0.510704116648988,0.519280525639235,0.489321313702842,0.481386579723237,0.460128987804399,0.431185493992495,0.417686542038087,0.431672022627352,0.397633757776893,0.353568292870428
Moldova,MDA,Lifetime risk of maternal death (%),SH.MMR.RISK.ZS,0.116959751278303,0.109925320519442,0.11013011578947,0.105362644679381,0.100159805335723,0.0892118227552568,0.0819379471486825,0.0830168829548273,0.0698940505521572,0.0587928788946527,0.0504642151192175,0.0445305727906982,0.0398573062116789,0.038003073755525,0.0382510038145813,0.0367360649249807,0.0357525326080515,0.0357331597431052,0.0356957182193007,0.0355343307188935,0.0325920288988427,0.0300079611457213,0.0296462652190857,0.0293471966677631,0.0345973171314771,0.0367303036353906,0.0370636867624191,0.0342474099588887,0.0336459401276186,0.0330759142575976,0.0441999087348215,0.0361372701933046,0.0261514407624807,0.0261168141668497
Monaco,MCO,Lifetime risk of maternal death (%),SH.MMR.RISK.ZS,0.0241369005794067,0.0228155645245046,0.0221959946351431,0.0147016451947604,0.0147277582270343,0.0149753933659047,0.0152707005906825,0.0156218613221055,0.0162062929666648,0.0166111451671974,0.0173103619223157,0.0183253449860791,0.0165928819073393,0.00783219927796602,0.00813175107672141,0.00804873174658774,0.00829618224226408,0.017349191916342,0.0187543078336738,0.0184875993691637,0.0184399507307078,0.016969294315623,0.00878996573163789,0.00893047775193894,0.00987010546979278,0.0100770822426087,0.010659127969628,0.00997518157857591,0.0105073367429004,0.0104520944220125,0.0439447542387513,0.00924055970997844,0.00888228759536036,0.00935658347576932
Mongolia,MNG,Lifetime risk of maternal death (%),SH.MMR.RISK.ZS,1.22863216975199,0.9453266282009,0.741083537334689,0.60066252572491,0.552733349580887,0.529657108481809,0.513084040167908,0.486596522712691,0.447392218234077,0.403574480330977,0.349145737168724,0.302150512817954,0.263022072063727,0.236257189560786,0.217322351264858,0.199240548628735,0.192658501140595,0.189922394760332,0.196212382053624,0.19725698592567,0.181413534331645,0.17606034617311,0.173466447365397,0.173719509629055,0.167643567151047,0.155087056591809,0.140831504865907,0.129197072871905,0.127146073051299,0.130218636355948,0.131060180102024,0.167819739553157,0.104436188835878,0.0982595991150086
Montenegro,MNE,Lifetime risk of maternal death (%),SH.MMR.RISK.ZS,0.01958173994906,0.0205390082118875,0.0209378483761541,0.0201803046120385,0.0205624733180091,0.0210746589915851,0.0211388720174765,0.0207462346650895,0.0201849215751885,0.0199183455001703,0.0193498636971714,0.0179837648275552,0.0164457171176184,0.0161257411273871,0.0144079508780212,0.0128675131969225,0.0126074771437724,0.0130218454769189,0.0131341025513441,0.0133573763721947,0.0115033261200541,0.0107892875388854,0.01076800547601,0.011021872038489,0.0106631359868528,0.0108463831998037,0.00956084323676277,0.011543336912113,0.0103854446588478,0.00990358687961393,0.0228762447239499,0.0227530281987498,0.0200136616410079,0.00863670709534271
Morocco,MAR,Lifetime risk of maternal death (%),SH.MMR.RISK.ZS,1.9820248141044,1.82383977428685,1.62972313523231,1.44776839477121,1.30945874251948,1.1989651826248,1.10511273588864,1.01688446792299,0.923566868676427,0.816588962974957,0.733177790339615,0.664385033081804,0.605211999868856,0.56621154426816,0.53768664509781,0.496362886740521,0.460495476796179,0.428308415701918,0.399223340009981,0.375932901307673,0.355411012448363,0.326056268607055,0.296966641020977,0.269077051090046,0.246883969048495,0.230426485441896,0.216102608290265,0.199852290317586,0.186324334347218,0.175611533658803,0.177050380333534,0.196339824499905,0.148690041948707,0.142810071002803
Mozambique,MOZ,Lifetime risk of maternal death (%),SH.MMR.RISK.ZS,6.66593800347439,6.26319548757218,5.91312855985452,5.33674132078744,4.79021363456842,4.76954517179851,4.4187369441438,3.98401900177133,3.71807907984345,3.33992988104502,2.91924996705668,2.50722322144092,2.0856136060083,1.86711225844955,1.65466249887712,1.54545642383097,1.52493482639609,1.68531475806682,1.94402761574916,1.91588539219348,1.67164561385171,1.46796750910667,1.18804658073828,1.0617688191006,1.12513641767625,1.15226955907783,1.07315846759934,0.984498987965131,0.834833761407274,0.694443618229047,0.636951227169088,0.913276055717496,0.526785454773589,0.493529098309261
Myanmar,MMR,Lifetime risk of maternal death (%),SH.MMR.RISK.ZS,1.95992118858835,1.86611377229693,1.75047940931143,1.65099249690452,1.53641621886227,1.42332024387382,1.30302919567925,1.19628673141454,1.11388424629144,1.05761383901015,1.00517560177777,0.959063285977108,0.908677444295216,0.850788404378587,0.792991531660322,0.741900433892565,0.702825764540228,0.670390385346816,0.624375856751262,0.597654602857976,0.567476483824145,0.536539941149168,0.516856493713981,0.500609114088937,0.478197528522168,0.46763758002973,0.453883170182086,0.436218313913937,0.413582574301848,0.395952125065918,0.396988813178539,0.456449854629765,0.375453189552337,0.355824444714071
Namibia,NAM,Lifetime risk of maternal death (%),SH.MMR.RISK.ZS,1.69134313272945,1.71593988357141,1.69843395225412,1.66147098315036,1.63093901452122,1.54186248831755,1.52652833473448,1.48817050716111,1.5241210272168,1.40647454191459,1.38617519112851,1.29171730397978,1.03892494986251,0.933129098133091,0.900392656085892,1.10363706339004,1.32193425050548,1.59880787913568,1.77458513879264,1.82421679500785,1.79848651228033,1.7014688970188,1.52823972003961,1.39835607000938,1.28722755857683,1.0664089571877,0.867579618674733,0.733781972010771,0.677447542117858,0.592579447763554,0.480859080435842,0.830007691477567,0.410186059890257,0.444660824259992
Nauru,NRU,Lifetime risk of maternal death (%),SH.MMR.RISK.ZS,0.795019158986011,0.874784766944795,0.87925077181367,0.865071118696428,0.839769952772585,0.814149132237404,0.786060110826589,0.765684358897953,0.879133627495641,0.931805681370644,0.91134804808563,0.959001112646371,1.01753341654645,1.01854468118713,1.02724380487653,1.04371079952622,0.986225188725614,1.02632583827286,1.08654574276294,1.15639418004011,1.21961308426853,1.10528015443398,1.08021066282629,1.03992410355341,0.997559452143035,1.04222888661541,1.00348994689441,1.00430670775278,0.985237766704445,0.943862813213241,1.06892343480074,0.896674403851623,1.03424150599332,0.857274530290705
Nepal,NPL,Lifetime risk of maternal death (%),SH.MMR.RISK.ZS,4.60594097976719,4.24158163134577,3.81889132051814,3.53167245704923,3.27347706834501,3.08788000955136,2.77380062517926,2.49902128166392,2.29713160075187,2.18158429116674,1.98698212969199,1.76132952912799,1.57516352701306,1.41925176325222,1.28313832427005,1.15721023116593,1.02193734875057,0.957159411059647,0.899279634977006,0.858654676553498,0.826928138078574,0.777355516272457,0.732048757109225,0.681504311895268,0.636613120145534,0.597908843918453,0.53474846286155,0.48186717097925,0.434709183283093,0.392720103407648,0.342640548370662,0.375735061360334,0.300314327506847,0.30164262313966
Netherlands,NLD,Lifetime risk of maternal death (%),SH.MMR.RISK.ZS,0.0187657554125659,0.0192343701735722,0.0187209582972916,0.0187645062118721,0.0186802040583497,0.0184395738547861,0.0184383816615692,0.0189619640004981,0.0190318577233864,0.0205152748713979,0.02105523526275,0.0195675956080904,0.0196331967485383,0.0184350845332708,0.0164024483430146,0.0148276160910847,0.0129204237838986,0.0115269347133063,0.0110919535870301,0.0102863487943043,0.00920116017300535,0.00920907531216204,0.00831802321114404,0.0075479374919147,0.00750710615018553,0.00688607744682515,0.00712425150024963,0.00668743040588799,0.00634228102207302,0.00640118493630221,0.00506933324188578,0.00696636825951827,0.00586616364294763,0.00551962356429167
New Caledonia,NCL,Lifetime risk of maternal death (%),SH.MMR.RISK.ZS,..,..,..,..,..,..,..,..,..,..,..,..,..,..,..,..,..,..,..,..,..,..,..,..,..,..,..,..,..,..,..,..,..,..
New Zealand,NZL,Lifetime risk of maternal death (%),SH.MMR.RISK.ZS,0.0370259371590405,0.0334400407674911,0.0294673088742097,0.0275596652056856,0.0245399845873276,0.0261578191718223,0.0248694528585383,0.0231245831328464,0.0206251888006148,0.0210019057378783,0.0188866543159479,0.0178638058587534,0.01736418040846,0.0180269935729899,0.0180478961453094,0.0177059451559626,0.0172807849000706,0.0189705541032952,0.0179656457692532,0.0178250979528454,0.0178200856092004,0.0174439692682684,0.0159733609127681,0.0136959715927906,0.0118477272967598,0.0133035098845782,0.0121881082253033,0.0118183783553243,0.0113386512266882,0.0115550464846172,0.0112394091847029,0.0115062360190051,0.034358287093394,0.0106799730730031
Nicaragua,NIC,Lifetime risk of maternal death (%),SH.MMR.RISK.ZS,1.42215673519214,1.34050909219743,1.28781953394526,1.20828889915713,1.12411024948048,1.05916130401726,0.990135279811577,0.920428147569819,0.890336761435972,0.824647970108231,0.749112149239974,0.656020889178388,0.555410012655706,0.492378426499235,0.440748226241401,0.388362188017569,0.348652154896895,0.322265739271343,0.302726932648613,0.292140259956967,0.279000060240088,0.262273353649325,0.245376282445637,0.233961153020058,0.22125428610537,0.211852234971126,0.197789941417505,0.182938272830373,0.165345193092397,0.168363352817245,0.205871670354497,0.285596139162728,0.139080025906954,0.134998722202064
Niger,NER,Lifetime risk of maternal death (%),SH.MMR.RISK.ZS,7.21345818869444,7.01481629771764,6.78301488765734,6.61844982083525,6.47395364061464,6.36377032711559,6.30439783920707,6.23881903931074,6.255133154162,6.27730782214133,6.3040159242181,6.29122633666503,6.21936779789713,6.05648379724063,5.88251247991998,5.69313414220337,5.4893659140408,5.24803017166744,4.97650498138176,4.81160823422824,4.59958271803833,4.30163044744572,4.03079475811596,3.79465016055952,3.54647429664437,3.32417858741825,3.11098187816328,2.92931774304008,2.7752775441094,2.62171116371284,2.45470417727447,2.44351448517067,2.21447777796849,2.13445035913264
Nigeria,NGA,Lifetime risk of maternal death (%),SH.MMR.RISK.ZS,7.43911341273902,7.35193196562074,7.11081012199065,6.82485732944363,6.73237928062405,6.67458657460501,6.59947394653449,6.50793315494045,6.45834272562657,6.35683845860203,6.26629543199414,6.23727718366652,6.15620895752357,6.01652163288774,5.91921583804754,5.84474940104013,5.87525083793064,5.84115995437184,5.94324127010119,5.95899923582499,5.95080770451289,5.98312817351508,5.97801744305438,5.99838777284953,5.96554279711444,5.87158854261952,5.61901153800595,5.37444108321057,5.09852221916843,4.81102855140427,4.55019214815457,4.41247091973189,4.21380749988724,4.06118875796305
North Macedonia,MKD,Lifetime risk of maternal death (%),SH.MMR.RISK.ZS,0.0340494603800436,0.0322737935520442,0.0306937079084378,0.0297626320312402,0.0286921957585251,0.0268631411793983,0.027435172284277,0.0238496674926386,0.0236074107049853,0.0193457326452778,0.0190873998671777,0.0147258854347054,0.016058712525854,0.0128778036880042,0.0113995574270995,0.00977506112500179,0.00984245783453776,0.00955228614250418,0.00805444997867469,0.00829759046611677,0.00810968271555189,0.00684167710792091,0.00762945988098154,0.00679680762590839,0.00650711500522218,0.00588788535367917,0.00604707442924754,0.00530800123421975,0.00508085170374267,0.00455943287679581,0.00996775722961814,0.0162477227859266,0.00338812958215622,0.0034029477488806
Northern Mariana Islands,MNP,Lifetime risk of maternal death (%),SH.MMR.RISK.ZS,..,..,..,..,..,..,..,..,..,..,..,..,..,..,..,..,..,..,..,..,..,..,..,..,..,..,..,..,..,..,..,..,..,..
Norway,NOR,Lifetime risk of maternal death (%),SH.MMR.RISK.ZS,0.0163567822338012,0.0150358981894604,0.0134886939123677,0.0122439117163519,0.0116023089969533,0.01083532488619,0.0102543877132596,0.00936010968843047,0.00902554655192348,0.0091380736326881,0.00914012524459003,0.00880150129966315,0.00805985173061451,0.00867990079016488,0.0091366110634051,0.00896697921578345,0.00866172352481631,0.00808543013965806,0.00774459482911525,0.00743832272382959,0.00674515492838758,0.00593952208740928,0.0048235900569578,0.00437045830907837,0.00362256769984042,0.00334263930684497,0.00305859455195058,0.00263629794731578,0.00231402797180263,0.00216289894365827,0.00287077944137122,0.00232201811204535,0.00344505901603552,0.00165357099848482
Oman,OMN,Lifetime risk of maternal death (%),SH.MMR.RISK.ZS,0.193672137806723,0.172952339900233,0.155669893889762,0.139187889920271,0.12483058174249,0.111700483107281,0.101374598398316,0.0918100700704666,0.083387382238195,0.076252431691003,0.0705064597458319,0.0661312966761523,0.0631235540005529,0.0608897479253035,0.0569274972436881,0.0538409420830937,0.0508241510732134,0.050637010457701,0.0498004167948018,0.0521568864969158,0.0541371513279655,0.0490976739242765,0.0495044057670527,0.0504290982696996,0.0497786159400352,0.0491415904146543,0.0485961431261426,0.0476988463017293,0.0445132990620144,0.0420784818892929,0.0938007256582391,0.206497537187942,0.0332742011935774,0.0325956235195614
Pakistan,PAK,Lifetime risk of maternal death (%),SH.MMR.RISK.ZS,2.69898696134158,2.72573088508432,2.79542699184339,2.81987395753308,2.80279884224525,2.77086628681673,2.6941409855468,2.59197421959234,2.42679878196666,2.31497942578355,2.16467196489548,2.00784753352462,1.85332520771128,1.7070401625472,1.52384784640595,1.41254204516195,1.28213513781165,1.19082662503827,1.14136471568066,1.10151802781102,1.06828121264656,1.02249741093637,0.976700627809464,0.929157489915862,0.876152306408599,0.826845838264665,0.771251340643239,0.729827298360967,0.6984106310241,0.669881722271125,0.677095483373276,0.723682492207914,0.593129309555166,0.564582679346536
Palau,PLW,Lifetime risk of maternal death (%),SH.MMR.RISK.ZS,0.289721416462746,0.290843595830328,0.308726483834399,0.301461717418597,0.310519096364862,0.283375015579318,0.288819579283066,0.265941893374914,0.229651839183996,0.208340484705612,0.204197701097837,0.204490201126681,0.203100611374684,0.185258756905828,0.178766354702612,0.174656056884464,0.171251042531452,0.158189777101884,0.158780532519213,0.149908689216515,0.15331777845515,0.133832474471188,0.138402708610012,0.142259251535025,0.127855141572839,0.12445214729639,0.129761867950853,0.129707113488175,0.12856609080234,0.132479453245946,0.183019330803431,0.167528296896427,0.181856692077704,0.132854695789117
Panama,PAN,Lifetime risk of maternal death (%),SH.MMR.RISK.ZS,0.299633256870642,0.286086013192935,0.273666834445096,0.256022619208747,0.24401533776379,0.235017181058294,0.221557928890887,0.209440369509821,0.198809566294509,0.188884802231413,0.182368303770732,0.172636650310414,0.164080546766587,0.159095644613752,0.155528044423221,0.150582373274449,0.14701676309979,0.143428309356717,0.141623530742618,0.140513526734376,0.140011937541167,0.138177345438568,0.133537666003141,0.127714945378522,0.119362658361103,0.115498892387479,0.110205962284482,0.108249794775771,0.0981438860786317,0.0875232348314134,0.151597755636764,0.119007605733494,0.0802112050769746,0.0730352288673397
Papua New Guinea,PNG,Lifetime risk of maternal death (%),SH.MMR.RISK.ZS,1.79444121979081,1.72851313362518,1.6405721119974,1.59198662896738,1.52495220391177,1.47729676612916,1.45319573102736,1.4441259794855,1.46243433999283,1.43737422007953,1.43057750982931,1.42109471545364,1.42197989428353,1.397721843472,1.36244073355862,1.33939009417139,1.30931126452354,1.29228289106417,1.22966993229293,1.15911779815901,1.0943161586749,1.01114706618111,0.941748421204784,0.877561244679248,0.822166721922376,0.767745260558864,0.729047327299739,0.69168035893224,0.672600214616967,0.641063137002881,0.615803334754479,0.6902173288721,0.574722295728473,0.56078306602882
Paraguay,PRY,Lifetime risk of maternal death (%),SH.MMR.RISK.ZS,0.932688047723526,0.88945131112931,0.887208754865276,0.873814476015659,0.868450410987556,0.853332355726234,0.831629204009926,0.815034636794438,0.794407573885823,0.766211715612041,0.732619528342607,0.701961395941972,0.67078494371377,0.639109714156722,0.612188504456062,0.582850195176504,0.545526153995693,0.507001777627227,0.471095959121391,0.427665995778091,0.374047280542501,0.328047052470272,0.271807456400679,0.226359174863016,0.191566439901656,0.173216090059913,0.160901805644628,0.15551590678726,0.151640348072474,0.148800427740032,0.174410760064268,0.347633843983675,0.19125609373968,0.141295781917901
Peru,PER,Lifetime risk of maternal death (%),SH.MMR.RISK.ZS,0.766645173259385,0.781821580032281,0.736407024050384,0.701270826546025,0.661719192714131,0.610948069147702,0.545572649214039,0.482922047663951,0.427028902217783,0.371245330915567,0.336076415787783,0.306656452225286,0.289932613159832,0.281848877389105,0.288810554120088,0.27518754208506,0.26100390102084,0.244914653726475,0.229967771790772,0.221050452335216,0.206665689358261,0.198670425759384,0.182939483964212,0.170750143557546,0.162014504734138,0.154886359421187,0.145488229574876,0.138114448167638,0.133679085637022,0.120623874774114,0.147887475956207,0.27291220917921,0.153443811534009,0.09636409998616
Philippines,PHL,Lifetime risk of maternal death (%),SH.MMR.RISK.ZS,0.780425994029648,0.766729176234264,0.689965832264369,0.658508639498644,0.634217227691478,0.613574207486966,0.573724202775183,0.548008596366844,0.524166267422572,0.497098887383542,0.472063428079265,0.484650142673754,0.453562573589672,0.446473575506809,0.418886981620258,0.397675083802909,0.436065032987308,0.410718884286817,0.409340027754534,0.404688810189171,0.382608138767599,0.367297535731614,0.341097794069897,0.329634318277681,0.301971135823443,0.289444444630084,0.25926550431424,0.214496213413662,0.216692717260322,0.200178696780734,0.18017246997887,0.290917894157215,0.17485822292317,0.157330697648822
Poland,POL,Lifetime risk of maternal death (%),SH.MMR.RISK.ZS,0.0329503397485759,0.0316722962396318,0.0277925755792567,0.0240691817773941,0.0210268395589324,0.0170936722795157,0.0149990496446115,0.01269307817918,0.0107306378772713,0.00915377631473697,0.00803004234234195,0.00678965034479098,0.00572193286644504,0.00514667254691059,0.00481507884818787,0.00456156961182964,0.00435655901243972,0.00417977937276333,0.00411126980850728,0.00372508465674247,0.0034780472642481,0.00298370076937594,0.00277458301036875,0.00253407948608116,0.00247451404140277,0.00239425076922179,0.00246207176609619,0.0025982931011828,0.0024543456498497,0.00237054155523542,0.00367390772666816,0.00285666259999114,0.00178327410417225,0.00170414372230548
Portugal,PRT,Lifetime risk of maternal death (%),SH.MMR.RISK.ZS,0.0252157692677729,0.0239857538901404,0.0221843310192342,0.021034127531587,0.0175753413545084,0.0160173293424572,0.0158914146557583,0.0159609259095837,0.0143469726112354,0.0135741819985121,0.0131746093476328,0.0121676701524232,0.0116030266215021,0.0110801428897327,0.0102960186717553,0.0106255597871529,0.00983806661156571,0.0102807724508799,0.0108760707808187,0.0111851010574499,0.0120511610137115,0.0110890810576586,0.0109209682870151,0.0104954388335354,0.0110212967045403,0.011760187707239,0.0133789299788922,0.0148389772802501,0.0156362763443367,0.0163510688016359,0.0150042016421797,0.0194365260829091,0.0182792385841711,0.0174714850275473
Puerto Rico (US),PRI,Lifetime risk of maternal death (%),SH.MMR.RISK.ZS,0.0707307373791997,0.0568480558270364,0.0564058046028735,0.054552824308871,0.0519704303303393,0.0498634084500808,0.0487197925566997,0.0467012051136968,0.0431216600585788,0.0409828611493294,0.0406170772049282,0.036796659057887,0.0327680912197092,0.0319064409889326,0.0328289339622455,0.0331647449264147,0.0299180446133838,0.028217883022909,0.0258501820659997,0.024572647876049,0.0249081622283324,0.024097039588485,0.0226525405272304,0.020209249068461,0.019730551137226,0.0175006750957905,0.0165054033269713,0.0161895812696462,0.0115442682417242,0.0104119061826108,0.00809556203393366,0.0390092996217979,0.0431345151558199,0.00874760963215272
Qatar,QAT,Lifetime risk of maternal death (%),SH.MMR.RISK.ZS,0.0624588204960907,0.0583334709228522,0.0561878449832528,0.053641047527325,0.0499145756308653,0.0488328592233661,0.0452868972934769,0.041403355955294,0.0390765551772252,0.0358403214066962,0.0356047927963065,0.0365402458048167,0.0346104182696421,0.0326884410744291,0.0303036264224363,0.0295165786219138,0.0234561691778564,0.0210017517310378,0.0216731563531261,0.0190756856697857,0.0178180668587631,0.016584860737465,0.0153791795630406,0.014590522908407,0.0138583317603619,0.0126256035924421,0.0112662834659828,0.0104601447564334,0.00951621209093851,0.00869920511333045,0.011763038025519,0.0125090749411618,0.014883024621045,0.00705654446278121
Romania,ROU,Lifetime risk of maternal death (%),SH.MMR.RISK.ZS,0.201896613496164,0.158226990305701,0.138014800531764,0.12112377749752,0.109406528333437,0.0977872150765546,0.0901223073977502,0.0836412936865374,0.0733344846211909,0.0636835365118098,0.0556743486808167,0.0483936257929625,0.0446641187121623,0.0422146906377265,0.0395234168243403,0.0379966270916814,0.0344859832177675,0.0325635012197102,0.0350238543495514,0.0355346630537428,0.0316832076988113,0.0255394696988279,0.0246728946251818,0.0218291058373736,0.023393854409763,0.0238488542363725,0.0239023016545878,0.0239491345574432,0.0216538251085243,0.0189499308237655,0.0211003123600404,0.0255937418029587,0.0164567498650852,0.0152356754960733
Russian Federation,RUS,Lifetime risk of maternal death (%),SH.MMR.RISK.ZS,0.0971193155851284,0.086147597973354,0.0832087620759064,0.0889241129542128,0.0997498104391038,0.0928135369795213,0.0754090844533551,0.0617923028120599,0.0548622306907889,0.0518436562909971,0.0494301968165171,0.0478482683698946,0.0487587995974034,0.0492480763057539,0.045856180051401,0.041608050925697,0.0357177917286491,0.0352754538533288,0.0350938172112973,0.03251786795174,0.0322935312778632,0.027979401447508,0.0272482074347097,0.0255342974346731,0.025171838740279,0.0239123510949481,0.0219856438060219,0.0178181495318959,0.0167873560677436,0.0153317331813423,0.023960643080649,0.0257316963932357,0.015358715278528,0.0108257869337249
Rwanda,RWA,Lifetime risk of maternal death (%),SH.MMR.RISK.ZS,7.87953806374887,7.98292322144926,8.4985729235685,8.63229495642587,10.6948072234688,7.49638444070186,5.97739052082123,6.51631494814028,6.41195551694808,5.37825147585377,4.40637962097515,3.80927952536382,3.31806540115376,2.68723503542397,2.24644564859751,2.26177331647783,2.37495146017192,2.3325516662427,2.0995339707392,1.88092869324524,1.71672191923664,1.51201492703243,1.36047910507816,1.28788150863977,1.22179796703947,1.18071338119219,1.12303962646155,1.09912289739497,1.05736584818657,1.00563950348753,0.944814318333166,0.926537180403967,0.833339833311248,0.798631653532599
Samoa,WSM,Lifetime risk of maternal death (%),SH.MMR.RISK.ZS,0.659941733690392,0.625065857094287,0.57993859504423,0.553009824285607,0.53357782411668,0.502256770589886,0.494878716833829,0.47023274321071,0.452603170359233,0.437892067256441,0.42343594153125,0.413408982734757,0.386377417479397,0.370077579591282,0.361195250141504,0.361876532078882,0.352204346519132,0.346317828911145,0.356187027352739,0.384911280944656,0.387851948944099,0.393363955388367,0.423870790872711,0.41890874846538,0.438407377341913,0.438255745315635,0.430879843918386,0.436051148950882,0.430800071421455,0.423701472616593,0.430381826234089,0.430482566425695,0.401541789855419,0.361510796653758
San Marino,SMR,Lifetime risk of maternal death (%),SH.MMR.RISK.ZS,0.0132882890933578,0.0131683122422303,0.0128102981086471,0.0122180331060828,0.0120661306478591,0.0121051305991145,0.012250421773266,0.0122450134044713,0.0120542807548169,0.0119340645410451,0.0194185688025625,0.0208653311327799,0.0189703835305867,0.0163943727319028,0.0159423594130301,0.0139704344803811,0.0141465667020898,0.00928144170086836,0.0112653087992522,0.00960102746658669,0.0101843535197161,0.00944107720769455,0.00828486679919246,0.00962981614663285,0.00764805277874942,0.00702212780109014,0.00633349080806196,0.00564839012754464,0.00580164573946128,0.00587973045442187,0.0370825488130789,0.0287574533771671,0.018632767971025,0.00646295928245226
Sao Tome and Principe,STP,Lifetime risk of maternal death (%),SH.MMR.RISK.ZS,0.969415046050518,0.974848215520359,0.950387647042362,0.951838754968998,0.946566244382582,0.965972199071094,0.947011980574797,0.944085558314645,0.944649291032018,0.952919498600378,0.953121832159964,0.938436252588279,0.931559800384799,0.921462581345573,0.906423345537494,0.916279067771781,0.892992265053072,0.8802337100844,0.869194681859203,0.848324050222153,0.825438709780246,0.789057273480463,0.753157249273535,0.696387613843092,0.627497320783603,0.560714047588117,0.503623979936561,0.448095115314943,0.396898306459567,0.366550713798308,0.348056896863521,0.361968407017507,0.300472227961715,0.271476145614486
Saudi Arabia,SAU,Lifetime risk of maternal death (%),SH.MMR.RISK.ZS,0.174639248637492,0.16057053789253,0.146749530432067,0.136194721135286,0.126262229847197,0.116613544600099,0.107567817776213,0.0994968815925311,0.092382257046903,0.0844907248328739,0.0788558314084244,0.0697848987632009,0.0613464391701219,0.0543898792676463,0.0489912445687337,0.0458698380924354,0.0440664003961546,0.0425881628245229,0.0392107056764767,0.0356547736260277,0.0316890872130358,0.0299732979487892,0.028361095789524,0.0257492640866932,0.0248319696992284,0.0235355483287328,0.0234495429629642,0.023716188453448,0.0235329183043445,0.0209415407515195,0.0270038228946338,0.0285173822003083,0.0197983017319133,0.0172489883450927
Senegal,SEN,Lifetime risk of maternal death (%),SH.MMR.RISK.ZS,3.78422616802175,3.57032589980498,3.4021738524641,3.29835855154429,3.18600195681865,3.17328478556408,3.19873614699182,3.16126643856342,3.16677354443872,3.15324012078059,3.00691237194313,2.85167350331907,2.68753430501482,2.62872100228957,2.51209141004585,2.42505019915826,2.27595639869897,2.24060596609504,2.27964446428917,2.17764256613697,2.1530759505968,2.06524983662528,2.02762701013958,1.89465948226751,1.76985908053566,1.64464505280452,1.55535144938256,1.41677769698639,1.27568883234926,1.14471360359397,0.987999696168094,1.01221919256823,0.866304853745137,0.895213795062516
Serbia,SRB,Lifetime risk of maternal death (%),SH.MMR.RISK.ZS,0.0197934005603576,0.0196604245585559,0.019986820695544,0.0206020020302004,0.0207781134474702,0.0206701349445498,0.0204289866857895,0.0201173619768102,0.0212215273890726,0.0183685151030062,0.0174414947870531,0.0166472389022331,0.0161426676081313,0.0156748125724039,0.0151073681471329,0.0143630536366315,0.0136428882613152,0.0135192279819879,0.0138715422659895,0.0145696928985082,0.0152280179525888,0.0154069078039116,0.0159001054275253,0.0158655083374824,0.0164517095696273,0.0167624449546357,0.0165718343902289,0.016193333053134,0.0155347386838711,0.0154331220449515,0.0194488130024512,0.0330596686043047,0.0178106338671349,0.0131096122082686
Seychelles,SYC,Lifetime risk of maternal death (%),SH.MMR.RISK.ZS,0.158156730974311,0.16602207854058,0.142072822494273,0.140933858234462,0.129821761577417,0.10520726768839,0.0978213958973384,0.0849481998061849,0.0882418962108344,0.0883399133984875,0.0961612531807287,0.0874908542690609,0.0926896145292858,0.0965011568203169,0.104712232681761,0.105785551887139,0.10304733064122,0.108691458977321,0.110115404266634,0.10922364872773,0.0989857108042278,0.104148609600419,0.103876193063676,0.0931978106013672,0.0876760658062694,0.0911437560072381,0.0952411245313428,0.0964560173628634,0.0982327754288379,0.0953464219181712,0.0996471123060704,0.140758033706921,0.164649258057621,0.0774957505227355
Sierra Leone,SLE,Lifetime risk of maternal death (%),SH.MMR.RISK.ZS,9.08485616402879,10.2258109810911,9.99433428978455,10.0514994001479,10.3134009084292,10.4164173205729,10.0654366562396,9.98915149985959,10.1481892978204,9.98449203401272,9.06471713818017,8.40703457357703,8.33773049827787,7.87528738860901,7.34571667069123,6.89673524124591,6.25141348534882,5.94650582321626,5.66890866362644,5.3587106679552,5.07174843322134,4.73604261128966,4.38459088601952,3.91094643200186,3.68943844794372,3.19962232013779,2.74605387249893,2.48105000086742,2.08433627370127,1.92804189563518,1.71982334388209,1.60716707204585,1.44413238595455,1.35393949814646
Singapore,SGP,Lifetime risk of maternal death (%),SH.MMR.RISK.ZS,0.0297500163295829,0.0268350699629997,0.0257350481521559,0.025670011688171,0.025381382719489,0.0253966047177743,0.0261302614776044,0.0249051590189175,0.0224665400127445,0.0216493368851991,0.0229826985897696,0.0190445898227167,0.0181889856237695,0.015844327743079,0.0146248359803323,0.0138404216862057,0.0131795712586719,0.0123884421065535,0.0112496893036909,0.010124829339384,0.00906294638322211,0.00929315096245782,0.00987049435280713,0.00857917838649419,0.00860130139879311,0.0079620388967988,0.0076024943131214,0.00738190736943472,0.00728391275528198,0.00702591397983458,0.0122020684310528,0.0192073470141352,0.0311616120185369,0.00582412670936195
Sint Maarten (Dutch part),SXM,Lifetime risk of maternal death (%),SH.MMR.RISK.ZS,..,..,..,..,..,..,..,..,..,..,..,..,..,..,..,..,..,..,..,..,..,..,..,..,..,..,..,..,..,..,..,..,..,..
Slovak Republic,SVK,Lifetime risk of maternal death (%),SH.MMR.RISK.ZS,0.0338270563770137,0.0312813421069207,0.0259629512079428,0.0228474494713988,0.0186295651954616,0.0150246197441384,0.0136737098404329,0.0133856899194578,0.012075856310811,0.0110135185652521,0.00968481738921872,0.0087996589593241,0.00782948582968429,0.0077142164971189,0.00763482782811365,0.00767485554630728,0.00666923289763958,0.00751684417775863,0.00679542975104361,0.00735836082628482,0.00684713196185655,0.00688103243138258,0.00629931587092853,0.00645839731645327,0.00624316237731308,0.00582315875796173,0.00662287828795322,0.00648277767245137,0.00631832019896031,0.0065314738148893,0.00554996262945612,0.0167624105021099,0.00693343788803505,0.00562828128113199
Slovenia,SVN,Lifetime risk of maternal death (%),SH.MMR.RISK.ZS,0.0188708453243292,0.0172576406767449,0.0155484521801048,0.0149360691820057,0.0137398482459631,0.0127159495017443,0.0115047860176899,0.0102992892549125,0.00936547369074311,0.00860266731731566,0.00783855066937548,0.0066545267741248,0.00593263925339422,0.00603773209125646,0.00628760948026446,0.00659807059047676,0.00724923251775171,0.00773928841899344,0.00913906143325646,0.00896610556063344,0.00925949445905336,0.00888372579471254,0.00868074718507773,0.00784760934439402,0.0077630180766191,0.0071037251522419,0.00678553005292452,0.00651637378087666,0.00553309264293773,0.00512501896181509,0.0151957974935137,0.0108077393228501,0.019106030792429,0.0041685487901763
Solomon Islands,SLB,Lifetime risk of maternal death (%),SH.MMR.RISK.ZS,1.04469437083973,0.993718889329959,0.953797924010833,0.943306259394643,0.926245536459555,0.907908977261548,0.882048330683244,0.857584126582884,0.846928166796477,0.826927871681389,0.821896797631097,0.809740863972178,0.801876163031384,0.787296407384658,0.761656823902843,0.739019194173013,0.725920876350258,0.738890607171596,0.692873357485282,0.682886015513475,0.652340103724786,0.64526225381261,0.633555062212475,0.634336241327919,0.632260996707984,0.614396088987636,0.58459962602981,0.552874360751648,0.519660368728023,0.499697545937782,0.47576960959621,0.545279019315032,0.441979856818917,0.423396397596911
"Somalia, Fed. Rep.",SOM,Lifetime risk of maternal death (%),SH.MMR.RISK.ZS,9.24315084008001,9.13919062798864,8.31614570740881,7.94459958169781,8.52095042334536,8.18736330907267,8.36981241248113,8.23542784240497,8.03291395651019,7.99244236310882,7.84479583843757,7.70744307687821,7.67129176203405,7.58658525657473,7.53840437983428,7.43489165809885,7.47413699372766,7.38014489228039,7.12404298922192,6.80738411210926,7.1478115425339,6.18596411870499,5.93475730520567,5.68753401924729,5.40482871723993,5.16595836021673,4.9030704215244,4.57159882002398,4.61215809903959,4.12906344687709,4.07178682106045,4.42306820245618,3.75320613814627,3.36206769443686
South Africa,ZAF,Lifetime risk of maternal death (%),SH.MMR.RISK.ZS,0.634555800433304,0.590223280151282,0.529395099987493,0.499849099720205,0.419503125753298,0.392605419205025,0.439927249773207,0.415775522413292,0.395052402932722,0.376066619625796,0.399273526792382,0.421043699463436,0.470401406965625,0.510203250182244,0.549973062015735,0.605184744305091,0.627701047789938,0.606825769507256,0.645382986765163,0.543733867964664,0.503197535566132,0.455163360054435,0.443076547944701,0.412192845183556,0.374546652715708,0.338413330821032,0.309314936885118,0.291667188645068,0.277172199380283,0.259011902144312,0.25459260888583,0.405518231677041,0.272453117404637,0.244726696523056
South Sudan,SSD,Lifetime risk of maternal death (%),SH.MMR.RISK.ZS,25.8946372244941,25.5574135132739,34.6239696382835,34.6296027383903,10.9208326176745,24.4621454233405,24.175362260927,22.8924714843462,33.5313811430343,12.3765885327845,10.0963261013025,9.51845267540901,9.07761014142786,7.14957970240761,6.6749147481691,6.05220842537874,5.49430690391984,4.96808655561992,4.47905485011172,4.22042078086056,3.84258537043999,3.77436137746056,3.63611094378088,3.64130382979807,5.61444157309149,6.09920890320194,6.85712550941481,6.68019145974928,3.43016043990839,2.81166623257219,2.71453126631026,2.77086911037452,2.52293403056962,2.40748511992801
Spain,ESP,Lifetime risk of maternal death (%),SH.MMR.RISK.ZS,0.00840405749457648,0.00824563100089279,0.00766799250206788,0.0071591159626802,0.00660786994498252,0.00630147458055694,0.00612435221612681,0.00544437941758368,0.00509199772507145,0.00525849038549582,0.00548404418169034,0.00561131622266699,0.00552643885271138,0.00540275740297374,0.00576581415479455,0.00579022162413752,0.00575876664823406,0.00566679185313189,0.0059420921817803,0.00555836363670773,0.00514082831587901,0.00501915201205355,0.00471724375707981,0.00432058613179824,0.00429445750787904,0.00408779909084259,0.00386959178890189,0.00368248474669903,0.00333441378190031,0.00302594975098825,0.00414058238340213,0.00347554690479525,0.00374579517830424,0.00262343366267864
Sri Lanka,LKA,Lifetime risk of maternal death (%),SH.MMR.RISK.ZS,0.149670553453922,0.14128204308939,0.131651855001044,0.12366188792094,0.117290507964514,0.111799431235467,0.104650358539263,0.0962671460957604,0.0881416362930092,0.0841297743476196,0.0814257118037608,0.0804255556212415,0.0777950779103164,0.0769777532509589,0.0779290782907657,0.0696902072751739,0.0699100522854521,0.0675917082305275,0.0642755134236508,0.0575007602958303,0.0521254762579043,0.0509518844462969,0.0492384901326265,0.047402043364317,0.0450163113198986,0.0423445345072466,0.0409113537813728,0.0401531222689243,0.0381244192943025,0.0370823419883783,0.0411734539152693,0.060490019661705,0.0389446626168411,0.0319328706773432
St. Kitts and Nevis,KNA,Lifetime risk of maternal death (%),SH.MMR.RISK.ZS,0.936499623504844,0.807754519028558,0.678972454354305,0.577792781595573,0.508720167939591,0.49702162064452,0.458167097009762,0.460261689741481,0.450997825355526,0.372479147832665,0.302327917001285,0.26767403722533,0.226610092003143,0.213628982255573,0.196064554933877,0.188008151136781,0.178497460686996,0.170156269440391,0.163775886534018,0.157497367853635,0.150771201544448,0.144824655976278,0.139628020474482,0.128189362377875,0.126236960492014,0.116185356687101,0.112632837960097,0.109965237744966,0.113640628498134,0.107168195317961,0.11261675095382,0.153048789091601,0.133725661966454,0.0972577936795513
St. Lucia,LCA,Lifetime risk of maternal death (%),SH.MMR.RISK.ZS,0.269207773117113,0.25426606989804,0.204486034814596,0.194876016332174,0.201180253574574,0.199408031703134,0.213345412106639,0.261880086636788,0.227763403700116,0.231875163179167,0.189312092481712,0.153723903297099,0.129177285670831,0.111777169730872,0.103207599765068,0.100057735351495,0.0946833633700136,0.0934168834352414,0.0920156122003731,0.0853660431417838,0.0880892857024671,0.078611267654459,0.0771777403968386,0.0741970325311313,0.0677579574864745,0.0625480113682817,0.0618855045484007,0.0575893576278053,0.0550153159301038,0.0563476149562317,0.0563145792681558,0.121627827031787,0.0609703067497093,0.0559020919911777
St. Martin (French part),MAF,Lifetime risk of maternal death (%),SH.MMR.RISK.ZS,..,..,..,..,..,..,..,..,..,..,..,..,..,..,..,..,..,..,..,..,..,..,..,..,..,..,..,..,..,..,..,..,..,..
St. Vincent and the Grenadines,VCT,Lifetime risk of maternal death (%),SH.MMR.RISK.ZS,0.22889847172855,0.22635872889418,0.277904179575541,0.236722905024814,0.235479616451747,0.232575962974593,0.22123841838445,0.207853321728183,0.192994459398547,0.177987019597944,0.164401437542566,0.153394142105061,0.141017425613297,0.128981584179487,0.118805558141431,0.114643073210419,0.109680530911302,0.1099657382203,0.116250379453937,0.117522262788313,0.119686559157165,0.11493449537085,0.121322003211283,0.14144516580654,0.126113826987348,0.116312211553038,0.0980450106339487,0.102587765044173,0.0967392219581694,0.0973000882770599,0.0940328155779209,0.169507580942153,0.089414464603955,0.0875553853794276
Sudan,SDN,Lifetime risk of maternal death (%),SH.MMR.RISK.ZS,5.02311438966962,5.1970431998285,5.12174816240422,4.94378906596744,4.53633974578292,4.23478801849663,4.0865702025839,3.84678116432748,3.71626422397923,3.64492925719895,3.52763299752669,3.342117642952,3.16908276444908,3.1585039832092,2.82101238683231,2.63082734391459,2.50454318766559,2.27405600939151,2.14526420299732,1.90956917972549,1.84417632408128,1.75172703912065,1.64341588091814,1.55377444352905,1.44299719594652,1.39295386383347,1.33142958991457,1.25485015772888,1.21209764524052,1.17382976889664,1.20810870583514,1.31898894053598,1.12429215378404,1.09657159208799
Suriname,SUR,Lifetime risk of maternal death (%),SH.MMR.RISK.ZS,1.2987250664292,1.2351122234069,1.18938418740568,1.14501371613755,1.08303131366147,1.05658280216516,1.01826734622222,0.976741978260665,0.935034257274369,0.894723661942013,0.861954628637708,0.820382048885879,0.73787066923816,0.660117927981325,0.582153368081256,0.52886223735292,0.488013157759664,0.45199864183243,0.415877322318935,0.376722938675097,0.339048516786332,0.312758544039787,0.30218830743438,0.296895819908689,0.288600476850165,0.27239894982601,0.249586516593783,0.234492315726594,0.221998524338825,0.21084039246545,0.203694314827198,0.306716941082531,0.187031633818948,0.176799217940794
Sweden,SWE,Lifetime risk of maternal death (%),SH.MMR.RISK.ZS,0.0157800089140526,0.0153853164138222,0.0143854050586385,0.0134924296889644,0.0123392156974691,0.0103558337404923,0.00884864383215169,0.00787536450432946,0.00765710672250863,0.00769108036755588,0.00742780147933755,0.00723238129728104,0.00780916148910386,0.00820916465135945,0.00800292572395408,0.00773467801327363,0.00832281915464378,0.00822253709596975,0.00821552706995971,0.00823882141291523,0.00787331081586144,0.00786280848868735,0.00804551306883086,0.00802195287379317,0.00794842056406885,0.00730881575309017,0.00739690283901354,0.00721628013859919,0.00712396032512324,0.00693834128190073,0.00800931339894199,0.007918556127622,0.00721955740763922,0.00533241653614074
Switzerland,CHE,Lifetime risk of maternal death (%),SH.MMR.RISK.ZS,0.0210421777141704,0.0203311156085144,0.0200242413854011,0.0187381410832723,0.017851614452546,0.0173554081043961,0.0153593443235682,0.01428987947275,0.0129655407540827,0.0126279231389449,0.0117098920264122,0.0104371322038921,0.0107559998394893,0.00987376979520402,0.00999370308158557,0.0101806529155846,0.00967212889113951,0.00908728997848679,0.00908402982390615,0.00883242476393496,0.00945253365410757,0.0094571801260603,0.00874983741423374,0.00861620280800671,0.00836376026250549,0.00837782050530027,0.0089284061785349,0.00822389822508112,0.00839993363983674,0.00784827587367641,0.00698511504808861,0.00620718489944786,0.00492034638979209,0.00711998033704462
Syrian Arab Republic,SYR,Lifetime risk of maternal death (%),SH.MMR.RISK.ZS,0.204775093900396,0.186062474720188,0.171223551631305,0.164092333347047,0.159822103215735,0.158470532612303,0.156074158557422,0.152374061334438,0.147636381570888,0.138869080725806,0.128583276302494,0.116894567629696,0.104422500558587,0.0930699981283521,0.0848155049518848,0.0788472882005827,0.0707708877384092,0.0688395234665004,0.0746197420311855,0.0696254319332432,0.0686675238515301,0.0717346121833861,0.0767461983460891,0.0857138974742344,0.0790177545756282,0.0705032571107453,0.060469995591004,0.0598308708458409,0.0528226854686242,0.061871243420769,0.0596596244374904,0.0781908557694437,0.0530090151211388,0.0526467800053037
Tajikistan,TJK,Lifetime risk of maternal death (%),SH.MMR.RISK.ZS,0.477644128317175,0.462021305232611,0.474285917229255,0.464050425545844,0.458081026078374,0.425316662083914,0.359875603529957,0.341539559958955,0.317317555127355,0.264858571957379,0.214973145274021,0.212748031362329,0.171761967796547,0.137422554784901,0.131017179485393,0.123878743539311,0.118713515662146,0.105551522162509,0.102395511101837,0.103951311938228,0.0979128803240575,0.0938999151238823,0.0855404927166311,0.0790843710233032,0.0782082107100725,0.0769258218175933,0.0740743763990209,0.0607073963986966,0.0586510617083414,0.0577102727313681,0.0889460291516648,0.0847874768623498,0.0486155297590819,0.0454101833884834
Tanzania,TZA,Lifetime risk of maternal death (%),SH.MMR.RISK.ZS,5.21052486641195,4.97015395257411,4.82311278639751,4.63129782636207,4.36005416045836,4.25847055914866,4.16466399390153,4.13289448366104,3.92630898135254,3.34569941021027,2.98239275936578,2.59304224152798,2.38471195343157,2.10900511955397,1.96253397191745,1.88725850868584,1.96514460435649,2.39864168000749,2.67813344764212,2.61401724866653,2.51693478029015,2.41918187062792,2.28882927692511,2.4683161290195,2.33805596509403,2.18981418932833,1.99766430068201,1.74195548283015,1.59442188963475,1.43805232804374,0.778659921481438,0.775394071836953,0.713303767912503,1.27829479153062
Thailand,THA,Lifetime risk of maternal death (%),SH.MMR.RISK.ZS,0.134335371075125,0.128970208232891,0.123543739614684,0.118553135690177,0.108441628162148,0.100152094662603,0.0926784220140135,0.0875858091732755,0.0833258487519567,0.0810147858451935,0.0782935589608845,0.0736150311450813,0.0682219093836227,0.0629572798625472,0.0646596608413486,0.0583896289340984,0.0550619857443656,0.0534142615700494,0.0504950222910349,0.0495745108638276,0.048793078762531,0.0489317951097556,0.0476412636352723,0.0441626392740915,0.0420862514545515,0.0406103023097526,0.0395396260184824,0.0381852294441194,0.0368112482064712,0.0359962514161612,0.0377577257483158,0.0390626553197803,0.113325762262024,0.034540581458822
Timor-Leste,TLS,Lifetime risk of maternal death (%),SH.MMR.RISK.ZS,7.77529227589965,7.5876600448636,7.2883998771643,6.99252360279446,6.74345001008551,6.65750553282335,6.3888512016496,6.22428113846789,6.13088695597424,8.99314797749886,4.09646564841692,3.86773541015843,3.68188349270325,3.67233185692464,3.44322938461774,3.17983785414808,2.8941615514398,2.65509338280656,2.41320836195254,2.17565650927724,1.95067620658606,1.74062979215556,1.55629522777184,1.39730966125041,1.2529743229459,1.11076003992831,0.996363393746578,0.892422709419486,0.798118469145685,0.729637849571652,0.767997034001425,0.753617567599664,0.658905842004222,0.526164030330218
Togo,TGO,Lifetime risk of maternal death (%),SH.MMR.RISK.ZS,3.66311585419381,3.6997063183988,3.71447544096807,3.9604347481795,3.502534815851,3.3184465018471,3.0869929211312,2.90995210488376,2.73378200995271,2.52301045332609,2.34852948654656,2.25514528944608,2.0997713086255,2.0085883468238,1.98684061016069,2.01769932361099,2.10972579760855,2.10577835579353,2.14629776515708,2.22093827039373,2.33900888936403,2.31806848990294,2.28797364398061,2.2197706628141,2.15415514194636,2.05345761070492,1.99718342177536,1.90111043365452,1.84064661979551,1.73502818772389,1.63685413312603,1.60836452920502,1.44640612916813,1.37334172141655
Tonga,TON,Lifetime risk of maternal death (%),SH.MMR.RISK.ZS,0.620458793423386,0.603985928889834,0.57696357477708,0.565870983176105,0.538591852611781,0.50002125804743,0.468667317798348,0.448758443573203,0.417283693677536,0.395799292113736,0.392352322613599,0.385550403520428,0.387141738593919,0.382481005200345,0.37126170567751,0.371846802866369,0.353972563990572,0.344579671465521,0.336662182169755,0.342556499956712,0.315997844743655,0.304747896740215,0.295597124224211,0.281904780891564,0.274086194631553,0.26449444766787,0.254034888900751,0.241891228563307,0.227469027996055,0.218541765924821,0.218460918453832,0.220543780864083,0.206793459084939,0.189622501491413
Trinidad and Tobago,TTO,Lifetime risk of maternal death (%),SH.MMR.RISK.ZS,0.213280210763383,0.196302889308686,0.192231978968183,0.181746377620599,0.172506386870114,0.162367325900996,0.153407746884102,0.142093391943571,0.132386474444004,0.127095226198421,0.121031387473384,0.114061578807045,0.106615923605227,0.102187282343246,0.0948371504498234,0.0908603639490261,0.0882223928572106,0.0863355653169041,0.0840781305944178,0.082806866174387,0.0826105409409026,0.0804549332037447,0.0769487330629984,0.0748381648699692,0.0739284021874899,0.0741737689969408,0.0739988953432056,0.0738488155336304,0.0739016584936822,0.0758251433969008,0.0482370023564406,0.0727657879644587,0.0399967130785083,0.0695797758506744
Tunisia,TUN,Lifetime risk of maternal death (%),SH.MMR.RISK.ZS,0.2950358183591,0.27815466422163,0.262058169551875,0.246814895045277,0.221751555099154,0.194986337114696,0.168433146480515,0.147442429436707,0.128853497105125,0.116205568659193,0.109133411476699,0.103393378740419,0.0979986319093978,0.0956752248466833,0.0925040792753811,0.0902902309062643,0.0879065358278697,0.0861482782116466,0.0851795940805993,0.0849269478282161,0.0873385478548709,0.0924501115687171,0.0955587312753147,0.0957630582780152,0.0938634413821032,0.0901851805808956,0.08587388853039,0.0807975131342174,0.0771825841002718,0.0750300683240734,0.0756606907917202,0.109639936489742,0.0655571342915893,0.0599751369678896
Turkiye,TUR,Lifetime risk of maternal death (%),SH.MMR.RISK.ZS,0.139233311801589,0.130240511462384,0.124376483139111,0.119922701180713,0.115650628894932,0.11143200377093,0.106060225315266,0.101496330068451,0.0968957813067684,0.0944105297404989,0.0830485416889072,0.0770904840746948,0.070033785391228,0.0652510904224531,0.062499914372604,0.0596509725145298,0.0571078380436817,0.0544013561829602,0.0517228750247471,0.0490380352929275,0.0462327879784104,0.0460608500376652,0.0436347895671912,0.0406404035522932,0.0408568218854902,0.0394475796099004,0.0387344773774141,0.0359011325814452,0.0331476102176687,0.0301834713478763,0.0320819831187835,0.0317709765070198,0.0318280561105528,0.0216451546363183
Turkmenistan,TKM,Lifetime risk of maternal death (%),SH.MMR.RISK.ZS,0.288971197016918,0.269652628011137,0.252303052665481,0.230564746650163,0.209444582933742,0.186724101621479,0.159247996882582,0.13315751309459,0.108474815070495,0.0869081869601379,0.0728148582303279,0.0617045277515984,0.0533225915081914,0.047340455801242,0.0435805983073629,0.0411394130076454,0.038515678816537,0.0349413478007422,0.0309981924356759,0.0273151697099988,0.0247981260892674,0.02296676804485,0.021813984237302,0.0209811393762026,0.0196983201446396,0.0185142622733614,0.0172599930725433,0.0163782403933787,0.0155508622240058,0.0147576124446851,0.0148903113468596,0.0152692013311739,0.0124651334663363,0.0118887931086635
Turks and Caicos Islands,TCA,Lifetime risk of maternal death (%),SH.MMR.RISK.ZS,..,..,..,..,..,..,..,..,..,..,..,..,..,..,..,..,..,..,..,..,..,..,..,..,..,..,..,..,..,..,..,..,..,..
Tuvalu,TUV,Lifetime risk of maternal death (%),SH.MMR.RISK.ZS,1.12157862580896,1.11641647031638,1.20022988589968,1.1058015740528,1.0665456554866,1.03788940226254,0.995252149210316,0.875115732744908,0.843408621279167,0.811784071960845,0.769886321867894,0.733879580721473,0.701046383272643,0.612598319109991,0.59904748685967,0.651405500554432,0.634795295702933,0.608729169449472,0.595435669566638,0.591765598456344,0.593531845971766,0.479574321419446,0.48834958652875,0.488648331162483,0.495790135045269,0.510888966324641,0.529308314262467,0.546865823206103,0.502735150554414,0.508863926486697,0.668108569320804,0.501675470952331,0.711653448683638,0.54140737018786
Uganda,UGA,Lifetime risk of maternal death (%),SH.MMR.RISK.ZS,3.89635908275028,3.67725919029867,3.54205375668673,3.41674574404662,3.35820452157291,3.42502437417006,3.3581097638885,3.42390788345881,3.3825225880637,3.25503497812561,3.05095076215804,2.82099050450929,2.64835865289397,2.49799215339509,2.42659078964786,2.61289184475704,2.54080584249407,2.12177033510481,1.97156513876894,1.94564649851681,1.81785144896953,1.73192344643289,1.64609918929945,1.73988518365585,1.72128386111425,1.61826369635115,1.43677808205946,1.27688436070633,1.184996032956,1.09470473758273,1.02935215957748,1.03900162338042,0.869338228273395,0.789350935852942
Ukraine,UKR,Lifetime risk of maternal death (%),SH.MMR.RISK.ZS,0.0641739870812714,0.0608785989984988,0.0579347927726759,0.0567290166682197,0.0570944324837001,0.0560966589164078,0.0522083144574977,0.0444086241833831,0.0375894773732686,0.0320618657945622,0.0293849467176761,0.0270303722375656,0.02640135125548,0.027004220791292,0.0277671943198737,0.0275879173572543,0.0294589962338899,0.0307772635450551,0.0324738082472372,0.0305672320400983,0.0267759544249714,0.0258355515377293,0.0264701551170984,0.0259005165169671,0.024008383936289,0.0207413297356784,0.019713675812585,0.0177336042629425,0.0167692936109272,0.0159361829808212,0.0176601544453031,0.0235386912405293,0.0114854256956184,0.0109779991693209
United Arab Emirates,ARE,Lifetime risk of maternal death (%),SH.MMR.RISK.ZS,0.0924518497111355,0.0867635296454402,0.0829145926047988,0.0774670866099471,0.0756722203567283,0.0625446355107326,0.0518337177300624,0.0420580413279228,0.0346665445960968,0.0291947604132772,0.0232203767288116,0.0181899148144815,0.0146088798527405,0.0123641770902084,0.0105469375262347,0.00913328237106304,0.00700498439961452,0.00576939951758351,0.00507929071676848,0.00589333718777395,0.00599002581994885,0.00595561601669958,0.0060924328048652,0.00607398488536556,0.00561566451927799,0.00514214219103983,0.00478804384946719,0.00450639256726908,0.00405670867823386,0.00386741044745724,0.0094685160413794,0.00825962758813272,0.00311146124932543,0.00343329159893656
United Kingdom,GBR,Lifetime risk of maternal death (%),SH.MMR.RISK.ZS,0.0105601007099431,0.0115679374136541,0.0122393282424426,0.013120486816732,0.0139303668436156,0.0137060709708666,0.0131438873928446,0.013416190338911,0.0147805011927061,0.0164220484063046,0.017474054508758,0.017887517742571,0.0188665024875899,0.0200716127584187,0.0198565370700864,0.0186963989098001,0.0183189211900115,0.0177829095254516,0.018070004023666,0.0170920469913206,0.0167480512892802,0.0158568630818273,0.0146590131725276,0.0137359245112343,0.0140452543887222,0.0142843272168803,0.0146276240699328,0.0138830263750974,0.0137732587148013,0.0130504727358378,0.0187374577149032,0.0179826588802519,0.0209100687496221,0.0114278673638339
United States,USA,Lifetime risk of maternal death (%),SH.MMR.RISK.ZS,0.0233994047969313,0.022877135239263,0.0216198873777777,0.0212003935917355,0.0204966976714918,0.0200731211809795,0.0193777057573864,0.0187146911252981,0.0188555752963941,0.0196953632295198,0.0206523935835164,0.0213047779497232,0.0216716424045292,0.0224398978251482,0.0223032898632636,0.0226013764351285,0.0233507216521282,0.0235385689358261,0.0237771006658876,0.0244108954188648,0.0236770814345065,0.0246245156848274,0.0251285584380465,0.0256259059344617,0.0266897189293848,0.0273878406230136,0.0283192612679576,0.0277657094628913,0.0268139738590612,0.0263735623066936,0.032506491784017,0.0455361113453194,0.0297692616784954,0.0240321077099427
Uruguay,URY,Lifetime risk of maternal death (%),SH.MMR.RISK.ZS,0.0821751416493745,0.0761828347645323,0.0744285467919379,0.0697051957914411,0.0685156711423211,0.0649446145240456,0.0615206774242649,0.0592365940659872,0.0540013045868292,0.05176214228834,0.0482851224457224,0.0485710937170421,0.0470188318709725,0.044346314171974,0.0414700978804606,0.0393548948519246,0.0374221789103626,0.0354834565962792,0.0344610711495426,0.0323722092704932,0.0314153087850781,0.0299111512783375,0.0299715721845991,0.029776053848975,0.0297765260231489,0.0293398246515377,0.0284943941398184,0.0268345256031492,0.0240874958487001,0.0223853822018278,0.0262451294102729,0.0640080208850448,0.0252285195029485,0.0193614510280504
Uzbekistan,UZB,Lifetime risk of maternal death (%),SH.MMR.RISK.ZS,0.228176824025173,0.216268066233283,0.208851752361508,0.202133411919843,0.196833757301935,0.181836556738109,0.163121461544319,0.145482233169169,0.134649510547421,0.126204993794938,0.117898293569523,0.110922075197671,0.105013117736095,0.0996446864688051,0.0976792290020959,0.0955553287452708,0.0943648771112715,0.0944192532004731,0.0943773878481054,0.0906123468750307,0.087319427379085,0.0835867574055414,0.0820263369821369,0.0847068329159206,0.0869588549291639,0.0866190415439157,0.0840513802317101,0.0823757503087811,0.0836424317266858,0.0871723749474855,0.0899489654249225,0.0912692403320423,0.0907702456454679,0.0883892179677663
Vanuatu,VUT,Lifetime risk of maternal death (%),SH.MMR.RISK.ZS,0.847633060198895,0.780743248936267,0.771596427524206,0.727420782526262,0.699273445228384,0.676785389117037,0.640633784134942,0.62347473168078,0.619708899884613,0.657180913668661,0.593895696105532,0.578973198707266,0.547863168976814,0.550821810755474,0.541241355633205,0.518458677979198,0.500064900120614,0.491585903437906,0.486983552405648,0.47821773920225,0.482152717787444,0.473478360099104,0.464661617445687,0.471118366023793,0.471274346851584,0.463990111221551,0.453267890520874,0.449562571290218,0.443168262714111,0.425307010313304,0.423088130548862,0.479905066483166,0.397198137708606,0.369729095417329
"Venezuela, RB",VEN,Lifetime risk of maternal death (%),SH.MMR.RISK.ZS,0.3088566557005,0.289081480534629,0.288072137653148,0.280048709374637,0.281260440653569,0.27379728053873,0.274495030932915,0.256082152776464,0.251068484333452,0.262415432283396,0.249897383662527,0.288899797825332,0.246563174340787,0.268061644515291,0.251917622998109,0.247874093217625,0.252860694811997,0.235092803361625,0.258620716718195,0.265194203444075,0.26372870144865,0.250130832247955,0.267764511916436,0.284238074599391,0.300533382998106,0.302012736717216,0.352712325372206,0.418250012791954,0.431034366791864,0.408191882904184,0.401584677294821,0.478441641029607,0.412206446468909,0.427563141059227
Viet Nam,VNM,Lifetime risk of maternal death (%),SH.MMR.RISK.ZS,0.557421794947625,0.528559983705143,0.491945517438969,0.450747552928801,0.401830977036196,0.340018021371675,0.289614107764104,0.250005253837086,0.203986764600458,0.17879619802818,0.173811796562803,0.163304446452182,0.153053223956803,0.14613768964242,0.145444854414813,0.133566788157145,0.126840105855033,0.125442777634179,0.12355234045779,0.120533430795563,0.116340141426159,0.115326809493689,0.116610376635393,0.116065306956206,0.121057257716749,0.118283704075326,0.109039739446368,0.104788919812153,0.0951941776433282,0.0948810087531586,0.0924480900635972,0.0914163442402128,0.08352697043426,0.078748699413531
Virgin Islands (U.S.),VIR,Lifetime risk of maternal death (%),SH.MMR.RISK.ZS,..,..,..,..,..,..,..,..,..,..,..,..,..,..,..,..,..,..,..,..,..,..,..,..,..,..,..,..,..,..,..,..,..,..
West Bank and Gaza,PSE,Lifetime risk of maternal death (%),SH.MMR.RISK.ZS,0.533431416305089,0.515393615586042,0.493961414011348,0.461675462527094,0.430251163353689,0.406977293875599,0.380060590431671,0.359075953513713,0.349306978794331,0.336322426272125,0.333765930456797,0.334345267014875,0.313236660904978,0.29528950788997,0.282225321051128,0.258173149503124,0.245256098355514,0.22881018490094,0.225925333556192,0.217687356941836,0.192777683759916,0.174039326948687,0.15577157507683,0.136276870594602,0.125431514063759,0.109572923791769,0.0958325152073232,0.0844544418280892,0.0765175704117532,0.0682422742776521,0.0731321652531539,0.103994544086134,0.0591029567728229,0.0536416691836849
"Yemen, Rep.",YEM,Lifetime risk of maternal death (%),SH.MMR.RISK.ZS,2.85099523831653,2.68896357548773,2.56343415647784,2.44108186986988,2.31493650327098,2.12748106165729,1.89837453774543,1.78947375579927,1.67451136992325,1.58710503531114,1.49078763258061,1.39525185233094,1.28724406772786,1.19176960779988,1.10430216803905,1.00446997706304,0.930975330843423,0.852591593321148,0.788529524726623,0.749920032061339,0.699964939447906,0.657416009543372,0.649113827735988,0.640038569022147,0.638033114629395,0.640829599907193,0.63676525552372,0.674144159387712,0.635209498189221,0.61888365140115,0.636757572265326,0.729314984505986,0.5816081037975,0.549043629658975
Zambia,ZMB,Lifetime risk of maternal death (%),SH.MMR.RISK.ZS,3.82701832690967,3.68545585850826,3.44119528867204,3.12967481482556,2.95850946564528,2.69392297838539,2.47130937535541,2.27444376061334,2.18796259544897,2.08666189543942,1.86102298027474,1.64907920409263,1.46719790097785,1.33587447194731,1.38655315598161,1.41274720322378,1.41170775667291,1.73655994408295,2.10521558619855,2.1581465804182,1.75013627862477,1.51946462895928,1.31550998818586,1.07538092729655,0.858196048630391,0.748298525598863,0.749391470846663,0.657279632444312,0.536835368888854,0.464491197978426,0.438214877689848,0.607270270793624,0.384519645248173,0.361592699648205
Zimbabwe,ZWE,Lifetime risk of maternal death (%),SH.MMR.RISK.ZS,1.69447669086676,1.52661749484187,1.49216935412587,1.38320244439244,1.33095801904437,1.26647747036971,1.31537592473674,1.32346043084894,1.36517862764366,1.47258077285399,1.48833582509339,1.66087734525332,1.51729397608869,1.62976729552086,1.62043088297994,1.62659707196559,1.70075882776084,1.8755960212068,1.98028824754872,2.14820484247004,2.35085982128264,2.43285483911454,2.42794864638727,2.26902983454844,1.96126963955966,1.73461430089769,1.61141089736706,1.48551305267824,1.44557508211579,1.4381497708612,1.40757020089102,1.63255283276732,1.34699735409869,1.28823014439851
Africa Eastern and Southern,AFE,Lifetime risk of maternal death (%),SH.MMR.RISK.ZS,5.68692262327638,5.44182130019201,5.56231708581328,5.37882245975182,4.92692847865017,4.51831090869023,4.34602966024804,4.12540213451754,4.28648593749858,3.56566375197765,3.33552526014781,3.16466044711346,3.01779639325878,2.85057466733484,2.7305691484997,2.69317043785439,2.65929959020528,2.648778525813,2.63458734483206,2.54991775369474,2.45190571549788,2.3262252413586,2.18325603529611,2.08440175991881,2.01355033820361,1.91813181249686,1.81048471169959,1.6894508048313,1.55041610008218,1.44918885544317,1.34820976064104,1.42861393242674,1.21846022343984,1.20136954298514
Africa Western and Central,AFW,Lifetime risk of maternal death (%),SH.MMR.RISK.ZS,6.79744319233006,6.6300399517868,6.42034412846571,6.20766294629731,6.07916663256118,5.92644476098782,5.81337952136208,5.6797084814364,5.59722856414478,5.4853748044248,5.37613083663232,5.30229497449672,5.19717850531139,5.06674511605495,4.95565997402915,4.88658279469049,4.87653320559849,4.8260255519163,4.84636890247447,4.82630318556451,4.80008673089756,4.75182726420211,4.6983667366102,4.6275500179538,4.53444863919788,4.41144589228127,4.19815825023666,4.00737347880729,3.77741179073036,3.60660980299903,3.41038559549904,3.33636147844875,3.09209023610621,2.94645424806065
Arab World,ARB,Lifetime risk of maternal death (%),SH.MMR.RISK.ZS,1.73252705811274,1.67957152038697,1.55032582198541,1.44088215434983,1.37579217427572,1.28297866073292,1.22262880487557,1.15232718527468,1.09502892732764,1.05221023615221,1.00411035666416,0.9528529532997,0.905761200852132,0.885763671161998,0.834153527430814,0.793343868683991,0.768026008231995,0.727192790138655,0.693045188106885,0.652856689302028,0.654018307628321,0.616800610048348,0.580689366440583,0.559135025483895,0.53644115233875,0.520726560666294,0.503493432552285,0.486585622068662,0.475700741747645,0.450928482103691,0.470284610023981,0.52432971299252,0.423364520434114,0.394627719357726
Caribbean small states,CSS,Lifetime risk of maternal death (%),SH.MMR.RISK.ZS,0.493162097915742,0.468783078575987,0.449542789718133,0.429986118275975,0.413849433239495,0.406836859414699,0.391835252470468,0.376153302151638,0.353505575670142,0.3366184712316,0.319070100656381,0.298087358525936,0.275194431357455,0.258923241051516,0.242477862626804,0.233084230907468,0.225365693490433,0.215101245315028,0.20662744542552,0.196901550959462,0.186218956164034,0.177479489191257,0.173358870162136,0.171375034382981,0.166583898739045,0.162931096506204,0.156318675599179,0.152151743277365,0.147761520683755,0.149152060870857,0.143466556423952,0.234801421929403,0.128115563980001,0.122864544840512
Central Europe and the Baltics,CEB,Lifetime risk of maternal death (%),SH.MMR.RISK.ZS,0.0783949893886068,0.0661712873795065,0.0583721428124002,0.0516963767227119,0.0466743636826224,0.0404349773878212,0.0361596779228829,0.0329244938770951,0.0290345423371787,0.0260783199583179,0.0234016547404305,0.0206947433369282,0.0189657900673825,0.0180750856768015,0.0170834915495073,0.0167579744465032,0.0157562387797316,0.0153786641275043,0.01571910516309,0.0154327011750399,0.0138903107537009,0.0121081050780947,0.0115568929315403,0.0107848889164962,0.0111369494377223,0.0111690152317602,0.0112990345689673,0.0112811322913683,0.0106222294526257,0.00991598682565934,0.012124956023224,0.0163379260937053,0.00993775337072338,0.00781109582404011
Early-demographic dividend,EAR,Lifetime risk of maternal death (%),SH.MMR.RISK.ZS,2.13079378147955,2.03021947693625,1.9272320927039,1.82902476254444,1.82090931016396,1.63624547771122,1.54303753392879,1.45786196023739,1.37243569410251,1.29830424335078,1.22433937674371,1.16226049715965,1.07788326471877,1.00367334757782,0.934965667008734,0.869353855912434,0.809941163653561,0.755901255237488,0.709014713671641,0.662965907385535,0.617064113948114,0.57439419703454,0.532636568016659,0.490088180927838,0.446967621431548,0.417385263999816,0.38925083974089,0.358881887868146,0.34003213275347,0.318317828709217,0.318337560847876,0.402933285526623,0.276341158079869,0.253928290089692
East Asia & Pacific,EAS,Lifetime risk of maternal death (%),SH.MMR.RISK.ZS,0.428822030667148,0.36774475024071,0.334448613805992,0.307347538469243,0.293826975553125,0.279348981661772,0.262685793476527,0.24516298653301,0.230367276967972,0.220155781145284,0.210578868247469,0.197584419605651,0.184819300703284,0.17520176887476,0.169675264897565,0.161733312049218,0.159077801736166,0.154660320661845,0.151710874952658,0.146784151180769,0.142947257744072,0.138962278869774,0.136522294128632,0.127432622800441,0.121371840837143,0.113376766159436,0.108087512218098,0.101468146881777,0.094363796815654,0.090499567097971,0.0918572727055999,0.112000535026307,0.0828466430358391,0.0739899755263393
East Asia & Pacific (excluding high income),EAP,Lifetime risk of maternal death (%),SH.MMR.RISK.ZS,0.521908143461143,0.447533150872317,0.405651639786867,0.372200217129292,0.355378321504261,0.337599445516066,0.316807882131573,0.295499859317479,0.278011232936928,0.266420488084213,0.254261787586018,0.239032557975529,0.22402066336001,0.213068988702372,0.20831153834745,0.197973663378901,0.194547065835685,0.189267159943165,0.186476285530926,0.179367446631778,0.174087865531426,0.167706016346363,0.164139739311479,0.153828443854953,0.147459205375751,0.139116737233302,0.133651759197541,0.125652617999121,0.117049303173502,0.11221243076118,0.114367368912514,0.137858006860536,0.101835534545816,0.0916592670290547
East Asia & Pacific (IDA & IBRD countries),TEA,Lifetime risk of maternal death (%),SH.MMR.RISK.ZS,0.527542716310617,0.452240997292552,0.409781994499225,0.375551945950294,0.358088998221402,0.33772063193864,0.316672323704356,0.295190491706822,0.277563248145506,0.265941378855659,0.25379932504109,0.238505425049728,0.223466188458054,0.213868432384201,0.20911619994105,0.198726417121107,0.195210241439167,0.189875092603001,0.18705494223576,0.179945642737477,0.174634789165339,0.168189475500606,0.16458609039916,0.154155929349516,0.147727968453296,0.139292160490725,0.133750928695655,0.125656490672944,0.116952104245694,0.112091652925946,0.114257708097715,0.137906208507361,0.101539938534922,0.0912345899464769
Euro area,EMU,Lifetime risk of maternal death (%),SH.MMR.RISK.ZS,0.0232851658576687,0.0220268863941261,0.0205775384706889,0.0191378366963655,0.0177332441003308,0.0168387929587569,0.0158485635815674,0.0144930339229485,0.0136455749065733,0.0130612850267075,0.0127856659709741,0.0121083811684251,0.0117293191920201,0.0110875125827941,0.0109612570385809,0.0107979651572112,0.0106548293316218,0.0105628593741264,0.0108104616331734,0.0108092325506737,0.0106068922797675,0.0104244157676634,0.0101575179091565,0.00987300594666838,0.00971144750625389,0.00965667524945641,0.00970611507237139,0.00940518308130745,0.00925717778090294,0.00893271487226724,0.00986721582539741,0.0110456682811675,0.0105586266753411,0.00755135108344197
Europe & Central Asia,ECS,Lifetime risk of maternal death (%),SH.MMR.RISK.ZS,0.0654084483196161,0.0603569455302334,0.0582768777764635,0.0571492262441329,0.0573656600462223,0.0541477617866656,0.0482490347362544,0.0435077896775552,0.0399731348350204,0.0373781116008819,0.034718360566134,0.0329822654713757,0.0318417444235844,0.0310982210544779,0.0302583239261503,0.0290985932494465,0.0276136365123995,0.0272106396115669,0.0271111013801898,0.0260685104595352,0.0251094394676679,0.0237474069499178,0.0231094541162427,0.0221110839080685,0.0220727579477757,0.0214434919721106,0.0208742144127671,0.0193354245262564,0.0189299339740589,0.018268219519495,0.0226115235822853,0.0261641605029517,0.0201017334655868,0.0154969868376293
Europe & Central Asia (excluding high income),ECA,Lifetime risk of maternal death (%),SH.MMR.RISK.ZS,0.143148572461214,0.136759301493525,0.134659725629788,0.129444596205183,0.125744752653037,0.119681700891579,0.109192890299034,0.101343158980114,0.0935289185409846,0.0859650625042844,0.0775620968020595,0.0729770663998855,0.0678444839358653,0.0647457436222105,0.064253721276494,0.0630082836663455,0.06189800699464,0.0610358966449949,0.0602130553859885,0.0579779152141726,0.0550500877421347,0.0536626130508608,0.0523894751146077,0.0504192051417667,0.0503072143619607,0.0482968337770417,0.0467438243792215,0.0436765687056477,0.0427587859339278,0.0416783560301493,0.0476932986943656,0.0553045449492286,0.0427055479700585,0.035692227482185
Europe & Central Asia (IDA & IBRD countries),TEC,Lifetime risk of maternal death (%),SH.MMR.RISK.ZS,0.124293047535499,0.114060762035779,0.110019686809637,0.107584246060874,0.108136907916711,0.100894039704537,0.0885110921268859,0.0792023736351933,0.0722631665432743,0.0671630989190494,0.0618926545283751,0.0587097430213191,0.0563348981297457,0.0549392761981575,0.0533344222849576,0.0510781324220048,0.0481628720470085,0.0475589994567137,0.0473188120106494,0.0452843732794225,0.0435399412151974,0.0409303157130697,0.0399798385928597,0.0381713091804677,0.0381032455708061,0.0365860104865958,0.0350512371510758,0.031917747499512,0.0309711561298125,0.0297606704952251,0.0364075933929758,0.041564247616704,0.0303320147724332,0.0246505663209852
European Union,EUU,Lifetime risk of maternal death (%),SH.MMR.RISK.ZS,0.0364466418526532,0.0324634783847284,0.0294999544851718,0.0267659627686154,0.0244275480557165,0.0223487202892873,0.0206652359904673,0.0189086943197244,0.0173041742976926,0.0161540494307143,0.0153025904683443,0.0141290076308735,0.0134641082927949,0.0127293381154216,0.0124033082865516,0.0121461351014506,0.0117832647514388,0.0115792691698355,0.0118704094980113,0.0118134556449758,0.0113099368104967,0.0107213248072295,0.0103977332327609,0.0099620939623401,0.00993944805125611,0.00988552920224327,0.00994748787498098,0.0097179869975985,0.0094682816429116,0.00903943265961507,0.0102776587527264,0.0118744554951637,0.0102018793328753,0.00753399315002682
Fragile and conflict affected situations,FCS,Lifetime risk of maternal death (%),SH.MMR.RISK.ZS,5.32032891534406,5.18638627764763,5.21526688797436,5.05931713761597,4.49822679498697,4.61139570457821,4.52906878003396,4.37434236130104,4.50537227027576,4.06223136262095,3.95351978509116,3.86300800501299,3.75541137956113,3.63919911358079,3.54269641426358,3.4667882480522,3.42939460944992,3.37611872696174,3.32436336385168,3.27297388668095,3.21808221824256,3.15137631721779,3.06990766178405,2.99592645866507,2.95261234841604,2.88346389249419,2.76482174417171,2.64584353233938,2.4801076054374,2.36616204960317,2.27043596064307,2.29547883897533,2.07085381019413,1.97190491438106
Heavily indebted poor countries (HIPC),HPC,Lifetime risk of maternal death (%),SH.MMR.RISK.ZS,6.17000971986373,5.94442084429943,5.75073796817237,5.58810354841583,5.73026246981599,5.12355724805245,4.96555325038717,4.77391647911429,4.63281520556775,4.42366287198997,4.24349951982285,4.03903989840707,3.86439510896593,3.70617768672367,3.5634666478093,3.48456300585839,3.42411554424848,3.3807786929988,3.31682861764278,3.2251709057858,3.11411603544931,2.96086737526251,2.80668611066404,2.6759605357958,2.53876084263066,2.41295970887252,2.25761494278139,2.12064341972339,1.99526436680126,1.89909123182906,1.78504064202787,1.83338733371689,1.57587815610922,1.51642068518757
High income,HIC,Lifetime risk of maternal death (%),SH.MMR.RISK.ZS,0.0404626621516537,0.0372407820890133,0.0351010145622525,0.0341256669344124,0.0341956430287327,0.03221485687091,0.0288091247590338,0.0259227531983215,0.0242261243289923,0.0233802906974667,0.0227460323046058,0.0218606508525319,0.0215583996623928,0.0214563688554068,0.0206557188084985,0.0198973929104391,0.0190805458725335,0.0189143819359125,0.0189110303496533,0.0185330289940285,0.0179855281790915,0.0173310686606352,0.0170818612683111,0.0166118038913737,0.0167194653496535,0.0166087280094306,0.016568853182532,0.0157426104692679,0.0152157955161303,0.0146078773929533,0.0190090423407299,0.0237308058244304,0.0168230584113366,0.0126063245730226
IBRD only,IBD,Lifetime risk of maternal death (%),SH.MMR.RISK.ZS,0.913352333447349,0.84019211153799,0.787561489458499,0.741110614446325,0.704081835853073,0.666919186869968,0.630697368425279,0.594452993029773,0.562513336554947,0.532772804689544,0.508754756688184,0.484592840916408,0.451845317526897,0.423726113244376,0.400673524432809,0.371945246013588,0.348943074155302,0.32570989424788,0.307606255073299,0.28703619641604,0.266466198115432,0.247703356550464,0.232476992259312,0.2151573419022,0.199066378107813,0.187221052407442,0.177514569866088,0.164134702487073,0.155198922793938,0.145980934888158,0.149833739717909,0.207666193118512,0.133083953332458,0.117578615578778
IDA & IBRD total,IBT,Lifetime risk of maternal death (%),SH.MMR.RISK.ZS,1.71178526939609,1.62799793093912,1.57635974935025,1.51268808014266,1.44811434476966,1.37613029421478,1.32321206696601,1.26697504094575,1.24693543978585,1.15610940317793,1.10887033849546,1.06480973352812,1.01478408866054,0.967287089162592,0.926938898115247,0.89142223301163,0.865662711163205,0.843315351859192,0.827456297079183,0.806937567481329,0.782602746558392,0.756373566544965,0.732332661276261,0.710692041359193,0.691395385710687,0.67203626261642,0.645333619788488,0.616035985760857,0.585466811706775,0.562482775431113,0.549742683437605,0.60822511140902,0.508621728886523,0.487867371706603
IDA blend,IDB,Lifetime risk of maternal death (%),SH.MMR.RISK.ZS,4.54245474047844,4.44547269291406,4.32199421061962,4.17122325731931,4.09933478801548,4.02619082619961,3.93186468202143,3.83730115932887,3.7502060660912,3.65299949896992,3.5303614294699,3.45159957674345,3.34917648124198,3.24000225122592,3.12540960938351,3.0542174569056,3.02951482620635,2.98660074473876,2.99557396880351,2.9936970322423,2.97602410574062,2.95986503768109,2.93391411769747,2.9054518767857,2.85696190413083,2.79871590267847,2.67978466205223,2.56614978674556,2.4466205757697,2.32075928136301,2.22913336496073,2.21465379634559,2.04836954867613,1.96498665101936
IDA only,IDX,Lifetime risk of maternal death (%),SH.MMR.RISK.ZS,5.34391747166223,5.13729658194263,5.07864573068721,4.89689996923759,4.60116334758333,4.28813227476667,4.1114377029535,3.91532720555221,3.95039068442664,3.469547339701,3.28782054286353,3.10808391427741,2.95040721406699,2.79011436559751,2.65743176826218,2.56440335883317,2.48683893263572,2.43359415072108,2.36702513989285,2.29505382389883,2.20659722802676,2.09873424873628,1.99354554365668,1.91400898886101,1.85369578718756,1.77908694253493,1.68350934593364,1.58738182111891,1.46877148831277,1.39982098634175,1.32185932199721,1.38227239766482,1.17932459122674,1.13837211729836
IDA total,IDA,Lifetime risk of maternal death (%),SH.MMR.RISK.ZS,5.07722004008358,4.90664543217251,4.82563558276207,4.65400771411089,4.43329688757723,4.19991987970724,4.05068826557366,3.88882256498999,3.88211537079813,3.53250816605826,3.37135598912264,3.22699982326328,3.08875431374857,2.94656057438267,2.82043389123094,2.73572343042007,2.67666124780699,2.62748195658,2.58766011169963,2.54096312925256,2.47773609463915,2.40239099350995,2.32499076308679,2.26311330946887,2.20646820356919,2.13698735456426,2.03226179232666,1.92918733920143,1.80975893403397,1.72026491087127,1.63720755533036,1.67109647087633,1.48081067361139,1.42514968040108
Late-demographic dividend,LTE,Lifetime risk of maternal death (%),SH.MMR.RISK.ZS,0.315625905361971,0.2509343767218,0.222352364573334,0.202048446535078,0.186860794059674,0.171796632417875,0.155042069813772,0.141279857206468,0.128733386497777,0.118559301285718,0.114122936598934,0.103835005487651,0.0976049392385985,0.0912219945825059,0.0885881802520366,0.0841225440999316,0.0805151107398072,0.078358223359797,0.0787246108200542,0.0744608255851579,0.071499930323785,0.0681791615426573,0.0689446856885065,0.0648752193955278,0.0645669098335327,0.0600863239811403,0.0589233768200012,0.0565877170687548,0.0506029432562221,0.0489072447983616,0.0504185032622284,0.0625976298777993,0.0500019540125067,0.0369931394548255
Latin America & Caribbean,LCN,Lifetime risk of maternal death (%),SH.MMR.RISK.ZS,0.480633036913727,0.452601979722097,0.423889972567091,0.398055411810989,0.374747210248014,0.349337558424387,0.325104367147469,0.303330605656728,0.280727554987612,0.259403405960348,0.240191920942422,0.228854432720204,0.215412086569323,0.208177923051912,0.204923520433915,0.196395653494043,0.191217240458856,0.185265525534298,0.181911148988095,0.177889350676492,0.165190694806521,0.160361894750779,0.153117984215657,0.14994576568184,0.14810276164895,0.144281964068419,0.142856011594105,0.141743726726134,0.141264758469217,0.13721874631946,0.16342504721842,0.237784419596368,0.15525902838054,0.126704409247224
Latin America & Caribbean (excluding high income),LAC,Lifetime risk of maternal death (%),SH.MMR.RISK.ZS,0.568002945982493,0.531070368680421,0.494194104627596,0.465366372986849,0.436486803558769,0.405438294267999,0.375274570410753,0.350250743133299,0.323001838022968,0.295736778109238,0.273840863653705,0.258574332803535,0.2449927372453,0.234705590442012,0.232775231638601,0.222002386138105,0.215755161961457,0.209722546290941,0.20459679381028,0.199136327467947,0.189295306027015,0.179774318069629,0.169897618893723,0.165174003095968,0.16215183234249,0.157366853310163,0.152517522177191,0.147445935461172,0.146778252170905,0.143563451144441,0.1731866655269,0.253202301668675,0.163023449146133,0.128716165141693
Latin America & the Caribbean (IDA & IBRD countries),TLA,Lifetime risk of maternal death (%),SH.MMR.RISK.ZS,0.547055455716858,0.511569653206504,0.476948165491808,0.449448220736928,0.422382952221797,0.392958518714256,0.364672697422459,0.340012737852078,0.314255949706901,0.289403276371113,0.268462584926354,0.25621873909725,0.2412047626942,0.2327238947861,0.230010253567964,0.219907701382456,0.214424031616648,0.207840448208199,0.20418881914186,0.199343012331366,0.190095819510623,0.180449563984322,0.172269849494958,0.16867140198764,0.166659748842591,0.162203034663623,0.160433970611762,0.158920707749686,0.158062619763165,0.153021844420024,0.180030204609865,0.254897984665045,0.170119247818117,0.139160055297887
Least developed countries: UN classification,LDC,Lifetime risk of maternal death (%),SH.MMR.RISK.ZS,5.86432427174479,5.63381566059524,5.58457343121535,5.38854269552064,5.06217027926261,4.72550620184997,4.53848975029335,4.32665341065804,4.37117232868931,3.84358037678152,3.63588122851699,3.43762006738193,3.26564968379443,3.08447946656816,2.93624624344437,2.82783672129777,2.74127715849636,2.6817130198114,2.60282561507759,2.51968318241633,2.41604912592848,2.29249017935263,2.17045731257852,2.07630519467445,2.00588126940717,1.91926698823178,1.81379884451719,1.70828134445047,1.57942802490193,1.50563911990137,1.42065753695478,1.48361770349317,1.26785662041933,1.22466468884253
Low & middle income,LMY,Lifetime risk of maternal death (%),SH.MMR.RISK.ZS,1.71193159348738,1.62794417230379,1.57194665568899,1.50750298036669,1.44291382032692,1.37197706202681,1.3198895914187,1.26438880860296,1.24709834984341,1.15088320624158,1.10303084541299,1.0567378373334,1.00608338804326,0.957491655126132,0.91700687435252,0.879683202294653,0.854513122295798,0.832891838979265,0.818278849723591,0.799335149620142,0.776044463431055,0.750860326046963,0.728909871773252,0.71005657277497,0.692833600702106,0.675193867207947,0.649097478947358,0.620451590148203,0.59008333464109,0.567785454034813,0.556002088353571,0.616884132565197,0.515925518645611,0.49519069602898
Low income,LIC,Lifetime risk of maternal death (%),SH.MMR.RISK.ZS,5.74788770411339,5.53611149081488,5.46544915002828,5.38684658501616,4.91692934451169,4.99788024114679,4.87638924565024,4.69145857203652,4.59419871020586,4.29714768870586,4.12358575465787,3.93596426060909,3.77276265802387,3.57796383101381,3.43643490893009,3.3525544045203,3.26103887510935,3.15712014269762,3.04790022399094,2.92889764280104,2.84079295486818,2.67803097286982,2.57512657541247,2.46894498940106,2.404939503215,2.31382854406268,2.19199689347099,2.07856107956799,1.94163383509697,1.85144702444619,1.79398481420576,1.86264985338088,1.59047704207066,1.51354208088753
Lower middle income,LMC,Lifetime risk of maternal death (%),SH.MMR.RISK.ZS,2.55063069233641,2.44154308298345,2.31594261639685,2.20431352964997,2.10467006650218,2.00556175048821,1.90773020180995,1.81345726614969,1.72851584868809,1.63817653081252,1.55757361512232,1.48669739381133,1.39884789239755,1.31196539906741,1.23379505160963,1.16035397663391,1.10317207350026,1.05780579738444,1.02808294384219,0.992234683791081,0.947253384451114,0.909318963251447,0.871986600298665,0.842149428854145,0.801095978353777,0.771856995128034,0.733298972686464,0.690121496268864,0.658029146506122,0.622550695155447,0.594090587388947,0.682184780156108,0.5478247943691,0.535456507368489
"Middle East, North Africa, Afghanistan & Pakistan",MEA,Lifetime risk of maternal death (%),SH.MMR.RISK.ZS,0.798470527795004,0.717746255273182,0.645242787602949,0.593012196360345,0.547179237045529,0.496059695447701,0.449048669282897,0.414422472705,0.379641222720111,0.348449757171559,0.319634378984632,0.294549196249472,0.270172636964502,0.256698523023713,0.240483172332037,0.226537842973708,0.217841245698381,0.207241472622928,0.196805400171908,0.190852332427855,0.185587643953676,0.181339598180853,0.176763022886845,0.171765157271713,0.166716349114966,0.160892118885745,0.155077844179045,0.150609637818976,0.140120303081501,0.134511574966533,0.155918136248522,0.185160719248695,0.122919417987472,0.113762722954098
"Middle East, North Africa, Afghanistan & Pakistan (excluding high income)",MNA,Lifetime risk of maternal death (%),SH.MMR.RISK.ZS,1.90337318963258,1.84194798072248,1.79026827818034,1.76852485951648,1.77793308869741,1.7457480282022,1.68007261996573,1.61548551705173,1.55822545963635,1.45705333193328,1.39018381681852,1.27706112228379,1.18548501868759,1.11588825631477,1.03324291377185,0.961423735031208,0.898158513225305,0.847494888871935,0.796002486668163,0.773825731698659,0.751872966707837,0.718826007367221,0.696394431560906,0.670149156087475,0.642902632469207,0.620255625648452,0.584682352243241,0.55444530170063,0.527023194778468,0.504941446932724,0.529481694032309,0.571171143196547,0.453907423342652,0.426581534425208
"Middle East, North Africa, Afghanistan & Pakistan (IDA & IBRD)",TMN,Lifetime risk of maternal death (%),SH.MMR.RISK.ZS,1.91098122370967,1.84939293798322,1.79762388395662,1.77604208450482,1.78579321375713,1.75364703068745,1.68783158025563,1.62306497363114,1.56556733221239,1.46387553527007,1.3966359848736,1.28283072870898,1.19083638960057,1.12093457285856,1.03788125305548,0.965786780025154,0.902250128567327,0.851411908252236,0.799647493563851,0.777419656024986,0.755527458569911,0.722430823511571,0.700020471586467,0.673783618798676,0.646484641128476,0.623837995426774,0.588161610562911,0.557824496643785,0.530279469376087,0.508111315705339,0.532808891035132,0.574584083056977,0.456826074757064,0.429466745488327
Middle income,MIC,Lifetime risk of maternal death (%),SH.MMR.RISK.ZS,1.44258817313769,1.36161072520585,1.28742742425536,1.22216893360993,1.17321555959913,1.12283876827962,1.07274830409827,1.0252977221731,0.981827218549956,0.937090421580029,0.897247622099373,0.860996287205317,0.815471656697759,0.773304843654387,0.737756889078223,0.701586455275417,0.676621252538896,0.656649813071891,0.645110059333082,0.626876894372215,0.604965494593319,0.585773888727752,0.56856595073895,0.552512115909525,0.532764293293201,0.516821099464873,0.49561676715146,0.470659946599067,0.450826431339842,0.430243976629849,0.419525471909744,0.476804433908743,0.389892235325817,0.376070932145231
North America,NAC,Lifetime risk of maternal death (%),SH.MMR.RISK.ZS,0.0223118856652529,0.0218719417981442,0.0207539575151647,0.0203700609712521,0.0197075932696106,0.0193270107883696,0.0186932898426446,0.0180015612137971,0.0181148586906956,0.0188764684949094,0.0197093745570686,0.020384837041396,0.0207381332720847,0.0214840152740661,0.0213768326089807,0.0217720003463365,0.0224855131013618,0.0227207086170867,0.0230379234174828,0.023633354413502,0.0228668912247119,0.0236967350223723,0.0242009158671515,0.024595416513697,0.0256315710391046,0.026237375058358,0.0271652947615318,0.0266871868270338,0.0258323600970072,0.0253963600158383,0.0313775405381371,0.0427908481914616,0.0286858295957339,0.0231389844146408
Not classified,INX,Lifetime risk of maternal death (%),SH.MMR.RISK.ZS,..,..,..,..,..,..,..,..,..,..,..,..,..,..,..,..,..,..,..,..,..,..,..,..,..,..,..,..,..,..,..,..,..,..
OECD members,OED,Lifetime risk of maternal death (%),SH.MMR.RISK.ZS,0.0650871606818582,0.0624846915164998,0.0596774521010801,0.05730087763132,0.0551638329866381,0.0526747467882823,0.0501631791998996,0.0482837420826067,0.0470026664777059,0.0462361757123768,0.0447112458568225,0.0433666875691725,0.042197165478318,0.0408855042061816,0.0396558308219385,0.0384075413567205,0.0376977975123794,0.0370549850056342,0.03700100717463,0.0366154886701004,0.0355765872753078,0.0347577916925553,0.0339262821097068,0.0331919077392064,0.0327534847468237,0.0321693950014067,0.0319076621834674,0.031244981591752,0.0306947158219942,0.0299112523202587,0.0388857062591217,0.0563673156703516,0.0327555014124511,0.0264513438410788
Other small states,OSS,Lifetime risk of maternal death (%),SH.MMR.RISK.ZS,1.91665619122978,1.88052153734057,1.87087547275039,1.7362650282174,1.67842530843686,1.55621862560147,1.46300889645987,1.36897884868419,1.29427546435715,1.42207523804334,0.90063535798441,0.82881022533102,0.811574093113637,0.821752753382476,0.803558378515345,0.786747158725263,0.734908873672936,0.758906340564492,0.775545616356108,0.779490315835356,0.695186102214096,0.66838799476892,0.58017896272002,0.511359977407004,0.440694629509768,0.386871673393627,0.341908469761013,0.30358787957261,0.281441258987029,0.256295653222808,0.274323656036418,0.329409481764179,0.251026579878372,0.21884739579274
Pacific island small states,PSS,Lifetime risk of maternal death (%),SH.MMR.RISK.ZS,0.650152039259987,0.620084997793872,0.598176997015999,0.577865376829472,0.553553702811404,0.538679988213689,0.52129335175073,0.500215450508644,0.485827289316475,0.474826291054195,0.465991620968084,0.45230867299741,0.449110036317951,0.43583479371613,0.428226763379844,0.418256404788424,0.409842283636841,0.408634470557038,0.395790639152145,0.392565841776504,0.382019592093858,0.375841221292238,0.377561878443856,0.375804302826655,0.374973314032614,0.370122692290139,0.360156919406577,0.349279794106975,0.337691737118618,0.328640167013221,0.3236732444206,0.388654118685317,0.304514987096992,0.284442507479695
Post-demographic dividend,PST,Lifetime risk of maternal death (%),SH.MMR.RISK.ZS,0.0282928166245056,0.0272934774774697,0.0258935743768298,0.0245087097702565,0.0234923820163598,0.0226436869193683,0.0213527989504282,0.0200153904157159,0.0191606155627962,0.0187508123857252,0.0186005750321851,0.0180444484299076,0.0178363658737835,0.0178410569014652,0.0176012710086804,0.0173936115810256,0.0175832646634932,0.0176831362896698,0.018003818026877,0.0180577028652322,0.0174356610993054,0.0175476091670043,0.017521493747826,0.0173848691758616,0.0175856999257191,0.0176232525152215,0.0178543570322331,0.0172903830041667,0.01682961367929,0.0163759663066509,0.0197238508657665,0.0265255666773328,0.0188771210608492,0.0143104940392829
Pre-demographic dividend,PRE,Lifetime risk of maternal death (%),SH.MMR.RISK.ZS,6.47540797000448,6.28049289616929,6.25337808963867,6.04722725044315,5.39109374198935,5.49170594062556,5.3883594835737,5.21403400209693,5.36830573794706,4.79056146421439,4.61445604315726,4.44399658357112,4.30425075109995,4.14407470233715,4.02096389578335,3.93807942830622,3.9155990447281,3.89210321485218,3.88107817892889,3.83535454118049,3.7665202971211,3.66317987632258,3.56272231689344,3.48909993656856,3.4245794088013,3.3253782946001,3.16023590125291,2.99383313906153,2.79185028924843,2.6467387981125,2.49731818962451,2.50191040518806,2.25669272234054,2.17794725898995
Small states,SST,Lifetime risk of maternal death (%),SH.MMR.RISK.ZS,1.38751214693383,1.35810686834694,1.34355813111728,1.25168656943626,1.20835928333984,1.12821809703615,1.06533996963326,1.00206894720853,0.949956744909113,1.02146673358383,0.694084900301104,0.643926675728595,0.627998100040105,0.62920410672399,0.613383847923961,0.599812319778269,0.565020247715697,0.577793411078036,0.585188675530356,0.585446318253841,0.52916340709744,0.509923625312644,0.453961105706952,0.410223747879051,0.364866305919361,0.329839042193389,0.299010440297929,0.272771014237005,0.256299499366007,0.239773573335941,0.249341384144008,0.314579403047712,0.228914590343697,0.204944299420885
South Asia,SAS,Lifetime risk of maternal death (%),SH.MMR.RISK.ZS,2.54872629196065,2.43864108679242,2.3066264627297,2.20700716620935,2.1160248109477,2.01850473433764,1.91380680428154,1.81503869421444,1.71736946307895,1.61798783870989,1.53211764962952,1.43826034887093,1.32606377940084,1.22247914570848,1.12310766126752,1.01912039201978,0.925428437444476,0.84713345174596,0.775350291452906,0.716026185202944,0.656347418360871,0.602171096897254,0.556794799117974,0.512513925052941,0.465345963649591,0.43701073394783,0.406458803213142,0.373611123929034,0.353461733021877,0.330115704068349,0.327635203726091,0.432024160708083,0.287356924318145,0.261817818784736
South Asia (IDA & IBRD),TSA,Lifetime risk of maternal death (%),SH.MMR.RISK.ZS,2.61266646772127,2.47772014582324,2.31580078138528,2.17854942309693,2.0557272427597,1.93481185744196,1.81647038718561,1.70823750275353,1.60707029095372,1.51022837757838,1.42557007491965,1.34661906973563,1.23772094328363,1.13532424292172,1.04162793204401,0.938175133062991,0.84760575807532,0.768579099899099,0.697155995546489,0.633397031205848,0.567311964304825,0.511272894382707,0.462966179701805,0.418243749080498,0.371043103979399,0.345144655544444,0.32031731140252,0.288411185516693,0.270786016004023,0.248584725045741,0.238161005011304,0.346091830469874,0.206551558553147,0.18356053371836
Sub-Saharan Africa,SSF,Lifetime risk of maternal death (%),SH.MMR.RISK.ZS,5.54106202119115,5.32134505516783,5.19253313807623,5.03908846171204,4.66057142546515,4.59744868012449,4.47572787112797,4.31412240453772,4.21029234006512,3.99577790561947,3.84316569903983,3.7257505938636,3.61351426247255,3.47953291346888,3.37212537875404,3.32733341416612,3.30371084755176,3.27797479954437,3.27993168938273,3.2147496192954,3.15292540754499,3.04738119440017,2.96007935901421,2.87408647756673,2.79464938014101,2.69286047684468,2.55798499788452,2.42027839124102,2.27487842017426,2.1523644445991,2.03675120901782,2.07431178893832,1.84804306759136,1.80779379059821
Sub-Saharan Africa (excluding high income),SSA,Lifetime risk of maternal death (%),SH.MMR.RISK.ZS,5.8196504267795,5.64512184077264,5.64316976660644,5.46587807393006,5.14972191244172,4.855457418673,4.73110493821417,4.56813257561255,4.67988700591751,4.16458738648719,3.99162124554306,3.86170071396359,3.74571179783041,3.60627038230664,3.50542784726552,3.46408215345186,3.4646926074555,3.46215697083851,3.49159570472248,3.46133857941842,3.4134583287063,3.33784119509955,3.25633687683181,3.19630490418015,3.13789240779479,3.04510192683996,2.89938037344203,2.75531641778222,2.57578117219164,2.44633817164981,2.30389426293364,2.32301256403768,2.09827077301379,2.02979391211419
Sub-Saharan Africa (IDA & IBRD countries),TSS,Lifetime risk of maternal death (%),SH.MMR.RISK.ZS,6.12723563063646,5.91214547150271,5.90125749572343,5.70665313882667,5.38057218005999,5.07502489711597,4.92570441104733,4.74046964932593,4.80561093359219,4.3278271726855,4.14579236587991,4.01388443186614,3.8840700941195,3.7318849174094,3.61633114575892,3.56764804601172,3.54532760117209,3.52065999331459,3.52252159795391,3.46740536590945,3.39895985313653,3.30593760206837,3.20103857512871,3.1139327256996,3.03468492425803,2.92846819170755,2.77845198757894,2.62965551316771,2.45350552862685,2.32397444157097,2.18300716775782,2.20014910012882,1.97751252911818,1.908419242273
Upper middle income,UMC,Lifetime risk of maternal death (%),SH.MMR.RISK.ZS,0.399765557470087,0.339431359719114,0.306833347648444,0.28022801836038,0.265268078632674,0.249824883077754,0.235591348615698,0.220213932496092,0.205264585453543,0.193955033915238,0.184913909563106,0.172336835953092,0.162203853384983,0.156236778322148,0.153391299043738,0.149906753126701,0.147297009874958,0.143733691987976,0.142456558586105,0.136631413532805,0.133095512660443,0.128921729251057,0.126522782494308,0.1184731111178,0.113484478213744,0.105411273202272,0.101183075855737,0.0956069514734134,0.0894806963640035,0.0859395956748669,0.0947413195688075,0.124858198216511,0.0853314543826859,0.0719276234888132
World,WLD,Lifetime risk of maternal death (%),SH.MMR.RISK.ZS,1.14573114123104,1.08535071490442,1.04262332052517,1.00702400797271,0.960652925908337,0.936873974832862,0.904004479117037,0.867591533732276,0.837500235988973,0.800590374081268,0.770170568163085,0.740932157466164,0.70790783094983,0.675901059995902,0.649842277982644,0.625748857583802,0.608773653954465,0.594823062167685,0.585751305052346,0.570705460346939,0.556808438409146,0.538922396434915,0.526375671478452,0.51152353060276,0.495657105651039,0.481187189060879,0.462691813333668,0.443232430549069,0.426229696269429,0.411135644717233,0.406702614469637,0.464490072646869,0.379005226474287,0.367885669834752
,,,,,,,,,,,,,,,,,,,,,,,,,,,,,,,,,,,,,
,,,,,,,,,,,,,,,,,,,,,,,,,,,,,,,,,,,,,
,,,,,,,,,,,,,,,,,,,,,,,,,,,,,,,,,,,,,
Data from database: World Development Indicators,,,,,,,,,,,,,,,,,,,,,,,,,,,,,,,,,,,,,
Last Updated: 04/08/2026,,,,,,,,,,,,,,,,,,,,,,,,,,,,,,,,,,,,,
Code,License Type,Indicator Name,Long definition,Source,Topic,Dataset,Unit of measure,Periodicity,Reference period,Aggregation method,Statistical concept and methodology,Development relevance,Limitations and exceptions,License URL
SH.MMR.RISK.ZS,CC BY-4.0,Lifetime risk of maternal death (%),"Life time risk of maternal death is the probability that a 15-year-old female will die eventually from a maternal cause assuming that current levels of fertility and mortality (including maternal mortality) do not change in the future, taking into account competing causes of death.","Trends in Maternal Mortality, World Health Organization (WHO);
UN Children's Fund (UNICEF), note: Trends in Maternal Mortality;
UN Population Fund (UNFPA), note: Trends in Maternal Mortality;
World Bank Group (WBG), note: Trends in Maternal Mortality",Health: Reproductive health,WB_WDI,Percentage,Annual,1985-2023,Weighted average,"Methodology: The estimates are based on an exercise by the Maternal Mortality Estimation Inter-Agency Group (MMEIG) which consists of World Health Organization (WHO), United Nations Children's Fund (UNICEF), World Bank, and United Nations Population Fund (UNFPA), and include country-level time series data. For countries without complete registration data but with other types of data and for countries with no data, maternal mortality is estimated with a regression model using available national maternal mortality data and socioeconomic information.
Statistical concept(s): Reproductive health is a state of physical and mental well-being in relation to the reproductive system and its functions and processes. Means of achieving reproductive health include education and services during pregnancy and childbirth, safe and effective contraception, and prevention and treatment of sexually transmitted diseases. Complications of pregnancy and childbirth are the leading cause of death and disability among women of reproductive age in developing countries.



Maternal mortality is generally of unknown reliability, as are many other cause-specific mortality indicators. Household surveys such as Demographic and Health Surveys attempt to measure maternal mortality by asking respondents about survivorship of sisters. The main disadvantage of this method is that the estimates of maternal mortality that it produces pertain to any time within the past few years before the survey, making them unsuitable for monitoring recent changes or observing the impact of interventions. In addition, measurement of maternal mortality is subject to many types of errors. Even in high-income countries with reliable vital registration systems, misclassification of maternal deaths has been found to lead to serious underestimation.","Childbirth should be a time of life, not death. And yet, many women die due to complications of pregnancy and childbirth. Nearly every death is in low- and middle-income countries, and nearly every death is preventable where the clinical knowledge and technology required to prevent them have existed. However these solutions are often not available, not accessible or not implemented, especially in low-resource settings and/or subpopulations at greater risk due to social determinants.","The methodology differs from that used for previous estimates, so data should not be compared historically. Maternal mortality ratios are generally of unknown reliability, as are many other cause-specific mortality indicators. The probability cannot be assumed to provide an exact estimate of risk of maternal death.",https://datacatalog.worldbank.org/public-licenses#cc-by
