Series Name,Series Code,Country Name,Country Code,1990 [YR1990],1991 [YR1991],1992 [YR1992],1993 [YR1993],1994 [YR1994],1995 [YR1995],1996 [YR1996],1997 [YR1997],1998 [YR1998],1999 [YR1999],2000 [YR2000],2001 [YR2001],2002 [YR2002],2003 [YR2003],2004 [YR2004],2005 [YR2005],2006 [YR2006],2007 [YR2007],2008 [YR2008],2009 [YR2009],2010 [YR2010],2011 [YR2011],2012 [YR2012],2013 [YR2013],2014 [YR2014],2015 [YR2015],2016 [YR2016],2017 [YR2017],2018 [YR2018],2019 [YR2019],2020 [YR2020]
"Inflation, consumer prices (annual %)",FP.CPI.TOTL.ZG,Afghanistan,AFG,..,..,..,..,..,..,..,..,..,..,..,..,..,..,..,12.6862687216715,6.78459655001655,8.68057078513405,26.4186641547443,-6.81116108898995,2.17853752389418,11.8041858089129,6.44121280934117,7.38577178397855,4.67399603536344,-0.661709164713741,4.38389195513914,4.97595150553832,0.626149149168846,2.30237251516833,5.60188791482224
"Inflation, consumer prices (annual %)",FP.CPI.TOTL.ZG,Albania,ALB,..,..,226.005421253525,85.0047512387156,22.5650526933695,7.79321853789214,12.7254778087102,33.1802743753956,20.6428588670596,0.389437653561628,0.0500181363468103,3.10758827031435,7.7705258343155,0.484002611818502,2.28001916938098,2.36658195679795,2.37072831904284,2.93268248162317,3.32087090389274,2.26692209450826,3.62710091517479,3.42807130141501,2.03159268395296,1.93762080205223,1.62586504402613,1.89617402592356,1.27543168367423,1.98666133171194,2.02805963071134,1.41109078954242,1.6208866171702
"Inflation, consumer prices (annual %)",FP.CPI.TOTL.ZG,Algeria,DZA,16.6525343885432,25.8863869348513,31.6696619117149,20.5403261235826,29.0476561173071,29.7796264864998,18.6790758601749,5.73352275357186,4.95016163793114,2.64551113392798,0.339163189071768,4.22598834854673,1.4183019234505,4.268953958395,3.96180030257187,1.38244656662118,2.31149918514423,3.67899574741699,4.85859062814938,5.73706036145627,3.91106195534028,4.5242115050527,8.89145091062317,3.25423910998847,2.91692692067458,4.78444700693889,6.39769480268756,5.59111590961663,4.26999020467083,1.95176821052891,2.41513094083413
"Inflation, consumer prices (annual %)",FP.CPI.TOTL.ZG,American Samoa,ASM,..,..,..,..,..,..,..,..,..,..,..,..,..,..,..,..,..,..,..,..,..,..,..,..,..,..,..,..,..,..,..
"Inflation, consumer prices (annual %)",FP.CPI.TOTL.ZG,Andorra,AND,..,..,..,..,..,..,..,..,..,..,..,..,..,..,..,..,..,..,..,..,..,..,..,..,..,..,..,..,..,..,..
"Inflation, consumer prices (annual %)",FP.CPI.TOTL.ZG,Angola,AGO,..,83.7837837837837,299.509803921568,1378.52760736196,949.792531120331,2666.45059288537,4145.10598220637,219.176721172974,107.284821528298,248.195902412868,324.99687160132,152.561022469298,108.897436089429,98.2241436573304,43.5421067519686,22.9535138513939,13.3052101780031,12.2514974459486,12.4758291326397,13.7302839288408,14.4696564932576,13.4824679218511,10.2779049218839,8.77781429332623,7.2803873036112,9.35597215533783,30.6944150806719,29.8444799015679,19.628937970152,17.080954143438,22.2715392470509
"Inflation, consumer prices (annual %)",FP.CPI.TOTL.ZG,Antigua and Barbuda,ATG,..,..,..,..,..,..,..,..,..,1.12128789571146,0.77177979690018,1.40279663573988,2.4076580129349,1.99353055152453,2.03007757853236,2.09875196709308,1.7877853741912,1.4160525940974,5.33380639820233,-0.550159995508913,3.37002540220147,3.4567496723461,3.37688044338874,1.05949782356169,1.08944157435355,0.968993458825638,-0.489437796230498,2.43248789041362,1.20715793367007,1.43135598182983,0.625989707046719
"Inflation, consumer prices (annual %)",FP.CPI.TOTL.ZG,Argentina,ARG,..,..,..,..,..,..,..,..,..,..,..,..,..,..,..,..,..,..,..,..,..,..,..,..,..,..,..,..,34.2772237131003,53.5483043492339,42.0150947376509
"Inflation, consumer prices (annual %)",FP.CPI.TOTL.ZG,Armenia,ARM,..,..,..,..,3373.75944336293,175.951325534583,18.681185640036,13.960764121791,8.67248632385157,0.648245760470385,-0.790883768934757,3.1459046468502,1.06004929341666,4.7215533660534,6.96126135875795,0.638928002410097,2.89235662459003,4.40736089644516,8.94995335353387,3.40676682683801,8.17636138473951,7.65000807859294,2.55802007757907,5.7896677854465,2.98130868933672,3.73169119261693,-1.40360755900899,0.969553268816137,2.52023382001637,1.44344660770698,1.21143577838464
"Inflation, consumer prices (annual %)",FP.CPI.TOTL.ZG,Aruba,ABW,5.83668775158165,5.55555555555579,3.87337536996479,5.2155599603571,6.31107971270439,3.36139107320898,3.22528797213979,2.99994809778412,1.8694885361554,2.28037198258753,4.04402131190512,2.88360430316263,3.31524678585423,3.65636507938418,2.52912946932762,3.39778677828805,3.60802438784541,5.39256784475516,8.95598705177784,-2.13542872046937,2.07814071860786,4.31629742195203,0.627471992893372,-2.37206524252261,0.421440918881214,0.474763597342641,-0.93119598707956,-1.02828178762012,3.6260414135296,4.25746204335427,..
"Inflation, consumer prices (annual %)",FP.CPI.TOTL.ZG,Australia,AUS,7.33302368375269,3.17666872277308,1.01222824105977,1.75365751770527,1.96963507094102,4.62776445368168,2.61537902431631,0.224895027032537,0.860129922016289,1.48313946657267,4.45743705920869,4.40712998561533,2.98157117047457,2.73259754838937,2.34325687131265,2.69182949622197,3.55528696972984,2.32761442623159,4.35029726664093,1.77112025681656,2.9183370211222,3.30384784681081,1.76278299052228,2.44988248109259,2.48792932080492,1.50836803138463,1.27699365720306,1.94864309065653,1.91140002818579,1.610770929127,0.846900734607273
"Inflation, consumer prices (annual %)",FP.CPI.TOTL.ZG,Austria,AUT,3.26187231878573,3.33742703474791,4.02084780038554,3.6317852494318,2.9534093676108,2.24336631500898,1.86097115760436,1.30597857227691,0.922467196680849,0.56899376588553,2.3448628535728,2.65000077279529,1.81035787764128,1.35555370896445,2.06120618032869,2.29913785639285,1.44154851119016,2.16855528800756,3.21595033239879,0.506308827696504,1.81353438995061,3.2865791487538,2.48567562177014,2.00015616900597,1.60581182954473,0.896563335260319,0.891591752655362,2.08126911385586,1.99837981429548,1.53089564152643,1.38191063351853
"Inflation, consumer prices (annual %)",FP.CPI.TOTL.ZG,Azerbaijan,AZE,..,..,-10.63009715762,1128.00002429404,1662.21594875899,411.759641777267,19.7948028061898,3.67434809684729,-0.772697886033166,-8.52517000536063,1.80500303704356,1.54719590152279,2.7711647199827,2.23386492967049,6.70893042797784,9.67950731917056,8.32892482863209,16.6997549618244,20.8490871772712,1.45704835970321,5.72687224669605,7.8583333333334,1.06621339720302,2.41571745279419,1.37344181533176,4.02768573742725,12.4433748584372,12.9359184187334,2.26854690373999,2.61057182799215,2.75980947008127
"Inflation, consumer prices (annual %)",FP.CPI.TOTL.ZG,"Bahamas, The",BHS,4.66931912018676,7.11468120203627,5.73819886173447,2.7228976697059,1.39933423745548,2.06699495410041,1.37913741223666,0.544150383378687,1.3366133661337,1.2542482602363,1.60632941740578,2.0449897750512,2.17357792508093,3.02504526252236,0.981914036757662,1.59160618079802,2.38982627439254,2.49257794939396,4.48955995375059,2.06273473452681,1.34402738392835,3.1987814166032,1.97336755976254,0.722414784530551,1.51375643050831,1.86148302863371,-0.346376929989396,1.51820700736147,2.26586346678735,2.49123527368045,0.0385210980054557
"Inflation, consumer prices (annual %)",FP.CPI.TOTL.ZG,Bahrain,BHR,0.929335437489092,0.764419735927608,-0.172413793103312,2.53886010362695,0.816910897759778,2.70403475064704,-0.452227382530347,2.43155133955926,-0.366533864541774,-1.28758797184909,-0.704852953090789,-1.20757180156659,-0.495540138751154,1.59362549800786,2.35294117647061,2.58620689655172,2.00746965452849,3.25666666666703,3.52600316363721,2.79551283550411,1.96188468334623,-0.40004069748808,2.75739669962979,3.30001156888442,2.64755321246188,1.84862742374976,2.78679347602044,1.38671830576406,2.08766938046978,1.00582004702136,-2.31770629331378
"Inflation, consumer prices (annual %)",FP.CPI.TOTL.ZG,Bangladesh,BGD,6.12671846981457,6.35736412278234,3.63407691798491,3.01481859989798,5.31374007936497,10.2978117947206,2.37712902953223,5.30560105668801,8.40223795613228,6.10669589841958,2.20825620937535,2.0071737421384,3.33256493271912,5.66870773441476,7.58753638504689,7.04661816222038,6.76526117054757,9.10698496905382,8.90194489465153,5.42347236174679,8.12667639169917,11.3951651552399,6.21750422069283,7.53040640913172,6.99163889220848,6.19428022984983,5.51352572692995,5.70207015717238,5.54362139486476,5.59199639930629,5.69107474746211
"Inflation, consumer prices (annual %)",FP.CPI.TOTL.ZG,Barbados,BRB,3.07457271078018,6.25752663270023,6.09389302994638,1.11343933604482,0.0772043884602322,1.87886279357232,2.38615222842324,7.71053878969883,-1.26888660701213,1.56006240249605,2.43581303489138,2.57783490431287,0.125249458056019,1.61943319838053,1.39442231075691,6.08218729535043,7.3076626282894,4.03422982885069,8.10810810810779,3.64386189258337,5.82421853311866,9.4322024017722,4.53334753888774,1.81410436049096,1.76950322089728,-1.11278992510958,1.28192813061895,4.66018463955995,3.1060057242059,1.67662473276987,..
"Inflation, consumer prices (annual %)",FP.CPI.TOTL.ZG,Belarus,BLR,..,..,..,1190.22923349187,2221.01656992039,709.346032118606,52.7120767531954,63.9373663357478,72.8697170535354,293.678750889772,168.620235850933,61.1349331618476,42.5375481348794,28.3978399133473,18.1082424937646,10.3388794457932,6.99712903535584,8.42675273505309,14.8378764828254,12.9456563410401,7.735748043125,53.2286983118174,59.2197360232518,18.3122610377873,18.1195543526734,13.5344897649734,11.8365807653496,6.03183725177785,4.87230220550689,5.59815595039853,5.5481435745651
"Inflation, consumer prices (annual %)",FP.CPI.TOTL.ZG,Belgium,BEL,3.44831217961807,3.21531069260809,2.42795567164615,2.75442643473462,2.377540844764,1.46796699090271,2.07702107350675,1.62816049512954,0.94925028835061,1.12084823417847,2.544517761909,2.46925823086082,1.6452143617536,1.58896399970371,2.09728311239315,2.78143263670029,1.79120770070453,1.82305630026809,4.48944420508404,-0.0531456741254176,2.18929920422458,3.5320821072274,2.83966343445899,1.11309594027539,0.340002833356921,0.561429152790157,1.97385264653162,2.12597086002616,2.05316499865177,1.43681956996438,0.740791812220343
"Inflation, consumer prices (annual %)",FP.CPI.TOTL.ZG,Belize,BLZ,3.05907172995785,0.761951500806879,2.39670073025188,1.47259694693679,2.56934304644295,2.88961584372151,5.96502097537242,1.14903756760539,2.1952625003759,2.62139524582746,3.06743966930585,3.65141786561502,4.24026660688645,2.31808274663101,6.39443099742398,-1.10431044411909,-7.11376771265013,2.3180827464202,6.39443100250033,-1.10431044864355,0.917977378808887,1.602056156402,1.30058074547858,0.50974776898322,1.20139964481057,-0.861584009427747,0.663427167917601,1.14765339305816,0.269982622646335,0.187069385181424,0.121434644614893
"Inflation, consumer prices (annual %)",FP.CPI.TOTL.ZG,Benin,BEN,..,..,..,0.440599214931793,38.5308661668537,14.4625482180894,4.91423972637201,3.46629590564776,5.75331458417064,0.326722893396866,4.16540442290282,3.98429547767893,2.48916235491541,1.48724246145441,0.873890830868499,5.36452085832342,3.78217696540374,1.29806813334152,7.94729876067854,0.896072355749069,2.20783532536523,2.7042390774728,6.74468253340712,0.428888888888883,-0.54875755094818,0.218785923536245,-0.793310145785624,0.0432648555103608,0.919170717886053,0.732849371241066,3.02272119663759
"Inflation, consumer prices (annual %)",FP.CPI.TOTL.ZG,Bermuda,BMU,..,..,..,..,..,..,..,..,..,..,..,..,..,..,..,..,..,..,..,..,..,..,..,..,..,..,..,..,..,..,..
"Inflation, consumer prices (annual %)",FP.CPI.TOTL.ZG,Bhutan,BTN,10.0118383223406,12.2751729438892,15.9752173615389,11.1980165874679,7.0099535500995,9.48754836789369,8.79001381935162,6.50548718269086,10.5855899892463,6.77699393553632,4.01212081070342,3.41478946111594,2.45535714285714,2.57230861693339,4.10593698272957,5.3126310463775,5.0004543802254,5.15611138758462,8.32716049382712,4.36112219119804,7.03638316073018,8.848985699468,10.919656944683,8.77638345268212,8.27106093949327,4.54814395082205,3.21988689395717,4.95508366985129,2.72396386183713,2.72643037388832,5.62936522632507
"Inflation, consumer prices (annual %)",FP.CPI.TOTL.ZG,Bolivia,BOL,17.1187746048239,21.447069817114,12.0603236018289,8.52787695688002,7.87404421467434,10.1932067630745,12.4254866180049,4.70844436028192,7.67322895675083,2.15951626835597,4.60822998872598,1.58965377879567,0.928258851611069,3.33727499671533,4.43738080101724,5.39323106890663,4.28239604802561,8.70560923578869,14.0068107702519,3.34645420142013,2.5032760584424,9.88446419823883,4.51560291399375,5.73640023719606,5.76660074579143,4.05961041135644,3.62321431764138,2.8227580554717,2.27205987230154,1.83954504969025,0.940742153381849
"Inflation, consumer prices (annual %)",FP.CPI.TOTL.ZG,Bosnia and Herzegovina,BIH,..,..,..,..,..,..,..,..,..,..,..,..,..,..,..,..,6.12556615620284,1.50077710611541,7.42704310332952,-0.381464282453056,1.99621236745886,3.67125,2.05267452001717,-0.0930456838317588,-0.897194054194333,-1.03602303425474,-1.58410000000001,0.810133321953038,1.41710814018033,0.56278215406123,-1.05129600763489
"Inflation, consumer prices (annual %)",FP.CPI.TOTL.ZG,Botswana,BWA,11.3963461199555,11.7650160839534,16.1676123963339,14.3308033365887,10.5429209938218,10.512546081579,10.0828580652107,8.71993127147746,6.66139865665752,7.74929619202848,8.6014851485149,6.55903767014861,8.03279662527485,9.18990265632739,6.94570363654674,8.61022528546439,11.5552187914379,7.08099847172692,12.7021883920075,8.02729703109581,6.94887658743103,8.45987233408583,7.53690261091916,5.88460707056816,4.40225309243427,3.06203169580557,2.81495791361943,3.30828076768219,3.23801558947715,2.7728644286332,1.8903591682421
"Inflation, consumer prices (annual %)",FP.CPI.TOTL.ZG,Brazil,BRA,2947.73277248299,432.786661926461,951.962053052817,1927.38079016026,2075.88839757325,66.0070335542481,15.7576656002606,6.92671251629154,3.19507629280051,4.85844749902666,7.04414105947265,6.84035902487523,8.45016437708331,14.7149197228147,6.59718509985963,6.86953720898964,4.18356812896909,3.64127299102652,5.67859390284168,4.88803479876798,5.03872690108074,6.6364496221309,5.40349914036997,6.204310666401,6.32904015516138,9.02990102416136,8.73914352329393,3.44637335032669,3.66485028376728,3.73297621216893,3.21176803803376
"Inflation, consumer prices (annual %)",FP.CPI.TOTL.ZG,British Virgin Islands,VGB,..,..,..,..,..,..,..,..,..,..,..,..,..,..,..,..,..,..,..,..,..,..,..,..,..,..,..,..,..,..,..
"Inflation, consumer prices (annual %)",FP.CPI.TOTL.ZG,Brunei Darussalam,BRN,2.13866293163795,1.6,1.27952755905514,4.25170068027212,2.46251844946789,5.96664139499612,1.99613650998077,1.71156004489335,-0.441379310344899,-0.415627597672453,1.55815247634945,0.595890410958989,-2.3149724245932,0.299999999999967,0.814223994682612,1.24443711883965,0.15988807834512,0.967774119525101,2.08498023715415,1.03571774271613,0.35686913201756,0.13791156316954,0.111766261400306,0.389205053123632,-0.207108731719822,-0.488347420743522,-0.278693265753083,-1.2605056462896,1.02505179290212,-0.390522069165529,1.94031996607183
"Inflation, consumer prices (annual %)",FP.CPI.TOTL.ZG,Bulgaria,BGR,23.8000000000002,338.449111470111,91.2979327269303,72.8787913866333,96.0573382686505,62.0548336837992,121.60754244925,1058.37355921973,18.672204442064,2.57304281890212,10.3162621289989,7.3609392723184,5.81014365721825,2.34864169582757,6.14713074246266,5.0388380711191,7.26159462769946,8.40253419005893,12.348719599402,2.75320223914819,2.43899060504117,4.21990346601872,2.95456829831012,0.890093540913096,-1.41818380264839,-0.104633261008479,-0.798649886453617,2.06159619443141,2.81454473824838,3.10372944796771,1.67244096855756
"Inflation, consumer prices (annual %)",FP.CPI.TOTL.ZG,Burkina Faso,BFA,-0.504303388918912,2.16260052713423,-1.99113580736894,0.553455723541917,25.1778762249962,7.45884497828324,6.09780439121741,2.31869062176683,5.08433344145324,-1.07261362759533,-0.304212168486802,5.00743290822373,2.17569480664608,2.03456574053815,-0.400228702115451,6.41504018369684,2.33310856372219,-0.230627306273049,10.6597978997424,2.60817666368314,-0.764230734676768,2.75976724854534,3.8181524025238,0.533738507090536,-0.258089517535291,0.724838981070516,0.441041448058809,1.48299897161325,1.95594302672532,-3.23338933983321,1.88470066518847
"Inflation, consumer prices (annual %)",FP.CPI.TOTL.ZG,Burundi,BDI,7.00216956651121,8.9969387349433,1.82333333333307,9.67934658067928,14.8528149833969,19.2632536382537,26.4367816091951,31.1115898319694,12.5004107653378,3.38542427340454,24.4320242102151,9.29618771341888,-1.36568005328059,10.6474645658305,8.17642937482053,13.2520699188223,2.7454200021424,8.41206285772543,24.4069510353913,10.5554355299529,6.49326591473993,9.5921660597967,18.161045306545,7.93795807492417,4.40535234185293,5.54468891259779,5.55768961400965,16.0525353030391,-2.81469807668465,-0.686772170797358,7.3211064341552
"Inflation, consumer prices (annual %)",FP.CPI.TOTL.ZG,Cabo Verde,CPV,10.6535057862491,9.5509074131036,3.1166643268286,5.78839590443697,3.45205833010708,8.35152497972927,5.96361961777575,8.55606258148633,4.39423509983477,4.35643374510452,-2.47745668519835,3.34996472317894,1.88453410076764,1.18817038620528,-1.8908217230618,0.41889161285517,5.36907687065548,4.41099704193488,6.77443546371142,0.991103480568084,2.07866470906423,4.47388342165023,2.54039644167108,1.50654285701407,-0.238778144990623,0.131187999024544,-1.40781637091705,0.784415251101334,1.25615185860785,1.10750930553819,0.6057961856899
"Inflation, consumer prices (annual %)",FP.CPI.TOTL.ZG,Cambodia,KHM,..,..,..,..,..,-0.798944337811878,7.15086140872796,7.96021397777456,14.8065035437763,4.00820702088782,-0.791992529473567,-0.600648300123686,0.211466568022607,0.94174611779921,4.31933677434786,6.61525912001587,5.81068550464306,8.70882770568049,24.096851930605,-1.24171754189637,3.99639528107218,5.4784474961745,2.93431609293951,2.94162509547349,3.85568861424207,1.22393195511119,3.01913975139128,2.91263557371478,2.45908515380146,1.94257500833107,2.9402951426397
"Inflation, consumer prices (annual %)",FP.CPI.TOTL.ZG,Cameroon,CMR,1.09938128383608,0.0600513305003454,-0.0160550458717418,-3.20655456915868,35.0944618459464,9.06969071921509,3.92406372749798,4.78623881860375,3.17075185386906,1.87174500672008,1.22719012976132,4.41977245881145,2.83442260128066,0.623163557374316,0.233647380067583,2.01353950175986,5.11757816019469,0.921402245650095,5.33780627627498,3.04361847939999,1.27538046242338,2.93969946305091,2.73529677529539,2.0503471800174,1.85489850366776,2.67623531419899,0.874190383288856,0.64040914988195,1.0688581131292,2.45280214062732,2.43760882182236
"Inflation, consumer prices (annual %)",FP.CPI.TOTL.ZG,Canada,CAN,4.78047693336304,5.62586408593005,1.49013290374545,1.86507936507938,0.165562913907291,2.14876033057849,1.57053112507137,1.6212163808453,0.995942456658019,1.73484295105918,2.71943995691976,2.52512013979905,2.25839440940855,2.75856321360112,1.85725871857256,2.21355203439767,2.00202539534161,2.13838399266837,2.37027067444298,0.299466803009299,1.77687154092627,2.91213508872351,1.51567823124516,0.938291897815316,1.90663590717861,1.12524136094277,1.42875954701085,1.59688412852976,2.26822567248103,1.94926902411592,0.716999632307827
"Inflation, consumer prices (annual %)",FP.CPI.TOTL.ZG,Cayman Islands,CYM,..,..,..,..,..,..,..,..,..,..,..,..,..,..,..,..,..,..,..,..,0.276140861750108,1.32543575779664,1.18894845245607,2.1606114681339,1.27397911533387,-2.34752770165615,-0.62525835861814,..,..,..,..
"Inflation, consumer prices (annual %)",FP.CPI.TOTL.ZG,Central African Republic,CAF,-0.0123304562272101,-2.76236280675762,-1.03360811667777,-2.91535849298334,24.5710137275604,19.1894039735098,3.72494110325801,1.6113134776091,-1.8852009615791,-1.41420220082551,3.20340091563112,3.83486060237361,2.33181703516234,4.13470905150995,-2.06640601136302,2.88352073359021,6.69526465773354,0.959917619457109,9.25895099417076,3.52126227238642,1.49102370047802,1.1944757244985,5.47829594346117,6.98879341970198,14.8986841797549,1.40297017136816,4.94543276106518,4.18072331871266,1.61215686991555,2.68537355266786,1.71015659523152
"Inflation, consumer prices (annual %)",FP.CPI.TOTL.ZG,Chad,TCD,-0.738282265310918,3.19387473029496,-3.11303067214949,-8.427933486518,41.7248972364414,9.23032599768656,11.3308789057282,5.5722571112533,4.2588511022514,-8.02505962727454,3.82260088086306,12.4312865279941,5.19181895195446,-1.75256941248655,-5.35540028884816,7.89036567462993,8.03628897951331,-8.9747396200927,10.2969758221254,9.95242290748864,-2.07786574641866,2.0292405367826,7.51662364663833,0.222671564624551,1.6819731392567,4.37712665065654,-0.792440525236102,-1.5370996298084,4.27462198610545,-0.971939175419401,4.46414437232861
"Inflation, consumer prices (annual %)",FP.CPI.TOTL.ZG,Channel Islands,CHI,..,..,..,..,..,..,..,..,..,..,..,..,..,..,..,..,..,..,..,..,..,..,..,..,..,..,..,..,..,..,..
"Inflation, consumer prices (annual %)",FP.CPI.TOTL.ZG,Chile,CHL,26.0364811362364,21.7844124277757,15.4258064688927,12.7277669490963,11.4431196444972,8.23263034116114,7.35911781788767,6.13386464357927,5.11024954517559,3.33687917526023,3.84327295706565,3.56910053001466,2.48939816650705,2.8101787574361,1.05473871403516,3.05257621387849,3.39201733699405,4.40779938398044,8.71626873039607,0.353045178360936,1.4107110795432,3.34121694259302,3.00744840213047,1.7895555398459,4.71867527854671,4.34877353217044,3.78619355893118,2.18271846868519,2.43488981353057,2.55754475703326,3.04549084804326
"Inflation, consumer prices (annual %)",FP.CPI.TOTL.ZG,China,CHN,3.05229012075233,3.55668565220452,6.35398134024868,14.6100786356602,24.2569897243361,16.7912251650916,8.31316028893908,2.78646505531881,-0.773186011549318,-1.40147268276464,0.347811226864586,0.719125609120113,-0.731970902350243,1.12760348729637,3.82463743108159,1.7764140766757,1.64943099455859,4.81676767378834,5.92525137041091,-0.728165250932898,3.17532475269199,5.55389892257493,2.6195243264554,2.62105001748114,1.9216416278852,1.43702380935654,2.00000182191943,1.59313600071435,2.07479039965576,2.89923416358226,2.41942189457782
"Inflation, consumer prices (annual %)",FP.CPI.TOTL.ZG,Colombia,COL,29.1520245976215,30.3878204854435,27.010626623136,22.4424828533275,22.8462417553044,20.8917930194849,20.7975755127401,18.4700217119089,18.6769799276671,10.873687085747,9.22534818585365,7.96556090304834,6.35150728778872,7.1297886294186,5.90402005546502,5.05101962689695,4.29342363628926,5.54438485815155,6.9968849555451,4.20251661216481,2.27200227892008,3.4150334477625,3.16930188840055,2.01699224310383,2.89883787761737,4.98983115849529,7.51346024627674,4.3143132569501,3.24056932930569,3.52301932741446,2.52663500084706
"Inflation, consumer prices (annual %)",FP.CPI.TOTL.ZG,Comoros,COM,..,..,..,..,..,..,..,..,..,..,..,5.55459394816812,3.53304214308077,3.799081366719,4.47499289078106,3.0133239505812,3.37436360121204,4.46616710098131,1.7007817628453,4.36234829325719,3.35475770328919,1.8426630075619,6.31474450315177,-4.29487331536756,7.54755379096711,-0.117173884190069,0.797517430888487,-0.237362224154613,2.15155084413033,3.58213544469211,0.786641929499151
"Inflation, consumer prices (annual %)",FP.CPI.TOTL.ZG,"Congo, Dem. Rep.",COD,81.295404814004,2154.4368271134,4129.16985661558,1986.90476190475,23773.1317741015,541.908883239026,492.441850235414,198.516707416462,29.1488069236652,284.894975914086,513.906843747535,359.936614264585,31.5225826025495,12.8739657187404,3.9943840081597,21.316816722934,13.0526949745101,16.9451006541949,17.3013845700156,2.79999999999981,7.10000000000037,15.316515913949,9.72182806273364,0.80822310148711,1.24303889760802,0.74419899478147,2.88585107289988,..,..,..,..
"Inflation, consumer prices (annual %)",FP.CPI.TOTL.ZG,"Congo, Rep.",COG,2.88905374216946,-1.67834968956536,-3.93546810070881,4.92366412213743,42.4396750333452,9.41800743452227,10.0311203319502,..,..,4.14267137284048,-0.88199151702543,0.0559899218140582,4.37875971780872,-0.631844987363156,2.42976607961799,3.09449011456181,6.53784395299603,2.65464645060702,4.95875092023151,4.41500374795223,0.391525011227612,1.75958704273803,5.01018773134471,4.63161619729461,0.912139545450097,3.16909796750829,3.19056179723773,0.450063823285546,1.15277896375523,2.20607305781525,1.79537147083107
"Inflation, consumer prices (annual %)",FP.CPI.TOTL.ZG,Costa Rica,CRI,19.0397526635648,28.7092913706617,21.7911687900609,9.77860078293776,13.5344687273427,23.1864981102567,17.5114524814591,13.2480440791191,11.6592997742233,10.0452817292494,10.9615496593622,11.2556157091171,9.16752048509118,9.44758091616983,12.3148150178852,13.7982949108987,11.4705968149052,9.35724456417157,13.4244635507283,7.84270167700653,5.66275708420021,4.87799830970702,4.49545314354605,5.23133614174428,4.51920098516953,0.801982005099623,-0.0174788505908217,1.62590692991731,2.2211146152658,2.09604635327807,0.724911478131375
"Inflation, consumer prices (annual %)",FP.CPI.TOTL.ZG,Cote d'Ivoire,CIV,-0.80587969827806,1.68334849863479,4.23138382869967,2.16471453976754,26.0815719947161,14.2950690851944,2.48080669187551,4.02083333333305,4.61144759515372,0.70237580595596,2.53077516737996,4.36152914007256,3.07726485157427,3.29680746974208,1.45798835600741,3.88583039886481,2.46719148596914,1.89200629349597,6.30852769152578,1.01950457731137,1.22645612135479,4.9124339505245,1.30451119915606,2.58117037252935,0.448682076766141,1.25149954781467,0.723178457513308,0.685881065304603,0.401297817263547,0.79085551205366,2.41252617189052
"Inflation, consumer prices (annual %)",FP.CPI.TOTL.ZG,Croatia,HRV,500.000000000001,122.222222222221,625.000000000001,1500,107.327586206896,3.95010395010402,4.29999999999995,4.17066155321188,6.39668660837554,4.01913875598086,4.61131554737801,3.77670246665889,1.67178437393383,1.76733780760629,2.05539679050328,3.31717824448045,3.18982591472949,2.89928275583388,6.07696838798354,2.37852845904674,1.03055505333574,2.2727272727273,3.41207349081358,2.21658206429779,-0.215196159576268,-0.464499004644911,-1.12500000000002,1.12937210282347,1.50012501041756,0.771820346498019,0.154811374562106
"Inflation, consumer prices (annual %)",FP.CPI.TOTL.ZG,Cuba,CUB,..,..,..,..,..,..,..,..,..,..,..,..,..,..,..,..,..,..,..,..,..,..,..,..,..,..,..,..,..,..,..
"Inflation, consumer prices (annual %)",FP.CPI.TOTL.ZG,Curacao,CUW,..,..,..,..,..,..,..,..,..,..,..,1.79282868525896,0.391389432485324,1.6337139144157,1.37912138094799,4.11711711711707,3.11499524097949,2.99572039942908,6.8763239367776,1.75331605427595,2.77944261312586,2.3325315256217,3.18398746349454,1.33232086152117,1.49873969616429,-0.476542049801404,-0.0472079848940292,1.58558801700344,2.58368756641813,2.62220783425058,..
"Inflation, consumer prices (annual %)",FP.CPI.TOTL.ZG,Cyprus,CYP,4.50205462895842,5.03527438848104,6.51021953065818,4.85416666666692,4.6985893105498,2.61581787956337,2.97892486481265,3.60534444364628,2.22770732654316,1.62999999999998,4.1416576470206,1.97304191729914,2.80115505180746,4.13906538686858,2.28621706801674,2.56016132330233,2.30468732978555,2.37265183669719,4.66900841902485,0.326276652249793,2.43004084102254,3.28944939564211,2.38905410042316,-0.399357676464425,-1.35498885446314,-2.0969976905311,-1.42916666666665,0.531766496174467,1.43549119531759,0.250370996758493,-0.638422797978958
"Inflation, consumer prices (annual %)",FP.CPI.TOTL.ZG,Czechia,CZE,..,..,11.086500072223,20.8130295438428,10.039429835143,8.99052361478448,8.75877472878111,8.59615666715564,10.6983655274888,2.13544844417329,3.77538829151729,4.66267556988257,1.90298097019026,0.118739205526814,2.76010781671153,1.85709789109228,2.53399258343633,2.8531243721117,6.3586638015237,1.01937735329229,1.47272727272728,1.9172191363555,3.28762306610411,1.4382978723404,0.343988589646793,0.309364548494975,0.683504209385702,2.4505339846014,2.14949494949492,2.84787595918041,3.1612952849781
"Inflation, consumer prices (annual %)",FP.CPI.TOTL.ZG,Denmark,DNK,2.64160306382001,2.39515331724416,2.09604442933213,1.2578566795326,1.99201463809517,2.08360842382854,2.12629802275577,2.1821667790712,1.84565122007883,2.49779544404529,2.90328203236461,2.33787000255262,2.42443661219694,2.07507820646506,1.15435693124934,1.81781458291254,1.92422138464584,1.69326586220324,3.41626794258374,1.30470991024335,2.31092436974786,2.7586822605125,2.3979148566464,0.789071780078062,0.56402054044954,0.452034153691574,0.250000000000031,1.14713216957601,0.813609467455631,0.75813157251162,0.420711974110024
"Inflation, consumer prices (annual %)",FP.CPI.TOTL.ZG,Djibouti,DJI,..,..,..,..,..,..,..,..,..,..,..,1.74665224985434,0.637619553666319,1.98196734627544,3.12226204699352,3.10496640148299,3.48340699677866,4.96597654553301,11.9586206896551,1.67549587285962,3.95007875923886,5.0687139477798,3.73120950756887,-12.563149225034,1.34186494340162,-0.522166521445793,2.40252905434889,0.57728572456066,0.138836400011405,3.31763203299602,1.77900535643955
"Inflation, consumer prices (annual %)",FP.CPI.TOTL.ZG,Dominica,DMA,3.19092323226821,5.55706153429132,5.47182559344177,1.56902604224498,0.0151367351744227,1.31753745774969,1.67716450485913,2.43629715479673,0.999147457910748,1.17947787394174,0.856946805358482,1.3038940346596,0.170055330197681,1.4533680043725,2.39410982050298,1.68190079877552,2.20239132631669,3.6322212931782,6.35992183336295,0.00626357107066859,2.99936630549,1.1312313652648,1.35677147808859,-0.0464116468805991,0.799250372687492,-0.843826984638329,0.141816225732312,0.296252889279486,0.989191119189889,1.50462353858141,1.22026442242476
"Inflation, consumer prices (annual %)",FP.CPI.TOTL.ZG,Dominican Republic,DOM,50.4624792378524,47.0791574105359,4.25902638893392,5.2503388069097,8.26076798575834,12.5359594558962,5.39929385038922,8.29656754792045,4.83166558591895,6.47054186846928,7.72413566181615,8.8830684881296,5.22336769759446,27.4497127394394,51.4608598338065,4.19020260472056,7.57280523853073,6.14356655248047,10.6446210953711,1.44215131834353,6.32993220146146,5.79676809206533,3.69449707884776,4.830950967408,2.99864226125218,0.836746346724556,1.61416607245222,3.27955694678546,3.56443426013507,1.81060377042959,3.78103179915516
"Inflation, consumer prices (annual %)",FP.CPI.TOTL.ZG,Ecuador,ECU,48.5191129963729,48.718080675219,54.6078215093596,44.9550537592163,27.3108817940495,22.9341344145802,24.4114592150674,30.6575675722172,36.0984331623885,52.2420051858225,96.0963756926096,37.6767454518094,12.4835980082094,7.92936487461555,2.74323198926704,2.1682770118372,3.29874846258215,2.27618478002121,8.40009593987462,5.15996829181047,3.55437734567842,4.4745326579584,5.10172180958665,2.72177577710371,3.58922016616663,3.96664623255357,1.72826463324532,0.417335588666824,-0.224103246005552,0.266012515466155,-0.338872392562139
"Inflation, consumer prices (annual %)",FP.CPI.TOTL.ZG,"Egypt, Arab Rep.",EGY,16.7563747077691,19.7485448195578,13.6374241717218,12.0897922868977,8.15423128587096,15.7422305021595,7.18710369719992,4.62560578826438,3.87257546427489,3.07949912638332,2.68380535348546,2.26975720475955,2.73723855000334,4.50777636319303,11.2706193320519,4.86939696871988,7.64452644526434,9.31896905799229,18.3168316831684,11.7634954386443,11.2651882653185,10.0649259874818,7.11172943343082,9.4697198106492,10.0702154687481,10.370490343517,13.8136062148289,29.5066083940038,14.4014657807421,9.15279959324803,5.04493288977538
"Inflation, consumer prices (annual %)",FP.CPI.TOTL.ZG,El Salvador,SLV,23.9991651130861,14.4026748806266,11.2144813801987,18.5066883302714,10.5858066526451,10.0296564501018,9.78892040179966,4.49013627855204,2.54705977554151,0.514827130192979,2.27128756828723,3.7508205747202,1.86552503610077,2.1203909173333,4.45194392395045,4.69094870903769,4.03712359429612,4.57808572377153,6.70792293515939,1.05595029731201,1.17933576873673,5.1289237668161,1.72973481581383,0.757669184522973,1.14134467538233,-0.731384487387957,0.60404908699661,1.0123540331558,1.09033000581892,0.0753241350024612,-0.371590212324095
"Inflation, consumer prices (annual %)",FP.CPI.TOTL.ZG,Equatorial Guinea,GNQ,0.857871551124735,-3.42528735632201,-4.27874315639129,5.4522847373328,31.8410168416385,19.8724349483472,4.54072771540235,3.01650540694366,7.93571069814148,0.372266170311928,4.80228886901398,8.82538925854966,7.5924784983324,7.32354399351809,4.21968787094834,5.63163351357613,4.41589984169561,2.80373831775704,6.55176691184535,4.69106567747375,7.78916547991184,4.805389221557,3.65662048278806,2.94887694639662,4.30999866149107,1.67663085315988,1.41193915479015,0.74435474661241,1.06007410662171,1.53027528964189,4.76669523944228
"Inflation, consumer prices (annual %)",FP.CPI.TOTL.ZG,Eritrea,ERI,..,..,..,..,..,..,..,..,..,..,..,..,..,..,..,..,..,..,..,..,..,..,..,..,..,..,..,..,..,..,..
"Inflation, consumer prices (annual %)",FP.CPI.TOTL.ZG,Estonia,EST,..,..,..,89.8119490277274,47.6546906187628,28.7766137208513,23.0503433495169,10.5818789322146,8.20833333333297,3.29611089718909,4.01848952508763,5.74827981651373,3.57191270164026,1.33499116549955,3.04811107523416,4.07971423199848,4.43762042389213,6.60132603055637,10.3623580313682,-0.0784083112809768,2.97204512015693,4.9819013145361,3.93339987296985,2.78056658954987,-0.106175146521709,-0.49232600654737,0.148684907627372,3.41723549488054,3.43632688420446,2.27725931243522,-0.444531097679829
"Inflation, consumer prices (annual %)",FP.CPI.TOTL.ZG,Eswatini,SWZ,13.0922899124981,8.93430656934288,7.55829536317337,12.0234238724148,13.7693248804359,12.2885912601426,6.42521330315218,7.12532722513057,8.10996563573863,6.08886063431493,12.2085358545844,5.94210982281648,12.0197154699232,7.28999999999999,3.44533507316614,4.77400404553712,5.30463946338728,8.07608827861589,12.6574601863915,7.44823423445754,4.50923691774369,6.10742714590251,8.93964682788212,5.62130623468948,5.68134885776447,4.95124493704919,7.8472745908568,6.22137528933118,4.81506167461513,2.59801620311077,..
"Inflation, consumer prices (annual %)",FP.CPI.TOTL.ZG,Ethiopia,ETH,5.15248124174767,35.7225982298715,10.5274440119592,3.54306596166032,7.59387600185336,10.0221733553238,-8.48424868948825,2.39520958083829,0.894801693964106,7.94144864137325,0.662458109266481,-8.23784453391136,0.6750891021708,13.6740452028271,3.32737047894847,9.96997123512891,12.2994763114824,17.2404008340897,44.3566858766951,8.48364404530282,8.14926402965082,33.2499598823344,23.600417677317,7.46402192944517,6.89001951597191,9.56889955968623,6.62813337230924,10.6871150284238,13.8330356586661,15.8096321719344,20.3563468559061
"Inflation, consumer prices (annual %)",FP.CPI.TOTL.ZG,Faroe Islands,FRO,..,..,..,..,..,..,..,..,..,..,..,..,..,..,..,..,..,..,..,..,..,..,..,..,..,..,..,..,..,..,..
"Inflation, consumer prices (annual %)",FP.CPI.TOTL.ZG,Fiji,FJI,8.19137132040969,6.49734555984547,4.88302271568615,5.20658925195764,0.816666666667011,2.16564721441536,3.05016181229797,3.36814006437943,5.71168160413118,1.96867366000919,1.09216459977387,4.27267024465105,0.762032085561206,4.17274777763034,2.827485193912,2.36576453830433,2.49083638787078,4.80370641306988,7.73227857918421,3.13103559015967,3.6890122967076,7.278117827085,3.42337523401979,2.91354193603992,0.519306474579106,1.37488542621446,3.86322538221277,3.34757834757831,4.08147637644542,1.79388647514555,-1.70014167847317
"Inflation, consumer prices (annual %)",FP.CPI.TOTL.ZG,Finland,FIN,6.14956531179849,4.31021289843465,2.91932319285011,2.19065319556436,1.08855677589404,0.791239406938497,0.629194238120965,1.19255883425839,1.3994737857984,1.16223155669444,3.04210080667795,2.57844080098895,1.57122012789379,0.877440386254785,0.187120559084418,0.62387445002519,1.56666380704386,2.5106656524034,4.06595355358379,-9.17360384430342E-07,1.18413523154646,3.41680754255211,2.80833622561573,1.47828615688809,1.04119621178439,-0.207928839905268,0.356684500891695,0.754015047084346,1.08382098409305,1.0240939296343,0.290554555653239
"Inflation, consumer prices (annual %)",FP.CPI.TOTL.ZG,France,FRA,3.19428338029481,3.21340732409677,2.36376046269355,2.10446277124642,1.65551532926999,1.79648142095589,1.98288365089738,1.20394294026963,0.651126867833072,0.537141639134596,1.67595988720928,1.63478079549599,1.92341228727063,2.09847219146919,2.14208964640238,1.74586936380487,1.67512449608726,1.48799805953859,2.81286194914785,0.0876204781574653,1.53112270420918,2.11159795175,1.95419531613509,0.863715497861804,0.507758822937989,0.0375143805125181,0.183334861123764,1.03228275064681,1.85081508315492,1.10825492288293,0.476498852725065
"Inflation, consumer prices (annual %)",FP.CPI.TOTL.ZG,French Polynesia,PYF,..,..,..,..,..,..,..,..,..,..,..,..,..,..,..,..,..,..,..,..,..,..,..,..,..,..,..,..,..,..,..
"Inflation, consumer prices (annual %)",FP.CPI.TOTL.ZG,Gabon,GAB,7.72532188841208,-11.6861126920888,-9.54291330336575,0.533746556474191,36.1162456962985,9.64653104079616,0.689693377281638,3.973450075453,1.44873854294598,-1.93660397603626,0.504920025834859,2.13762052701465,0.0366828893971394,2.23535313551536,0.40820530743925,3.70833333333304,-1.4094013660098,5.03031883679951,5.26430145575285,1.88570754577918,1.46154402720469,1.26331707837421,2.65241828695626,0.505441058915615,4.69045751826284,-0.338795188753406,2.10670712784054,2.65192583143902,4.74906652083221,2.46456756151187,1.35276110675333
"Inflation, consumer prices (annual %)",FP.CPI.TOTL.ZG,"Gambia, The",GMB,12.1677841130696,8.64234325973438,9.48654250617163,6.46380422753847,1.71020632305637,6.98097441830556,1.09948870771018,2.78122790023229,1.11418841174713,3.8123720536602,0.8449695667737,4.49259609239754,8.60912474386327,17.0328665431988,14.2067432845569,4.83862177543157,2.0565034236599,5.36913473801957,4.4436549094501,4.56150687670983,5.04968075857402,4.7958826618311,4.25432199813899,5.69912989637382,5.94799935696626,6.8084549457961,7.22879272057922,8.03418974545911,6.52096823946573,7.11567625631192,5.93127636562441
"Inflation, consumer prices (annual %)",FP.CPI.TOTL.ZG,Georgia,GEO,..,..,..,..,..,162.717152150377,39.3574999987146,7.08761762948726,3.56680781278783,19.1926758218895,4.06396201382596,4.64604442058634,5.58783730000794,0.837734531536568,5.65632636191132,8.24709043114158,9.16096508394497,9.24489745592404,9.99948761552747,1.7275146113791,7.11017897486099,8.5429333333333,-0.943658853270964,-0.512058410947092,3.06881210379543,4.00357820695097,2.13492713939121,6.03531725272117,2.6152447139767,4.85289821696723,5.2024648897534
"Inflation, consumer prices (annual %)",FP.CPI.TOTL.ZG,Germany,DEU,2.69646824292392,4.04703259753466,5.0569779673173,4.47457650752808,2.69305639854954,1.70616041317076,1.44972701963238,1.93937198922729,0.911183535014403,0.585433064230783,1.44026838719741,1.98385731334471,1.42080615551526,1.03422218628562,1.66573696655991,1.54691114751328,1.57742642840563,2.2983440070095,2.62837981637219,0.312739007368446,1.1038103778926,2.07517283735874,2.00848884782956,1.50472330251876,0.906794000434245,0.514426137125456,0.491747008445174,1.50949485109628,1.73216879766941,1.44565976888253,0.144877925813981
"Inflation, consumer prices (annual %)",FP.CPI.TOTL.ZG,Ghana,GHA,37.2590664855671,18.0314390089849,10.0561167448841,24.9598424742497,24.8702554369576,59.4615536991446,46.5610196762282,27.8852086407527,14.6241666666675,4.86539785077528,40.240933123914,41.509496287803,9.36093239560313,29.7729797160384,18.0427388232565,15.4389920155908,11.6791839392492,10.7342665456292,16.494639613412,19.2469482220857,10.7333898354915,8.7284593709302,11.1863409441067,11.6661923071729,15.4896160333318,17.1499695007878,17.4546347070868,12.3719215507048,7.80876516610703,7.14364003330857,9.88728956269944
"Inflation, consumer prices (annual %)",FP.CPI.TOTL.ZG,Gibraltar,GIB,..,..,..,..,..,..,..,..,..,..,..,..,..,..,..,..,..,..,..,..,..,..,..,..,..,..,..,..,..,..,..
"Inflation, consumer prices (annual %)",FP.CPI.TOTL.ZG,Greece,GRC,20.433499109463,19.4558456445745,15.8770737923919,14.4112644439349,10.8740756809131,8.93451415961512,8.19455217632728,5.53600266773482,4.76622572397645,2.6366330602198,3.15118162493827,3.37396832213865,3.62935871878874,3.53065027765554,2.89884810758167,3.5450727333508,3.19594684144543,2.89500321516578,4.1527970811029,1.21007269197809,4.71298907760395,3.3298532335065,1.50152696177758,-0.921269454256899,-1.31226096405525,-1.73588804765275,-0.825653978391033,1.12125452031425,0.62562141345364,0.253007522038059,-1.24798355581405
"Inflation, consumer prices (annual %)",FP.CPI.TOTL.ZG,Greenland,GRL,..,..,..,..,..,..,..,..,..,..,..,..,..,..,..,..,..,..,..,..,..,..,..,..,..,..,..,..,..,..,..
"Inflation, consumer prices (annual %)",FP.CPI.TOTL.ZG,Grenada,GRD,2.72423736530525,2.64460367880678,3.77833753148618,2.80859916782245,3.77065767284965,1.86882475298978,2.03235172127782,1.24452782989343,1.37769330389496,0.577427638677119,2.18181818181821,3.14099305202543,1.06721547992874,2.15492809908679,2.3129167822611,3.475806937554,4.25195321977967,3.85882922469653,8.0332732765034,-0.308654779585642,3.43650905943351,3.0334728033474,2.41077704021862,-0.0439997864828058,-0.98360305555498,-0.515448031435329,1.65038994431573,0.908458255874249,0.804102313277033,0.598149764736022,-0.740732597045498
"Inflation, consumer prices (annual %)",FP.CPI.TOTL.ZG,Guam,GUM,..,..,..,..,..,..,..,..,..,..,..,..,..,..,..,..,..,..,..,..,..,..,..,..,..,..,..,..,..,..,..
"Inflation, consumer prices (annual %)",FP.CPI.TOTL.ZG,Guatemala,GTM,41.2218671380973,33.1664219167535,10.0459179984088,11.8196901746257,10.8553211494391,8.41141312270566,11.0569165321987,9.23290294884935,6.61346070518058,5.21361058601122,5.97757734737136,7.28587366610138,8.13263054281054,5.60347675434469,7.57862247309729,9.1086498571922,6.56085282795384,6.82161753590326,11.355761126315,1.85910254733028,3.8595090983316,6.214123930671,3.78180754679678,4.34337131279521,3.4183616966296,2.3887203283955,4.44844199942827,4.42453655182546,3.75186186704508,3.69998398008605,3.21444062197345
"Inflation, consumer prices (annual %)",FP.CPI.TOTL.ZG,Guinea,GIN,..,..,..,..,..,..,..,..,..,..,..,..,..,..,..,31.3733025877534,34.6952705997072,18.1755656108597,23.065612938798,4.68438868976504,15.0502688559001,21.3169268542577,15.2262941038638,11.8875884481828,6.1505055670642,11.7800825029834,8.17268112275132,8.91435947913097,9.82761701259191,9.47001039253012,10.6016203387167
"Inflation, consumer prices (annual %)",FP.CPI.TOTL.ZG,Guinea-Bissau,GNB,33.0019778318026,57.5952847505664,69.5836363993793,48.1081660687067,15.1763474313441,45.3653083621856,50.7340549612119,49.1009235769531,8.01375518965603,-2.08630513223527,8.63632094930278,3.34812265527108,3.30012175283752,-3.50258551103421,0.883302696930943,3.32919922802856,1.95473717628916,4.61743772241997,10.4600731354706,-1.65139733620775,2.51785140171701,5.046102263202,2.13054580274503,1.20712555668405,-1.50924460570494,1.47672048910485,1.50312055861088,1.69111461822298,0.381324702790992,0.24660026814783,1.14000939393222
"Inflation, consumer prices (annual %)",FP.CPI.TOTL.ZG,Guyana,GUY,..,..,..,..,..,12.2105263157895,7.09471197276045,3.55567090578809,4.5864661654135,7.53821939851393,6.14854333024871,2.62741314203332,5.3410152137741,5.98097814066473,4.66846622369882,6.92554303890157,6.67715790410028,12.2001544446648,8.10202206969276,2.95230096381001,3.73337757704246,4.9777356370697,2.39193521312334,1.90125181860582,0.852630497539914,-1.00173432776374,0.836008061506207,1.90465615515584,1.28284288443528,2.08723089162013,0.99333702283873
"Inflation, consumer prices (annual %)",FP.CPI.TOTL.ZG,Haiti,HTI,21.2760320067832,15.4199073669492,19.358494654122,29.7059715065172,39.3316195372753,27.6081851727601,20.5835962145112,20.5590073395833,5.26903547042201,3.00439421550734,9.33322197565603,13.31672224251,7.03287406224601,28.6995777887374,21.0318339277222,13.973008326384,11.3452152244299,6.55722772638066,15.2817744823772,0.393886040173341,4.82734190074673,6.33279483849042,5.01804155429246,4.76502404779142,3.43816659958601,6.73184069658997,11.5029073942666,10.6800887242584,12.4814111170435,18.7037825672506,22.7963113642528
"Inflation, consumer prices (annual %)",FP.CPI.TOTL.ZG,Honduras,HND,23.3225664366467,33.9722602535864,8.75988625255494,10.748646716372,21.729346883819,29.4645292281585,23.8378353073358,20.1998667554962,13.6681077485869,11.66374097913,11.0480349344976,9.67415556865377,7.69050972034271,7.67416639397937,8.1137909709338,8.80906074819819,5.57775207654298,6.93621470895774,11.4034270813932,5.49634273772208,4.69889064976226,6.7622795731476,5.19618615531848,5.16189898581494,6.12924930313022,3.15783117980923,2.72461223295289,3.93436084442044,4.34734937777528,4.36587159819267,3.46841177951184
"Inflation, consumer prices (annual %)",FP.CPI.TOTL.ZG,"Hong Kong SAR, China",HKG,10.4265402843602,11.1587982832617,9.65250965250966,8.80281690140857,8.73786407766985,9.07738095238091,6.27557980900412,5.77663671373521,2.91262135922399,-4.00943396226445,-3.68550368550369,-1.65816326530609,-2.98313878080415,-2.67379679144394,-0.274725274725253,0.826446280991827,2.00025160397534,2.03502713369511,4.30315484104921,0.579441418472608,2.29289088604673,5.3052489299392,4.05390950903844,4.33799342105267,4.42364532019699,2.99084819322581,2.40930743862224,1.49387243939522,2.40613432046534,2.88320853773996,0.2509620210808
"Inflation, consumer prices (annual %)",FP.CPI.TOTL.ZG,Hungary,HUN,28.3695996532777,34.8175429072704,23.6557207806552,22.4642346133809,18.8680749869283,28.3054683706654,23.4690301919185,18.3050744143799,14.153789654534,9.99774409303368,9.80361016908125,9.11680911680911,5.26544821583985,4.66101694915254,6.74434679569469,3.56151711378352,3.93032603841001,7.9587451654491,6.0425125388106,4.21171171171171,4.85555795691956,3.9299209893507,5.65214517088646,1.73319984983101,-0.227566270988219,-0.0616446800641672,0.394769306686392,2.34824281150154,2.85024792594646,3.33858635382008,3.32674385766738
"Inflation, consumer prices (annual %)",FP.CPI.TOTL.ZG,Iceland,ISL,15.510721994253,6.80877887943634,3.94771176824031,4.04285291076947,1.55265627495777,1.65123150116658,2.26041898267297,1.81543080282242,1.65924170953427,3.23183260906467,5.13647123245151,6.40508550386868,5.19702230216628,2.05566329753742,3.15819324298464,3.98704782806593,6.68707906136661,5.05155736492146,12.6943942775878,12.0031298461743,5.39673113167477,4.0010266434312,5.18589988750698,3.87227923748249,2.04461481539333,1.63305558181326,1.69692761997751,1.76041559180596,2.68291768267392,3.01397179156053,2.84792401518665
"Inflation, consumer prices (annual %)",FP.CPI.TOTL.ZG,India,IND,8.9712325027325,13.8702461773683,11.7878170418134,6.32689048779867,10.2479355556119,10.2248861637544,8.97715233826453,7.16425211462724,13.2308389767977,4.66982038037594,4.0094359104519,3.77929312235637,4.29715203929563,3.80585899528851,3.76725173477515,4.24634362031922,5.79652337561634,6.37288135593231,8.34926704907581,10.8823529411764,11.9893899204244,8.91179336483371,9.47899691419801,10.0178784746102,6.66565671867899,4.90697344127256,4.94821634062141,3.32817337461298,3.9388264669163,3.72950573539129,6.62343677628535
"Inflation, consumer prices (annual %)",FP.CPI.TOTL.ZG,Indonesia,IDN,7.81919756505635,9.41906784347004,7.52351006242677,9.6719108926401,8.53199829189143,9.42030300572996,7.97328096513346,6.22615154887214,58.4510413515526,20.4778324428892,3.68862037056682,11.5001160550887,11.9001200338414,6.75731256333564,6.06406189133648,10.4532001873347,13.108670985346,6.40656087966005,10.2266663272483,4.38641311792074,5.13420639015885,5.35604849112582,4.2795142691943,6.41249457900391,6.39492882396559,6.36312061196646,3.52580452815451,3.80879857691949,3.19834755924996,3.03058460941661,1.91983527270793
"Inflation, consumer prices (annual %)",FP.CPI.TOTL.ZG,"Iran, Islamic Rep.",IRN,7.62767493763934,17.1285679434012,25.8077226162332,21.2026307547761,31.4470284237728,49.6559858462746,28.9373440168137,17.3492257538708,17.8661342130398,20.0707078146866,14.4767513188567,11.2742471332117,14.3359337378404,16.4680116244792,14.7615086970672,13.433118008508,10.0158982511924,17.3410404624277,25.4105090311987,13.5515548281506,10.0893629287979,26.2933856738608,27.2568127242908,36.6030355191029,16.6065532357449,12.4846815611533,7.24542548952979,8.04492437660278,18.0141183371874,39.9073455697784,30.5941390387295
"Inflation, consumer prices (annual %)",FP.CPI.TOTL.ZG,Iraq,IRQ,..,180.952380952381,83.615819209039,207.692307692309,448.499999999999,387.310847766638,-16.1173257510572,23.0631996788727,14.7687735575528,12.5777623393436,4.97896213183735,16.3740814963262,19.316694601979,33.6162105992383,26.9619068193272,36.9594809201871,53.230962911428,-10.0674925768978,12.6628528269228,6.8736154721255,2.8777472527476,5.801455370853,6.08909641595043,1.87949800749469,2.23597407904679,1.39333028780309,0.556521397155511,0.18405889884769,0.367441488936849,-0.198965380023928,0.574162679425795
"Inflation, consumer prices (annual %)",FP.CPI.TOTL.ZG,Ireland,IRL,3.31732886680118,3.21081037142378,3.06999853835904,1.46941522411422,2.30920192610951,2.52486446780802,1.75574469607419,1.5418020226137,2.40768094534715,1.62988605221407,5.57763269940387,4.85280279607477,4.62820512820515,3.49221909079765,2.17854605730523,2.45654692931639,3.93576114001354,4.88574537540802,4.03568834941391,-4.44754686876746,-0.918388645376774,2.5489783020855,1.69474116680366,0.515099484900573,0.190916398713745,-0.330959783371788,0.0201247735963237,0.362173038229378,0.471130713712916,0.937842961189274,-0.326183651280033
"Inflation, consumer prices (annual %)",FP.CPI.TOTL.ZG,Isle of Man,IMN,..,..,..,..,..,..,..,..,..,..,..,..,..,..,..,..,..,..,..,..,..,..,..,..,..,..,..,..,..,..,..
"Inflation, consumer prices (annual %)",FP.CPI.TOTL.ZG,Israel,ISR,17.2553348050036,19.1088798242862,12.0653319283457,10.8838740009403,12.253550985796,9.93389990557126,11.4585122831129,8.95499383477184,5.48875371339656,5.18975459299983,1.03263640999489,1.12302839116721,5.80234589468429,0.70763061681807,-0.421595034547416,1.34070328119492,2.05407914587443,0.466226972936065,4.52744765138651,3.3676231727125,2.70270270270273,3.48837209302323,1.67553715750052,1.58976347421476,0.467557251908503,-0.617342577642765,-0.535168195718695,0.249807840123008,0.805060379528526,0.817645940292794,-0.575254620897756
"Inflation, consumer prices (annual %)",FP.CPI.TOTL.ZG,Italy,ITA,6.456609061464,6.24999929790291,5.2705899859293,4.62673468331298,4.05184218065716,5.23542258044301,4.0069766898104,2.04310779750136,1.95508557719381,1.66345995007714,2.53768532095002,2.78516542713554,2.46532319171165,2.6725555277285,2.20673661423657,1.9852929852798,2.09084391012754,1.82974112202403,3.34783258401022,0.774768131387381,1.52551602118248,2.78063272879323,3.04136333226775,1.21999342274306,0.241047429826756,0.0387903996579733,-0.09401665691575,1.22653316645812,1.13748763600391,0.611246943765304,-0.13770757391651
"Inflation, consumer prices (annual %)",FP.CPI.TOTL.ZG,Jamaica,JAM,21.9601751165083,51.0710977304313,77.2965929559651,22.0699494185292,35.0633942484772,19.9087488364168,26.4066566074043,9.65755261268595,8.63189613012144,5.95423949113006,8.17108356120225,6.8019093078759,7.07635009310985,10.0869565217391,13.5545023696682,15.0528658875905,8.56106408706157,9.24482067275562,22.0228384991843,9.59224598930482,12.6105519975603,7.555856465809,6.87397708674309,9.34150076569673,8.27407886231419,3.69154228855725,2.35102197485846,4.37839864991561,3.73663882152163,3.90510000865872,5.2267777929352
"Inflation, consumer prices (annual %)",FP.CPI.TOTL.ZG,Japan,JPN,3.0785162869516,3.25143848753308,1.7602830605927,1.24304589707924,0.695458057869004,-0.127899045020446,0.136600358575909,1.74780458692133,0.661974191385911,-0.341296928327554,-0.676578683595175,-0.740055504162738,-0.923494026942321,-0.256541816316025,-0.00857338820310272,-0.282946068764391,0.249355116079085,0.060039454498669,1.3800788616492,-1.35283672951719,-0.728243207517779,-0.27245561610124,-0.0440645104432602,0.335037912184741,2.75922671353253,0.795279630579839,-0.127258844489754,0.484199796126385,0.989094598021848,0.46877615938395,-0.024995834027731
"Inflation, consumer prices (annual %)",FP.CPI.TOTL.ZG,Jordan,JOR,16.1921375615233,8.15549597855212,3.9958356055719,3.31666666666706,3.51669624132886,2.35312451301273,6.50121802679586,3.0378842030025,3.09166666666703,0.606256567779427,0.66688092559796,1.77220437351017,1.83299389002049,1.62999999999998,3.36186821476601,3.49368534619531,6.25172466656443,4.74390639021648,13.9712310012729,-0.739069743144777,4.84551875852116,4.1624416292779,4.5152295667099,4.82462314269537,2.89947905006057,-0.876851359704049,-0.778430463054142,3.32389447576097,4.46231108475481,0.761514047265601,0.333294350628378
"Inflation, consumer prices (annual %)",FP.CPI.TOTL.ZG,Kazakhstan,KAZ,..,..,..,..,1877.37239517572,176.15529894237,39.1825423654111,17.4080410607357,7.14632665452334,8.29602765342564,13.1808905865731,8.35413777161344,5.83692452105643,6.4382181011894,6.88205438981899,7.57999929125766,8.72169386091726,10.8468362075557,17.139899777207,7.31607858288578,7.40046356341396,8.4529046617679,5.19568369035073,5.94283871648418,6.84944977003358,6.67828585615236,14.3610942386248,7.44266321306792,6.16366247577762,5.33356098916669,6.71815454861458
"Inflation, consumer prices (annual %)",FP.CPI.TOTL.ZG,Kenya,KEN,17.78181442992,20.0844955754632,27.3323644475784,45.9788813036218,28.8143894306731,1.55432816055009,8.86408741577522,11.3618450505783,6.72243650753928,5.74200109520484,9.98002515350979,5.73859814341467,1.96130821739162,9.81569062979654,11.6240355442426,10.3127783574683,14.4537342081708,9.75888023027529,26.2398166445063,9.23412592394652,3.96138889115385,14.0224913014704,9.37777003547598,5.71749357037733,6.87815499275949,6.58215429284779,6.29724953814625,8.00564967709945,4.6898064677633,5.23963795764792,5.40516207933392
"Inflation, consumer prices (annual %)",FP.CPI.TOTL.ZG,Kiribati,KIR,..,..,..,..,..,..,..,..,..,..,..,..,..,..,..,..,..,3.59252131266417,13.6653995252441,9.81643884508657,-3.89955040651649,1.4974097987597,-3.04586292775571,-1.488059084681,2.10398520925043,0.572015743634256,1.91731090233378,0.355520888546828,0.564030491493476,-1.81307995302947,2.5532455441463
"Inflation, consumer prices (annual %)",FP.CPI.TOTL.ZG,"Korea, Dem. People's Rep.",PRK,..,..,..,..,..,..,..,..,..,..,..,..,..,..,..,..,..,..,..,..,..,..,..,..,..,..,..,..,..,..,..
"Inflation, consumer prices (annual %)",FP.CPI.TOTL.ZG,"Korea, Rep.",KOR,8.57327225728677,9.33279048161495,6.21328146355184,4.80099660215354,6.26585950039679,4.48074108557248,4.92454354292754,4.4389318457463,7.51358008079307,0.81295725444637,2.25916580080157,4.06657587897792,2.76226210296599,3.51487451459939,3.59066298882578,2.75379162735039,2.24234028518921,2.53457382137932,4.67389655533408,2.7564965449393,2.93928652655686,4.0259650043609,2.18707104433314,1.30134754547413,1.27477446401322,0.70633177245575,0.971685739912168,1.94433230786366,1.47583935002645,0.383000303608136,0.537288023411737
"Inflation, consumer prices (annual %)",FP.CPI.TOTL.ZG,Kosovo,XKX,..,..,..,..,..,..,..,..,..,..,..,..,..,-1.08481262327414,-1.06472696605525,-1.38518913159299,0.621646938601728,4.35849695328369,9.35041764658178,-2.41026401661229,3.48050763735842,7.3364177131527,2.47673782156533,1.76732428354892,0.428957808324092,-0.536929392740659,0.273169431045468,1.48823430592319,1.05379773654991,2.67599202639893,0.198227922994854
"Inflation, consumer prices (annual %)",FP.CPI.TOTL.ZG,Kuwait,KWT,9.83363531543402,9.05818836232758,-0.54547121378821,0.382541365165916,2.53443526170792,2.68672756582484,3.55398569684287,0.682191434707604,0.129658287674027,2.99081035923166,1.81294613887089,1.29999999999999,0.888450148074907,0.961350293542112,1.24856443679889,4.14297583631023,3.05701339166722,5.48494983277596,10.5827097865144,4.60959548447787,4.49640287769787,4.8394034987095,3.25514600287211,2.68229684085039,2.90892672858625,3.27170166092133,3.19839776658374,2.17183298510006,0.543133148199567,1.09184802655856,2.101729548274
"Inflation, consumer prices (annual %)",FP.CPI.TOTL.ZG,Kyrgyz Republic,KGZ,..,..,..,..,..,..,31.9473377218567,23.4354278497005,10.4573825846721,37.0309258369344,18.7007342838023,6.9196798942304,2.13420986310243,2.97461295184355,4.11065084723381,4.3386739184431,5.55212333162542,10.2301032660484,24.5201024234102,6.83656248105368,7.96772225579684,16.6363262731495,2.76844236540957,6.61375202358082,7.5342472977589,6.50331838993384,0.388838296895799,3.1753098637994,1.54266145238436,1.13362257718804,6.32542296338078
"Inflation, consumer prices (annual %)",FP.CPI.TOTL.ZG,Lao PDR,LAO,35.642982971227,13.4415584415586,9.86452966991032,6.26722241519029,6.7844807862023,19.5939189878584,13.0244156963462,27.5088624491449,90.9807345622878,125.27212839928,25.0846414281315,7.81180794783471,10.6313446323333,15.4893529233525,10.4622667314208,7.16541759946639,6.54559439052787,4.66197269469701,7.62880887577516,0.141187674980385,5.98254521550082,7.5689885610998,4.2551267783209,6.37142717782947,4.12924306873771,1.27735427102992,1.59691227583204,0.825478607568026,2.04039266890201,3.32255881256925,5.10407262959919
"Inflation, consumer prices (annual %)",FP.CPI.TOTL.ZG,Latvia,LVA,..,..,951.696194870801,108.989540624323,35.9247053929643,24.9759355316749,17.6104698431033,8.44738342092961,4.64421422660783,2.36481836111805,2.65425477796048,2.48704003555464,1.93887573855886,2.94264752948478,6.19238547197429,6.74845027893124,6.53619908765872,10.0929775849169,15.4023191064986,3.53410672858934,-1.08463595015155,4.37073559939223,2.25778924374585,-0.029454778257828,0.620490636732421,0.174242243625186,0.140633334505327,2.93036312374665,2.53445424186598,2.81140920075624,0.219064904841985
"Inflation, consumer prices (annual %)",FP.CPI.TOTL.ZG,Lebanon,LBN,..,..,..,..,..,..,..,..,..,..,..,..,..,..,..,..,..,..,..,1.19509671165543,3.98347941855833,4.97148571692384,6.58147447683677,4.82101956297399,1.8546042134091,-3.74914524799629,-0.783359624361508,4.32135218303191,6.07698907889607,3.00538949390383,84.8643330472041
"Inflation, consumer prices (annual %)",FP.CPI.TOTL.ZG,Lesotho,LSO,11.6347569955818,17.6781002638523,17.2085201793721,13.1356607683724,8.21473862195302,9.27083333333323,9.33031458531928,..,..,..,6.13197538722696,-9.61615353858472,33.812578338126,6.62916357146762,5.02342068616285,3.43788423057443,6.07271879734293,8.01243669043409,10.7156661309681,-16.8596910540644,-2.40524254598706,5.0366305210156,6.05143662139967,4.86511899496385,5.37028961008587,3.21844513655931,6.59650490696543,4.447699373763,4.7518030162474,5.18708359197982,4.97809676252309
"Inflation, consumer prices (annual %)",FP.CPI.TOTL.ZG,Liberia,LBR,..,..,..,..,..,..,..,..,..,..,..,..,14.1596470116325,10.3302881236823,7.82908704883235,10.8343588481414,7.34144608278558,11.3918966807102,17.489448642993,7.42764305914919,7.28992796890218,8.488167518494,6.83178703418548,7.577306817414,9.86111285574904,7.74869687621322,8.83424868336488,12.4196323907138,23.5635148953742,26.9662760197878,16.9557241496255
"Inflation, consumer prices (annual %)",FP.CPI.TOTL.ZG,Libya,LBY,8.45146240803882,11.8960953011251,9.35975158953135,11.0735532720389,5.11259890444314,7.23798494499129,4.02807775377963,3.55029585798821,3.70927318295739,2.64862252295818,-2.90000000000024,-8.81393752145546,-9.79764705882357,-2.19115191986644,-2.197567740559,2.65020576131657,1.45926876202724,6.25098782993553,10.3607288954998,2.45990025609948,2.79989500109268,15.5184815317561,6.05980392156864,2.60581802719517,2.43294141599225,10.4022933588151,25.8538742124461,25.8036184788338,13.1702038536721,-2.16217883470595,1.44703656998741
"Inflation, consumer prices (annual %)",FP.CPI.TOTL.ZG,Liechtenstein,LIE,..,..,..,..,..,..,..,..,..,..,..,..,..,..,..,..,..,..,..,..,..,..,..,..,..,..,..,..,..,..,..
"Inflation, consumer prices (annual %)",FP.CPI.TOTL.ZG,Lithuania,LTU,..,..,1020.62056524354,410.451858561316,72.2546816164428,39.6476290328289,24.62519538645,8.88104848465892,5.06755385841968,0.727550626557424,0.981615478857598,1.36712030817819,0.281506610345575,-1.13430854990247,1.16410252104671,2.65848484065262,3.73912004060664,5.73717382799842,10.9258856241655,4.45304456518535,1.31921362055463,4.13027562645085,3.08998277055417,1.04747937065344,0.103758009433708,-0.884097405500596,0.905525075460342,3.72288862303707,2.69792779208394,2.33450937988027,1.19989444983569
"Inflation, consumer prices (annual %)",FP.CPI.TOTL.ZG,Luxembourg,LUX,3.25376659083639,3.11835659874851,3.15417375961789,3.58809818535164,2.1947646868907,1.86769424969105,1.18385968843571,1.36751261207943,0.958570110494674,1.02519676474932,3.15076707022592,2.66382110579103,2.07408613571643,2.04984030563518,2.22567916428889,2.48769665164088,2.66631494577069,2.31245861786127,3.40187963025571,0.368041997888887,2.2736791162154,3.41068341068342,2.66284165508021,1.73403963519162,0.628543985440717,0.474743161437779,0.290833333333317,1.73079959118887,1.5281952430738,1.74332075653848,0.819957302127036
"Inflation, consumer prices (annual %)",FP.CPI.TOTL.ZG,"Macao SAR, China",MAC,7.96969384363221,9.5688776593484,7.71392168356611,6.70588552770043,6.25206890210272,8.55866604308447,4.82248676783487,3.49093715138855,0.172630384568516,-3.20416248186587,-1.60971883961897,-1.98465008641646,-2.63751699816198,-1.56245203671305,0.980728452039451,4.39589284335674,5.14997337750692,5.57149689143952,8.61101858637,1.16906695453767,2.80947242060843,5.80624616691043,6.10738928336549,5.50057779178484,6.04823452094076,4.56056338028173,2.36895749705898,1.22812404052809,3.00446293166953,2.75193081051975,0.811410511491512
"Inflation, consumer prices (annual %)",FP.CPI.TOTL.ZG,Madagascar,MDG,11.7844838321357,8.59264760490192,14.5123786075771,10.008361204014,38.9417908989239,49.0802100590784,19.7563545439776,4.48638261737399,6.2080160866332,9.92953399348781,11.859684500028,7.91694484529586,16.4985255315846,-1.70400479616298,13.9558018033211,18.3638246468932,10.7656371554865,10.2879663187671,9.29650839381057,8.95421802392949,9.24732173644116,9.48254048582992,5.71384434191053,5.8264294445198,6.08040811088302,7.40419174202129,6.03575858154679,8.60905075422949,8.59422958870476,5.61051441492365,4.20179312190557
"Inflation, consumer prices (annual %)",FP.CPI.TOTL.ZG,Malawi,MWI,11.8235380454151,12.6153153828849,23.7513530230399,22.7727102336625,34.6496361508324,83.3257747543458,37.6020450235016,9.13735243003495,29.7486512828264,44.8041642861674,29.5814884631684,22.7,14.7446346101603,9.57679786919214,11.4298060822124,15.4103446604296,13.9742943548388,7.9522099086403,8.71260186609043,8.42204427696655,7.41159092883827,7.6228226284852,21.2712650013779,27.2833333333334,23.7920649469687,21.8673475542553,21.7111132136499,11.5433939188771,12.420178108921,9.3708360560567,8.62551469650552
"Inflation, consumer prices (annual %)",FP.CPI.TOTL.ZG,Malaysia,MYS,2.61780104712051,4.358333333333,4.76722829992821,3.53658536585389,3.72497055359284,3.45057509584895,3.48855945858916,2.66251459711946,5.27034200348766,2.74456130240604,1.53474023697699,1.41678473206098,1.80787246281536,1.08967632577286,1.42127115937402,2.97507092684449,3.60923564224389,2.02735317779569,5.44078221100769,0.583308405623702,1.62285235577035,3.1744709215131,1.66357102479206,2.10501231233612,3.14299050879095,2.10438980238359,2.09056659525742,3.87120115774237,0.884709160571235,0.662891865764326,-1.1387021539305
"Inflation, consumer prices (annual %)",FP.CPI.TOTL.ZG,Maldives,MDV,3.64991197717477,14.7136770282735,16.8559977535548,20.1273593149248,3.38610098291493,5.48886133171504,6.24124591476026,7.57283467072592,-1.40425233816792,2.95370836069129,-1.17475681175946,0.67257737006247,4.1786723990479,-1.26065113450354,-1.68541212459466,1.30027500930997,2.73842131602099,6.79477353930168,12.0414583505108,4.53017659132801,6.14988536750173,11.2734146055937,10.884695658563,3.8056300091943,2.12000175718134,0.953206658777607,0.502509413611612,2.81747338234509,-0.133373386117595,0.220029731065383,-1.36977425569811
"Inflation, consumer prices (annual %)",FP.CPI.TOTL.ZG,Mali,MLI,0.606339703737523,1.80042722001858,-6.24250599520425,-0.263767884261804,23.1767911524285,13.4417696811974,6.80545996788233,-0.362999795946695,4.03658945954986,-1.20190368637502,-0.677661659046769,5.18701191944068,5.03282275711194,-1.34672619047621,-3.09978128063957,6.39788293897883,1.54352596927582,1.41200201714577,9.17098813667678,2.46375188572299,1.10892690670186,2.95564395229392,5.32312847064058,-0.606736356351563,0.883814547137841,1.45069057605961,-1.79964707083386,1.75985742927165,0.299546507387843,-1.65826694846365,0.438088940320669
"Inflation, consumer prices (annual %)",FP.CPI.TOTL.ZG,Malta,MLT,2.9834058606356,2.54219284786975,1.63321209889045,4.14481954180488,4.12992181638259,4.42664550286654,2.05400000000009,3.11207791953272,2.38525135417661,2.13476888806386,2.36959287531806,2.92949244324104,2.18849048060549,1.30383777442602,2.79082848067754,3.00796652450313,2.77378006481472,1.24921923797629,4.25862171897073,2.08432746082343,1.51563513618532,2.9629852819288,2.37582057760386,1.1802843636655,0.310306472181665,1.10054826378929,0.642702771527304,1.36435448150708,1.15782362451517,1.6420600176894,0.638544956776712
"Inflation, consumer prices (annual %)",FP.CPI.TOTL.ZG,Marshall Islands,MHL,..,..,..,..,..,..,..,..,..,..,..,..,..,..,..,..,..,..,..,..,..,..,..,..,..,..,..,..,..,..,..
"Inflation, consumer prices (annual %)",FP.CPI.TOTL.ZG,Mauritania,MRT,6.60022564874018,5.62866666666699,10.141817562151,9.37034415971461,4.12825861295442,6.54379068524171,4.68130623916413,4.62534695318394,8.03166665498858,4.07417613596754,3.25406745833358,4.7148963468961,3.8957052575849,5.15190150769578,10.3676233473073,12.1256487185541,6.2410332814282,7.25410841304887,7.34663541249786,2.22092032381779,6.28354087427704,5.68631959575954,4.90242727217997,4.12910173783393,3.53436856147324,3.25472688117631,1.47171045650004,2.25427651934813,3.06735996058356,2.30009262117937,2.3856948845632
"Inflation, consumer prices (annual %)",FP.CPI.TOTL.ZG,Mauritius,MUS,13.4880887926371,7.00101377541879,4.64351929883709,10.5178384472896,7.32347154412294,6.02933188484532,6.55097336065573,6.83334334996102,6.81079323797193,6.90914624866773,4.19928825622807,5.38934426229508,6.41933372221149,3.92105357558188,4.71037060105883,4.93717004981795,8.91350105650142,8.82729272393294,9.73228317146887,2.51609128145113,2.93236301369857,6.52249254869341,3.85216033315983,3.54329573934839,3.21769191994684,1.28654970760232,0.977675134718965,3.66699702675925,3.2160538314457,0.405655190309553,2.5808007718283
"Inflation, consumer prices (annual %)",FP.CPI.TOTL.ZG,Mexico,MEX,26.6516725646771,22.662359455061,15.5078962533573,9.75146045357553,6.96581237191123,34.9992712889592,34.3783832235168,20.6256287259247,15.9283950119353,16.5856169707538,9.49156149435403,6.36773806235037,5.03072733151295,4.54690012118718,4.68840884843143,3.98805714597437,3.62946762439132,3.96684905458235,5.12498274575896,5.29735584228856,4.15672722680174,3.40737824605742,4.11150981070289,3.80639069747204,4.01861608078679,2.72064064964023,2.8217078474766,6.04145724018986,4.89935015356551,3.63596142127046,3.39683415570006
"Inflation, consumer prices (annual %)",FP.CPI.TOTL.ZG,"Micronesia, Fed. Sts.",FSM,..,..,..,..,..,..,..,..,..,..,2.15851810619419,0.502497351294027,-0.111442426432945,0.126643348208903,2.27669698247304,4.25769978210942,4.63737008585635,3.30634278002699,8.42372566246186,6.39360257735201,3.31370963136217,5.08259403890371,5.01850353045616,1.75232737350762,0.650284891767944,-0.2981158373807,-1.03746806405349,0.58225373525489,1.49840023593737,1.92385170787923,0.554594630853174
"Inflation, consumer prices (annual %)",FP.CPI.TOTL.ZG,Moldova,MDA,..,..,1026.82626424702,1613.60398876194,486.42562379589,29.8656104095718,23.5056772963368,11.7728324494467,7.69576517517208,39.2559806891745,31.2993015817784,9.7646628575763,5.30124390261587,11.7460792058234,12.5242768428228,11.9591837222127,12.7777557830351,12.3671668414302,12.783047261882,-0.0627185967108899,7.48385086350851,7.6872510335619,4.54633427355302,4.59787897363127,5.08878554625869,9.67624033101859,6.35930898037931,6.57022997455611,3.04505397337071,4.83778351428728,3.76597122245351
"Inflation, consumer prices (annual %)",FP.CPI.TOTL.ZG,Monaco,MCO,..,..,..,..,..,..,..,..,..,..,..,..,..,..,..,..,..,..,..,..,..,..,..,..,..,..,..,..,..,..,..
"Inflation, consumer prices (annual %)",FP.CPI.TOTL.ZG,Mongolia,MNG,..,..,..,268.150488882784,87.580009329808,0.0435161009571923,46.8899521531102,36.5561148948773,9.35704217716548,7.56494150307377,11.5955387593327,6.27736020484006,0.91707468718427,5.12899499422419,8.24115449417619,12.7165674066053,5.09516661663157,9.63096309630964,27.9556650246306,7.6195059351941,10.0462065881651,8.41121495327101,14.3303348325838,10.4906567588241,12.2539808129759,5.73568281938327,0.733272227314397,4.30143105302342,6.82424790145522,7.30106953550729,3.7237230614026
"Inflation, consumer prices (annual %)",FP.CPI.TOTL.ZG,Montenegro,MNE,..,..,..,..,..,..,..,..,..,..,..,..,..,..,..,..,2.92451258123648,4.34712215656112,8.75872769588798,3.46672373207793,0.654946570148479,3.4501431124869,4.14524724981119,2.20589268141178,-0.710514051710227,1.54869158222486,-0.271385023385176,2.3802359905313,2.611223782638,0.361563704540767,-0.255655699848551
"Inflation, consumer prices (annual %)",FP.CPI.TOTL.ZG,Morocco,MAR,6.78259401511006,7.98616600790512,5.7402466286874,5.18311396030801,5.14167152953361,6.12358164775523,2.98680922773017,1.03819895051614,2.75311330764477,0.684782608695643,1.89463456763464,0.619801875297975,2.79561966936936,1.16773367477592,1.49344403381774,0.982641660015951,3.28476166954811,2.04208512673344,3.71484311494064,0.971862998667636,0.993557401226392,0.9069249096918,1.28712240079219,1.88065466724086,0.442310053557048,1.5579071134626,1.63531114327064,0.754663249323619,1.80391671141896,0.303386036590383,0.705968661338261
"Inflation, consumer prices (annual %)",FP.CPI.TOTL.ZG,Mozambique,MOZ,..,..,..,..,..,..,..,..,..,..,..,..,..,..,..,6.42755278070087,13.2450879070999,8.48948675497455,14.5028053002268,3.78861330914625,12.4255421735156,11.1666056127874,2.60245456956618,4.26135250941963,2.55974875844295,3.55075967356746,17.4180418197597,15.1132073899384,3.91133439990729,2.80270307928111,3.48393567493204
"Inflation, consumer prices (annual %)",FP.CPI.TOTL.ZG,Myanmar,MMR,17.6267750314504,32.2720382866416,21.9132104007913,31.83160687276,24.0987860757019,25.1947123972847,16.2753966377374,29.6972325791529,51.4875497504079,18.4010433741609,-0.109165514668565,21.101305376923,57.0745112621703,36.5897175323924,4.53421374129692,9.36861814196704,19.9964873359214,35.0245970717698,26.7995371934022,1.47234311385647,7.71838195873614,5.0214601462073,1.46758322674679,5.64303883425501,4.953299184844,9.45417189526018,6.92882525816076,4.5725365531752,6.87232865662935,8.82506696804558,..
"Inflation, consumer prices (annual %)",FP.CPI.TOTL.ZG,Namibia,NAM,..,..,..,..,..,..,..,..,..,..,..,..,..,7.1361531145863,4.13663213144748,2.28194607024307,4.96116689298916,6.54788141101717,9.0946430719281,9.45172651521705,4.8749198764395,5.005595180812,6.72199777334886,5.60092502290401,5.35016966859602,3.39401538410559,6.72858234593338,6.14579981111164,4.29159105337875,3.72239414422695,2.20938236933469
"Inflation, consumer prices (annual %)",FP.CPI.TOTL.ZG,Nauru,NRU,..,..,..,..,..,..,..,..,..,..,..,..,..,..,..,..,..,..,..,..,..,0.3003003003003,-0.124750499001971,..,..,..,..,..,..,..,..
"Inflation, consumer prices (annual %)",FP.CPI.TOTL.ZG,Nepal,NPL,8.23970037453206,15.5574529276949,17.1495236243439,7.50539419087105,8.34928672883384,7.62296950698163,9.22046662376986,4.00998860523181,11.2444677818614,7.45111260957546,2.47882020709136,2.6883037354563,3.02939948714892,5.70700931874738,2.8418113124898,6.83633265892877,6.92033580707589,2.26921924439074,9.9078300530648,11.0948237386987,9.32650410745395,9.2270754612596,9.45980980357125,9.04016311917645,8.36415469659563,7.86890895590891,8.7903433200464,2.77703998300211,4.40659410175714,5.56616035243723,5.05635826238499
"Inflation, consumer prices (annual %)",FP.CPI.TOTL.ZG,Netherlands,NLD,2.45408985919675,3.15819751859096,3.18358569499581,2.58418115634715,2.80152693672192,1.92322457166359,2.11378787066774,2.10924562739483,1.95913632274257,2.1571791805505,2.36052233801958,4.15584127195612,3.28753104712766,2.09199838997655,1.26364739183177,1.6881301786962,1.10150106517709,1.61385859802102,2.48650198289457,1.18977687021548,1.27530569556679,2.34107017751373,2.45554765291614,2.50689852657875,0.976035079699679,0.600248147278776,0.316666666666652,1.38145871407216,1.70349794744479,2.63369910249591,1.27246037789161
"Inflation, consumer prices (annual %)",FP.CPI.TOTL.ZG,New Caledonia,NCL,..,..,..,..,..,..,..,..,..,..,..,..,..,..,..,..,..,..,..,..,..,2.42899693753383,1.74967234600262,1.27761318992718,0.178851060785511,0.570508141048402,0.578317435520754,..,..,..,..
"Inflation, consumer prices (annual %)",FP.CPI.TOTL.ZG,New Zealand,NZL,6.09844414810204,2.60239285999773,1.01456027171236,1.28820776574386,1.74537790773743,3.75494413677554,2.28571305402195,1.18714833105632,1.26524409915406,-0.114267129777524,2.6152344624632,2.62581630392903,2.67709257711605,1.75357444759557,2.29024902847571,3.03702332617012,3.36540196171993,2.37614310290659,3.9589493731206,2.1156511055456,2.30202385958572,4.0279066739204,1.05991318445632,1.13442266445817,1.227507505974,0.292704628136101,0.646240284454524,1.85078767452536,1.59829703801696,1.61963190184048,1.71456170007245
"Inflation, consumer prices (annual %)",FP.CPI.TOTL.ZG,Nicaragua,NIC,..,..,..,..,..,..,..,..,..,..,7.06991352252517,5.98604186279518,3.75017465778466,5.30238773219936,8.47021063584077,9.59909986064425,9.1401996677772,11.1269347446118,19.8262031287429,3.68700160498797,5.45513425887423,8.082387980991,7.1935505333896,7.13546785289407,6.03596861798425,3.99737996694396,3.52317317628473,3.85067166284727,4.94723728039886,5.37628990844126,3.68181341625572
"Inflation, consumer prices (annual %)",FP.CPI.TOTL.ZG,Niger,NER,-0.775653010977504,-7.79664179104467,-4.47561790247176,-1.21503496503496,36.0410583134241,10.5632886691814,5.28885751264882,2.93345253394422,4.5480157771872,-2.30212503849648,2.90014973599108,4.00551428352678,2.62886597938136,-1.61440769175596,0.262543757292838,7.7974978178644,0.0404858299595074,0.0539592607581562,11.3051098827019,0.582906590801122,0.804073080882659,2.9423851401332,0.455089820359289,2.29723114955317,-0.930287259984466,-0.576090369833189,1.65388922387806,2.79637318871284,2.96760366004456,-2.48979265070855,2.8981937602627
"Inflation, consumer prices (annual %)",FP.CPI.TOTL.ZG,Nigeria,NGA,7.36440030557696,13.0069731037428,44.588842715023,57.1652528349217,57.0317089119659,72.8355022972638,29.2682926829271,8.52987421383634,9.99637812386806,6.61837339479751,6.93329215565161,18.8736462093863,12.8765792031099,14.0317836131437,14.9980338183251,17.8634933661605,8.22522152017047,5.38800796858626,11.5810751748252,12.5378277304689,13.7400521363694,10.8261371880017,12.2242413020584,8.49551838265669,8.04741087967907,9.00943498007706,15.6968126387972,16.5022662139641,12.0951065173432,11.3964223378116,13.2460234276597
"Inflation, consumer prices (annual %)",FP.CPI.TOTL.ZG,North Macedonia,MKD,..,..,..,..,126.583368336245,16.3735889723569,2.46660008582917,1.29436487155047,0.544199652523073,-1.27928657572628,6.60742291038536,5.19888525744048,2.31459794083216,0.855562122724219,-0.448650206551934,0.525515950714247,3.21362929606345,2.2517579830545,8.33189666968108,-0.739633963061192,1.50997522027613,3.9047542206974,3.31605566687647,2.78500056726109,-0.281705032928494,-0.299920475631462,-0.239290787684501,1.35161889677442,1.45831298507126,0.766439573459805,1.20007348888469
"Inflation, consumer prices (annual %)",FP.CPI.TOTL.ZG,Northern Mariana Islands,MNP,..,..,..,..,..,..,..,..,..,..,..,..,..,..,..,..,..,..,..,..,..,..,..,..,..,..,..,..,..,..,..
"Inflation, consumer prices (annual %)",FP.CPI.TOTL.ZG,Norway,NOR,4.1310334831135,3.43819599109134,2.32808504911848,2.28826933193061,1.37567498071478,2.46036778693729,1.26253249164501,2.56692335900252,2.25241329996429,2.36596736596733,3.08550609131279,3.00419703998233,1.28672528415184,2.48782553461781,0.454498502220863,1.53213367609249,2.3293498075755,0.712589073634201,3.75393081761005,2.19738586853568,2.41890639481003,1.2849515880916,0.696864111498263,2.12048620353112,2.04170286707211,2.17113665389527,3.55000000000007,1.87510059552545,2.76483134528797,2.16773003305411,1.28658490707996
"Inflation, consumer prices (annual %)",FP.CPI.TOTL.ZG,Oman,OMN,..,..,..,..,..,..,..,..,..,..,..,-0.816666666666656,-0.279578822571373,0.231328682267143,0.624969062631367,1.90983553531865,3.54498591605033,5.8304841809271,12.3754091529912,3.46881023754893,3.25657959078624,4.0421886711639,2.94773495257209,1.05354820265932,1.01401483924156,0.0652901330286599,1.10920805807027,1.58909413567799,0.889312370970404,0.490815362820671,-0.40640291946585
"Inflation, consumer prices (annual %)",FP.CPI.TOTL.ZG,Pakistan,PAK,9.05213155279776,11.7912703351416,9.5090414619015,9.97366476029209,12.3681943936948,12.3435785170513,10.3738085885002,11.3754928865122,6.22800415424543,4.14263718082171,4.36666451291681,3.14826144590618,3.29034472613153,2.91413470059479,7.44462469342739,9.06332737030417,7.92108440058789,7.59868441050774,20.2861210929554,13.6477650639761,12.9388705634889,11.9160927116277,9.68235186055684,7.69215611899565,7.18938402847028,2.52932817254229,3.7651191635658,4.08537368032608,5.07805725868917,10.5780305672025,9.74011619320125
"Inflation, consumer prices (annual %)",FP.CPI.TOTL.ZG,Palau,PLW,..,..,..,..,..,..,..,..,..,..,..,..,-1.30123617436562,0.922874093605824,4.96407576747217,3.9514623522091,4.42981143370254,3.23875035826881,11.9655746807329,1.43813538308953,1.44219017355169,4.6746987951807,3.61418047882138,3.35481004221287,4.19174548581256,0.949040643697081,-1.04230533415074,1.4179881966692,2.10970464135017,0.26737967914444,0.218181818181833
"Inflation, consumer prices (annual %)",FP.CPI.TOTL.ZG,Panama,PAN,0.769485354956023,1.25626077674688,1.82452156989957,0.453930078840388,1.26843190106196,0.994206982933841,1.25571661111548,1.32435122100608,0.559081293442493,1.24718256949636,1.49896111605777,0.307062436028722,1.00583090379039,0.391666666666657,0.474723078204336,2.85588324760959,2.45789346442096,4.16863300298887,8.75868317728784,2.409053040822,3.491288726188,5.8758024367877,5.69819959165992,4.0271599157106,2.62652699929151,0.137492058461504,0.739734025300033,0.875585918759878,0.761578359399944,-0.355083821021245,-1.5502754080376
"Inflation, consumer prices (annual %)",FP.CPI.TOTL.ZG,Papua New Guinea,PNG,6.9533615990307,6.96568127760753,4.30961457009748,4.97411430311646,2.85272217387134,17.280932681459,11.6241782908448,3.96437805228409,13.5741917656809,14.9321817407701,15.5958933107535,9.29817332783968,11.7994470972606,14.7090779663557,2.15893131266946,1.78080439925826,2.3684623841683,0.91135045567524,10.7614182326827,6.91832532601224,6.01360893567856,4.44083401028971,4.53720508166972,4.9603174603175,5.22211720226841,5.99595778127107,6.6737288135593,5.42204568023834,4.37448921453162,3.92867290939597,4.87167398565555
"Inflation, consumer prices (annual %)",FP.CPI.TOTL.ZG,Paraguay,PRY,37.2599561799201,24.2253521126763,15.192743764172,18.2086614173228,20.5661948376355,13.4254143646407,9.79968339016083,6.94956608534118,11.5532684355839,6.75226586102725,8.98215976750022,7.26806028584825,10.5102420856612,14.2367970499143,4.32326492967491,6.80738203116377,9.58934941129229,8.13047417698577,10.1547846489023,2.59194673430567,4.65116279069765,8.2539682539683,3.67591897974496,2.68385738718582,5.02882767456766,3.12900274473925,4.08682280577241,3.60247741348943,3.97561015740694,2.75709727562775,1.76751592356698
"Inflation, consumer prices (annual %)",FP.CPI.TOTL.ZG,Peru,PER,7481.66361124526,409.530166622023,73.5282942442641,48.5799864468885,23.7369050565046,11.1287029707089,11.5379424115177,8.56218948953653,7.24782175213469,3.46965996293019,3.75733833344474,1.97709878502053,0.193135003853722,2.25937753363072,3.66247320092233,1.61630193862544,2.00225801248819,1.77998644680372,5.78587598206755,2.936231535967,1.52832059732901,3.36931095333853,3.61121294940163,2.76789666082002,3.41194579807465,3.39809194746308,3.55717663556279,2.99490045809443,1.50915423024742,2.25212191358027,2.00241205759292
"Inflation, consumer prices (annual %)",FP.CPI.TOTL.ZG,Philippines,PHL,12.1773522064946,19.2614585266282,8.65100357865265,6.71631104109973,10.3864734299517,6.83199610989534,7.4761037778791,5.59025939650601,9.23493432267121,5.93904901780808,3.9771250324928,5.34550195567142,2.72277227722765,2.28915662650607,4.82921083627795,6.51685393258433,5.4852320675105,2.90000000000003,8.26044703595725,4.21903052064628,3.78983634797591,4.7184170471842,3.02696391124796,2.58268766141795,3.59782343864211,0.674192536845408,1.25369880080982,2.85318772590947,5.30934661627707,2.39206534422404,2.3931623931624
"Inflation, consumer prices (annual %)",FP.CPI.TOTL.ZG,Poland,POL,567.878800666191,76.7694992087347,46.0985621037431,36.9641666120718,32.9912766093523,27.951388563304,19.7949669196707,14.91315861496,11.5978554257236,7.15407291179853,9.90017538843065,5.4083354556615,1.90528215048054,0.682701375787632,3.38264681884699,2.18379872390251,1.28469394366416,2.4587431238539,4.16497193524779,3.79539242483399,2.58069370250548,4.23940149625932,3.56037151702793,0.991982606332335,0.0538213132399802,-0.874125874125862,-0.664767331433962,2.07593553673859,1.81295156542689,2.22747880938291,3.37446972618589
"Inflation, consumer prices (annual %)",FP.CPI.TOTL.ZG,Portugal,PRT,13.6305705693074,11.8494841773675,9.55926033177508,6.78377994665407,5.42044019241626,4.22281614099486,3.06897732509789,2.33686298314116,2.5727522590913,2.34009490312169,2.85303039287157,4.36990330551793,3.60034658290914,3.21899090682895,2.36536204097302,2.27716394887834,3.1076654587105,2.45396528138743,2.58850657657959,-0.835530021504157,1.40257289895369,3.65301100430724,2.77333854051586,0.274416666666663,-0.278153367467428,0.48793862390472,0.607397074641719,1.36861411643472,0.993715683468326,0.338178410046034,-0.0124383299575305
"Inflation, consumer prices (annual %)",FP.CPI.TOTL.ZG,Puerto Rico (US),PRI,..,..,..,..,..,..,..,..,..,..,..,..,..,..,..,..,..,..,..,..,..,..,..,..,..,..,..,..,..,..,..
"Inflation, consumer prices (annual %)",FP.CPI.TOTL.ZG,Qatar,QAT,3.0009680542111,4.41729323308255,3.06030603060311,-0.8733624454148,1.32158590308376,2.9565217391303,4.90453460620532,4.83448981913322,2.9513888888889,2.18170320404723,1.65033522434232,1.47133434804683,0.239999999999952,2.26456504389469,6.79933665008279,8.81439532334683,11.8358096197431,13.7581625759964,15.0501451570333,-4.86327801622565,-2.42525675161714,1.13836623529202,2.31534853431661,3.22197756829293,3.34972085659523,1.8140772393776,2.6765917009819,0.394878914083005,0.255815382724408,-0.666641124861147,-2.5403150300476
"Inflation, consumer prices (annual %)",FP.CPI.TOTL.ZG,Romania,ROU,..,230.622494900178,211.205587610082,255.166861826698,136.759392815441,32.2424847257597,38.8293013382852,154.763480436309,59.0965827541167,45.8037811326363,45.6665940440238,34.4770123493527,22.5398862605386,15.2734889936255,11.8743635936399,9.01491283343835,6.55851412276983,4.83732928313989,7.85080255714482,5.58742004264393,6.09141668601891,5.7892532881588,3.33492267693442,3.9847123554813,1.06830987684298,-0.594156437495203,-1.54479666813897,1.3390212110439,4.62548443137779,3.82785432599438,2.63107311184743
"Inflation, consumer prices (annual %)",FP.CPI.TOTL.ZG,Russian Federation,RUS,..,..,..,874.245720380188,307.722635553193,197.414268084251,47.7520122009939,14.761329268806,27.6856798076742,85.7464940960636,20.7987606558704,21.4770072117159,15.7887307914463,13.6632930228666,10.8886157326216,12.6853039507349,9.66865454789265,9.00729868861079,14.1107677840442,11.6473295764118,6.84939230255025,8.4404648593257,5.07474300799149,6.75466833903486,7.82016970013845,15.5343959935701,7.04243725413707,3.68333072334495,2.87831382614981,4.47202631837903,3.38219796948068
"Inflation, consumer prices (annual %)",FP.CPI.TOTL.ZG,Rwanda,RWA,4.18576372649948,19.6371658148373,9.56041187600816,12.3543887630448,..,..,7.41137173526642,12.0154225195686,6.2100670945581,-2.40593209742259,3.89952980284712,3.34285506749409,1.99258542453993,7.44970014007366,12.2507102894391,9.01408918092339,8.88282654777923,9.08072205873158,15.4382138709255,12.9443978401712,-0.246128693436934,3.0801706924026,10.2710182318876,5.92426867984854,2.35449052820358,2.52850284192421,7.17434301982009,8.27953672260832,-0.311210160390699,3.34787655037648,9.85039902274207
"Inflation, consumer prices (annual %)",FP.CPI.TOTL.ZG,Samoa,WSM,15.2384632724695,-1.81919798798399,9.03113792907172,1.71509123658868,12.0803818909762,-2.90352865746142,5.37461972030278,6.86182355310877,2.21883468834654,0.265120132560355,0.966782350024729,3.83828463867725,8.0503144654087,0.115830115830107,16.3131507905901,1.85676392572949,3.70008680555553,5.57706393219629,11.565906838454,6.32495336235228,0.777007268777692,5.23541591478434,2.0490188352116,0.61008572090503,-0.40681608842489,0.724470134874729,1.30471869303179,1.74989677484705,4.19745888663752,0.982326569888117,-1.56891247740895
"Inflation, consumer prices (annual %)",FP.CPI.TOTL.ZG,San Marino,SMR,..,..,..,..,..,..,..,..,..,..,..,..,..,..,1.43083868527343,1.68548890528347,2.09525935611432,2.49894575725803,4.29320249287704,2.19959237046011,2.58541815582587,2.89979584300123,2.8273322422258,1.60439298078082,1.11296303373851,0.145686073241066,0.644075340346552,1.01413313194508,1.16333522293158,0.472651967352852,-0.133368898372915
"Inflation, consumer prices (annual %)",FP.CPI.TOTL.ZG,Sao Tome and Principe,STP,..,..,..,..,..,..,..,35.81717824448,50.4931357486254,12.7251770130085,12.2089456308977,9.22203707560889,10.128724672229,9.79241974934509,13.2858860871796,17.1522049354354,23.0770373451381,18.5485136325779,31.9901039492573,16.9574758025945,13.34005235378,14.3271667616801,10.6379353431628,8.10583270875476,6.99849943966421,5.24587835022454,5.43051966119156,5.6902961992902,7.86859628873909,7.72024525213248,9.81932791540146
"Inflation, consumer prices (annual %)",FP.CPI.TOTL.ZG,Saudi Arabia,SAU,2.07715133531156,4.86111111111137,-0.0770060064690921,1.05579531442695,0.564325478533149,4.86843103056033,1.22206054877756,0.0571506050626489,-0.37126675171199,-1.33375489653896,-1.12499838517645,-1.12094804896791,0.247186492339686,0.612195358172966,0.5155078977673,0.479231671630955,2.20902314069647,4.16782358431579,9.87024816760266,5.0572227614833,5.33941733020905,5.8262163739404,2.86627029905053,3.51104209799866,2.24185348779063,1.22269318552328,2.05347076823965,-0.834845735027162,2.46594308994843,-1.19298644533328,3.37234961012303
"Inflation, consumer prices (annual %)",FP.CPI.TOTL.ZG,Senegal,SEN,0.325098630183258,-1.75355690199309,-0.109942967085665,-0.586434615120184,32.2936668569552,7.8640078457011,2.75430663482407,1.75316478097236,1.15678070391341,0.827250608272497,0.731981981981597,2.97450083919566,2.33730187454299,-0.0519970242714495,0.514781781023016,1.71133325855502,2.11228583877117,5.85330428467681,7.34720236578406,-2.2480214785534,1.22868119673344,3.40322829786971,1.41822871177854,0.710245486695176,-1.09025507446895,0.135211933635165,0.837284942557434,1.31815314847789,0.460985642464188,1.76011151192939,2.54314685681662
"Inflation, consumer prices (annual %)",FP.CPI.TOTL.ZG,Serbia,SRB,..,..,..,..,..,82.6605151864663,95.6009261208171,23.307866135801,30.1596997992844,42.4539054642972,71.1206287946541,95.0052258100006,19.4908321579689,9.87617889729578,11.0263627183464,16.1199806482826,11.7240229980834,6.39170644391413,12.410986775178,8.11695092238082,6.14255360247248,11.1373976342129,7.33038589596646,7.69426362896655,2.08244793880154,1.39235822000187,1.12231397417769,3.13106248590115,1.95984076293801,1.84922984511086,1.57553290083415
"Inflation, consumer prices (annual %)",FP.CPI.TOTL.ZG,Seychelles,SYC,3.88888888888912,1.98675496688734,3.24675324675323,1.38364779874215,1.73697270471464,-0.243902439024459,-1.10024449877743,0.618046971569891,2.57985257985242,6.34730538922156,6.26876876876878,5.96962204168156,0.174999999999924,3.30255386407089,3.85730391367399,0.907187718073944,-0.353465498693756,5.32060027285142,36.9647582875289,31.7544407744178,-2.40463875108227,2.55926772230953,7.11037062326403,4.33893848329099,1.38583454581263,4.04194410725617,-1.01548191697626,2.85679575568437,3.70291839111568,1.80709400809982,1.20266463987123
"Inflation, consumer prices (annual %)",FP.CPI.TOTL.ZG,Sierra Leone,SLE,..,..,..,..,..,..,..,..,..,..,..,..,..,..,..,..,..,11.6499744518106,8.21112432289608,7.46901898540982,7.18566275668163,6.79138291952621,6.58776239392585,5.52412877994266,4.63931171409667,6.68943562498681,10.8860609413903,18.2215094003386,16.0295447693699,14.8049990906021,13.4468711101052
"Inflation, consumer prices (annual %)",FP.CPI.TOTL.ZG,Singapore,SGP,3.46075338652824,3.42570173078643,2.26307118702851,2.28929964388641,3.10013262599502,1.72053384788524,1.38318052481876,2.00358618538962,-0.267502292876153,0.0167098337370727,1.36162392448456,0.997197956155943,-0.391676866585049,0.507905300237551,1.66272719863072,0.425106276569107,0.965657519018511,2.10980166714574,6.63544058395309,0.589142019610516,2.82884527612958,5.25115624639373,4.58084479423094,2.36439793742726,1.03316955857629,-0.521975611895763,-0.529809760375464,0.576763191179996,0.438784215129623,0.567829988405447,-0.172111865925382
"Inflation, consumer prices (annual %)",FP.CPI.TOTL.ZG,Sint Maarten (Dutch part),SXM,..,..,..,..,..,..,..,..,..,..,..,..,..,..,..,..,0.300601202404805,4.43245754245754,-0.417929020080758,5.95763688760801,1.33857621672882,4.58475435650401,4.01518421081576,2.5286478853837,1.88675466275266,0.330027165141066,0.111682655737579,2.19201010962985,..,..,..
"Inflation, consumer prices (annual %)",FP.CPI.TOTL.ZG,Slovak Republic,SVK,..,..,9.89350519771167,23.287027664545,13.4155203422246,9.84109579837748,5.77582786155949,6.14198999595652,6.66565123195824,10.5704416075225,12.0357805974299,7.3296201911553,3.12714222984608,8.55414305406645,7.54850088183423,2.70908494588384,4.48333120449611,2.7567237163814,4.59817976325028,1.61510464058238,0.957018132975143,3.9192859914629,3.6061026352289,1.40047368963025,-0.0761653295419871,-0.325219777427673,-0.520010196278266,1.31194588223228,2.51403712883812,2.66456133425431,1.93694126694223
"Inflation, consumer prices (annual %)",FP.CPI.TOTL.ZG,Slovenia,SVN,552.083528914325,114.832935589747,209.933731186822,31.7621306305932,20.9918180471498,13.4637296178669,9.86445061546851,8.359679907043,7.89116682856684,6.15558754451559,8.91174418658769,8.37966587492204,7.48077770703754,5.54416421752901,3.59297594249509,2.45150132316475,2.45792444195865,3.65749563284099,5.64742380573935,0.839262246793887,1.80117022137134,1.8028517194191,2.59741386039003,1.76920085881907,0.19934382657075,-0.525552285820877,-0.054999541670474,1.42910743319306,1.7386086198818,1.63052260754344,-0.05485681576061
"Inflation, consumer prices (annual %)",FP.CPI.TOTL.ZG,Solomon Islands,SLB,8.73759261848181,15.050130775937,10.7511603675285,9.16866233321985,13.2560325916638,9.62921970116226,11.7743563856637,8.08400135486043,12.3995038128069,8.02036839296841,7.88956186986721,6.92583732057426,10.9296341872692,8.26946349334406,6.98584202682567,7.33066341633299,11.2199870214146,7.66602013484806,17.3200651968774,7.09271716876286,1.05148163321038,7.34270706018,5.91200602491155,5.3913638858756,5.16590237925171,-0.57446928635949,0.512485626268792,0.488686760261083,3.46147484973729,1.63485544012247,2.96354992076065
"Inflation, consumer prices (annual %)",FP.CPI.TOTL.ZG,"Somalia, Fed. Rep.",SOM,..,..,..,..,..,..,..,..,..,..,..,..,..,..,..,..,..,..,..,..,..,..,..,..,..,..,..,..,..,..,..
"Inflation, consumer prices (annual %)",FP.CPI.TOTL.ZG,South Africa,ZAF,14.3209918914915,15.3347785733672,13.874703748615,9.71742729803028,8.938563723594,8.68042421392631,7.35411972085333,8.59777611252274,6.88054521037351,5.18148905111697,5.33895913599828,5.70189483049608,9.494713780996,5.67942414068799,-0.692039437857687,2.06285308223427,3.2439076541923,6.17781214809388,9.90998456005467,7.23809523809527,4.06749555950263,5.0008533879502,5.73797139141739,5.78016910069176,6.13282953059149,4.51869094892506,6.60290842394872,5.18618655524149,4.50987264867388,4.10285075461156,3.23238831615113
"Inflation, consumer prices (annual %)",FP.CPI.TOTL.ZG,South Sudan,SSD,..,..,..,..,..,..,..,..,..,..,..,..,..,..,..,..,..,..,..,5.00627361534047,1.16962180301108,46.8521757193597,45.5258978371706,-0.0580909784225664,1.6742990629552,52.7663304192143,379.999585624026,187.851630279442,83.5015294922,87.2413641500032,29.6758435538572
"Inflation, consumer prices (annual %)",FP.CPI.TOTL.ZG,Spain,ESP,6.72181952228656,5.93421344335924,5.92453126228489,4.56907173681813,4.71841373967329,4.67380337624704,3.55884559338557,1.97107395582926,1.83432999908409,2.31034813987067,3.43351563418766,3.58983413338112,3.06565685902219,3.03888839396655,3.03924881090924,3.36881409750383,3.51557576832128,2.78679745804945,4.07534335957339,-0.28781308353524,1.79986457728768,3.1961018883379,2.44612782366808,1.40858109183018,-0.151114837527234,-0.500365709903242,-0.202598000426452,1.95607633363963,1.6749813686379,0.699518994458738,-0.322753017299739
"Inflation, consumer prices (annual %)",FP.CPI.TOTL.ZG,Sri Lanka,LKA,21.495252052759,12.1856307214389,11.3834370512206,11.7467370174946,8.44871248698348,7.67484873449805,15.9358310447214,9.57369626405162,9.36424300683229,4.69170563048438,6.17627591012045,14.15845579912,9.55103167007251,6.31463787051174,7.57592582995856,11.6396860971118,10.0201836057035,15.8421114924843,22.5644955300126,3.46496322106074,6.2176488930462,6.7167684358854,7.54291373239437,6.90845034828452,3.1790022823606,3.76836783062096,3.9588884659307,7.70413767850602,2.135037737132,3.52839358231811,6.15394508391738
"Inflation, consumer prices (annual %)",FP.CPI.TOTL.ZG,St. Kitts and Nevis,KNA,4.01098407755617,4.3237394435542,2.85844672514458,1.79486146433782,1.44226958804943,2.9568002509262,2.08657385169121,8.90518339116016,3.44635865955273,3.36303630363045,2.14885532743696,2.30344748349255,2.04109102620208,2.23543664374553,2.31455462238093,3.37781903988238,8.48748575845879,4.48088608614726,5.30029675072584,2.05793709041836,0.850878649795844,5.8351651957086,0.816089281562459,1.10698554000129,0.247865392364942,-2.30187563045616,-0.687037123294039,0.694916711613604,-1.03712214131572,-0.329562063663977,-1.16724501769353
"Inflation, consumer prices (annual %)",FP.CPI.TOTL.ZG,St. Lucia,LCA,4.26755662855972,6.14955053119049,5.13889779944828,0.848181596289603,2.81591665153968,5.62965921512378,0.924842609615973,-0.0055202870547238,3.20194341679091,3.50379784108942,3.7107860871361,5.30722081028547,-0.255536626916508,1.03425372426221,1.46036814425245,3.89827370759476,2.39562082529168,2.82310373736929,5.54954769383937,-0.156936087168669,3.25034409180129,2.76940794144093,4.17763587102515,1.46856511035428,3.51695551369241,-0.983600952696996,-3.07821765676927,0.104262078958441,1.93561893150602,0.539087559191757,-1.75580833517594
"Inflation, consumer prices (annual %)",FP.CPI.TOTL.ZG,St. Martin (French part),MAF,..,..,..,..,..,..,..,..,..,..,..,..,..,..,..,..,..,..,..,..,..,..,..,..,..,..,..,..,..,..,..
"Inflation, consumer prices (annual %)",FP.CPI.TOTL.ZG,St. Vincent and the Grenadines,VCT,7.60609957743892,5.49200387001333,3.46353042727654,4.29137553446651,1.0089495525225,1.73837289880567,4.40790113846454,0.443616029823348,2.1424064726839,1.01355044438875,0.167679637488279,0.9008584858665,1.85550399046655,0.205981708824254,2.96003946719286,3.7334291646702,2.74067516070673,7.23614701584807,10.0662418245849,0.421539125687215,0.747109026311474,3.1860311155246,2.59844414147101,0.805127804267928,0.193858560794015,-1.73361194953959,-0.149641647633284,2.15333648840511,2.32414485367921,0.91306972532459,-0.628131309354654
"Inflation, consumer prices (annual %)",FP.CPI.TOTL.ZG,Sudan,SDN,65.1580979966203,123.578126902936,117.624468896394,101.380423763812,115.398144292738,68.3751929485422,132.823777374139,47.1685369647197,24.6218785461586,17.1664454201761,7.12125897172291,1.93529572095333,22.2247241495905,6.48943208673338,9.65754628605945,8.50585075933117,7.19912990114709,14.7542770780084,14.2971224481434,11.256758706301,12.9776663898014,18.0966171221351,35.5590574147024,36.5223449139154,36.9066427863595,16.9095706050977,17.750253831196,32.3516260968437,63.2925073455888,50.9940515002965,163.257782355458
"Inflation, consumer prices (annual %)",FP.CPI.TOTL.ZG,Suriname,SUR,21.7399443397526,25.9674625060223,43.6661783854171,143.51155848349,368.478068706267,235.558815073605,-0.701887251452818,7.14511160883929,18.9753691994478,98.7730914112164,59.401686545079,38.5862878872611,15.5273989185702,23.0022321778219,9.98632511974878,9.89800489561465,11.2813043273975,6.42627934470524,14.6671427437912,-0.133636646714877,6.94108221639996,17.7117796414558,5.00686319367273,1.92343604108305,3.38341272749477,6.89390359168238,55.4123879763196,21.9969430173304,..,..,34.889784309078
"Inflation, consumer prices (annual %)",FP.CPI.TOTL.ZG,Sweden,SWE,10.3665533879493,9.44462732944189,2.37436725111881,4.72817304626049,2.15813800724629,2.455148578184,0.533131978766238,0.658410256243526,-0.267132668354971,0.462175756339138,0.899143734041715,2.40595834145436,2.15848213589266,1.92565534892383,0.373659828721824,0.453170852576138,1.36021468627693,2.21216883436733,3.43704910602875,-0.494460544378051,1.15798802715626,2.9611507382214,0.888377506923735,-0.044292970148682,-0.179638494114635,-0.0467847449832812,0.984269244577992,1.79449904665599,1.95353530127028,1.78415097403835,0.497367318853572
"Inflation, consumer prices (annual %)",FP.CPI.TOTL.ZG,Switzerland,CHE,5.40395909218937,5.85959663468677,4.03703020778739,3.29262180313606,0.852116995120664,1.79982776867149,0.811634064628187,0.52022542273664,0.0179384378439321,0.806444380959459,1.55852919679008,0.989020329832545,0.642711506543277,0.638272930887189,0.802908730955226,1.17195420333702,1.05950928324804,0.732350603122236,2.42604117060157,-0.480481936423304,0.688238707219974,0.2313492076509,-0.692552018105163,-0.217323155115672,-0.0132025387515945,-1.14390867228178,-0.434618664285814,0.533787839825876,0.936335464113572,0.362886179940674,-0.725874933313402
"Inflation, consumer prices (annual %)",FP.CPI.TOTL.ZG,Syrian Arab Republic,SYR,19.3968672229543,9.00000000000003,11.0091743119265,13.2231404958679,15.3284671532846,7.97995780590686,8.2498900991551,1.88611136179086,-0.797165633303916,-3.70370370370365,-3.84615384615379,2.99999999999995,-0.130505282417402,5.79682944905841,4.43314136719839,7.24034939348535,10.0241105377571,3.90770950443607,15.7453252219709,2.92089711805367,4.3974138315007,4.7531638888563,36.7022953364139,40.0318378290723,10.9271141804297,38.4611429599733,47.7051615298923,18.0752696281771,0.940983843906769,13.4175653228571,..
"Inflation, consumer prices (annual %)",FP.CPI.TOTL.ZG,Tajikistan,TJK,..,..,..,..,..,..,..,..,..,..,..,38.59188944886,12.2499847845885,16.3034912049491,7.14196508692253,7.09193244083773,10.0108651886461,13.1491247062982,20.4705219109964,6.44823481066697,6.44531440780658,12.4315490430406,5.83116601031462,5.00964645344951,6.10442765129667,5.7145594964971,6.00458082322139,..,..,..,..
"Inflation, consumer prices (annual %)",FP.CPI.TOTL.ZG,Tanzania,TZA,35.8267716535433,28.695652173913,21.8468468468473,25.277264325323,34.0833640722984,27.4277854195323,20.9772596430629,16.0906549283201,12.7997540479609,7.89043336058877,5.92396109637479,5.14746800222618,5.31783366118203,5.30356621509782,4.73580143949058,5.03457009267163,7.25097262082546,7.02551436974771,10.2783937621135,12.1422278742988,6.20015595647403,12.6909694699162,16.0010938506338,7.87072364573959,6.13161432988012,5.58816952959298,5.17476629301493,5.31871605228931,3.49445848856181,3.46428057999021,3.29029062798325
"Inflation, consumer prices (annual %)",FP.CPI.TOTL.ZG,Thailand,THA,5.86399474375828,5.70985259891396,4.13914575077056,3.31219168428468,5.04774897680755,5.81818181818192,5.80510554737349,5.62579747129104,7.9947287502746,0.284726459223034,1.59196917460972,1.62690887314091,0.697308976625449,1.80434994635721,2.7591492623108,4.54036919634535,4.63747436011765,2.24154095286803,5.46848949649845,-0.845716092316721,3.24758842443723,3.80879058139634,3.01489950334985,2.18488618530687,1.8951418189878,-0.900424963291569,0.188149704448143,0.665631893135106,1.06389754183024,0.706728601314311,-0.845937147357041
"Inflation, consumer prices (annual %)",FP.CPI.TOTL.ZG,Timor-Leste,TLS,..,..,..,..,..,..,..,..,..,..,..,..,..,7.16515891441839,3.23751394003321,1.11167400387198,3.93616259929866,10.3009020174895,9.06423621948942,0.669681185965433,6.76597680236481,13.499840238577,11.8003096701544,11.0849085109954,0.726275016139465,0.552796026277853,-1.33853876185163,0.557215537430361,2.63647201015892,0.958812739703141,0.495499215459571
"Inflation, consumer prices (annual %)",FP.CPI.TOTL.ZG,Togo,TGO,1.01534150530809,0.387081797870757,1.39378663675938,-1.00688168855034,39.1627673796795,16.4335034524163,4.68749999999996,8.25082508250802,0.975338381088674,-0.0532136248823534,1.86260595463067,3.91959133653146,3.05981857535884,-0.930000884072214,0.393078681031669,6.78292893028314,2.22897779414027,0.945673271705214,8.69482814363902,3.71360592035809,1.44594517430864,3.5635147290396,2.57718174055848,1.82539475909162,0.19087507624975,2.58500390801595,1.28544847051417,-0.981889868943119,0.927755426457183,0.674652770077525,1.69928463299399
"Inflation, consumer prices (annual %)",FP.CPI.TOTL.ZG,Tonga,TON,9.70986384562655,10.5954493994793,7.93698012192874,0.960904460459173,1.01295206694856,1.46000630350972,2.99528023991143,2.12473132408038,3.27444554260464,4.46435467675891,6.32763551411155,8.2902831885033,10.3590607918507,11.6386219580735,10.9734053679554,8.66569221131751,6.14911606456575,5.84224874901387,10.4469875128222,1.42685972070534,3.53491239189831,6.27075302995691,1.14753853706055,0.77562932236742,2.51087633253706,-1.05399831971283,2.57815515245081,7.51706283551115,5.03209691984874,1.17954334821808,-0.349737696727496
"Inflation, consumer prices (annual %)",FP.CPI.TOTL.ZG,Trinidad and Tobago,TTO,11.0644257703083,3.78310214375795,6.43985419198061,10.835235920852,8.81469401768106,5.18220539517274,3.40457442819624,3.62607875843081,5.61270907691201,3.43913590881996,3.55541319666877,5.536653263223,4.1500586166472,3.8111062439687,3.72154938995965,6.87453459583516,8.32960351465347,7.89438834757299,12.0303445477177,6.97808725251547,10.5492003179988,5.1071328926456,9.26028137068292,5.19981740465611,5.68441814595659,4.66121598098264,3.07066742464024,1.88038440183532,1.01856930188822,1.00054293027237,0.598986330824643
"Inflation, consumer prices (annual %)",FP.CPI.TOTL.ZG,Tunisia,TUN,6.54529307282414,8.19371509544085,5.82434514637906,3.9749563191613,4.73323063996595,6.24415028747146,3.72514472690715,3.65202620723071,3.12536579655862,2.6901248581158,2.96230794738605,1.98333333333337,2.72103284850455,2.71259247474352,3.63228004956625,2.01778641357144,3.22525337438917,2.96694432477349,4.34502807623045,3.66490330642919,3.33897963601069,3.24002842009531,4.6118443220664,5.31623531326689,4.62555099534031,4.437371273215,3.62939937384381,5.30884839565844,7.30759176031652,6.72007532863799,5.63415115897625
"Inflation, consumer prices (annual %)",FP.CPI.TOTL.ZG,Turkiye,TUR,60.3038691346447,65.978567991895,70.0761038690374,66.0938429820004,105.214986469202,89.1133172248499,80.4121511388042,85.6693616499779,84.6413434846314,64.8674876350757,54.9153705812683,54.4001887619074,44.964120947985,21.6024384490573,8.59826168115262,8.17916036802008,9.59724212288446,8.75618090972632,10.4441283764885,6.25097663090626,8.56644420552976,6.471879671151,8.89156996512163,7.49309030547693,8.85457271364316,7.67085364845885,7.7751341532833,11.1443110840764,16.3324638988929,15.1768215720022,12.2789574462574
"Inflation, consumer prices (annual %)",FP.CPI.TOTL.ZG,Turkmenistan,TKM,..,..,..,..,..,..,..,..,..,..,..,..,..,..,..,..,..,..,..,..,..,..,..,..,..,..,..,..,..,..,..
"Inflation, consumer prices (annual %)",FP.CPI.TOTL.ZG,Turks and Caicos Islands,TCA,..,..,..,..,..,..,..,..,..,..,..,..,..,..,..,..,..,..,..,..,..,..,..,..,..,..,..,..,..,..,..
"Inflation, consumer prices (annual %)",FP.CPI.TOTL.ZG,Tuvalu,TUV,..,..,..,..,..,..,..,..,..,..,..,..,..,..,..,..,..,..,..,..,..,0.5005807431527,..,..,..,..,..,..,..,..,..
"Inflation, consumer prices (annual %)",FP.CPI.TOTL.ZG,Uganda,UGA,..,..,..,..,10.0367598792175,6.55014018970371,7.19164660433344,8.16902144106963,0.0688041719983172,5.77736898687895,3.39202158512998,1.86512524084773,-0.287508511765196,8.68047651566884,3.72128743978228,8.44872642299532,7.31067613561864,6.1385108328505,12.0508555482886,13.0172561889185,3.97655288478168,16.5643496174515,12.6790377224659,4.90520875694557,3.07570668958641,5.58968606251725,5.70637504616212,5.20971705914209,2.61601190952274,2.867588034469,3.31332289544502
"Inflation, consumer prices (annual %)",FP.CPI.TOTL.ZG,Ukraine,UKR,..,..,..,4734.91434744585,891.187748133705,376.746174768209,80.3255014551742,15.940599414943,10.5771611482514,22.6836718061345,28.2030972388552,11.9588085390459,0.75742084639286,5.17967781908315,9.04806786050888,13.5695764909248,9.05252491133248,12.8387796190181,25.226461707384,15.8811924594476,9.37293105078978,7.95572466274652,0.568727971803862,-0.238948626045407,12.0718562874251,48.6998646434424,13.9127101997797,14.4383227488749,10.9518559353178,7.88671745611133,2.73249209419427
"Inflation, consumer prices (annual %)",FP.CPI.TOTL.ZG,United Arab Emirates,ARE,..,..,..,..,..,..,..,..,..,..,..,..,..,..,..,..,..,..,12.2504202448139,1.5618131744907,0.877983288285867,0.87734659568512,0.662268900269008,1.1011183637571,2.34626865671642,4.06996608361593,1.61748808904197,1.96682557818842,3.06863379251996,-1.93108114782172,-2.07940317940943
"Inflation, consumer prices (annual %)",FP.CPI.TOTL.ZG,United Kingdom,GBR,8.06346090938833,7.46178295746934,4.59154929577461,2.55857796929705,2.21901260504205,2.69749518304432,2.85178236397749,2.20114313510882,1.82056163731557,1.7529508005142,1.18295624210408,1.53234960272418,1.52040245947455,1.37650038542013,1.39039756680422,2.0891364902507,2.4556616643929,2.38656150773327,3.52140856342539,1.96173173560109,2.49265472467065,3.8561124468282,2.5732347965453,2.29166666666659,1.45112016293279,0.36804684232536,1.0084173681141,2.55775577557747,2.29283990345938,1.73810460086513,0.989486703772491
"Inflation, consumer prices (annual %)",FP.CPI.TOTL.ZG,United States,USA,5.39795643990325,4.23496396453849,3.02881967814969,2.95165696638559,2.60744159215453,2.80541968853662,2.93120419993441,2.33768993730735,1.55227909874364,2.18802719697358,3.37685727149929,2.82617111885407,1.58603162650601,2.27009497336115,2.67723669309172,3.3927468454955,3.22594410070404,2.85267248150138,3.839100296651,-0.355546266299747,1.6400434423899,3.156841568622,2.06933726526067,1.46483265562717,1.62222297740817,0.118627135552451,1.26158320570536,2.13011000365961,2.44258329692817,1.81221007526021,1.23358439630629
"Inflation, consumer prices (annual %)",FP.CPI.TOTL.ZG,Uruguay,URY,112.525905573023,101.971683202507,68.4591938395374,54.1007924425194,44.7360421521933,42.2483197983755,28.3420486004309,19.8188093183779,10.8110703055616,5.65868803927908,4.76382472733251,4.3593406521727,13.9724725913515,19.3797301743995,9.15760507540997,4.6992773903564,6.39764974385131,8.11464561179313,7.87707374730888,7.06221874388574,6.69870886978132,8.0928320630299,8.09776580573602,8.57513504005397,8.87735333229828,8.66626987079328,9.6394134763508,6.2180938256186,7.60653360377047,7.88198870879619,9.75640636078194
"Inflation, consumer prices (annual %)",FP.CPI.TOTL.ZG,Uzbekistan,UZB,..,..,..,..,..,..,..,..,..,..,..,..,..,..,..,..,..,..,..,..,..,13.7797446476602,13.2088026688373,11.8414333622049,9.28309356162695,8.75188196737508,8.130886695236,13.8757425441635,17.5241796514055,14.5257359560687,12.8677297362606
"Inflation, consumer prices (annual %)",FP.CPI.TOTL.ZG,Vanuatu,VUT,4.7594412829797,6.46913580246914,4.0584415584416,3.56585691999116,2.30256079190869,2.22970130416487,0.906344410876219,2.83070223189979,3.28215987294863,1.99897488467452,2.53768844221106,3.57755452095074,1.96356754199195,3.01624129930394,1.41891891891893,1.19920053297801,2.04081632653062,3.93548387096774,4.84171322160149,4.29706572955357,2.76269469477348,0.8737931047811,1.34740362877658,1.45893371757921,0.798863838097023,2.48326875660439,0.842069084035061,3.08452624403546,2.33096379566866,2.76252019386111,5.32935073101715
"Inflation, consumer prices (annual %)",FP.CPI.TOTL.ZG,"Venezuela, RB",VEN,..,..,..,..,..,..,..,..,..,..,..,..,..,..,..,..,..,..,..,27.080941446613,28.1874647092039,26.0902123160959,21.0689956331876,40.6394275161589,62.1686499794829,121.738085297503,254.948534781816,..,..,..,..
"Inflation, consumer prices (annual %)",FP.CPI.TOTL.ZG,Viet Nam,VNM,..,..,..,..,..,..,5.67499999999994,3.20952606261374,7.2661980440096,4.11710235771736,-1.71033727851109,-0.43154451172818,3.83082838168467,3.23464817293927,7.75494748709601,8.28457243128677,7.41801715108463,8.34444889773837,23.1154483474477,6.71698269988629,9.20746648778413,18.6777322770707,9.09470339557192,6.59267475899192,4.08455446637617,0.631200905175754,2.66824816969082,3.52025688811617,3.53962805942641,2.7958236745225,3.22093436652514
"Inflation, consumer prices (annual %)",FP.CPI.TOTL.ZG,Virgin Islands (U.S.),VIR,..,..,..,..,..,..,..,..,..,..,..,..,..,..,..,..,..,..,..,..,..,..,..,..,..,..,..,..,..,..,..
"Inflation, consumer prices (annual %)",FP.CPI.TOTL.ZG,West Bank and Gaza,PSE,..,..,..,..,..,..,..,7.08700591205709,5.57964505838268,5.54439180368747,2.79819892435758,1.22278475878898,5.70951585976626,4.40303221730888,3.00417498638593,4.10725070715931,3.84234125624782,1.85974379351111,9.88999788691849,2.75393485083151,3.74915727597096,2.8772435849594,2.77908768282492,1.72439933626931,1.73298510037447,1.43161145810476,-0.219106604907316,0.212570934228881,-0.195107773730735,1.58018333639455,-0.735332001092191
"Inflation, consumer prices (annual %)",FP.CPI.TOTL.ZG,"Yemen, Rep.",YEM,..,36,29.4117647058824,35.7522980164491,49.3941553813254,55.0811068702292,30.7337332718043,2.17672667372646,5.9765085214186,8.66021949364346,4.58999999999981,11.9115912929855,12.2385339389711,10.8323607023242,12.5150951495207,11.8112639374949,10.8447986914257,7.9051177898873,18.9762574318076,5.40776098077522,11.1748338605044,19.5435617131144,9.88538714484871,10.9684421500198,8.10472583623915,..,..,..,..,..,..
"Inflation, consumer prices (annual %)",FP.CPI.TOTL.ZG,Zambia,ZMB,107.023809523808,97.6423231742383,165.70652700999,183.312041464393,54.6013218413016,34.9295874166667,43.0730979982882,24.4187215689412,24.4584563516656,26.7876966790029,26.0304117888121,21.3937821792546,22.2333446430947,21.4015783901995,17.9677891087286,18.324439701174,9.01957247226486,10.6573496000153,12.4455793463192,13.3952546325895,8.50176133365265,6.4293968107234,6.57589970757698,6.97767605490307,7.80687553566333,10.1105928909618,17.8697300795268,6.57731154205644,7.4945719272852,9.15031644316296,15.7330604721369
"Inflation, consumer prices (annual %)",FP.CPI.TOTL.ZG,Zimbabwe,ZWE,..,..,..,..,..,..,..,..,..,..,..,..,..,..,..,..,..,..,..,..,3.02267002518892,3.4661297281749,3.72532666110646,1.63495041543822,-0.19778481012661,-2.43096842383404,-1.54366960054161,0.893962316050027,10.6188658669575,255.304990757856,557.201817362051
"Inflation, consumer prices (annual %)",FP.CPI.TOTL.ZG,Africa Eastern and Southern,AFE,12.4579139789566,17.6781002638523,16.1676123963339,13.1356607683724,14.8528149833969,12.2885912601426,9.70658632526499,10.2495987403066,7.49525542305607,7.81986477630862,8.6014851485149,5.84035398311557,8.76375520313543,7.44970014007366,5.02342068616285,8.55803802239778,8.89816380214033,8.45077480634999,12.5666446595156,8.95421802392949,5.53753791645676,8.97120640995788,9.15870843167905,5.74883133553454,5.52581923392517,5.09856164363687,6.44687722255584,6.22137528933118,4.6898064677633,4.10285075461156,5.19162942092851
"Inflation, consumer prices (annual %)",FP.CPI.TOTL.ZG,Africa Western and Central,AFW,1.05736139457209,1.74188785932668,-0.0629990064787034,0.553455723541917,31.8410168416385,10.5632886691814,4.91423972637201,3.99714170439302,4.47112543851099,0.372266170311928,2.53077516737996,4.36152914007256,3.18869330220589,1.76090410099628,0.694336305945757,5.63163351357613,4.41589984169561,3.60736767984596,8.45297623326755,3.2824403758932,1.78484420477113,4.01869907534491,4.57837463515948,2.43920076104126,1.76843582146223,2.13081738058791,1.48741550755546,1.72548602374731,1.78404994832044,1.98309228487232,2.49037783931949
"Inflation, consumer prices (annual %)",FP.CPI.TOTL.ZG,Arab World,ARB,..,..,..,..,..,..,..,..,..,..,..,..,..,..,..,..,..,..,..,..,..,..,..,..,..,..,..,..,..,..,..
"Inflation, consumer prices (annual %)",FP.CPI.TOTL.ZG,Caribbean small states,CSS,..,..,..,..,..,..,..,..,..,..,..,..,..,..,..,..,..,..,..,..,..,..,..,..,..,..,..,..,..,..,..
"Inflation, consumer prices (annual %)",FP.CPI.TOTL.ZG,Central Europe and the Baltics,CEB,..,..,..,..,..,..,..,..,..,..,..,..,..,..,..,..,..,..,..,..,..,..,..,..,..,..,..,..,..,..,..
"Inflation, consumer prices (annual %)",FP.CPI.TOTL.ZG,Early-demographic dividend,EAR,..,..,..,..,..,..,..,..,..,..,..,..,..,..,..,..,..,..,..,..,..,..,..,..,..,..,..,..,..,..,..
"Inflation, consumer prices (annual %)",FP.CPI.TOTL.ZG,East Asia & Pacific,EAS,..,..,..,..,..,..,..,..,..,..,..,..,..,..,..,..,..,..,..,..,..,..,..,..,..,..,..,..,..,..,..
"Inflation, consumer prices (annual %)",FP.CPI.TOTL.ZG,East Asia & Pacific (excluding high income),EAP,..,..,..,..,..,..,..,..,..,..,..,..,..,..,..,..,..,..,..,..,..,..,..,..,..,..,..,..,..,..,..
"Inflation, consumer prices (annual %)",FP.CPI.TOTL.ZG,East Asia & Pacific (IDA & IBRD countries),TEA,..,..,..,..,..,..,..,..,..,..,..,..,..,..,..,..,..,..,..,..,..,..,..,..,..,..,..,..,..,..,..
"Inflation, consumer prices (annual %)",FP.CPI.TOTL.ZG,Euro area,EMU,..,..,..,..,..,..,..,..,..,..,..,..,..,..,..,..,..,..,..,..,..,..,..,..,..,..,..,..,..,..,..
"Inflation, consumer prices (annual %)",FP.CPI.TOTL.ZG,Europe & Central Asia,ECS,..,..,..,..,..,..,..,..,..,..,..,..,..,..,..,..,..,..,..,..,..,..,..,..,..,..,..,..,..,..,..
"Inflation, consumer prices (annual %)",FP.CPI.TOTL.ZG,Europe & Central Asia (excluding high income),ECA,..,..,..,..,..,..,..,..,..,..,..,..,..,..,..,..,..,..,..,..,..,..,..,..,..,..,..,..,..,..,..
"Inflation, consumer prices (annual %)",FP.CPI.TOTL.ZG,Europe & Central Asia (IDA & IBRD countries),TEC,..,..,..,..,..,..,..,..,..,..,..,..,..,..,..,..,..,..,..,..,..,..,..,..,..,..,..,..,..,..,..
"Inflation, consumer prices (annual %)",FP.CPI.TOTL.ZG,European Union,EUU,..,..,..,..,..,..,..,..,..,..,..,..,..,..,..,..,..,..,..,..,..,..,..,..,..,..,..,..,..,..,..
"Inflation, consumer prices (annual %)",FP.CPI.TOTL.ZG,Fragile and conflict affected situations,FCS,..,..,..,..,..,..,..,..,..,..,..,..,..,..,..,..,..,..,..,..,..,..,..,..,..,..,..,..,..,..,..
"Inflation, consumer prices (annual %)",FP.CPI.TOTL.ZG,Heavily indebted poor countries (HIPC),HPC,..,..,..,..,..,..,..,..,..,..,..,..,..,..,..,..,..,..,..,..,..,..,..,..,..,..,..,..,..,..,..
"Inflation, consumer prices (annual %)",FP.CPI.TOTL.ZG,High income,HIC,..,..,..,..,..,..,..,..,..,..,..,..,..,..,..,..,..,..,..,..,..,..,..,..,..,..,..,..,..,..,..
"Inflation, consumer prices (annual %)",FP.CPI.TOTL.ZG,IBRD only,IBD,..,..,..,..,..,..,..,..,..,..,..,..,..,..,..,..,..,..,..,..,..,..,..,..,..,..,..,..,..,..,..
"Inflation, consumer prices (annual %)",FP.CPI.TOTL.ZG,IDA & IBRD total,IBT,..,..,..,..,..,..,..,..,..,..,..,..,..,..,..,..,..,..,..,..,..,..,..,..,..,..,..,..,..,..,..
"Inflation, consumer prices (annual %)",FP.CPI.TOTL.ZG,IDA blend,IDB,..,..,..,..,..,..,..,..,..,..,..,..,..,..,..,..,..,..,..,..,..,..,..,..,..,..,..,..,..,..,..
"Inflation, consumer prices (annual %)",FP.CPI.TOTL.ZG,IDA only,IDX,..,..,..,..,..,..,..,..,..,..,..,..,..,..,..,..,..,..,..,..,..,..,..,..,..,..,..,..,..,..,..
"Inflation, consumer prices (annual %)",FP.CPI.TOTL.ZG,IDA total,IDA,..,..,..,..,..,..,..,..,..,..,..,..,..,..,..,..,..,..,..,..,..,..,..,..,..,..,..,..,..,..,..
"Inflation, consumer prices (annual %)",FP.CPI.TOTL.ZG,Late-demographic dividend,LTE,..,..,..,..,..,..,..,..,..,..,..,..,..,..,..,..,..,..,..,..,..,..,..,..,..,..,..,..,..,..,..
"Inflation, consumer prices (annual %)",FP.CPI.TOTL.ZG,Latin America & Caribbean,LCN,..,..,..,..,..,..,..,..,..,..,..,..,..,..,..,..,..,..,..,..,..,..,..,..,..,..,..,..,..,..,..
"Inflation, consumer prices (annual %)",FP.CPI.TOTL.ZG,Latin America & Caribbean (excluding high income),LAC,..,..,..,..,..,..,..,..,..,..,..,..,..,..,..,..,..,..,..,..,..,..,..,..,..,..,..,..,..,..,..
"Inflation, consumer prices (annual %)",FP.CPI.TOTL.ZG,Latin America & the Caribbean (IDA & IBRD countries),TLA,..,..,..,..,..,..,..,..,..,..,..,..,..,..,..,..,..,..,..,..,..,..,..,..,..,..,..,..,..,..,..
"Inflation, consumer prices (annual %)",FP.CPI.TOTL.ZG,Least developed countries: UN classification,LDC,..,..,..,..,..,..,..,..,..,..,..,..,..,..,..,..,..,..,..,..,..,..,..,..,..,..,..,..,..,..,..
"Inflation, consumer prices (annual %)",FP.CPI.TOTL.ZG,Low & middle income,LMY,..,..,..,..,..,..,..,..,..,..,..,..,..,..,..,..,..,..,..,..,..,..,..,..,..,..,..,..,..,..,..
"Inflation, consumer prices (annual %)",FP.CPI.TOTL.ZG,Low income,LIC,..,..,..,..,..,..,..,..,..,..,..,..,..,..,..,..,..,..,..,..,..,..,..,..,..,..,..,..,..,..,..
"Inflation, consumer prices (annual %)",FP.CPI.TOTL.ZG,Lower middle income,LMC,..,..,..,..,..,..,..,..,..,..,..,..,..,..,..,..,..,..,..,..,..,..,..,..,..,..,..,..,..,..,..
"Inflation, consumer prices (annual %)",FP.CPI.TOTL.ZG,"Middle East, North Africa, Afghanistan & Pakistan",MEA,..,..,..,..,..,..,..,..,..,..,..,..,..,..,..,..,..,..,..,..,..,..,..,..,..,..,..,..,..,..,..
"Inflation, consumer prices (annual %)",FP.CPI.TOTL.ZG,"Middle East, North Africa, Afghanistan & Pakistan (excluding high income)",MNA,..,..,..,..,..,..,..,..,..,..,..,..,..,..,..,..,..,..,..,..,..,..,..,..,..,..,..,..,..,..,..
"Inflation, consumer prices (annual %)",FP.CPI.TOTL.ZG,"Middle East, North Africa, Afghanistan & Pakistan (IDA & IBRD)",TMN,..,..,..,..,..,..,..,..,..,..,..,..,..,..,..,..,..,..,..,..,..,..,..,..,..,..,..,..,..,..,..
"Inflation, consumer prices (annual %)",FP.CPI.TOTL.ZG,Middle income,MIC,..,..,..,..,..,..,..,..,..,..,..,..,..,..,..,..,..,..,..,..,..,..,..,..,..,..,..,..,..,..,..
"Inflation, consumer prices (annual %)",FP.CPI.TOTL.ZG,North America,NAC,..,..,..,..,..,..,..,..,..,..,..,..,..,..,..,..,..,..,..,..,..,..,..,..,..,..,..,..,..,..,..
"Inflation, consumer prices (annual %)",FP.CPI.TOTL.ZG,Not classified,INX,..,..,..,..,..,..,..,..,..,..,..,..,..,..,..,..,..,..,..,..,..,..,..,..,..,..,..,..,..,..,..
"Inflation, consumer prices (annual %)",FP.CPI.TOTL.ZG,OECD members,OED,..,..,..,..,..,..,..,..,..,..,..,..,..,..,..,..,..,..,..,..,..,..,..,..,..,..,..,..,..,..,..
"Inflation, consumer prices (annual %)",FP.CPI.TOTL.ZG,Other small states,OSS,..,..,..,..,..,..,..,..,..,..,..,..,..,..,..,..,..,..,..,..,..,..,..,..,..,..,..,..,..,..,..
"Inflation, consumer prices (annual %)",FP.CPI.TOTL.ZG,Pacific island small states,PSS,..,..,..,..,..,..,..,..,..,..,..,..,..,..,..,..,..,..,..,..,..,..,..,..,..,..,..,..,..,..,..
"Inflation, consumer prices (annual %)",FP.CPI.TOTL.ZG,Post-demographic dividend,PST,..,..,..,..,..,..,..,..,..,..,..,..,..,..,..,..,..,..,..,..,..,..,..,..,..,..,..,..,..,..,..
"Inflation, consumer prices (annual %)",FP.CPI.TOTL.ZG,Pre-demographic dividend,PRE,..,..,..,..,..,..,..,..,..,..,..,..,..,..,..,..,..,..,..,..,..,..,..,..,..,..,..,..,..,..,..
"Inflation, consumer prices (annual %)",FP.CPI.TOTL.ZG,Small states,SST,..,..,..,..,..,..,..,..,..,..,..,..,..,..,..,..,..,..,..,..,..,..,..,..,..,..,..,..,..,..,..
"Inflation, consumer prices (annual %)",FP.CPI.TOTL.ZG,South Asia,SAS,..,..,..,..,..,..,..,..,..,..,..,..,..,..,..,..,..,..,..,..,..,..,..,..,..,..,..,..,..,..,..
"Inflation, consumer prices (annual %)",FP.CPI.TOTL.ZG,South Asia (IDA & IBRD),TSA,..,..,..,..,..,..,..,..,..,..,..,..,..,..,..,..,..,..,..,..,..,..,..,..,..,..,..,..,..,..,..
"Inflation, consumer prices (annual %)",FP.CPI.TOTL.ZG,Sub-Saharan Africa,SSF,..,..,..,..,..,..,..,..,..,..,..,..,..,..,..,..,..,..,..,..,..,..,..,..,..,..,..,..,..,..,..
"Inflation, consumer prices (annual %)",FP.CPI.TOTL.ZG,Sub-Saharan Africa (excluding high income),SSA,..,..,..,..,..,..,..,..,..,..,..,..,..,..,..,..,..,..,..,..,..,..,..,..,..,..,..,..,..,..,..
"Inflation, consumer prices (annual %)",FP.CPI.TOTL.ZG,Sub-Saharan Africa (IDA & IBRD countries),TSS,..,..,..,..,..,..,..,..,..,..,..,..,..,..,..,..,..,..,..,..,..,..,..,..,..,..,..,..,..,..,..
"Inflation, consumer prices (annual %)",FP.CPI.TOTL.ZG,Upper middle income,UMC,..,..,..,..,..,..,..,..,..,..,..,..,..,..,..,..,..,..,..,..,..,..,..,..,..,..,..,..,..,..,..
"Inflation, consumer prices (annual %)",FP.CPI.TOTL.ZG,World,WLD,..,..,..,..,..,..,..,..,..,..,..,..,..,..,..,..,..,..,..,..,..,..,..,..,..,..,..,..,..,..,..
,,,,,,,,,,,,,,,,,,,,,,,,,,,,,,,,,,
,,,,,,,,,,,,,,,,,,,,,,,,,,,,,,,,,,
,,,,,,,,,,,,,,,,,,,,,,,,,,,,,,,,,,
Data from database: World Development Indicators,,,,,,,,,,,,,,,,,,,,,,,,,,,,,,,,,,
Last Updated: 04/08/2026,,,,,,,,,,,,,,,,,,,,,,,,,,,,,,,,,,
Code,License Type,Indicator Name,Long definition,Source,Topic,Dataset,Unit of measure,Periodicity,Reference period,Aggregation method,Statistical concept and methodology,Development relevance,License URL
FP.CPI.TOTL.ZG,CC BY-4.0,"Inflation, consumer prices (annual % growth)","Inflation as measured by the consumer price index reflects the annual percentage change in the cost to the average consumer of acquiring a basket of goods and services that may be fixed or changed at specified intervals, such as yearly. This indicator denotes the percentage change over each previous year of the constant price (base year 2015) series in United States dollars.","International Financial Statistics database, International Monetary Fund (IMF)",Financial Sector: Exchange rates & prices,WB_WDI,%,Annual,1960-2024,Median,"Methodology: Consumer Prices Indices are compiled in accordance with international standards: Consumer Price Index Manual, 2020 or 2004 version. Specific information on how countries compile their CPI statistics can be found on the IMF website: https://dsbb.imf.org/
Statistical concept(s): The conceptual basis of a consumer price index series is to measure the rate at which prices of consumption goods and services are changing from one period to another.","A general and continuing increase in an economy’s price level is called inflation. The increase in the average prices of goods and services in the economy should be distinguished from a change in the relative prices of individual goods and services. Generally accompanying an overall increase in the price level is a change in the structure of relative prices, but it is only the average increase, not the relative price changes, that constitutes inflation. A commonly used measure of inflation is the consumer price index, which measures the prices of a representative basket of goods and services purchased by a typical household. The consumer price index is usually calculated on the basis of periodic surveys of consumer prices. Other price indices are derived implicitly from indexes of current and constant price series.",https://datacatalog.worldbank.org/public-licenses#cc-by
