Series Name,Series Code,Country Name,Country Code,1990 [YR1990],1991 [YR1991],1992 [YR1992],1993 [YR1993],1994 [YR1994],1995 [YR1995],1996 [YR1996],1997 [YR1997],1998 [YR1998],1999 [YR1999],2000 [YR2000],2001 [YR2001],2002 [YR2002],2003 [YR2003],2004 [YR2004],2005 [YR2005],2006 [YR2006],2007 [YR2007],2008 [YR2008],2009 [YR2009],2010 [YR2010],2011 [YR2011],2012 [YR2012],2013 [YR2013],2014 [YR2014],2015 [YR2015],2016 [YR2016],2017 [YR2017],2018 [YR2018],2019 [YR2019],2020 [YR2020],2021 [YR2021],2022 [YR2022],2023 [YR2023],2024 [YR2024]
"Labor force participation rate for ages 15-24, total (%) (modeled ILO estimate)",SL.TLF.ACTI.1524.ZS,Afghanistan,AFG,38.784,38.724,38.633,38.501,38.333,38.159,37.982,37.8,37.629,37.471,37.344,37.259,37.215,37.213,37.26,37.354,37.49,37.674,37.892,38.122,38.356,38.576,38.789,38.889,38.99,39.09,39.19,39.29,39.386,39.439,33.983,38.464,38.158,38.006,37.933
"Labor force participation rate for ages 15-24, total (%) (modeled ILO estimate)",SL.TLF.ACTI.1524.ZS,Albania,ALB,58.3,67.062,69.002,66.256,63.871,60.315,57.869,60.745,58.344,55.097,53.296,51.196,50.117,47.175,44.247,41.354,38.513,35.744,33.064,34.629,33.604,44.1,36.163,27.531,28.934,31.266,31.629,31.585,35.672,36.596,35.654,36.228,38.3,39.084,39.132
"Labor force participation rate for ages 15-24, total (%) (modeled ILO estimate)",SL.TLF.ACTI.1524.ZS,Algeria,DZA,41.052,41.227,41.151,41.32,41.43,41.248,41.076,40.136,39.186,38.214,37.243,36.272,35.304,34.341,33.385,32.437,31.499,30.576,29.67,28.777,28.375,27.858,27.342,26.809,26.259,25.435,24.807,24.786,24.765,24.765,21.716,22.499,24.921,24.689,24.481
"Labor force participation rate for ages 15-24, total (%) (modeled ILO estimate)",SL.TLF.ACTI.1524.ZS,American Samoa,ASM,..,..,..,..,..,..,..,..,..,..,..,..,..,..,..,..,..,..,..,..,..,..,..,..,..,..,..,..,..,..,..,..,..,..,..
"Labor force participation rate for ages 15-24, total (%) (modeled ILO estimate)",SL.TLF.ACTI.1524.ZS,Andorra,AND,..,..,..,..,..,..,..,..,..,..,..,..,..,..,..,..,..,..,..,..,..,..,..,..,..,..,..,..,..,..,..,..,..,..,..
"Labor force participation rate for ages 15-24, total (%) (modeled ILO estimate)",SL.TLF.ACTI.1524.ZS,Angola,AGO,57.308,57.592,57.855,58.097,58.303,58.399,58.402,58.345,58.244,58.135,58.003,57.855,57.704,57.555,57.418,57.312,57.239,57.192,57.186,57.212,57.237,57.634,57.232,56.828,56.423,56.018,55.612,55.204,54.797,54.388,51.727,54.553,53.495,54.221,54.165
"Labor force participation rate for ages 15-24, total (%) (modeled ILO estimate)",SL.TLF.ACTI.1524.ZS,Antigua and Barbuda,ATG,..,..,..,..,..,..,..,..,..,..,..,..,..,..,..,..,..,..,..,..,..,..,..,..,..,..,..,..,..,..,..,..,..,..,..
"Labor force participation rate for ages 15-24, total (%) (modeled ILO estimate)",SL.TLF.ACTI.1524.ZS,Argentina,ARG,48.262,47.963,47.706,47.437,47.257,47.428,47.257,46.986,46.878,47.065,47.144,47.374,47.894,47.587,47.273,45.255,45.505,44.022,42.549,42.375,41.047,40.912,40.511,40.085,38.585,38.707,38.828,38.951,39.404,39.003,33.091,37.005,38.023,39.123,38.722
"Labor force participation rate for ages 15-24, total (%) (modeled ILO estimate)",SL.TLF.ACTI.1524.ZS,Armenia,ARM,45.59,45.608,45.631,45.649,45.645,45.629,45.625,45.627,45.593,45.536,45.484,45.457,45.457,45.458,45.458,45.458,45.46,45.462,44.232,46.81,46.268,45.355,44.166,43.655,43.084,42.59,42.56,41.449,40.688,38.642,38.775,39.574,37.527,38.233,38.449
"Labor force participation rate for ages 15-24, total (%) (modeled ILO estimate)",SL.TLF.ACTI.1524.ZS,Aruba,ABW,..,..,..,..,..,..,..,..,..,..,..,..,..,..,..,..,..,..,..,..,..,..,..,..,..,..,..,..,..,..,..,..,..,..,..
"Labor force participation rate for ages 15-24, total (%) (modeled ILO estimate)",SL.TLF.ACTI.1524.ZS,Australia,AUS,72.124,69.675,69.402,68.742,70.588,71.65,71.675,70.074,69.881,69.934,70.19,70.678,69.982,70.227,70.144,70.815,70.807,70.764,70.752,69.106,68.431,68.142,67.522,66.824,66.563,67.266,66.788,66.896,67.649,67.692,65.532,68.477,71.405,70.817,70.188
"Labor force participation rate for ages 15-24, total (%) (modeled ILO estimate)",SL.TLF.ACTI.1524.ZS,Austria,AUT,63.264,63.572,64.297,61.644,62.32,61.782,59.678,58.471,58.623,58.475,56.195,54.804,55.866,54.816,55.744,56.969,56.834,58.38,58.609,58.479,57.222,58.012,58.159,57.747,57.08,56.506,56.663,54.941,55.829,55.506,55.572,55.704,56.606,58.151,57.24
"Labor force participation rate for ages 15-24, total (%) (modeled ILO estimate)",SL.TLF.ACTI.1524.ZS,Azerbaijan,AZE,46.103,46.506,51.88,58.02,63.467,66.7,66.592,65.442,63.356,61.858,59.578,55.945,53.126,51.226,47.135,47.692,44.009,39.46,36.008,35.438,33.583,33.294,33.336,34.235,35.907,37.504,40.068,41.907,43.545,43.325,46.249,41.269,43.323,43.223,43.175
"Labor force participation rate for ages 15-24, total (%) (modeled ILO estimate)",SL.TLF.ACTI.1524.ZS,"Bahamas, The",BHS,57.76,57.789,57.816,57.841,57.864,57.924,57.984,58.044,58.103,58.163,58.219,58.278,58.339,58.395,58.449,58.505,58.558,58.607,58.66,58.714,58.767,58.822,58.88,58.939,58.998,59.056,59.113,59.17,59.227,59.284,52.742,54.571,58.879,59.018,59.081
"Labor force participation rate for ages 15-24, total (%) (modeled ILO estimate)",SL.TLF.ACTI.1524.ZS,Bahrain,BHR,45.497,44.38,44.129,44.017,43.839,43.573,43.215,42.783,42.307,41.819,41.337,41.167,41.222,41.129,40.868,41.179,41.378,41.449,41.404,41.272,41.309,39.404,40.481,41.327,42.14,43.182,43.205,43.182,42.951,42.7,41.19,41.852,42.847,42.588,42.188
"Labor force participation rate for ages 15-24, total (%) (modeled ILO estimate)",SL.TLF.ACTI.1524.ZS,Bangladesh,BGD,44.353,44.702,45.101,45.511,45.942,46.381,46.803,47.169,47.453,47.663,47.787,47.776,47.645,47.443,47.202,46.933,46.615,46.586,46.556,46.52,46.474,46.121,45.74,45.324,42.917,40.47,38.04,40.47,42.639,44.59,47.082,50.359,52.699,51.526,48.267
"Labor force participation rate for ages 15-24, total (%) (modeled ILO estimate)",SL.TLF.ACTI.1524.ZS,Barbados,BRB,65.083,63.584,62.053,62.3,62.518,64.759,64.512,62.004,61.184,60.357,59.522,58.673,57.814,56.955,57.212,56.611,56.012,55.416,54.814,54.204,53.596,52.992,47.241,47.494,46.594,42.067,43.749,41.279,44.207,44.4,42.885,42.59,46.873,47.804,48.215
"Labor force participation rate for ages 15-24, total (%) (modeled ILO estimate)",SL.TLF.ACTI.1524.ZS,Belarus,BLR,42.404,42.575,44.022,45.224,47.103,48.787,48.299,46.55,45.284,44.743,44.921,45.101,45.282,45.465,45.649,45.832,46.017,46.203,46.389,46.575,46.759,46.941,47.122,47.304,47.487,47.668,47.849,48.374,45.97,44.821,44.761,42.569,41.977,39.082,39.236
"Labor force participation rate for ages 15-24, total (%) (modeled ILO estimate)",SL.TLF.ACTI.1524.ZS,Belgium,BEL,35.581,36.505,36.224,34.441,35.198,33.878,32.768,32.033,32.634,32.869,35.73,33.612,33.834,33.506,34.025,35.016,34.695,33.866,33.402,32.444,32.514,31.989,31.491,30.995,30.198,30.012,28.471,28.098,29.639,30.989,28.44,30.263,31.066,31.578,31.85
"Labor force participation rate for ages 15-24, total (%) (modeled ILO estimate)",SL.TLF.ACTI.1524.ZS,Belize,BLZ,47.927,47.42,46.863,46.64,46.765,46.753,46.738,46.72,46.717,46.631,46.584,46.534,46.485,46.437,46.39,46.345,46.3,46.257,46.214,46.172,46.131,46.091,46.052,46.013,47.94,47.155,46.374,46.93,49.51,54.027,49.732,50.275,53.599,53.214,53.91
"Labor force participation rate for ages 15-24, total (%) (modeled ILO estimate)",SL.TLF.ACTI.1524.ZS,Benin,BEN,66.23,66.26,66.26,65.479,64.69,63.892,63.086,62.273,61.452,60.625,59.791,58.951,58.107,56.454,54.787,53.109,51.426,49.74,48.055,46.376,44.707,43.051,43.688,44.327,44.969,45.613,46.258,46.905,47.553,48.201,49.264,50.721,52.575,52.492,52.41
"Labor force participation rate for ages 15-24, total (%) (modeled ILO estimate)",SL.TLF.ACTI.1524.ZS,Bermuda,BMU,..,..,..,..,..,..,..,..,..,..,..,..,..,..,..,..,..,..,..,..,..,..,..,..,..,..,..,..,..,..,..,..,..,..,..
"Labor force participation rate for ages 15-24, total (%) (modeled ILO estimate)",SL.TLF.ACTI.1524.ZS,Bhutan,BTN,53.757,53.511,53.28,53.063,52.876,52.702,52.545,52.407,52.297,51.918,51.284,50.707,50.182,49.707,49.306,49.065,48.988,48.947,48.837,48.619,40.372,37.957,32.305,29.398,26.898,29.56,28.401,27.258,26.133,26.64,27.223,27.392,29.394,31.101,30.833
"Labor force participation rate for ages 15-24, total (%) (modeled ILO estimate)",SL.TLF.ACTI.1524.ZS,Bolivia,BOL,53.392,53.268,53.285,53.196,53.09,52.981,52.884,52.761,52.276,51.789,51.303,50.816,50.329,49.841,49.353,48.866,48.379,47.892,47.405,46.919,46.434,45.949,45.465,44.982,44.5,44.019,43.539,44.533,49.605,53.7,54.267,62.056,61.529,60.756,60.645
"Labor force participation rate for ages 15-24, total (%) (modeled ILO estimate)",SL.TLF.ACTI.1524.ZS,Bosnia and Herzegovina,BIH,34.249,35.273,36.261,36.815,37.268,37.362,36.941,36.509,36.161,35.854,35.174,34.699,33.913,33.341,32.762,32.206,31.479,30.902,30.565,30.794,30.246,30.349,30.165,29.834,29.759,29.771,29.7,29.321,29.115,28.788,27.993,28.356,29.32,26.055,26.076
"Labor force participation rate for ages 15-24, total (%) (modeled ILO estimate)",SL.TLF.ACTI.1524.ZS,Botswana,BWA,48.892,48.302,47.615,46.8,45.836,44.756,43.611,42.437,41.297,40.144,39.002,39.485,39.973,40.465,40.959,41.457,41.958,41.103,40.25,39.401,38.505,38.183,37.864,37.548,37.23,36.912,36.593,36.273,35.953,35.634,34.957,37.964,38.781,42.094,42.149
"Labor force participation rate for ages 15-24, total (%) (modeled ILO estimate)",SL.TLF.ACTI.1524.ZS,Brazil,BRA,64.073,64.086,63.792,63.474,63.133,62.77,60.284,61.144,60.956,61.443,61.108,60.762,62.158,61.66,62.693,64.12,62.792,62.389,61.812,61.426,59.446,57.425,57.114,55.994,55.128,54.966,55.18,56.041,56.147,57.047,51.435,54.827,56.401,54.446,54.709
"Labor force participation rate for ages 15-24, total (%) (modeled ILO estimate)",SL.TLF.ACTI.1524.ZS,British Virgin Islands,VGB,..,..,..,..,..,..,..,..,..,..,..,..,..,..,..,..,..,..,..,..,..,..,..,..,..,..,..,..,..,..,..,..,..,..,..
"Labor force participation rate for ages 15-24, total (%) (modeled ILO estimate)",SL.TLF.ACTI.1524.ZS,Brunei Darussalam,BRN,47.866,47.394,47.603,47.822,48.052,48.289,48.521,48.746,48.973,49.203,49.436,49.672,49.025,48.381,47.732,47.077,46.419,45.772,45.135,44.494,43.848,43.206,42.58,41.963,41.346,40.728,40.108,39.484,40.567,39.011,38.341,38.357,37.595,35.54,35.217
"Labor force participation rate for ages 15-24, total (%) (modeled ILO estimate)",SL.TLF.ACTI.1524.ZS,Bulgaria,BGR,28.731,29.668,30.486,30.579,30.308,29.896,29.213,31.072,30.498,31.605,30.934,34.758,31.921,29.313,29.571,27.922,28.906,28.924,30.15,29.553,31.167,29.462,30.447,29.66,27.229,25.974,23.9,26.311,23.702,23.979,21.795,19.652,21.706,21.362,19.715
"Labor force participation rate for ages 15-24, total (%) (modeled ILO estimate)",SL.TLF.ACTI.1524.ZS,Burkina Faso,BFA,78.745,78.973,78.535,78.09,77.639,77.182,76.719,76.249,75.774,75.293,74.805,74.312,73.813,73.308,72.796,72.278,71.755,71.224,70.688,70.146,69.598,69.044,68.485,67.92,67.351,66.775,66.195,65.611,65.021,64.427,62.136,60.725,58.784,55.371,51.971
"Labor force participation rate for ages 15-24, total (%) (modeled ILO estimate)",SL.TLF.ACTI.1524.ZS,Burundi,BDI,81.531,80.345,79.102,77.792,76.431,75.019,73.539,72.003,70.415,69.729,69.034,68.331,67.62,66.899,66.172,65.436,64.692,63.21,61.705,60.181,58.637,57.075,55.501,53.917,52.326,53.059,53.819,54.079,53.867,53.399,56.157,53.207,53.119,52.978,52.819
"Labor force participation rate for ages 15-24, total (%) (modeled ILO estimate)",SL.TLF.ACTI.1524.ZS,Cabo Verde,CPV,63.495,62.286,61.06,59.819,58.566,57.302,56.028,54.745,53.457,52.163,50.867,49.569,48.272,46.976,45.683,44.395,43.113,41.839,40.574,39.322,38.873,38.423,37.977,37.533,37.091,36.651,36.213,35.778,32.604,31.761,28.81,29.773,31.386,31.144,30.896
"Labor force participation rate for ages 15-24, total (%) (modeled ILO estimate)",SL.TLF.ACTI.1524.ZS,Cambodia,KHM,67.355,67.13,67.029,67.165,70.432,70.377,70.484,70.66,70.627,69.988,72.067,74.054,75.946,77.741,77.714,77.688,77.661,77.632,74.339,76.506,79.001,78.8,75.508,71.886,72.009,71.861,72.93,71.618,71.437,71.314,71.123,67.147,71.02,70.824,70.612
"Labor force participation rate for ages 15-24, total (%) (modeled ILO estimate)",SL.TLF.ACTI.1524.ZS,Cameroon,CMR,71.289,71.314,71.294,71.195,71.028,70.797,70.469,70.054,69.659,69.333,69.022,68.675,68.298,67.963,67.71,67.522,67.371,67.212,63.909,60.469,56.923,54.839,52.738,50.628,48.514,46.421,44.454,42.561,40.649,38.671,36.517,34.95,34.928,34.87,34.809
"Labor force participation rate for ages 15-24, total (%) (modeled ILO estimate)",SL.TLF.ACTI.1524.ZS,Canada,CAN,69.929,68.135,66.161,64.437,63.925,63.163,62.247,61.476,61.816,63.468,64.396,64.668,66.535,67.337,66.847,65.871,67.149,67.986,68.268,66.425,65.578,65.606,65.035,65.311,65.373,65.479,64.775,65.273,64.836,65.766,62.204,64.184,65.276,64.966,63.031
"Labor force participation rate for ages 15-24, total (%) (modeled ILO estimate)",SL.TLF.ACTI.1524.ZS,Cayman Islands,CYM,..,..,..,..,..,..,..,..,..,..,..,..,..,..,..,..,..,..,..,..,..,..,..,..,..,..,..,..,..,..,..,..,..,..,..
"Labor force participation rate for ages 15-24, total (%) (modeled ILO estimate)",SL.TLF.ACTI.1524.ZS,Central African Republic,CAF,53.659,54.252,54.681,54.946,55.095,55.289,55.453,55.46,55.393,55.251,55.051,54.988,54.847,54.614,54.516,54.419,54.517,54.739,54.885,55.287,55.804,56.376,57.31,58.346,59.671,60.513,60.505,60.547,60.584,60.545,59.973,59.955,60.598,60.6,60.606
"Labor force participation rate for ages 15-24, total (%) (modeled ILO estimate)",SL.TLF.ACTI.1524.ZS,Chad,TCD,55.652,55.577,55.247,56.487,55.768,55.047,54.324,53.601,52.875,52.147,51.419,50.69,49.96,49.229,48.499,47.769,47.039,46.31,45.583,44.859,44.137,43.416,42.699,41.985,41.275,40.568,39.866,39.167,38.473,38.31,37.946,38.213,38.097,37.913,37.724
"Labor force participation rate for ages 15-24, total (%) (modeled ILO estimate)",SL.TLF.ACTI.1524.ZS,Channel Islands,CHI,53.652,53.706,53.038,53.493,53.964,54.128,53.302,52.882,53.328,52.327,51.743,51.864,50.906,50.313,50.562,50.01,49.875,49.491,49.546,48.857,46.928,47.628,48.985,46.439,48.798,49.25,48.297,48.397,48.473,48.065,47.608,47.664,49.16,48.058,48.056
"Labor force participation rate for ages 15-24, total (%) (modeled ILO estimate)",SL.TLF.ACTI.1524.ZS,Chile,CHL,44.98,44.752,44.399,44.211,44.079,43.799,43.595,42.944,41.353,40.362,38.552,37.058,36.306,36.077,36.346,36.198,36.616,37.142,39.535,38.426,37.769,38.73,37.534,36.696,36.926,36.316,35.24,35.284,34.555,32.763,26.58,26.828,29.673,30.203,30.245
"Labor force participation rate for ages 15-24, total (%) (modeled ILO estimate)",SL.TLF.ACTI.1524.ZS,China,CHN,78.292,77.208,76.085,74.926,73.729,72.495,71.225,69.919,68.579,67.207,65.804,64.995,64.177,63.35,62.516,61.676,60.829,59.976,59.116,58.251,57.381,56.463,55.722,54.986,54.279,53.603,52.944,52.277,51.613,51.017,47.883,48.843,50.219,49.859,49.505
"Labor force participation rate for ages 15-24, total (%) (modeled ILO estimate)",SL.TLF.ACTI.1524.ZS,Colombia,COL,57.452,57.452,57.372,57.24,57.09,56.962,56.952,56.888,56.937,57.181,57.131,57.127,56.255,56.746,54.797,52.413,50.611,48.808,48.327,52.137,51.658,52.655,53.596,52.093,51.548,51.399,50.06,49.225,48.117,46.743,46.942,48.352,44.447,44.716,43.612
"Labor force participation rate for ages 15-24, total (%) (modeled ILO estimate)",SL.TLF.ACTI.1524.ZS,Comoros,COM,16.705,16.689,16.835,17.141,17.375,17.512,17.575,17.533,17.382,17.081,16.744,16.518,16.361,16.14,15.689,15.583,15.479,15.376,15.272,15.17,15.068,14.967,14.868,14.77,14.674,16.009,17.292,18.428,19.448,20.46,21.626,23.086,23.002,22.928,22.864
"Labor force participation rate for ages 15-24, total (%) (modeled ILO estimate)",SL.TLF.ACTI.1524.ZS,"Congo, Dem. Rep.",COD,42.657,42.745,42.84,42.869,42.272,42.116,43.252,44.441,44.842,44.821,44.895,44.954,45.032,45.15,45.23,45.242,43.871,42.509,41.158,39.82,38.496,37.189,35.9,36.918,37.951,38.996,39.902,40.772,41.853,43.042,43.64,42.814,43.098,43.1,43.089
"Labor force participation rate for ages 15-24, total (%) (modeled ILO estimate)",SL.TLF.ACTI.1524.ZS,"Congo, Rep.",COG,47.244,46.952,46.662,46.324,46.044,45.86,45.674,45.802,45.848,45.515,44.539,43.69,43.644,43.425,42.967,42.511,42.078,41.782,41.774,41.559,41.407,41.732,42.216,42.803,43.3,43.691,43.922,43.978,43.922,43.751,40.751,41.472,43.52,43.408,43.279
"Labor force participation rate for ages 15-24, total (%) (modeled ILO estimate)",SL.TLF.ACTI.1524.ZS,Costa Rica,CRI,54.899,53.514,51.76,53.179,52.415,53.268,49.341,50.832,53.599,51.258,50.386,51.389,49.74,50.624,47.655,49.046,49.502,51.415,49.105,47.368,44.647,43.616,48.168,47.736,48.208,45.728,42.604,42.631,45.627,45.31,43.93,45.411,42.969,37.922,38.88
"Labor force participation rate for ages 15-24, total (%) (modeled ILO estimate)",SL.TLF.ACTI.1524.ZS,Cote d'Ivoire,CIV,54.238,53.932,53.585,53.234,52.87,52.5,52.152,51.832,51.568,51.523,51.479,51.435,51.391,51.347,51.303,51.259,51.216,51.173,51.13,51.089,51.05,51.014,50.978,50.237,49.493,48.753,48.018,46.562,45.111,43.668,40.779,38.848,37.183,37.081,36.974
"Labor force participation rate for ages 15-24, total (%) (modeled ILO estimate)",SL.TLF.ACTI.1524.ZS,Croatia,HRV,42.474,45.195,44.749,44.305,43.865,43.43,42.997,42.567,42.141,41.717,41.292,40.864,40.43,38.433,40.02,38.07,35.861,36.663,36.631,36.296,35.852,32.463,29.998,29.438,32.725,32.969,36.986,35.827,33.762,33.515,32.826,33.194,33.984,31.285,30.847
"Labor force participation rate for ages 15-24, total (%) (modeled ILO estimate)",SL.TLF.ACTI.1524.ZS,Cuba,CUB,43.196,42.879,42.571,42.357,41.767,41.146,40.419,39.874,39.51,39.108,38.821,38.692,38.683,38.68,38.691,38.617,38.528,38.487,38.439,41.41,41.685,41.551,41.409,41.225,41.034,40.762,40.612,40.478,40.399,40.402,37.596,38.41,39.316,39.048,38.752
"Labor force participation rate for ages 15-24, total (%) (modeled ILO estimate)",SL.TLF.ACTI.1524.ZS,Curacao,CUW,..,..,..,..,..,..,..,..,..,..,..,..,..,..,..,..,..,..,..,..,..,..,..,..,..,..,..,..,..,..,..,..,..,..,..
"Labor force participation rate for ages 15-24, total (%) (modeled ILO estimate)",SL.TLF.ACTI.1524.ZS,Cyprus,CYP,55.762,55.492,52.012,50.569,49.12,47.685,46.263,44.849,43.441,42.039,40.645,42.569,39.933,41.363,42.236,43.37,42.085,42.004,41.968,40.693,40.663,39.205,39.723,38.838,40.466,37.869,37.096,36.58,39.284,38.855,38.592,42.093,42.413,42.14,40.688
"Labor force participation rate for ages 15-24, total (%) (modeled ILO estimate)",SL.TLF.ACTI.1524.ZS,Czechia,CZE,49.617,51.031,51.105,51.11,52.114,50.652,49.446,48.347,49.05,48.28,46.097,43.127,40.071,38.135,35.853,33.876,33.537,31.923,31.131,31.82,30.864,29.929,31.274,31.561,32.223,32.503,32.01,31.677,30.422,29.721,27.307,27.043,27.657,27.973,27.021
"Labor force participation rate for ages 15-24, total (%) (modeled ILO estimate)",SL.TLF.ACTI.1524.ZS,Denmark,DNK,73.514,73.193,72.016,70.532,69.04,73.294,73.742,74.098,71.556,73.483,72.016,67.221,68.838,65.89,66.49,68.148,69.941,70.611,69.081,67.859,63.973,63.358,60.99,58.121,58.269,58.452,59.534,60.38,60.069,61.127,60.189,60.403,62.779,64.464,69.141
"Labor force participation rate for ages 15-24, total (%) (modeled ILO estimate)",SL.TLF.ACTI.1524.ZS,Djibouti,DJI,25.77,25.523,25.266,24.984,24.689,24.368,23.956,23.175,22.27,21.61,21.123,20.672,20.266,20.107,20.086,19.966,19.652,19.223,18.779,18.346,17.942,17.542,17.152,16.748,16.306,15.83,15.327,14.813,14.304,13.824,13.558,13.74,13.579,13.521,13.473
"Labor force participation rate for ages 15-24, total (%) (modeled ILO estimate)",SL.TLF.ACTI.1524.ZS,Dominica,DMA,..,..,..,..,..,..,..,..,..,..,..,..,..,..,..,..,..,..,..,..,..,..,..,..,..,..,..,..,..,..,..,..,..,..,..
"Labor force participation rate for ages 15-24, total (%) (modeled ILO estimate)",SL.TLF.ACTI.1524.ZS,Dominican Republic,DOM,47.527,47.593,47.092,46.793,46.755,46.544,46.313,45.922,45.642,45.403,45.234,43.71,43.919,41.169,41.78,41.164,41.089,41.56,42,37.421,38.572,40.532,41.181,41.04,40.869,44.048,44.737,43.611,44.681,45.485,39.182,45.537,45.808,47.619,47.968
"Labor force participation rate for ages 15-24, total (%) (modeled ILO estimate)",SL.TLF.ACTI.1524.ZS,Ecuador,ECU,48.137,48.061,48.06,48.062,47.979,47.966,47.972,47.799,52.434,52.129,51.824,52.125,52.427,52.728,54.024,52.474,54.333,50.896,50.775,47.653,44.687,41.745,43.004,41.1,40.134,42.765,44.796,45.226,43.978,43.935,39.718,45.958,45.845,43.352,44.683
"Labor force participation rate for ages 15-24, total (%) (modeled ILO estimate)",SL.TLF.ACTI.1524.ZS,"Egypt, Arab Rep.",EGY,30.643,30.605,32.123,32.771,33.393,33.632,32.551,31.488,30.444,34.192,31.248,28.423,30.21,31.137,32.071,33.015,33.966,33.739,35.567,35.427,34.773,33.512,33.6,34.51,33.849,32.169,31.476,29.103,24.492,22.809,22.765,24.105,22.593,23.516,23.372
"Labor force participation rate for ages 15-24, total (%) (modeled ILO estimate)",SL.TLF.ACTI.1524.ZS,El Salvador,SLV,51.757,51.645,51.49,52.716,52.239,50.681,48.075,46.603,51.029,49.402,48.158,46.91,45.663,48.701,46.878,47.362,47.87,47.1,45.971,44.798,43.583,43.469,44.012,43.436,42.672,41.968,42.679,43.113,42.712,43.935,40.816,43.275,43.674,42.634,42.731
"Labor force participation rate for ages 15-24, total (%) (modeled ILO estimate)",SL.TLF.ACTI.1524.ZS,Equatorial Guinea,GNQ,35.322,35.86,36.366,36.827,37.218,37.507,37.691,37.782,37.793,37.663,37.207,36.402,35.389,34.279,33.193,32.39,31.87,31.458,31.125,30.85,30.626,30.531,30.539,30.554,30.579,30.59,30.569,30.505,30.362,30.113,27.278,27.998,30.292,30.469,30.454
"Labor force participation rate for ages 15-24, total (%) (modeled ILO estimate)",SL.TLF.ACTI.1524.ZS,Eritrea,ERI,73.615,73.704,73.867,73.622,73.461,72.269,71.574,72.649,73.504,74.089,74.454,74.135,73.493,72.553,71.694,71.62,71.872,72.095,71.735,71.36,71.151,70.818,70.553,70.351,70.4,70.552,70.52,70.299,69.746,69.036,68.108,68.459,68.778,68.661,68.557
"Labor force participation rate for ages 15-24, total (%) (modeled ILO estimate)",SL.TLF.ACTI.1524.ZS,Estonia,EST,52.576,51.803,50.869,50.564,53.301,49.183,46.995,44.457,41.073,37.193,37.493,36.137,31.925,39.572,39.972,36.265,35.779,37.983,40.891,39.09,37.811,40.071,40.85,39.835,39.243,40.919,42.428,44.057,46.244,43.452,41.995,40.287,44.75,43.544,43.631
"Labor force participation rate for ages 15-24, total (%) (modeled ILO estimate)",SL.TLF.ACTI.1524.ZS,Eswatini,SWZ,40.4,39.612,38.854,38.464,39.448,40.099,39.251,38.183,36.896,35.584,34.4,33.397,32.561,31.882,31.327,30.864,30.471,29.965,29.269,28.546,27.893,27.324,26.845,26.405,25.917,25.391,24.907,25.299,25.633,25.918,26.233,27.283,27.446,27.592,27.511
"Labor force participation rate for ages 15-24, total (%) (modeled ILO estimate)",SL.TLF.ACTI.1524.ZS,Ethiopia,ETH,74.151,74.117,74.129,74.318,74.51,74.704,74.924,75.187,75.467,75.709,75.878,75.955,75.934,75.841,75.705,75.531,75.453,75.374,75.295,75.216,75.137,75.058,74.978,74.899,72.014,69.185,66.416,63.703,61.085,58.558,56.009,54.24,54.159,54.053,53.964
"Labor force participation rate for ages 15-24, total (%) (modeled ILO estimate)",SL.TLF.ACTI.1524.ZS,Faroe Islands,FRO,..,..,..,..,..,..,..,..,..,..,..,..,..,..,..,..,..,..,..,..,..,..,..,..,..,..,..,..,..,..,..,..,..,..,..
"Labor force participation rate for ages 15-24, total (%) (modeled ILO estimate)",SL.TLF.ACTI.1524.ZS,Fiji,FJI,45.982,46.407,45.788,45.613,45.09,44.857,44.38,43.524,42.672,41.824,40.981,40.144,39.312,38.486,37.667,36.854,37.185,37.516,37.847,38.18,38.513,38.846,38.59,38.333,38.073,38.746,39.424,38.851,38.428,38.463,35.365,36.123,39.412,39.126,38.942
"Labor force participation rate for ages 15-24, total (%) (modeled ILO estimate)",SL.TLF.ACTI.1524.ZS,Finland,FIN,60.612,57.142,52.346,49.687,46.283,49.634,47.485,48.563,49.827,51.333,52.838,54.338,55.832,57.315,58.785,60.24,60.823,53.21,53.439,50.472,49.226,50.62,51.452,51.798,51.791,52.269,52.161,53.04,52.845,53.361,51.968,52.9,53.918,54.696,53.272
"Labor force participation rate for ages 15-24, total (%) (modeled ILO estimate)",SL.TLF.ACTI.1524.ZS,France,FRA,44.691,39.993,39.574,38.1,36.46,35.563,35.054,33.996,34.021,35.927,35.542,35.79,36.913,37.182,36.733,34.07,34.152,34.649,34.743,35.611,35.04,34.003,33.393,35.344,34.4,34.914,34.938,35.004,35.705,34.911,33.887,38.012,40.283,40.684,42.524
"Labor force participation rate for ages 15-24, total (%) (modeled ILO estimate)",SL.TLF.ACTI.1524.ZS,French Polynesia,PYF,41.408,41.219,41.583,41.916,42.274,42.48,42.721,42.278,41.817,41.357,40.9,40.438,39.982,39.338,38.72,38.099,37.463,36.819,37.475,38.143,38.818,39.5,40.19,40.214,40.22,40.106,39.91,39.51,39.351,39.083,38.346,38.508,38.495,38.081,37.674
"Labor force participation rate for ages 15-24, total (%) (modeled ILO estimate)",SL.TLF.ACTI.1524.ZS,Gabon,GAB,24.096,24.198,24.237,24.213,24.117,23.933,23.663,23.337,22.98,22.601,22.209,21.805,21.385,20.954,20.525,20.105,19.695,19.303,18.942,18.632,18.384,18.186,18.009,17.84,17.705,17.627,17.619,17.667,17.738,17.801,16.06,16.51,17.857,17.831,17.785
"Labor force participation rate for ages 15-24, total (%) (modeled ILO estimate)",SL.TLF.ACTI.1524.ZS,"Gambia, The",GMB,32.495,32.523,32.553,32.601,32.673,32.757,32.824,32.868,32.888,32.889,32.87,32.835,32.775,32.717,32.649,32.559,32.466,32.376,32.288,32.198,32.113,32.021,31.964,31.911,31.848,31.787,31.714,31.633,31.542,31.438,31.313,31.183,31.047,30.906,30.759
"Labor force participation rate for ages 15-24, total (%) (modeled ILO estimate)",SL.TLF.ACTI.1524.ZS,Georgia,GEO,67.537,69.239,71.084,73.089,75.275,73.817,70.504,67.435,66.159,65.041,64.185,62.781,61.4,58.98,57.659,55.647,53.754,51.424,50.933,51.444,50.223,48.767,47.594,46.749,46.136,45.662,45.17,44.451,40.45,38.086,38.891,35.856,38.782,39.053,39.264
"Labor force participation rate for ages 15-24, total (%) (modeled ILO estimate)",SL.TLF.ACTI.1524.ZS,Germany,DEU,60.708,60.491,58.332,56.254,54.927,52.491,50.436,49.699,50.042,50.826,50.437,50.402,50.039,49.485,47.464,49.678,50.764,51.388,52.257,51.922,51.503,51.703,50.538,51.009,50.071,48.942,49.193,49.998,50.283,51.375,50.901,52.789,53.464,54.132,54.522
"Labor force participation rate for ages 15-24, total (%) (modeled ILO estimate)",SL.TLF.ACTI.1524.ZS,Ghana,GHA,52.576,52.45,52.211,51.973,51.734,51.494,51.255,51.016,50.777,50.538,50.299,50.06,49.821,49.582,49.343,49.104,48.865,48.626,48.387,48.148,47.91,47.672,47.434,47.196,45.302,43.423,41.525,39.653,37.833,36.036,33.981,32.924,31.604,31.522,31.442
"Labor force participation rate for ages 15-24, total (%) (modeled ILO estimate)",SL.TLF.ACTI.1524.ZS,Gibraltar,GIB,..,..,..,..,..,..,..,..,..,..,..,..,..,..,..,..,..,..,..,..,..,..,..,..,..,..,..,..,..,..,..,..,..,..,..
"Labor force participation rate for ages 15-24, total (%) (modeled ILO estimate)",SL.TLF.ACTI.1524.ZS,Greece,GRC,39.737,38.791,38.197,37.812,37.304,37.051,37.202,35.75,40.412,39.837,38.813,36.286,36.015,34.195,36.325,33.54,31.981,30.889,29.954,30.594,30.027,29.206,29.367,28.595,27.98,25.83,24.57,24.928,23.197,22.305,21.015,20.804,23.505,24.982,23.892
"Labor force participation rate for ages 15-24, total (%) (modeled ILO estimate)",SL.TLF.ACTI.1524.ZS,Greenland,GRL,..,..,..,..,..,..,..,..,..,..,..,..,..,..,..,..,..,..,..,..,..,..,..,..,..,..,..,..,..,..,..,..,..,..,..
"Labor force participation rate for ages 15-24, total (%) (modeled ILO estimate)",SL.TLF.ACTI.1524.ZS,Grenada,GRD,..,..,..,..,..,..,..,..,..,..,..,..,..,..,..,..,..,..,..,..,..,..,..,..,..,..,..,..,..,..,..,..,..,..,..
"Labor force participation rate for ages 15-24, total (%) (modeled ILO estimate)",SL.TLF.ACTI.1524.ZS,Guam,GUM,60.837,59.442,58.039,56.629,55.21,53.786,52.348,50.891,49.435,47.981,46.528,45.086,43.631,45.36,47.097,51.484,51.74,44.645,44.571,44.398,45.32,46.179,45.95,45.757,45.543,45.422,45.363,45.222,45.263,44.944,41.715,42.53,45.507,45.472,45.189
"Labor force participation rate for ages 15-24, total (%) (modeled ILO estimate)",SL.TLF.ACTI.1524.ZS,Guatemala,GTM,62.66,62.605,62.476,62.403,62.323,62.187,62.167,62.061,61.916,61.837,61.763,61.763,61.669,62.947,55.111,54.433,53.753,53.071,52.388,51.705,51.021,53.261,57.923,49.841,51.604,52.233,52.515,52.472,52.407,51.414,50.375,55.016,51.606,51.542,51.59
"Labor force participation rate for ages 15-24, total (%) (modeled ILO estimate)",SL.TLF.ACTI.1524.ZS,Guinea,GIN,43.288,43.439,43.631,43.825,44.036,44.217,44.369,44.945,45.54,45.795,46.164,46.86,47.25,45.909,44.575,43.248,41.932,40.627,39.336,38.06,36.802,35.561,34.341,33.142,31.965,30.811,29.682,28.579,27.501,26.449,26.201,26.495,26.279,26.217,26.149
"Labor force participation rate for ages 15-24, total (%) (modeled ILO estimate)",SL.TLF.ACTI.1524.ZS,Guinea-Bissau,GNB,57.714,57.538,57.427,57.381,57.358,57.27,57.11,56.906,56.709,56.502,56.267,56.018,55.782,55.561,55.333,55.131,54.966,54.796,54.6,54.373,54.131,53.891,53.65,53.391,53.101,52.76,52.369,51.907,51.376,57.076,52.691,48.864,44.999,44.837,44.677
"Labor force participation rate for ages 15-24, total (%) (modeled ILO estimate)",SL.TLF.ACTI.1524.ZS,Guyana,GUY,52.522,52.21,51.909,51.631,51.321,51.014,50.71,50.408,50.108,49.809,49.51,49.212,48.912,48.968,49,49.033,49.065,49.097,49.132,49.169,49.211,49.257,49.293,49.325,49.37,49.423,49.481,49.544,49.698,44.721,42.631,43.337,47.64,48.759,49.531
"Labor force participation rate for ages 15-24, total (%) (modeled ILO estimate)",SL.TLF.ACTI.1524.ZS,Haiti,HTI,46.151,44.849,43.555,42.269,40.993,39.73,38.542,37.368,36.209,35.065,33.938,34.359,34.783,35.209,35.637,36.068,36.064,35.92,35.872,35.67,36.011,35.82,35.868,35.731,35.659,35.656,35.631,35.571,35.549,35.69,35.35,35.444,34.701,34.398,33.921
"Labor force participation rate for ages 15-24, total (%) (modeled ILO estimate)",SL.TLF.ACTI.1524.ZS,Honduras,HND,58.733,59.107,58.923,58.715,58.872,58.68,58.738,58.634,58.58,58.779,57.801,56.793,55.777,54.757,53.732,52.703,49.799,48.322,49.445,50.437,51.457,49.889,48.113,53.177,53.794,54.584,53.381,54.972,57.566,53.799,53.945,56.415,54.157,50.207,50.281
"Labor force participation rate for ages 15-24, total (%) (modeled ILO estimate)",SL.TLF.ACTI.1524.ZS,"Hong Kong SAR, China",HKG,56.741,56.104,54.638,53.655,52.459,50.279,50.224,49.5,49.288,47.415,45.549,44.927,44.874,44.439,44.306,43.869,42.92,42.748,40.714,39.227,36.061,36.402,36.962,38.898,38.525,40.264,40.71,39.83,40.059,39.816,35.985,34.877,31.947,30.618,29.474
"Labor force participation rate for ages 15-24, total (%) (modeled ILO estimate)",SL.TLF.ACTI.1524.ZS,Hungary,HUN,27.191,28.352,28.653,28.699,28.399,28.241,28.217,27.906,27.535,27.242,26.846,26.499,26.114,25.795,25.431,25.132,24.872,24.845,24.774,25.204,25.3,24.805,26.051,27.886,29.984,31.483,32.845,33.148,33.065,32.293,31.51,30.953,30.291,31.618,31.985
"Labor force participation rate for ages 15-24, total (%) (modeled ILO estimate)",SL.TLF.ACTI.1524.ZS,Iceland,ISL,59.434,59.481,60.483,58.175,58.482,70.318,65.823,65.926,72.126,71.836,77.358,79.914,71.372,80.331,79.312,76.117,78.652,79.87,78.17,73.135,73.665,73.083,75.712,78.057,78.181,80.174,83.028,82.271,80.319,78.581,72.866,74.629,77.944,78.672,82.181
"Labor force participation rate for ages 15-24, total (%) (modeled ILO estimate)",SL.TLF.ACTI.1524.ZS,India,IND,46.529,46.491,46.446,46.386,46.32,46.776,47.232,47.688,48.143,48.595,49.045,48.283,47.512,46.731,45.939,45.139,43.373,41.62,39.885,38.171,36.482,35.205,33.949,33.475,32.906,32.24,31.552,30.836,30.082,29.294,28.554,28.936,29.62,30.449,31.225
"Labor force participation rate for ages 15-24, total (%) (modeled ILO estimate)",SL.TLF.ACTI.1524.ZS,Indonesia,IDN,50.985,51.375,51.468,50.066,52.972,52.55,52.127,50.657,50.28,51.605,51.8,50.664,50.054,49.274,50.414,47.618,48.632,50.571,49.368,48.053,47.127,46.77,48.069,47.058,45.88,46.302,46.265,46.443,47.608,48.091,47.077,44.754,45.29,46.207,45.983
"Labor force participation rate for ages 15-24, total (%) (modeled ILO estimate)",SL.TLF.ACTI.1524.ZS,"Iran, Islamic Rep.",IRN,37.966,37.297,36.114,34.955,33.774,32.541,31.29,31.569,31.857,32.164,32.494,32.849,33.237,33.708,34.252,34.818,33.212,31.544,29,29.591,28.987,26.492,27.406,26.038,24.729,25.063,26.406,27.606,27.219,26.028,22.308,21.768,22.267,22.892,22.665
"Labor force participation rate for ages 15-24, total (%) (modeled ILO estimate)",SL.TLF.ACTI.1524.ZS,Iraq,IRQ,36.825,36.744,36.565,36.478,36.396,36.288,36.192,36.041,35.571,35.103,34.638,34.174,33.713,33.254,32.797,32.343,31.892,31.443,31.137,30.832,30.529,30.229,29.93,30.472,31.021,30.056,29.108,27.379,26.848,26.264,27.019,26.622,26.989,27.361,27.137
"Labor force participation rate for ages 15-24, total (%) (modeled ILO estimate)",SL.TLF.ACTI.1524.ZS,Ireland,IRL,84.554,83.826,80.432,80.717,79.821,80.264,80.954,78.668,79.087,76.68,76.222,74.681,71.938,71.739,69.799,71.117,70.138,69.374,65.964,60.062,53.856,51.366,50.275,49.889,48.056,47.422,50.463,46.685,46.718,47.061,43.681,51.818,51.458,57.105,53.606
"Labor force participation rate for ages 15-24, total (%) (modeled ILO estimate)",SL.TLF.ACTI.1524.ZS,Isle of Man,IMN,..,..,..,..,..,..,..,..,..,..,..,..,..,..,..,..,..,..,..,..,..,..,..,..,..,..,..,..,..,..,..,..,..,..,..
"Labor force participation rate for ages 15-24, total (%) (modeled ILO estimate)",SL.TLF.ACTI.1524.ZS,Israel,ISR,53.784,55.182,56.181,60.194,61.835,61.687,60.263,59.217,57.22,57.024,58.346,57.434,53.43,53.599,54.447,55.772,56.225,55.574,53.969,52.74,52.683,50.436,52.457,52.51,52.53,51.761,51.288,51.118,49.885,48.691,44.929,45.747,47.372,48.402,48.468
"Labor force participation rate for ages 15-24, total (%) (modeled ILO estimate)",SL.TLF.ACTI.1524.ZS,Italy,ITA,46.932,46.193,42.204,41.223,39.112,38.862,38.772,38.408,38.529,38.202,38.16,36.367,35.344,34.707,36.797,33.89,32.35,30.824,30.744,28.843,28.082,27.107,28.554,27.141,27.147,26.193,26.619,26.205,25.994,25.965,23.839,24.956,25.99,26.391,24.713
"Labor force participation rate for ages 15-24, total (%) (modeled ILO estimate)",SL.TLF.ACTI.1524.ZS,Jamaica,JAM,54.398,53.464,52.535,51.608,50.677,49.74,48.798,47.852,46.904,44.815,43.344,41.901,41.149,40.399,39.587,39.298,39.01,38.722,38.434,34.408,31.082,33.264,30.992,32.497,32.82,33.996,36.334,36.489,34.319,35.712,34.453,34.607,36.091,37.606,37.444
"Labor force participation rate for ages 15-24, total (%) (modeled ILO estimate)",SL.TLF.ACTI.1524.ZS,Japan,JPN,44.088,45.434,46.599,47.186,47.608,47.655,48.287,48.575,48.33,47.257,47.003,46.208,45.412,44.7,43.997,44.538,44.868,44.684,44.447,43.541,43.026,42.629,41.5,42.47,42.956,42.918,44.799,44.595,47.392,49.082,48.545,48.521,48.616,49.892,50.796
"Labor force participation rate for ages 15-24, total (%) (modeled ILO estimate)",SL.TLF.ACTI.1524.ZS,Jordan,JOR,33.284,32.837,32.347,32.081,31.84,31.623,31.541,31.455,31.373,31.27,31.138,30.923,30.807,30.593,30.355,30.119,29.99,29.955,29.69,29.518,29.385,29.253,29.091,29.092,29.255,29.344,29.286,29.154,26.385,25.684,24.785,23.803,24,25.614,25.325
"Labor force participation rate for ages 15-24, total (%) (modeled ILO estimate)",SL.TLF.ACTI.1524.ZS,Kazakhstan,KAZ,50.359,52.049,52.875,54.262,56.157,57.245,56.853,56.209,56.116,55.499,54.105,52.319,51.094,50.564,49.482,48.84,48.199,47.558,46.918,46.921,46.348,45.799,45.501,45.117,44.894,44.924,44.966,44.764,44.562,44.33,43.489,43.781,44.541,44.693,44.814
"Labor force participation rate for ages 15-24, total (%) (modeled ILO estimate)",SL.TLF.ACTI.1524.ZS,Kenya,KEN,53.06,52.665,52.258,51.805,51.31,50.819,50.355,49.884,49.419,48.896,48.673,48.449,48.225,48.001,47.777,47.553,47.329,47.104,46.88,46.655,46.431,46.207,45.983,45.759,45.535,45.311,45.087,42.566,40.085,37.653,36.583,36.177,36.497,36.362,35.563
"Labor force participation rate for ages 15-24, total (%) (modeled ILO estimate)",SL.TLF.ACTI.1524.ZS,Kiribati,KIR,..,..,..,..,..,..,..,..,..,..,..,..,..,..,..,..,..,..,..,..,..,..,..,..,..,..,..,..,..,..,..,..,..,..,..
"Labor force participation rate for ages 15-24, total (%) (modeled ILO estimate)",SL.TLF.ACTI.1524.ZS,"Korea, Dem. People's Rep.",PRK,75.95,76.346,76.912,77.291,77.513,77.858,78.121,78.564,78.67,78.386,78.409,78.237,78.203,78.137,78.06,77.879,77.974,78.075,77.924,78.008,78.065,78.048,78.003,77.973,77.945,78.047,77.852,78.095,78.374,78.383,76.899,77.269,78.51,78.464,78.466
"Labor force participation rate for ages 15-24, total (%) (modeled ILO estimate)",SL.TLF.ACTI.1524.ZS,"Korea, Rep.",KOR,34.285,36.633,36.761,36.203,36.576,36.278,35.337,34.198,31.71,31.651,30.516,31.39,32.073,31.951,32.457,30.565,28.019,25.757,23.533,22.568,22.667,23.337,24.075,24.632,26.305,27.832,27.975,27.748,26.911,27.301,25.966,27.213,28.577,26.948,25.82
"Labor force participation rate for ages 15-24, total (%) (modeled ILO estimate)",SL.TLF.ACTI.1524.ZS,Kosovo,XKX,..,..,..,..,..,..,..,..,..,..,..,..,..,..,..,..,..,..,..,..,..,..,..,..,..,..,..,..,..,..,..,..,..,..,..
"Labor force participation rate for ages 15-24, total (%) (modeled ILO estimate)",SL.TLF.ACTI.1524.ZS,Kuwait,KWT,34.056,33.983,33.655,33.584,33.355,33.038,33.261,33.484,33.591,33.596,33.523,33.398,33.249,33.095,32.384,31.66,30.938,30.239,29.566,28.916,28.291,27.715,27.178,26.66,26.209,25.8,25.394,25.907,26.049,26.079,24.074,24.423,25.292,25.486,25.593
"Labor force participation rate for ages 15-24, total (%) (modeled ILO estimate)",SL.TLF.ACTI.1524.ZS,Kyrgyz Republic,KGZ,40.594,42.825,46.69,51.054,57.269,59.166,57.624,55.359,55.209,54.627,53.492,52.335,52.593,51.041,49.564,49.907,49.388,47.524,45.749,45.378,45.844,45.503,41.532,42.989,40.587,39.48,38.277,35.739,37.874,35.816,35.159,36.129,35.66,31.082,31.383
"Labor force participation rate for ages 15-24, total (%) (modeled ILO estimate)",SL.TLF.ACTI.1524.ZS,Lao PDR,LAO,63.708,63.564,63.289,62.973,62.426,61.97,61.508,61.024,60.807,60.24,59.814,59.389,58.941,58.469,57.957,57.371,56.639,56.004,55.342,54.71,53.968,53.273,52.576,51.875,51.213,50.595,50.015,49.449,50.257,51.123,51.924,53.451,54.527,54.297,54.053
"Labor force participation rate for ages 15-24, total (%) (modeled ILO estimate)",SL.TLF.ACTI.1524.ZS,Latvia,LVA,41.151,42.859,48.674,49.215,48.531,48.438,47.857,46.242,45.094,42.324,38.443,37.395,37.851,38.871,36.973,38.046,40.899,42.637,42.866,41.249,39.754,37.481,40.146,39.369,40.432,41.29,39.694,39.759,37.726,36.3,34.844,32.714,36.139,34.937,34.533
"Labor force participation rate for ages 15-24, total (%) (modeled ILO estimate)",SL.TLF.ACTI.1524.ZS,Lebanon,LBN,34.269,34.15,33.698,33.361,33.068,32.8,32.422,32.267,32.05,31.929,31.771,31.561,31.349,31.131,30.836,30.814,30.792,30.769,31.438,32.114,32.798,33.49,34.188,34.893,35.604,36.321,37.038,37.754,38.47,39.191,38.958,36.957,34.272,34.323,..
"Labor force participation rate for ages 15-24, total (%) (modeled ILO estimate)",SL.TLF.ACTI.1524.ZS,Lesotho,LSO,69.757,69.725,69.542,69.201,68.709,68.11,67.477,66.712,65.762,64.742,63.42,62.078,60.717,59.339,57.947,56.542,55.128,53.706,52.279,50.848,49.418,47.988,46.563,45.144,43.465,41.804,40.163,38.549,36.965,35.415,35.081,35.439,35.213,35.113,35.003
"Labor force participation rate for ages 15-24, total (%) (modeled ILO estimate)",SL.TLF.ACTI.1524.ZS,Liberia,LBR,59.791,59.884,59.722,59.516,59.259,58.993,58.764,58.559,58.403,58.268,58.148,58.045,57.976,57.952,57.977,58.053,58.18,58.324,58.32,58.257,58.22,57.583,57.13,57.27,57.284,57.15,56.943,56.737,56.46,56.086,55.061,55.381,55.689,55.535,55.388
"Labor force participation rate for ages 15-24, total (%) (modeled ILO estimate)",SL.TLF.ACTI.1524.ZS,Libya,LBY,19.039,18.975,18.913,18.851,18.789,18.724,18.657,18.588,18.517,18.436,18.355,18.286,18.218,18.148,18.078,18.008,17.931,17.852,17.782,17.717,17.653,17.622,17.599,17.547,17.496,17.448,17.402,17.363,17.331,17.296,15.412,15.851,16.977,16.856,16.734
"Labor force participation rate for ages 15-24, total (%) (modeled ILO estimate)",SL.TLF.ACTI.1524.ZS,Liechtenstein,LIE,..,..,..,..,..,..,..,..,..,..,..,..,..,..,..,..,..,..,..,..,..,..,..,..,..,..,..,..,..,..,..,..,..,..,..
"Labor force participation rate for ages 15-24, total (%) (modeled ILO estimate)",SL.TLF.ACTI.1524.ZS,Lithuania,LTU,49.961,49.215,48.475,47.745,47.007,46.26,45.535,44.832,44.149,43.069,37.307,33.045,31.778,32.295,25.804,25.195,26.289,27.063,30.023,29.311,28.433,28.165,29.294,31.518,34.221,33.834,35.356,35.056,36.491,37.327,36.601,36.301,36.304,35.77,36.788
"Labor force participation rate for ages 15-24, total (%) (modeled ILO estimate)",SL.TLF.ACTI.1524.ZS,Luxembourg,LUX,44.937,53.174,51.323,47.81,46.492,41.211,40.677,37.396,35.321,33.956,34.03,34.486,34.73,30.36,28.016,28.879,28.929,28.984,29.047,32.974,26.579,25.16,27.088,26.348,27.535,35.52,30.457,30.802,33.128,34.645,32.376,36.2,33.43,35.718,37.33
"Labor force participation rate for ages 15-24, total (%) (modeled ILO estimate)",SL.TLF.ACTI.1524.ZS,"Macao SAR, China",MAC,48.721,49.186,47.566,47.335,47.086,46.826,46.563,46.3,43.14,42.768,42.386,40.13,37.904,30.661,31.812,35.351,38.138,44.307,46.135,47.968,46.746,47.164,45.17,45.551,44.953,43.355,42.415,42.797,43.65,44.009,43.166,43.434,43.407,43.869,44.074
"Labor force participation rate for ages 15-24, total (%) (modeled ILO estimate)",SL.TLF.ACTI.1524.ZS,Madagascar,MDG,74.172,74.002,73.844,73.703,73.591,73.525,73.514,73.542,73.592,73.637,73.65,73.654,73.65,73.605,73.509,73.348,73.488,73.628,73.766,73.903,74.04,74.174,74.308,74.441,74.573,74.703,74.154,73.653,73.202,72.788,72.096,72.386,72.63,72.546,72.451
"Labor force participation rate for ages 15-24, total (%) (modeled ILO estimate)",SL.TLF.ACTI.1524.ZS,Malawi,MWI,67.535,67.884,68.216,68.493,68.699,68.816,68.859,68.887,68.964,68.967,68.861,68.782,68.731,68.668,68.621,68.626,67.211,65.765,64.288,62.783,61.253,59.7,57.939,56.158,54.36,52.551,50.735,48.916,48.303,47.629,56.862,47.63,47.089,46.896,46.705
"Labor force participation rate for ages 15-24, total (%) (modeled ILO estimate)",SL.TLF.ACTI.1524.ZS,Malaysia,MYS,47.016,46.375,46.147,45.922,45.696,45.47,45.241,45.01,44.778,44.546,44.329,44.132,43.937,43.732,43.518,43.292,43.055,42.81,42.562,42.313,42.075,41.863,42.419,42.979,43.538,42.878,43.151,43.206,44.007,45.979,43.047,48.764,46.18,45.812,45.409
"Labor force participation rate for ages 15-24, total (%) (modeled ILO estimate)",SL.TLF.ACTI.1524.ZS,Maldives,MDV,40.2,39.633,39.068,38.505,37.945,37.389,37.714,38.04,38.369,38.698,39.029,39.336,39.641,39.946,40.25,40.555,40.86,41.169,41.484,41.806,42.647,43.497,44.354,45.222,46.095,46.953,47.797,49.459,51.124,52.789,47.246,48.427,52.508,52.037,51.452
"Labor force participation rate for ages 15-24, total (%) (modeled ILO estimate)",SL.TLF.ACTI.1524.ZS,Mali,MLI,57.914,58.115,58.281,58.369,58.381,58.32,58.222,58.1,57.921,57.723,57.552,57.384,57.251,57.183,57.193,57.299,57.458,57.631,57.84,58.088,58.381,58.699,59.158,59.531,59.652,59.97,59.405,58.837,56.221,53.526,50.624,53.123,53.172,53.057,52.931
"Labor force participation rate for ages 15-24, total (%) (modeled ILO estimate)",SL.TLF.ACTI.1524.ZS,Malta,MLT,65.977,65.556,64.99,63.942,63.358,63.164,62.856,61.367,61.382,60.771,59.411,64.344,60.392,60.05,55.424,53.62,53.053,54.097,52.713,51.559,50.94,51.924,51.725,53.516,52.899,51.64,51.76,52.912,54.486,54.364,52.863,52.235,55.976,55.489,55.94
"Labor force participation rate for ages 15-24, total (%) (modeled ILO estimate)",SL.TLF.ACTI.1524.ZS,Marshall Islands,MHL,..,..,..,..,..,..,..,..,..,..,..,..,..,..,..,..,..,..,..,..,..,..,..,..,..,..,..,..,..,..,..,..,..,..,..
"Labor force participation rate for ages 15-24, total (%) (modeled ILO estimate)",SL.TLF.ACTI.1524.ZS,Mauritania,MRT,26.211,26.084,25.559,25.02,24.843,24.942,25.286,25.409,25.281,25.072,24.813,24.715,24.752,24.765,24.781,24.801,24.824,24.852,24.709,24.472,24.384,24.447,24.621,23.78,22.958,22.156,21.375,20.613,20.525,20.394,20.006,20.202,20.256,20.193,20.126
"Labor force participation rate for ages 15-24, total (%) (modeled ILO estimate)",SL.TLF.ACTI.1524.ZS,Mauritius,MUS,54.217,53.605,52.95,52.256,51.49,50.674,50.485,50.304,50.126,49.947,49.768,46.826,46.467,47.843,45.651,44.299,43.503,40.961,38.715,37.883,39.072,38.598,38.882,39.375,40.197,41.922,41.114,40.826,41.579,40.044,33.21,27.282,29.423,38.304,38.118
"Labor force participation rate for ages 15-24, total (%) (modeled ILO estimate)",SL.TLF.ACTI.1524.ZS,Mexico,MEX,52.54,52.404,53.283,54.186,53.794,54.117,53.079,53.293,53.753,52.388,51.517,49.642,47.229,47.114,47.133,48.133,48.767,48.68,48.019,47,47.189,46.965,47.294,46.448,45.493,44.822,44.275,43.849,43.837,44.977,40.03,44.463,44.426,44.888,45.064
"Labor force participation rate for ages 15-24, total (%) (modeled ILO estimate)",SL.TLF.ACTI.1524.ZS,"Micronesia, Fed. Sts.",FSM,..,..,..,..,..,..,..,..,..,..,..,..,..,..,..,..,..,..,..,..,..,..,..,..,..,..,..,..,..,..,..,..,..,..,..
"Labor force participation rate for ages 15-24, total (%) (modeled ILO estimate)",SL.TLF.ACTI.1524.ZS,Moldova,MDA,32.145,33.346,34.21,34.592,34.951,34.872,35.615,35.34,36.274,36.736,36.417,33.302,31.629,27.442,25.235,24.018,31.374,29.388,30.856,34.697,40.819,41.499,41.479,42.534,43.855,47.152,43.583,41.496,36.594,38.74,38.295,38.983,36.914,36.082,34.635
"Labor force participation rate for ages 15-24, total (%) (modeled ILO estimate)",SL.TLF.ACTI.1524.ZS,Monaco,MCO,..,..,..,..,..,..,..,..,..,..,..,..,..,..,..,..,..,..,..,..,..,..,..,..,..,..,..,..,..,..,..,..,..,..,..
"Labor force participation rate for ages 15-24, total (%) (modeled ILO estimate)",SL.TLF.ACTI.1524.ZS,Mongolia,MNG,39.57,40.927,42.032,42.382,42.267,41.747,41.672,41.401,41.189,41.009,41.034,40.85,40.481,39.874,38.891,38.253,37.503,36.613,33.567,31.992,31.836,32.675,32.3,31.93,30.547,29.282,27.805,26.828,28.981,38.811,36.203,30.687,32.896,28.85,28.536
"Labor force participation rate for ages 15-24, total (%) (modeled ILO estimate)",SL.TLF.ACTI.1524.ZS,Montenegro,MNE,23.879,24.413,24.632,24.666,24.322,23.867,23.494,23.207,22.772,23.67,23.366,23.306,23.167,22.974,22.604,22.271,21.615,21.13,20.647,21.11,20.928,20.707,24.031,23.14,29.127,30.108,32.673,31.124,32.714,36.409,30.718,29.639,38.623,43.878,43.759
"Labor force participation rate for ages 15-24, total (%) (modeled ILO estimate)",SL.TLF.ACTI.1524.ZS,Morocco,MAR,45.857,45.456,45.33,45.146,44.606,44.557,43.993,43.834,43.428,43.185,42.922,42.525,41.669,41.211,40.754,40.3,39.846,39.395,38.946,37.6,36.272,34.992,33.502,32.234,32.317,30.363,28.69,28.513,28.379,28.251,26.407,27.103,28.09,27.847,27.508
"Labor force participation rate for ages 15-24, total (%) (modeled ILO estimate)",SL.TLF.ACTI.1524.ZS,Mozambique,MOZ,76.432,76.339,76.237,76.053,75.764,75.436,75.15,75.08,74.037,72.966,71.866,70.738,69.581,68.399,67.935,67.467,66.995,66.518,66.037,65.552,65.063,64.57,64.073,63.572,63.069,62.562,62.892,63.203,63.528,63.872,63.718,64.409,65.142,65.088,65.006
"Labor force participation rate for ages 15-24, total (%) (modeled ILO estimate)",SL.TLF.ACTI.1524.ZS,Myanmar,MMR,81.35,81.554,80.787,80.34,79.753,79.207,78.703,78.271,77.812,76.853,75.608,74.567,73.439,72.11,70.78,69.422,68.089,66.851,65.767,64.641,63.63,63.074,62.322,61.444,60.589,59.862,55.772,51.602,49.702,46.549,45.29,46.595,46.442,46.352,46.315
"Labor force participation rate for ages 15-24, total (%) (modeled ILO estimate)",SL.TLF.ACTI.1524.ZS,Namibia,NAM,36.146,36.038,36.015,35.988,35.951,34.131,32.357,30.632,30.311,29.991,29.672,29.79,29.909,30.028,30.147,30.267,30.387,30.507,30.628,30.749,30.87,30.992,31.114,34.241,32.654,34.594,36.586,32.8,29.226,29.42,27.302,27.846,29.539,29.494,29.415
"Labor force participation rate for ages 15-24, total (%) (modeled ILO estimate)",SL.TLF.ACTI.1524.ZS,Nauru,NRU,..,..,..,..,..,..,..,..,..,..,..,..,..,..,..,..,..,..,..,..,..,..,..,..,..,..,..,..,..,..,..,..,..,..,..
"Labor force participation rate for ages 15-24, total (%) (modeled ILO estimate)",SL.TLF.ACTI.1524.ZS,Nepal,NPL,34.389,34.394,34.439,34.446,34.394,34.318,34.221,34.143,34.088,34.043,33.997,33.955,33.876,33.756,33.632,33.446,33.179,32.883,32.608,32.376,32.189,31.974,31.631,31.171,30.732,30.418,30.043,29.51,28.956,28.596,28.316,28.525,27.818,27.659,27.427
"Labor force participation rate for ages 15-24, total (%) (modeled ILO estimate)",SL.TLF.ACTI.1524.ZS,Netherlands,NLD,84.101,83.896,83.357,83.107,82.879,83.105,82.918,82.73,82.633,82.398,82.172,81.731,81.151,80.605,80.513,80.886,80.67,80.782,80.637,80.232,78.37,78.156,79.248,79.16,77.267,78.354,78,78.043,78.504,79.617,78.302,79.056,81.749,83.356,83.249
"Labor force participation rate for ages 15-24, total (%) (modeled ILO estimate)",SL.TLF.ACTI.1524.ZS,New Caledonia,NCL,44.765,44.515,44.767,45.007,44.999,44.605,44.828,44.852,45.489,45.626,45.621,45.735,45.709,45.549,45.377,45.178,44.85,44.653,44.686,44.614,44.127,43.913,43.922,43.931,44.006,41.901,39.823,37.781,35.784,33.837,37.698,35.848,36.432,36.382,36.649
"Labor force participation rate for ages 15-24, total (%) (modeled ILO estimate)",SL.TLF.ACTI.1524.ZS,New Zealand,NZL,68.54,67.44,65.562,64.703,66.058,67.137,66.988,66.727,64.987,62.981,62.693,62.989,63.642,62.42,62.211,62.376,64.435,64.519,63.049,61.386,59.869,59.642,59.283,57.9,60.062,61.406,62.374,63.198,63.725,63.534,62.876,64.851,67.481,68.607,65.687
"Labor force participation rate for ages 15-24, total (%) (modeled ILO estimate)",SL.TLF.ACTI.1524.ZS,Nicaragua,NIC,48.057,48.184,48.278,48.408,48.344,48.15,48.67,49.072,49.479,49.613,49.747,49.881,50.015,50.15,50.284,50.418,50.553,50.688,50.824,50.961,51.099,51.238,51.377,51.517,51.658,51.462,51.277,51.088,51.354,51.588,50.623,50.868,52.131,52.342,52.423
"Labor force participation rate for ages 15-24, total (%) (modeled ILO estimate)",SL.TLF.ACTI.1524.ZS,Niger,NER,66.636,66.548,66.48,66.423,66.38,66.358,66.418,66.596,66.837,67.127,67.457,67.81,68.188,68.581,68.984,69.379,69.75,70.094,70.398,70.653,70.847,70.963,68.141,65.182,62.105,61.797,61.488,61.178,60.867,60.555,63.727,67.932,71.493,71.336,71.196
"Labor force participation rate for ages 15-24, total (%) (modeled ILO estimate)",SL.TLF.ACTI.1524.ZS,Nigeria,NGA,80.106,82.406,84.984,86.047,86.841,86.756,85.733,84.434,83.45,82.4,80.69,79.618,78.444,77.175,75.851,74.431,72.399,70.725,69.633,70.579,69.387,69.536,69.048,68.211,68.091,67.714,66.923,65.611,64.758,63.716,61.712,62.104,64.169,64.874,64.846
"Labor force participation rate for ages 15-24, total (%) (modeled ILO estimate)",SL.TLF.ACTI.1524.ZS,North Macedonia,MKD,43.577,44.64,44.341,44.026,43.709,43.414,43.138,42.863,40.727,38.635,37.507,36.37,35.248,35.131,34.158,33.202,35.593,35.783,35.706,34.837,32.261,32.124,33.53,33.688,32.623,33.131,31.699,33.029,32.041,32.11,30.744,27.967,28.295,26.711,30.087
"Labor force participation rate for ages 15-24, total (%) (modeled ILO estimate)",SL.TLF.ACTI.1524.ZS,Northern Mariana Islands,MNP,..,..,..,..,..,..,..,..,..,..,..,..,..,..,..,..,..,..,..,..,..,..,..,..,..,..,..,..,..,..,..,..,..,..,..
"Labor force participation rate for ages 15-24, total (%) (modeled ILO estimate)",SL.TLF.ACTI.1524.ZS,Norway,NOR,67.214,66.973,67.095,66.958,66.275,66.643,65.789,65.574,65.226,63.94,63.448,63.667,62.992,62.629,62.244,63.161,62.381,62.079,62.183,61.405,60.068,59.554,60.653,60.497,57.992,59.489,58.087,57.35,57.951,59.201,59.347,61.049,64.274,65.784,66.087
"Labor force participation rate for ages 15-24, total (%) (modeled ILO estimate)",SL.TLF.ACTI.1524.ZS,Oman,OMN,38.763,38.69,38.408,38.181,38.006,37.739,37.577,37.238,37.222,37.169,36.783,36.468,36.43,36.473,36.625,36.962,37.257,37.469,37.573,37.561,37.486,38.115,38.93,39.09,39.004,39.184,39.738,39.895,39.362,38.917,35.911,36.209,39.138,40.132,40.494
"Labor force participation rate for ages 15-24, total (%) (modeled ILO estimate)",SL.TLF.ACTI.1524.ZS,Pakistan,PAK,41.87,41.769,41.759,40.309,39.518,39.066,40.128,41.195,40.264,40.398,40.516,41.965,43.426,43.505,43.585,42.971,42.358,41.282,40.744,41.092,41.598,40.261,40.838,41.418,40.07,40.315,40.227,40.139,40.051,39.991,41.616,43.766,43.455,43.445,43.254
"Labor force participation rate for ages 15-24, total (%) (modeled ILO estimate)",SL.TLF.ACTI.1524.ZS,Palau,PLW,..,..,..,..,..,..,..,..,..,..,..,..,..,..,..,..,..,..,..,..,..,..,..,..,..,..,..,..,..,..,..,..,..,..,..
"Labor force participation rate for ages 15-24, total (%) (modeled ILO estimate)",SL.TLF.ACTI.1524.ZS,Panama,PAN,43.791,48.375,50.13,51.854,50.807,51.056,50.817,50.572,50.591,50.826,50.134,49.442,48.748,49.414,49.298,49.049,47.249,47.185,49.587,49.976,47.363,43.841,46.223,46.544,45.137,43.25,43.621,43.713,45.624,46.305,50.248,40.567,45.64,42.673,44.943
"Labor force participation rate for ages 15-24, total (%) (modeled ILO estimate)",SL.TLF.ACTI.1524.ZS,Papua New Guinea,PNG,38.556,37.931,36.95,35.606,35.387,36.098,35.703,36.477,37.24,37.411,38.038,38.408,38.779,38.903,38.965,38.655,38.434,37.973,38.33,37.959,37.267,36.876,36.118,35.437,33.887,32.967,32.148,31.502,31.187,30.45,29.619,29.148,28.647,28.546,28.418
"Labor force participation rate for ages 15-24, total (%) (modeled ILO estimate)",SL.TLF.ACTI.1524.ZS,Paraguay,PRY,62.313,62.283,62.319,62.231,62.126,61.964,61.993,61.919,62.001,62.134,62.3,62.398,62.455,57.651,61.477,58.783,58.97,57.285,58.585,62.65,56.992,56.829,59.001,58.004,56.058,54.053,57.661,58.414,58.544,59.273,56.123,59.406,55.911,57.125,56.317
"Labor force participation rate for ages 15-24, total (%) (modeled ILO estimate)",SL.TLF.ACTI.1524.ZS,Peru,PER,44.873,44.871,44.933,46.384,47.835,51.566,58.53,65.211,63.555,62.311,62.464,58.986,59.991,60.99,61.982,62.966,66.024,67.814,68.485,68.641,69.115,67.718,67.248,65.79,64.136,60.659,60.544,62.191,62.054,62.216,55.937,57.792,59.253,56.197,55.34
"Labor force participation rate for ages 15-24, total (%) (modeled ILO estimate)",SL.TLF.ACTI.1524.ZS,Philippines,PHL,44.172,44.475,44.683,44.709,44.484,44.235,43.873,43.585,43.907,43.829,43.625,43.54,43.368,43.051,43.768,43.383,42.76,41.973,41.472,41.843,41.432,43.141,42.626,41.83,42.556,40.461,39.973,37.103,35.7,34.753,30.127,31.171,32.539,32.261,31.977
"Labor force participation rate for ages 15-24, total (%) (modeled ILO estimate)",SL.TLF.ACTI.1524.ZS,Poland,POL,43.96,45.25,44.871,42.326,41.629,39.8,39.082,36.12,35.403,34.582,37.015,37.637,35.843,34.576,33.7,33.366,34.309,33.218,33.257,33.954,34.753,33.74,33.662,33.269,33.855,32.886,34.608,34.938,35.133,35.239,31.867,31.061,31.163,32.205,31.961
"Labor force participation rate for ages 15-24, total (%) (modeled ILO estimate)",SL.TLF.ACTI.1524.ZS,Portugal,PRT,58.465,56.679,51.157,47.566,45.277,43.099,42.271,44.179,47.123,46.355,44.822,46.59,47.15,44.881,42.656,42.118,41.653,41.329,40.892,38.696,36.119,38.124,36.943,34.967,34.427,33.639,33.334,34.061,34.256,34.273,30.444,30.057,31.382,35.396,34.735
"Labor force participation rate for ages 15-24, total (%) (modeled ILO estimate)",SL.TLF.ACTI.1524.ZS,Puerto Rico (US),PRI,29.13,30.64,29.501,33.357,32.563,31.78,32.659,34.643,34.91,34.682,32.759,33.19,33.623,34.987,34.645,36.242,32.47,28.872,27.936,25.241,22.726,22.268,22.224,22.198,22.192,22.183,22.181,22.24,22.3,22.261,21.102,21.402,21.802,21.802,21.706
"Labor force participation rate for ages 15-24, total (%) (modeled ILO estimate)",SL.TLF.ACTI.1524.ZS,Qatar,QAT,67.541,67.875,67.578,67.554,67.18,66.53,65.6,64.337,64.382,64.738,64.815,64.872,64.594,64.221,63.011,63.705,66.477,69.079,70.652,70.842,69.617,69.181,69.548,69.811,70.324,70.96,70.864,70.391,69.55,68.245,66.354,58.333,60.827,59.605,59.643
"Labor force participation rate for ages 15-24, total (%) (modeled ILO estimate)",SL.TLF.ACTI.1524.ZS,Romania,ROU,30.81,32.437,33.568,33.337,32.79,31.971,31.457,32.057,32.301,32.333,32,31.187,30.315,29.974,28.86,28.352,27.587,26.87,26.05,24.091,26.693,26.686,26.289,25.842,25.343,26.801,24.153,25.982,25.647,25.92,26.071,26.785,25.431,23.876,25.214
"Labor force participation rate for ages 15-24, total (%) (modeled ILO estimate)",SL.TLF.ACTI.1524.ZS,Russian Federation,RUS,52.157,52.75,54.684,52.555,50.881,50.414,47.064,43.209,40.533,45.164,43.634,40.827,40.504,39.167,39.365,39.194,38.887,39.404,41.837,42.102,41.391,41.584,39.745,40.118,38.921,38.099,37.761,35.489,34.302,33.27,32.288,31.706,29.156,29.171,29.34
"Labor force participation rate for ages 15-24, total (%) (modeled ILO estimate)",SL.TLF.ACTI.1524.ZS,Rwanda,RWA,56.694,56.637,56.276,55.829,58.441,61.867,60.442,59.011,57.088,54.823,52.665,50.745,49.294,48.362,47.747,47.344,47.117,46.986,46.853,46.631,46.299,45.904,45.497,45.104,44.717,44.304,43.837,43.31,42.619,41.849,47.76,38.706,39.893,45.313,48.702
"Labor force participation rate for ages 15-24, total (%) (modeled ILO estimate)",SL.TLF.ACTI.1524.ZS,Samoa,WSM,49.96,50.236,50.286,49.88,50.184,49.51,48.806,48.812,48.667,48.519,48.059,47.382,46.856,46.34,46.043,45.38,45.183,45.163,44.83,44.934,44.361,44.038,44.518,44.575,44.58,44.27,43.549,43.47,40.613,37.309,34.023,31.187,29.152,28.956,28.63
"Labor force participation rate for ages 15-24, total (%) (modeled ILO estimate)",SL.TLF.ACTI.1524.ZS,San Marino,SMR,..,..,..,..,..,..,..,..,..,..,..,..,..,..,..,..,..,..,..,..,..,..,..,..,..,..,..,..,..,..,..,..,..,..,..
"Labor force participation rate for ages 15-24, total (%) (modeled ILO estimate)",SL.TLF.ACTI.1524.ZS,Sao Tome and Principe,STP,27.432,27.511,27.585,27.564,27.444,27.222,26.903,26.475,25.931,25.296,24.624,24.228,24.083,23.933,23.819,23.739,23.697,23.713,23.767,23.8,23.767,23.673,23.677,23.755,23.744,23.616,23.356,22.981,22.527,22.005,20.986,21.303,21.557,21.423,21.304
"Labor force participation rate for ages 15-24, total (%) (modeled ILO estimate)",SL.TLF.ACTI.1524.ZS,Saudi Arabia,SAU,29.48,29.185,29.154,27.707,26.282,24.893,23.546,22.251,21.015,19.844,20.354,20.265,20.59,20.932,21.203,21.41,21.558,19.914,19.216,17.756,18.951,20.174,19.996,20.279,20.218,18.607,19.795,17.614,19.297,20.266,24.156,25.816,28.31,30.461,31.2
"Labor force participation rate for ages 15-24, total (%) (modeled ILO estimate)",SL.TLF.ACTI.1524.ZS,Senegal,SEN,44.96,44.501,43.982,43.436,42.895,42.38,41.9,41.46,41.054,40.678,40.33,39.998,39.545,39.126,38.88,38.663,38.478,37.243,36.024,34.824,33.642,32.48,31.339,30.219,29.123,28.05,33.876,26.258,28.278,30.399,30.768,31.536,31.85,31.686,31.55
"Labor force participation rate for ages 15-24, total (%) (modeled ILO estimate)",SL.TLF.ACTI.1524.ZS,Serbia,SRB,45.83,47.009,47.527,47.648,46.952,46.006,44.726,42.98,41.929,43.929,42.726,41.479,40.358,39.571,38.501,37.587,36.978,32.974,32.309,28.694,27.946,28.074,29.224,28.385,28.27,29.036,30.119,30.455,29.81,29.433,28.078,32.829,31.553,31.397,32.07
"Labor force participation rate for ages 15-24, total (%) (modeled ILO estimate)",SL.TLF.ACTI.1524.ZS,Seychelles,SYC,..,..,..,..,..,..,..,..,..,..,..,..,..,..,..,..,..,..,..,..,..,..,..,..,..,..,..,..,..,..,..,..,..,..,..
"Labor force participation rate for ages 15-24, total (%) (modeled ILO estimate)",SL.TLF.ACTI.1524.ZS,Sierra Leone,SLE,37.772,37.888,38.051,38.183,38.325,38.479,38.615,38.753,38.886,39.069,39.208,39.291,39.306,39.3,42.319,40.87,39.437,38.023,36.628,35.257,33.91,32.588,31.293,30.026,28.788,29.597,30.422,31.263,32.119,31.557,31.257,31.394,31.224,31.11,30.992
"Labor force participation rate for ages 15-24, total (%) (modeled ILO estimate)",SL.TLF.ACTI.1524.ZS,Singapore,SGP,47.798,47.583,47.027,45.755,45.297,45.224,44.745,44.33,45.603,44.108,43.359,42.611,38.919,39.471,39.104,39.002,38.9,36.656,37.162,35.664,39.218,36.721,37.845,36.255,37.678,40.618,39.463,38.294,38.15,38.253,36.085,41.293,37.841,36.499,33.146
"Labor force participation rate for ages 15-24, total (%) (modeled ILO estimate)",SL.TLF.ACTI.1524.ZS,Sint Maarten (Dutch part),SXM,..,..,..,..,..,..,..,..,..,..,..,..,..,..,..,..,..,..,..,..,..,..,..,..,..,..,..,..,..,..,..,..,..,..,..
"Labor force participation rate for ages 15-24, total (%) (modeled ILO estimate)",SL.TLF.ACTI.1524.ZS,Slovak Republic,SVK,55.653,58.593,55.364,52.096,47.358,46.283,46.624,47.12,45.195,45.449,44.734,44.53,42.774,40.815,39.233,36.592,35.226,34.648,32.402,31.308,30.958,30.081,30.492,30.792,31.66,31.784,32.423,33.183,32.289,29.687,28.142,26.266,26.6,26.904,26.948
"Labor force participation rate for ages 15-24, total (%) (modeled ILO estimate)",SL.TLF.ACTI.1524.ZS,Slovenia,SVN,42.693,43.692,44.321,43.98,43.398,42.979,42.684,46.099,43.985,40.448,37.261,36.008,36.499,33.748,39.34,40.506,40.518,41.732,42.746,40.776,39.773,37.297,34.216,33.751,33.584,35.4,33.796,39.031,38.508,36.184,31.425,33.843,35.839,36.036,36.787
"Labor force participation rate for ages 15-24, total (%) (modeled ILO estimate)",SL.TLF.ACTI.1524.ZS,Solomon Islands,SLB,72.278,72.027,71.212,71.125,70.677,70.052,70.175,70.529,70.672,70.967,72.576,73.484,73.899,73.514,73.027,72.557,72.354,72.19,71.797,71.704,71.107,70.778,70.889,70.752,70.978,71.157,70.986,71.028,71.09,71.175,70.496,70.678,71.033,70.93,70.84
"Labor force participation rate for ages 15-24, total (%) (modeled ILO estimate)",SL.TLF.ACTI.1524.ZS,"Somalia, Fed. Rep.",SOM,15.922,15.869,15.478,15.363,15.538,15.678,15.8,15.915,16.019,16.118,16.21,16.297,16.388,16.495,16.654,16.92,17.279,17.549,17.585,17.497,17.372,17.015,16.659,16.545,16.468,16.391,16.317,16.201,16.071,15.966,15.816,15.886,15.894,15.869,15.855
"Labor force participation rate for ages 15-24, total (%) (modeled ILO estimate)",SL.TLF.ACTI.1524.ZS,South Africa,ZAF,42.805,42.459,42.535,42.02,41.914,42.406,42.473,42.002,40.83,39.549,38.222,36.866,35.52,34.274,33.229,32.41,31.752,31.188,30.753,28.088,26.162,25.496,25.392,25.778,25.291,26.646,26.429,26.683,25.444,25.691,20.89,21.982,25.777,26.994,26.764
"Labor force participation rate for ages 15-24, total (%) (modeled ILO estimate)",SL.TLF.ACTI.1524.ZS,South Sudan,SSD,66.907,66.937,67.066,67.298,67.407,67.483,67.676,67.752,67.448,67.089,66.971,67.022,67.31,67.588,67.391,66.79,66.086,65.321,64.589,63.987,63.087,62.181,61.811,61.726,62.626,63.541,64.509,66.37,66.17,64.228,63.618,63.712,63.139,62.744,..
"Labor force participation rate for ages 15-24, total (%) (modeled ILO estimate)",SL.TLF.ACTI.1524.ZS,Spain,ESP,47.177,45.518,44.665,43.188,43.346,41.646,40.655,40.869,41.158,42.132,43.17,42.451,43.673,44.392,44.925,47.934,48.413,47.896,47.738,45.106,42.753,40.908,38.965,37.858,35.895,34.721,33.1,33.355,33.011,33.009,29.958,31.524,32.573,33.088,33.825
"Labor force participation rate for ages 15-24, total (%) (modeled ILO estimate)",SL.TLF.ACTI.1524.ZS,Sri Lanka,LKA,52.439,50.198,47.966,47.257,49.932,43.172,43.894,43.834,49.142,47.353,43.48,42.584,41.693,40.809,39.931,39.059,38.194,37.335,36.483,35.637,34.797,33.745,33.399,32.883,31.346,33.401,32.514,32.77,29.896,30.499,28.913,26.181,25.14,25.123,25.049
"Labor force participation rate for ages 15-24, total (%) (modeled ILO estimate)",SL.TLF.ACTI.1524.ZS,St. Kitts and Nevis,KNA,..,..,..,..,..,..,..,..,..,..,..,..,..,..,..,..,..,..,..,..,..,..,..,..,..,..,..,..,..,..,..,..,..,..,..
"Labor force participation rate for ages 15-24, total (%) (modeled ILO estimate)",SL.TLF.ACTI.1524.ZS,St. Lucia,LCA,61.05,61.148,60.816,60.943,61.005,61.061,61.031,61.22,60.968,60.928,61.044,61.366,61.447,61.293,60.96,61.084,60.814,60.814,60.62,60.873,60.918,60.728,60.799,60.886,60.828,60.85,60.686,60.524,61.916,55.984,45.714,55.693,58.966,59.701,60.642
"Labor force participation rate for ages 15-24, total (%) (modeled ILO estimate)",SL.TLF.ACTI.1524.ZS,St. Martin (French part),MAF,..,..,..,..,..,..,..,..,..,..,..,..,..,..,..,..,..,..,..,..,..,..,..,..,..,..,..,..,..,..,..,..,..,..,..
"Labor force participation rate for ages 15-24, total (%) (modeled ILO estimate)",SL.TLF.ACTI.1524.ZS,St. Vincent and the Grenadines,VCT,57.653,57.482,57.234,56.957,56.695,56.346,56.048,55.744,55.468,55.244,55.047,54.801,54.422,53.976,53.547,53.152,52.732,52.374,52.092,51.915,51.863,51.809,51.704,51.561,51.466,51.309,51.077,50.856,50.554,50.262,49.287,49.506,50.661,51.26,51.669
"Labor force participation rate for ages 15-24, total (%) (modeled ILO estimate)",SL.TLF.ACTI.1524.ZS,Sudan,SDN,34.843,34.909,34.997,35.126,35.282,35.448,35.604,35.48,35.387,35.297,35.209,35.123,35.036,34.926,34.807,34.7,34.595,34.5,34.454,32.936,31.425,29.927,29.901,29.742,29.348,28.797,28.267,27.554,26.873,26.47,26.252,26.441,26.533,..,..
"Labor force participation rate for ages 15-24, total (%) (modeled ILO estimate)",SL.TLF.ACTI.1524.ZS,Suriname,SUR,28.604,28.518,28.532,28.861,28.743,28.816,27.965,27.144,26.355,25.598,26.23,26.873,27.528,28.195,28.87,29.549,30.237,30.932,31.636,32.347,33.068,33.799,34.539,35.288,36.046,36.812,37.585,37.553,37.324,37.318,34.087,34.753,34.841,34.932,35.092
"Labor force participation rate for ages 15-24, total (%) (modeled ILO estimate)",SL.TLF.ACTI.1524.ZS,Sweden,SWE,69.085,65.839,60.37,54.906,53.553,53.383,53.212,53.041,52.871,52.7,52.529,52.357,50.513,50.623,48.549,50.2,51.335,52.239,52.842,51.022,51.632,52.984,52.584,54.497,55.448,55.135,54.839,54.701,54.089,55.015,52.062,54.042,56.838,57.471,56.796
"Labor force participation rate for ages 15-24, total (%) (modeled ILO estimate)",SL.TLF.ACTI.1524.ZS,Switzerland,CHE,68.679,68.624,68.56,69.343,65.094,63.842,66.43,66.96,67.219,68.598,68.283,67.764,69.263,69.353,67.057,65.656,68.619,67.375,67.133,67.269,68.112,68.56,67.586,68.013,67.905,67.517,68.352,68.677,67.993,66.48,65.018,66.006,66.15,66.776,65.736
"Labor force participation rate for ages 15-24, total (%) (modeled ILO estimate)",SL.TLF.ACTI.1524.ZS,Syrian Arab Republic,SYR,45.864,45.545,45.034,44.731,44.428,44.132,43.565,43.183,42.76,41.891,41.027,40.9,40.771,40.641,38.53,36.457,34.432,32.95,31.277,29.65,28.674,27.711,26.773,25.807,26.187,26.391,26.361,26.225,25.973,25.6,23.732,24.316,24.583,24.198,23.917
"Labor force participation rate for ages 15-24, total (%) (modeled ILO estimate)",SL.TLF.ACTI.1524.ZS,Tajikistan,TJK,43.107,43.1,43.092,43.083,43.075,43.067,43.057,43.047,43.036,43.024,43.014,43.008,43.003,43,39.956,36.988,34.116,31.356,28.723,26.227,25.501,24.786,24.081,23.387,22.705,22.036,21.382,20.61,19.784,19.018,18.837,19.041,19.182,19.314,19.421
"Labor force participation rate for ages 15-24, total (%) (modeled ILO estimate)",SL.TLF.ACTI.1524.ZS,Tanzania,TZA,79.986,79.793,79.594,79.11,78.346,77.933,78.137,78.284,78.19,78.11,77.988,77.963,78.306,78.646,78.982,79.314,79.643,78.818,77.969,77.096,76.199,75.278,74.333,73.365,72.373,72.112,71.782,71.5,71.285,71.095,68.332,70.693,70.915,70.866,70.814
"Labor force participation rate for ages 15-24, total (%) (modeled ILO estimate)",SL.TLF.ACTI.1524.ZS,Thailand,THA,67.222,66.339,65.506,64.645,63.811,62.21,60.573,59.221,56.693,53.344,53.36,54.177,52.787,51.391,52.22,51.619,48.823,49.443,48.935,48.777,46.676,47.897,47.444,44.083,43.028,42.143,41.664,40.921,41.721,40.5,40.267,39.451,39.286,40.613,39.774
"Labor force participation rate for ages 15-24, total (%) (modeled ILO estimate)",SL.TLF.ACTI.1524.ZS,Timor-Leste,TLS,48.035,47.173,46.373,45.607,45.16,44.757,44.215,44.085,44.601,48.103,41.789,41.077,42.675,43.366,43.457,43.344,44.113,43.337,42.438,41.65,40.938,40.56,40.282,40.176,39.918,39.863,39.752,40.304,40.563,38.459,37.984,38.177,37.982,38.239,37.648
"Labor force participation rate for ages 15-24, total (%) (modeled ILO estimate)",SL.TLF.ACTI.1524.ZS,Togo,TGO,30.124,29.845,29.559,29.268,28.943,28.636,28.317,27.938,27.536,27.173,26.88,26.659,26.488,26.325,26.154,26.012,25.837,25.689,25.604,25.572,25.616,25.661,25.671,25.638,25.563,25.461,25.338,25.19,25.017,24.827,24.591,24.662,24.685,24.621,24.547
"Labor force participation rate for ages 15-24, total (%) (modeled ILO estimate)",SL.TLF.ACTI.1524.ZS,Tonga,TON,43.595,42.722,41.837,40.948,40.057,39.54,39.032,38.53,38.025,37.518,37.008,36.501,36.006,35.52,35.037,34.555,34.078,33.594,33.097,32.601,32.117,31.644,31.181,30.716,30.256,29.8,29.339,28.843,28.328,27.817,27.044,26.738,26.269,25.755,25.708
"Labor force participation rate for ages 15-24, total (%) (modeled ILO estimate)",SL.TLF.ACTI.1524.ZS,Trinidad and Tobago,TTO,49.199,48.998,48.828,48.769,50.006,51.239,51.946,51.564,51.181,51.154,51.535,50.598,49.648,51.032,52.41,53.78,54.277,53.497,52.006,50.359,46.41,44.853,45.207,45.118,44.265,43.591,41.401,40.406,39.48,38.538,34.639,36.602,35.324,37.721,36.677
"Labor force participation rate for ages 15-24, total (%) (modeled ILO estimate)",SL.TLF.ACTI.1524.ZS,Tunisia,TUN,42.923,42.716,42.265,42.166,42,40.963,39.93,38.899,37.985,37.084,36.2,35.336,34.489,33.658,32.83,31.997,30.619,31.035,30.825,29.498,31.088,31.762,35.031,33.043,30.967,28.96,31.116,30.475,33.429,36.577,29.781,26.713,24.916,23.324,23.219
"Labor force participation rate for ages 15-24, total (%) (modeled ILO estimate)",SL.TLF.ACTI.1524.ZS,Turkiye,TUR,54.706,55.367,52.997,48.102,51.162,48.618,48.551,47.038,46.014,46.644,42.528,42.111,40.857,38.395,37.776,37.723,37.404,37.672,38.133,38.687,38.326,39.254,38.205,39.643,40.845,42.012,42.426,43.328,43.978,44.422,39.051,41.685,43.819,45.519,47.014
"Labor force participation rate for ages 15-24, total (%) (modeled ILO estimate)",SL.TLF.ACTI.1524.ZS,Turkmenistan,TKM,34.786,35.669,38.042,38.157,41.039,42.367,41.697,43.628,42.846,40.918,40.416,40.067,40.267,40.066,39.639,38.234,37.111,36.014,34.558,34.09,33.296,31.965,31.044,30.242,29.455,29.052,28.684,28.288,27.917,27.53,26.106,26.602,26.978,26.742,26.918
"Labor force participation rate for ages 15-24, total (%) (modeled ILO estimate)",SL.TLF.ACTI.1524.ZS,Turks and Caicos Islands,TCA,..,..,..,..,..,..,..,..,..,..,..,..,..,..,..,..,..,..,..,..,..,..,..,..,..,..,..,..,..,..,..,..,..,..,..
"Labor force participation rate for ages 15-24, total (%) (modeled ILO estimate)",SL.TLF.ACTI.1524.ZS,Tuvalu,TUV,..,..,..,..,..,..,..,..,..,..,..,..,..,..,..,..,..,..,..,..,..,..,..,..,..,..,..,..,..,..,..,..,..,..,..
"Labor force participation rate for ages 15-24, total (%) (modeled ILO estimate)",SL.TLF.ACTI.1524.ZS,Uganda,UGA,57.531,57.672,57.78,57.912,58.134,58.721,59.267,59.637,59.921,60.017,60.126,60.219,60.218,60.157,60.154,60.147,60.098,59.994,59.822,59.598,59.334,70.886,53.723,75.845,61.319,60.385,59.444,58.495,59.218,59.93,64.772,70.074,70.251,70.046,69.815
"Labor force participation rate for ages 15-24, total (%) (modeled ILO estimate)",SL.TLF.ACTI.1524.ZS,Ukraine,UKR,34.491,34.551,34.612,34.67,34.727,34.788,34.842,34.889,34.935,34.983,35.033,35.082,35.13,35.176,35.221,35.264,35.306,35.375,35.446,35.516,35.587,35.659,35.73,35.803,35.878,35.953,36.028,36.105,36.182,36.26,31.934,30.658,..,..,..
"Labor force participation rate for ages 15-24, total (%) (modeled ILO estimate)",SL.TLF.ACTI.1524.ZS,United Arab Emirates,ARE,51.398,51.632,51.427,51.139,50.251,49.269,49.619,50.623,51.355,51.868,52.226,52.453,52.577,52.595,52.518,52.445,52.213,51.894,51.508,51.096,50.668,50.224,49.906,49.833,49.874,49.91,49.939,50.915,53.267,47.85,38.474,43.834,40.962,46.939,47.013
"Labor force participation rate for ages 15-24, total (%) (modeled ILO estimate)",SL.TLF.ACTI.1524.ZS,United Kingdom,GBR,71.664,70.018,67.821,65.952,64.566,63.603,64.338,64.288,63.816,63.039,63.432,61.93,62.395,61.178,61.563,61.333,61.446,60.597,60.301,58.236,57.466,57.272,57.774,57.023,57.01,57.83,57.264,56.709,56.353,54.79,54.77,51.317,54.352,53.738,52.69
"Labor force participation rate for ages 15-24, total (%) (modeled ILO estimate)",SL.TLF.ACTI.1524.ZS,United States,USA,61.347,60.169,60.264,60.215,60.614,60.517,59.828,59.804,59.944,59.601,59.904,58.736,57.593,56.026,55.647,55.308,55.169,54.037,53.486,51.73,50.189,49.998,49.932,50.083,50.041,50.026,50.183,50.453,50.213,50.816,49.025,50.498,50.541,51.144,50.81
"Labor force participation rate for ages 15-24, total (%) (modeled ILO estimate)",SL.TLF.ACTI.1524.ZS,Uruguay,URY,53.974,53.87,54.24,54.119,57.55,58.378,57.407,58.487,59.557,57.522,57.967,59.527,55.12,52.501,52.696,53.064,53.393,55.025,53.87,54.096,53.613,54.588,53.384,53.34,53.046,50.61,49.438,48.002,47.717,47.269,42.613,44.731,45.061,46.687,46.939
"Labor force participation rate for ages 15-24, total (%) (modeled ILO estimate)",SL.TLF.ACTI.1524.ZS,Uzbekistan,UZB,44.608,45.868,46.597,47.199,47.522,47.47,46.827,46.239,45.809,45.438,44.495,43.897,42.86,42.096,41.353,40.65,39.64,38.878,38.405,38.972,38.332,38.549,38.435,38.029,38.014,38.007,37.891,37.319,37,36.597,35.604,35.959,37.178,37.309,37.416
"Labor force participation rate for ages 15-24, total (%) (modeled ILO estimate)",SL.TLF.ACTI.1524.ZS,Vanuatu,VUT,63.839,63.747,63.737,64,63.04,63.238,63.227,62.824,62.963,63.226,62.701,63.613,64.811,64.545,64.319,63.9,63.031,58.539,53.9,49.192,44.5,43.674,42.853,42.034,41.22,40.41,39.605,38.804,38.008,37.22,36.866,37.328,37.353,37.303,37.256
"Labor force participation rate for ages 15-24, total (%) (modeled ILO estimate)",SL.TLF.ACTI.1524.ZS,"Venezuela, RB",VEN,49.862,49.952,49.882,49.574,49.15,48.978,48.618,48.543,48.205,47.624,47.451,47.236,46.514,45.869,46.237,46.265,45.606,44.458,43.849,42.816,41.607,40.651,39.847,38.579,37.326,36.091,34.874,34.341,33.775,32.893,27.993,29.394,30.399,30.518,30.742
"Labor force participation rate for ages 15-24, total (%) (modeled ILO estimate)",SL.TLF.ACTI.1524.ZS,Viet Nam,VNM,73.6,73.208,72.538,71.908,71.182,70.364,69.542,66.194,63.24,60.234,56.239,60.787,58.644,57.001,56.122,56.049,55.972,55.89,57.682,59.455,58.086,56.238,54.892,57.379,57.494,58.852,56.576,56.414,55.153,57.249,52.761,45.637,43.987,41.25,40.979
"Labor force participation rate for ages 15-24, total (%) (modeled ILO estimate)",SL.TLF.ACTI.1524.ZS,Virgin Islands (U.S.),VIR,47.11,46.613,46.204,45.702,45.257,44.666,44.057,43.604,43.112,42.742,42.526,42.138,41.883,41.525,41.383,41.233,41.025,40.754,40.26,39.344,38.825,37.758,36.528,35.939,35.638,35.197,34.616,33.794,33.113,32.529,31.912,32.206,32.649,32.696,32.618
"Labor force participation rate for ages 15-24, total (%) (modeled ILO estimate)",SL.TLF.ACTI.1524.ZS,West Bank and Gaza,PSE,28.54,28.504,28.382,28.339,28.291,28.195,28.207,27.965,27.691,27.513,27.631,23.992,21.758,23.969,22.993,23.21,23.514,24.746,25.182,24.952,24.88,26.846,27.948,27.7,28.022,30.884,30.978,31.445,30.505,30.268,26.226,28.839,30.809,..,..
"Labor force participation rate for ages 15-24, total (%) (modeled ILO estimate)",SL.TLF.ACTI.1524.ZS,"Yemen, Rep.",YEM,32.541,32.453,32.26,32.28,32.151,32.897,33.661,34.441,35.234,36.044,35.377,34.734,34.112,33.514,32.94,32.389,31.86,31.355,30.873,30.414,29.974,28.647,27.437,26.327,25.306,21.847,22.048,22.212,22.319,22.414,22.199,22.356,22.896,23.055,23.204
"Labor force participation rate for ages 15-24, total (%) (modeled ILO estimate)",SL.TLF.ACTI.1524.ZS,Zambia,ZMB,42.057,41.933,41.834,41.767,41.755,41.789,41.833,41.811,41.75,41.662,41.498,41.202,40.892,40.614,40.364,40.127,39.881,39.632,39.37,39.099,38.835,38.602,38.353,38.049,37.674,37.251,36.784,36.276,35.751,36.66,39.341,38.219,35.389,37.07,36.924
"Labor force participation rate for ages 15-24, total (%) (modeled ILO estimate)",SL.TLF.ACTI.1524.ZS,Zimbabwe,ZWE,57.304,56.459,56.753,57.22,56.53,55.441,53.947,52.382,50.939,49.759,48.958,48.419,48.227,48.379,48.673,49.01,49.214,49.388,49.736,50.248,50.839,51.385,51.879,52.221,52.281,52.109,51.749,51.256,50.686,50.078,49.189,48.904,45.699,48.383,48.222
"Labor force participation rate for ages 15-24, total (%) (modeled ILO estimate)",SL.TLF.ACTI.1524.ZS,Africa Eastern and Southern,AFE,57.2392272137122,57.258307152356,57.3519742583389,57.3108372331597,57.2383829376659,57.2719319575537,57.3515781807437,57.3250067998198,57.0150982548516,56.6122739368433,56.2475277982684,55.8912627084996,55.5985970924444,55.3628786852561,55.1991507755749,55.0833655052532,54.845654644708,54.5207689858253,54.2214493723283,53.5883127737215,53.059066878152,53.454371478777,52.1116052520774,53.6284878794883,52.1070651514299,51.7123384923607,51.1768530083502,50.4450733707545,49.7385548541522,49.2503433384783,48.8588495557467,48.7862320738151,49.0387695209435,51.0393266879549,50.7482659324678
"Labor force participation rate for ages 15-24, total (%) (modeled ILO estimate)",SL.TLF.ACTI.1524.ZS,Africa Western and Central,AFW,66.7378092722523,67.7952627164766,68.9268685374072,69.42096075558,69.7278721574042,69.5895023206949,69.0102227628632,68.3111217828814,67.7464206238332,67.14988470163,66.2282604369523,65.5924469433406,64.8979907476341,64.0868388316007,63.3201852220721,62.4535560139366,61.3250065856913,60.3300632804101,59.4252830780715,59.4306337352165,58.5130461721394,58.2963869791284,57.7609931593282,57.0086712078542,56.4297996615024,55.9035186691879,55.4091805497773,54.1672134480388,53.3915197178562,52.5435532588698,51.0913790566702,51.3853514984928,52.336217510569,52.4607653994736,52.2750126660775
"Labor force participation rate for ages 15-24, total (%) (modeled ILO estimate)",SL.TLF.ACTI.1524.ZS,Arab World,ARB,35.6881876230489,35.6012386611931,35.8588476501864,35.8877514417634,35.8508631967213,35.7644883080603,35.3074933736888,34.8078560399993,34.2619680971619,34.9069300742485,33.8238756347396,32.7116443825783,32.7550877407242,32.6656821337086,32.4273565929784,32.2327720635249,32.0683783667662,31.6149315961467,31.6987324792184,30.96461923691,30.5291696291975,29.85658628008,29.636061412664,29.5843216266593,29.3513973250275,28.1766597576249,27.8368072743229,26.8832960318072,25.7486783936579,25.1854697366016,24.4596326971391,24.9821007030316,25.1001210761067,25.3206067910463,25.1257084119732
"Labor force participation rate for ages 15-24, total (%) (modeled ILO estimate)",SL.TLF.ACTI.1524.ZS,Caribbean small states,CSS,49.8413687900973,49.5776441410644,49.3174164943079,49.3012345672199,49.6738097198225,50.171246152023,50.1896347347242,49.6805416841757,49.2431493729905,48.9388165298995,48.9851448657958,48.5516704169489,48.1147585784001,48.6619938496805,49.2698269814991,49.7832627828412,49.9892649243877,49.7386531450553,49.2343357373362,48.7198828333853,47.4716046206243,47.0608757426597,46.9914830107099,47.1007847796316,47.1230099765224,46.7126245526456,46.2125813982352,45.8373506568024,46.0747369105204,44.8669463610572,41.1345079759097,42.5584103159304,44.4026537819484,45.3555260413903,45.4218939809491
"Labor force participation rate for ages 15-24, total (%) (modeled ILO estimate)",SL.TLF.ACTI.1524.ZS,Central Europe and the Baltics,CEB,39.4621990297037,40.8224953629569,41.0200143534115,40.0084019564075,39.5005995574234,38.388692739892,37.8125713633271,36.8714618527545,36.4220938398335,35.9053161193723,36.1194153812408,35.9491366386926,34.4246548210013,33.4170938197703,32.4759122519796,31.7188462399248,31.9082158147895,31.3163572015653,31.2015323008303,30.9439676534102,31.6237755097149,30.7462430547097,30.9084677406526,30.8429168267818,31.3639404421496,31.4262269554304,31.7586425168449,32.450896457132,32.0586844449435,31.7718681487548,29.7892149176698,29.2928122806652,29.356081035372,29.398128218472,29.4320286020489
"Labor force participation rate for ages 15-24, total (%) (modeled ILO estimate)",SL.TLF.ACTI.1524.ZS,Early-demographic dividend,EAR,47.571306164837,47.5948328271199,47.5615613129633,47.2230815243413,47.4772253415241,47.5274869426461,47.6326541480488,47.6827344274145,47.6704191162375,47.9064546632747,47.7522029180557,47.0916862310533,46.6269312658981,46.1000880574772,45.7718926755409,45.0892772014729,44.2748216968891,43.3997559087441,42.392104844695,41.486923348613,40.633598265104,39.8945311990341,39.5015409797576,39.1345418991235,38.3956811716652,37.775943885448,37.1870142350495,36.7072157913278,36.2633308129208,35.8431146234441,34.7186275351202,35.4794106696321,36.0905509123491,36.5677316076168,36.7089094006182
"Labor force participation rate for ages 15-24, total (%) (modeled ILO estimate)",SL.TLF.ACTI.1524.ZS,East Asia & Pacific,EAS,70.1643500943742,69.4000947602199,68.539506253485,67.4271376906148,66.8070600402479,65.7297436321495,64.6645361998857,63.3849792220743,62.1766826732889,61.1387685186053,60.0757073625479,59.7044914072951,59.0359763155123,58.3418885910401,58.0192929137818,57.1630773501867,56.6123432227275,56.1836233092506,55.4091574443039,54.6984124328421,53.8365260961727,53.1793501877911,52.6384273584879,51.9562612089091,51.3619072050585,50.8749172200446,50.2380492415263,49.4825242362317,49.2063447713744,48.968797026034,46.4005757458501,46.4878503234408,47.3856638769923,47.2297118085634,46.9391160518992
"Labor force participation rate for ages 15-24, total (%) (modeled ILO estimate)",SL.TLF.ACTI.1524.ZS,East Asia & Pacific (excluding high income),EAP,72.8989018766298,72.0019575714802,71.0259315581657,69.8212227614109,69.1043857492742,67.9377550270201,66.7607180583176,65.358397073787,64.0857851961583,62.9645815451145,61.7899076877213,61.3448092046262,60.5734715826959,59.795021340937,59.4031734705561,58.4314906459005,57.8396572031454,57.4153872530479,56.6363837150017,55.9520716918306,55.0470569607108,54.3635754744838,53.8250823558428,53.0621137291607,52.3752603906869,51.7976366141163,51.0283438110942,50.2007734591973,49.759429552489,49.3845907011346,46.6448671705855,46.6485760635337,47.5495578703576,47.3482810675727,47.0195259223937
"Labor force participation rate for ages 15-24, total (%) (modeled ILO estimate)",SL.TLF.ACTI.1524.ZS,East Asia & Pacific (IDA & IBRD countries),TEA,72.8574360499023,71.9431107304546,70.9475889658138,69.7236631697428,68.9961995159038,67.8124567733251,66.6200753011418,65.199334512272,63.9139563978681,62.7845068789289,61.5978226250372,61.1516053088983,60.3739611934972,59.5893651294877,59.1953202194317,58.2161126490151,57.6161610769591,57.1826160364364,56.3924452016984,55.6952919324467,54.7740176218008,54.0763383212875,53.5240081355058,52.7432257448408,52.0387332461874,51.4425463538304,50.6588263745027,49.8139779403287,49.362221167965,48.984020955122,46.2319985770564,46.2376191987251,47.1419719890779,46.9474509683721,46.6245365743983
"Labor force participation rate for ages 15-24, total (%) (modeled ILO estimate)",SL.TLF.ACTI.1524.ZS,Euro area,EMU,52.5425789978923,51.1669713608312,49.3050120643572,47.7461553556303,46.4884666286845,45.3167988788819,44.4433286822829,44.0068000865188,44.4100196476406,44.9274541769828,44.782211477397,44.2948227790114,44.42510953457,44.1873494124331,43.9891099209526,43.9061269811414,43.9211103985128,43.7673148618927,43.8653288179448,43.0406872935657,42.0375137242219,41.3739011823331,40.9603078570459,41.0005803272388,40.2687058022825,39.8567182163053,39.8190879673881,39.9560669895061,40.119657863603,40.2011957069206,38.6161172402056,40.5082632022687,41.7895466643977,42.4726216824298,42.5733959861332
"Labor force participation rate for ages 15-24, total (%) (modeled ILO estimate)",SL.TLF.ACTI.1524.ZS,Europe & Central Asia,ECS,50.8951944615391,50.6521036129318,50.0448333020037,48.5504291081934,48.1254730499714,47.2872825887866,46.2910419116369,45.0862363529846,44.4666346213212,45.3599064837298,44.5993263027174,43.6478186379549,43.2507820014839,42.3786577635276,42.0363827736695,41.8520711356944,41.7538026053021,41.526988454347,41.9013950015692,41.6198148058033,41.1312593978146,41.0222579997785,40.4627057352967,40.6227581904563,40.4054378486051,40.4308747085303,40.4426082462568,40.2909838180035,40.1895631452552,39.9627544710403,38.147758897999,38.7642587414775,39.877855623847,40.2470457139001,40.4205188636072
"Labor force participation rate for ages 15-24, total (%) (modeled ILO estimate)",SL.TLF.ACTI.1524.ZS,Europe & Central Asia (excluding high income),ECA,46.2336417449715,47.1443612909746,47.0850540476469,46.0758863637306,47.7755308844401,47.1633422912473,46.8102799736974,45.9463717623446,45.2600501252906,45.2175921502376,43.4252110528977,42.7981516931193,41.9880560943015,40.8055226149246,40.0208264295468,39.6761037921891,39.1463157984282,38.5243991073115,38.1590121003199,38.3130672077679,37.9311371621814,38.2436435649192,37.5862185414657,37.8547849965318,38.2300290146357,38.7375290227632,38.9029233697145,39.0790886095951,39.2283619676074,39.1667490070294,36.3492123621973,37.1778511769427,39.4173190979243,39.8842973143977,40.5549077069984
"Labor force participation rate for ages 15-24, total (%) (modeled ILO estimate)",SL.TLF.ACTI.1524.ZS,Europe & Central Asia (IDA & IBRD countries),TEC,46.5569244951436,47.4448373422844,48.0508225399805,46.6876536581502,47.0173942794258,46.3648117106585,45.0527832836895,43.2219318180909,41.985172210817,43.3733240004634,42.1684818740654,41.0512861430249,40.3092367951452,39.1046052285228,38.6654521350416,38.360338146147,38.0414680751636,37.7756665226691,38.3269111669949,38.45456010289,38.195875678825,38.2891964660132,37.3335135346342,37.5241188351533,37.4442347218679,37.5118239780347,37.5785828701427,37.2321251362711,36.988222323572,36.7000092075508,34.4363429282007,34.7394561554305,35.0905452637522,35.3112449305143,35.7101790183316
"Labor force participation rate for ages 15-24, total (%) (modeled ILO estimate)",SL.TLF.ACTI.1524.ZS,European Union,EUU,49.9132561319609,49.0075847580153,47.5144692581147,45.9763445039288,44.9017921103938,43.783903096945,42.9704657639867,42.3527936454515,42.5210768531559,42.7926232805644,42.8348473668259,42.4482109529329,42.1500743925705,41.7074085769927,41.3432065068892,41.2269934480213,41.3978037000394,41.1747077052747,41.2770563172647,40.6729531196698,40.181137774162,39.5890587114023,39.3391690472642,39.4107886562817,38.9994318802524,38.7311797610666,38.7918729065729,39.084655788328,39.1631493276124,39.2816252125252,37.6110355649834,39.0855721834149,40.1559066910587,40.7480588400232,40.8799688048892
"Labor force participation rate for ages 15-24, total (%) (modeled ILO estimate)",SL.TLF.ACTI.1524.ZS,Fragile and conflict affected situations,FCS,59.1196269002443,59.686813440736,60.1499083780256,60.2737001275146,60.2601159243422,60.2115111122894,60.0434743332525,59.8192542205572,59.4902672755953,59.0459704948381,58.422345769288,57.9598916628017,57.4355091838319,56.9058510676145,56.3806104036211,55.8403141366757,55.0713729280875,54.3992154974597,53.8187574872719,53.5691494970978,52.9204974780133,52.6381515275257,52.2481239820114,51.9875914263171,51.5370716203778,50.9408243296744,50.1714389196601,49.256945477211,48.578410890973,47.8170270342894,46.4429919207058,46.628024556305,47.5408885184975,48.8842297424379,48.6638380302784
"Labor force participation rate for ages 15-24, total (%) (modeled ILO estimate)",SL.TLF.ACTI.1524.ZS,Heavily indebted poor countries (HIPC),HPC,57.7167657231946,57.7667119539116,57.7245585804554,57.5916927855012,57.4374491580176,57.3886607686186,57.4660923685521,57.5238937218586,57.3939256637622,57.2029096138039,57.0115556665867,56.849667470718,56.6828436294169,56.4810951955075,56.3684812093204,56.2229660318025,55.9100640677223,55.5215636062442,55.0574273751642,54.4806759594624,53.9283307404396,54.025247326297,52.6285780135767,53.6244058741028,52.058528559,51.3960043773164,50.8075798457073,49.9718994566082,49.514870322157,49.0482078809186,48.605231349632,48.7650013660812,48.7399705032631,49.9386157425388,49.7963572463095
"Labor force participation rate for ages 15-24, total (%) (modeled ILO estimate)",SL.TLF.ACTI.1524.ZS,High income,HIC,52.6773867361205,52.224231369933,51.8525404804475,50.9522660768198,50.4730730226267,49.9208950952121,49.0760707976426,48.3044657875635,47.8742084814544,48.374706310366,48.2365509502949,47.3848992489634,46.9506956827188,46.1602707480184,45.9562181302859,45.8000386092905,45.782846355057,45.3800862474479,45.4946931895928,44.5381031904599,43.8773886487421,43.6987272572192,43.4343238338127,43.6508046148883,43.5912910133756,43.5727074845879,43.7729917555107,43.7332581867859,43.9286405180388,44.1283739303232,42.6433050950331,43.5503185403782,44.1039715975242,44.5654239320143,44.4585601984092
"Labor force participation rate for ages 15-24, total (%) (modeled ILO estimate)",SL.TLF.ACTI.1524.ZS,IBRD only,IBD,59.6656938707385,59.0643388736349,58.4593555371334,57.5321096134143,56.9441993014805,56.2422461060389,55.3599742610187,54.5866864823039,53.8583536645788,53.5439118035881,52.8478666248953,52.1169129384679,51.5068014923732,50.8385378293873,50.4653178716528,49.8964917336933,49.0609772023219,48.220750908949,47.3399628488538,46.4335958085972,45.2814901523689,44.3628400797636,43.6464758284327,42.9544506191646,42.2382389740413,41.5860923755214,40.9738854977629,40.3505607262695,39.7193212201788,39.2710064981949,36.9942005398883,37.6298094653325,38.2806099421803,38.4829943685601,38.6461942425952
"Labor force participation rate for ages 15-24, total (%) (modeled ILO estimate)",SL.TLF.ACTI.1524.ZS,IDA & IBRD total,IBT,58.9061173136674,58.4644488491643,58.0222905517307,57.2628955440671,56.8012481219263,56.2070414462158,55.5284976305778,54.9295280741936,54.3219754841703,54.0174838011258,53.3867063486024,52.8073287209177,52.3172364035415,51.7302685941244,51.3586382178039,50.8122790911319,50.0306382438238,49.2463564181374,48.4622907497466,47.7700545814301,46.8546892740781,46.1573375553887,45.4796116479253,45.1239600704963,44.3252830186299,43.7416230883743,43.1510577753035,42.606369291656,42.127355026465,41.7547949087861,40.222625824832,40.9257376529587,41.571081318759,41.8793765192316,41.8559416642873
"Labor force participation rate for ages 15-24, total (%) (modeled ILO estimate)",SL.TLF.ACTI.1524.ZS,IDA blend,IDB,57.3402218062852,58.1021199708487,59.0240302236801,58.9197164235067,58.8915298906279,58.6378697132075,58.5125664864565,58.2938523474202,57.4396397643967,56.9648818735179,56.2288849957027,56.2283234476676,56.226934799326,55.6976575225871,55.1564641379279,54.3295445030016,53.3115210209227,52.2302804850554,51.4764242260764,51.7823660925223,51.4526367228187,50.9359488104959,51.0073998508802,50.9370826304153,50.3207253023244,50.270955282952,49.9599956516986,49.2207712641269,48.6243812087374,47.9420827653856,47.53242549088,48.3762740570233,48.9697615086258,49.3188574610305,49.2161184889161
"Labor force participation rate for ages 15-24, total (%) (modeled ILO estimate)",SL.TLF.ACTI.1524.ZS,IDA only,IDX,55.0056021250861,55.0173747278074,54.9192711611959,54.8567801685587,54.9166384050775,54.745939239431,54.8510475558677,54.9270640477346,55.0221345618933,54.8085016003687,54.5181435128777,54.335800612543,54.13767160374,53.8843159408331,53.5744188950414,53.2467542651543,52.7855658059841,52.324282192612,51.850131563273,51.4304741360012,51.0606255914027,51.0043899464771,49.8557048374921,50.4582160040618,48.9987469034539,48.1297816971038,47.2290133892275,46.8490029007692,46.7385718223265,46.5756135831402,46.6267076061782,47.2331916007101,47.6160950309451,48.2843384581942,47.5845212913508
"Labor force participation rate for ages 15-24, total (%) (modeled ILO estimate)",SL.TLF.ACTI.1524.ZS,IDA total,IDA,55.7982766072398,56.0694005813529,56.3204955923732,56.2444182201086,56.2767784428089,56.0815435082524,56.1137564038246,56.0942376456126,55.8641105210158,55.5621588974004,55.1181589599618,55.0021753141292,54.874849840272,54.5251557261357,54.1350287329605,53.6313721804962,52.9726605768857,52.2907864491198,51.7167839520987,51.5560736593179,51.200439111127,50.9800417313011,50.2638130142576,50.6272277298179,49.4634102515636,48.879241392012,48.1803999036986,47.6721110434591,47.3914791950657,47.0480771604271,46.9399377356187,47.6291301593086,48.0859173515128,48.6541530062625,48.1739127372564
"Labor force participation rate for ages 15-24, total (%) (modeled ILO estimate)",SL.TLF.ACTI.1524.ZS,Late-demographic dividend,LTE,71.2813023896863,70.480399914848,69.6566398197563,68.5472964246621,67.4554641359394,66.2562603408256,64.7405796975772,63.3992512764647,62.0720039588144,61.1699353856141,59.9048074061111,59.3657076576543,58.7535799225801,58.0069668973704,57.5334270401266,57.1194660609378,56.3545007201763,55.7244795004723,55.3041018769585,54.8552427048218,53.9373422834459,53.1329640221677,52.4623233944489,51.8580358943769,51.2282423284386,50.7485768717266,50.163201761492,49.7035894946125,49.2138422755715,48.9360042337745,45.864458444884,46.5307394228048,47.117041105095,46.5823892129104,46.3336444438844
"Labor force participation rate for ages 15-24, total (%) (modeled ILO estimate)",SL.TLF.ACTI.1524.ZS,Latin America & Caribbean,LCN,55.3166251601777,55.2682744941894,55.2800063788224,55.4359955973179,55.2615215864644,55.3647999938247,54.5972882605717,55.2415547928785,55.3052653637107,55.0419337071544,54.638265591351,53.9066108367678,53.8352482183623,53.63632003409,53.7095128263927,54.0010046978454,53.598246951804,53.0465161734093,52.5764061846946,52.2382666374202,51.1927089753954,50.400788601122,50.5037322680815,49.4255912604853,48.6662316235097,48.3079469145307,48.1544909491937,48.3950007905617,48.508454734228,48.8522973534094,44.6491023233376,47.8391212014114,48.0615400015673,47.3080366665781,47.2816105473779
"Labor force participation rate for ages 15-24, total (%) (modeled ILO estimate)",SL.TLF.ACTI.1524.ZS,Latin America & Caribbean (excluding high income),LAC,56.2385667069291,56.1505254527659,56.1802740256201,56.3196710563962,56.1391702718684,56.2549295592067,55.4486968843739,56.1582395108046,56.2616877805034,56.056074297856,55.6873170518627,54.9134954353168,54.9373516415961,54.7489415689372,54.8291908150611,55.1360157455848,54.7430469704676,54.177934096349,53.6384427496092,53.3838966160118,52.3700557452766,51.5400802275143,51.6827782631313,50.5695789761804,49.7867932903355,49.5156293047363,49.4657000308519,49.7447720130401,49.8391687060706,50.2864905564106,46.0558849428772,49.5455718229932,49.6473577446664,48.8625210384944,48.8174833595971
"Labor force participation rate for ages 15-24, total (%) (modeled ILO estimate)",SL.TLF.ACTI.1524.ZS,Latin America & the Caribbean (IDA & IBRD countries),TLA,55.835264034019,55.7649916935104,55.7732248670491,55.891529997967,55.7086951551743,55.8097806662377,55.0067033786909,55.6427246530132,55.6945931926216,55.4197470245621,55.0138506998977,54.2583074686958,54.1781040589107,53.9654185315288,54.0430803533595,54.3356525494797,53.9481627762948,53.4039762602537,52.9268258154242,52.5456973182046,51.4826072929575,50.6729153252225,50.7741938672432,49.6701238409064,48.8910291148495,48.5227975537655,48.3624376860339,48.6010707376776,48.7102109724924,49.0609254213141,44.8276679814379,48.0578424497186,48.2655669222444,47.500842298159,47.4759970775771
"Labor force participation rate for ages 15-24, total (%) (modeled ILO estimate)",SL.TLF.ACTI.1524.ZS,Least developed countries: UN classification,LDC,55.7243909429722,55.8028716561978,55.7582808937792,55.6932489343696,55.6441800783875,55.666603821733,55.7806393593413,55.8898712747884,55.8501145857767,55.6992784537575,55.5275852626309,55.3736412442055,55.1895434069706,54.9522891617037,54.7343429894737,54.4825675566538,54.1213940511606,53.7528358620558,53.3230847458467,52.9223224635202,52.5467861596476,52.543612547395,51.3290087013254,51.8577746400858,50.2868081921656,49.3213101217002,48.4333670521555,48.0769539116787,48.0312738726935,47.9686577897811,48.0947945518247,48.8577588702132,49.3037680191907,50.2051904322182,49.4919699864982
"Labor force participation rate for ages 15-24, total (%) (modeled ILO estimate)",SL.TLF.ACTI.1524.ZS,Low & middle income,LMY,59.3378523305343,58.8354368772794,58.3146599609885,57.5770019140595,57.1321903669644,56.5254383428842,55.8969223153079,55.366413736802,54.7904029225397,54.3520511802217,53.7029852005078,53.1448906817374,52.6501871464551,52.0677296406095,51.6573857288291,51.067709566288,50.2272233010467,49.3749542807928,48.4638644376385,47.717268558165,46.7416818011882,45.9908802953524,45.2878991280019,44.8887491394526,44.1031956235736,43.5517635439267,42.9816724627248,42.480262802107,42.0393482357801,41.714986287892,40.2104956887008,40.9914235014167,41.6914581577953,42.0266795980528,41.9941416835437
"Labor force participation rate for ages 15-24, total (%) (modeled ILO estimate)",SL.TLF.ACTI.1524.ZS,Low income,LIC,54.2650956161122,54.2597256007331,54.1340564790349,53.9034767456245,53.6244040825503,53.5692407967402,53.6453878241267,53.7152412125862,53.5114188867721,53.1990707653183,52.8647816712919,52.580944815239,52.2955426247219,52.0293786375842,51.7744707509867,51.4621156625811,50.9147123433854,50.3674397863602,49.8162307185837,49.1729044542051,48.5628131004902,48.8591124802956,46.9052841845716,48.5672846183693,47.2507874246863,46.977329288902,46.8242696007673,46.6234967024402,46.5427078753286,46.4817804308642,46.7415736393103,47.1148592863866,47.3256377975087,49.0942597610702,48.5666905293952
"Labor force participation rate for ages 15-24, total (%) (modeled ILO estimate)",SL.TLF.ACTI.1524.ZS,Lower middle income,LMC,50.1760554622221,50.2824877098224,50.4386194030866,50.3991893566303,50.4021218141463,50.4946452132912,50.6245671298636,50.6401460341151,50.6141432791909,50.7099819917553,50.459263697172,50.1127726901589,49.6569365112186,49.0698941771423,48.5201901543214,47.9072297365193,46.7660635079152,45.5789536886923,44.6068045094211,43.8393515614772,42.8255788221094,41.9870800236013,41.2353075501809,40.9746123250467,40.3491311120766,39.7168983192959,38.9760500993505,38.2665272450223,37.6387953751306,37.1734861677358,36.4777434154879,37.1387418207548,37.7414520278037,38.1772382461557,38.374694794165
"Labor force participation rate for ages 15-24, total (%) (modeled ILO estimate)",SL.TLF.ACTI.1524.ZS,"Middle East, North Africa, Afghanistan & Pakistan",MEA,38.6328383811177,38.4540582408882,38.4297853601728,37.9076719897784,37.5066700034783,37.1259619118108,36.9419207606461,36.9656141440363,36.3723373828078,36.8153784452162,36.2785827897853,36.1148168645887,36.599463527516,36.667070772626,36.6760292592669,36.5092156803699,36.0151094652627,35.21552117456,34.7792357516246,34.7064435475443,34.7229837551593,33.7454119678411,34.0407348147038,34.1485896847017,33.5445868694159,33.1096326151366,33.1306637115728,32.7819677826935,32.1490281429903,31.7455759479465,31.2155078622908,32.5383642168006,32.511441906998,32.8049486418874,32.641360839907
"Labor force participation rate for ages 15-24, total (%) (modeled ILO estimate)",SL.TLF.ACTI.1524.ZS,"Middle East, North Africa, Afghanistan & Pakistan (excluding high income)",MNA,38.5852257758838,38.3804762826807,38.3524917156747,37.8002398005002,37.4122407928218,37.0726014150709,36.9443418266892,37.0206756639306,36.4494260018305,36.9582026578665,36.380352942638,36.2582493664085,36.8558971962699,36.9630178914738,37.0071428682113,36.8511589050153,36.3355289645386,35.5595750261317,35.137092555427,35.1503447987917,35.0857035861089,33.9959700494477,34.280064783269,34.3598922859672,33.6621094394872,33.2363521874002,33.1761393181491,32.8377624194991,32.0553072059896,31.6622290128043,31.1410193066188,32.448633681997,32.3204739477827,32.4786693730749,32.2685930392256
"Labor force participation rate for ages 15-24, total (%) (modeled ILO estimate)",SL.TLF.ACTI.1524.ZS,"Middle East, North Africa, Afghanistan & Pakistan (IDA & IBRD)",TMN,38.6422975446405,38.4375068160554,38.4110494762196,37.8567299507126,37.4675059873997,37.127033990522,36.9984884937678,37.0773586736456,36.5037608101683,37.0163938934231,36.4340017631334,36.3333516278771,36.9487807998495,37.0437159720555,37.0952228607362,36.9382439628387,36.4189342530677,35.6314121779707,35.204838983937,35.2213229125378,35.1581785547577,34.0476804530408,34.3266085717186,34.4095524095053,33.7046673116087,33.2542418735341,33.1929097351916,32.8483392053488,32.0670394663129,31.6727428246212,31.1780442010208,32.4758416143791,32.3318903836121,32.4786693730749,32.2685930392257
"Labor force participation rate for ages 15-24, total (%) (modeled ILO estimate)",SL.TLF.ACTI.1524.ZS,Middle income,MIC,59.6545837805483,59.1251264250214,58.5839790434277,57.8189263429729,57.3683509407418,56.7284788120694,56.0541142901558,55.483112213378,54.8821204311586,54.4361248998265,53.7648809627672,53.1869890475199,52.676992185499,52.070667022763,51.6482978844307,51.0366571889354,50.1720164041588,49.293167215961,48.3494675743982,47.590878668021,46.5790358442694,45.726816991036,45.1343567613376,44.52949019703,43.7868324118066,43.1962711813496,42.5694797308779,42.0216389319966,41.5253094028394,41.1540507407462,39.4201241576431,40.231745297463,40.9727669633321,41.1799723766825,41.2065760165943
"Labor force participation rate for ages 15-24, total (%) (modeled ILO estimate)",SL.TLF.ACTI.1524.ZS,North America,NAC,62.2163774675138,60.9714311171059,60.8538350841081,60.6337511867452,60.9404265510623,60.7769502006179,60.0650259929075,59.9666290915191,60.1241848355759,59.9700681279976,60.3297984443171,59.2961881414277,58.4362366298261,57.0902575289567,56.6996302341738,56.3009993635222,56.2951936619347,55.3470779915878,54.8735705094781,53.1114923157372,51.6404247185695,51.4732083915917,51.3607738018308,51.5220585928513,51.4849550122852,51.4728034087567,51.5497379583945,51.84977275549,51.6052567987919,52.2487207933004,50.2837312419241,51.7899285281393,51.9337567632897,52.471633344748,51.9955557072772
"Labor force participation rate for ages 15-24, total (%) (modeled ILO estimate)",SL.TLF.ACTI.1524.ZS,Not classified,INX,..,..,..,..,..,..,..,..,..,..,..,..,..,..,..,..,..,..,..,..,..,..,..,..,..,..,..,..,..,..,..,..,..,..,..
"Labor force participation rate for ages 15-24, total (%) (modeled ILO estimate)",SL.TLF.ACTI.1524.ZS,OECD members,OED,54.2840054295007,53.7809322296725,53.1527129220545,52.3242674711893,52.2498852295928,51.7105953179276,51.2467694490499,50.8992488880132,50.8581635411621,50.7388225684812,50.4735402553045,49.8134383844322,49.1467465384397,48.465263207232,48.169231589087,48.1089393199693,48.1855072804956,47.7348877084105,47.5146885309013,46.7425346215145,46.0301405443556,45.9126964115414,45.8207762989978,45.8630887978418,45.7925422783626,45.7918399066103,45.8296549044572,45.908887183892,46.0470784909861,46.4105058066473,44.1360121232611,45.8053725893223,46.4679161633797,47.0697960881021,47.0524451762173
"Labor force participation rate for ages 15-24, total (%) (modeled ILO estimate)",SL.TLF.ACTI.1524.ZS,Other small states,OSS,45.8364998262799,45.2030259521454,44.4322456124996,43.8801936305786,43.9594847202613,43.4280095612793,42.5956411941083,41.7709302810016,41.0458851886462,40.3513615027141,39.38567903991,38.9123487322265,37.6854321958484,38.8059352296469,38.3083767402691,37.5621064593618,37.2294779279914,36.9730029618928,36.6308534482614,35.7996844184131,34.8950024403788,34.5005610241456,34.1836357887634,33.7248607005641,33.7425765089097,33.9861776634221,33.9315743883107,33.9335022507286,34.3150382227568,33.7516954676855,32.1646275212741,32.0444144649899,33.3409255900382,34.280067679281,34.0563463730759
"Labor force participation rate for ages 15-24, total (%) (modeled ILO estimate)",SL.TLF.ACTI.1524.ZS,Pacific island small states,PSS,53.8622869645843,54.1968511518356,53.8290595198049,53.7630088097281,53.4032868385474,53.1506370939088,52.921579565363,52.5783308777658,52.1914645508941,51.8524256140101,51.7575973446212,51.6300537414872,51.462530956019,50.985591953493,50.5054822588538,49.9469202076608,49.9812983534232,49.5880982538515,49.0731731198566,48.666169561745,48.1382717865527,48.2802593454832,48.3706265975806,48.3770455071531,48.5079940132363,49.010551680837,49.3760789002322,49.3708122225486,49.1821875841623,49.0823109267397,47.5159669872768,47.8600972690303,49.1345407538152,49.0050353592355,48.8928813185498
"Labor force participation rate for ages 15-24, total (%) (modeled ILO estimate)",SL.TLF.ACTI.1524.ZS,Post-demographic dividend,PST,53.1306210124257,52.4478271780222,51.8166100984833,51.1807086873353,50.9533645477489,50.5540495176187,50.1582349740668,49.9648839536289,49.9939440297509,50.0287513350178,50.0996356465648,49.5978010483728,49.3735965819942,48.7326396286396,48.5770745721594,48.4688645211872,48.5304754864545,48.0481553708015,47.8531801200058,46.8178198034874,45.9876426203977,45.7681313094883,45.6328346536732,45.8332441030593,45.8164443702588,45.9339840411172,46.1064542775125,46.2579365797933,46.4343947141286,46.8356170059581,45.2464523210228,46.3055582753226,47.690232498194,48.1154379249337,47.9474103353329
"Labor force participation rate for ages 15-24, total (%) (modeled ILO estimate)",SL.TLF.ACTI.1524.ZS,Pre-demographic dividend,PRE,60.2473521736045,60.8414591284659,61.4117064387541,61.5513305573163,61.5442553295924,61.4503731207542,61.3044259141865,61.0756660947301,60.74153670261,60.3314168033229,59.7766059237365,59.3627053894663,58.9091086105125,58.3964341869176,57.9478297689621,57.4496467806476,56.7161179620179,55.9898310910446,55.2646657674105,54.871855728286,54.0488742863744,54.133884635394,52.7729293834068,53.3735276118523,52.4023974694283,52.0992523226764,51.8040818734836,50.9830664142239,50.5627593514819,50.1597762297488,49.5748510622007,50.1283081628052,50.6210282039423,51.9302121347919,51.6046300188794
"Labor force participation rate for ages 15-24, total (%) (modeled ILO estimate)",SL.TLF.ACTI.1524.ZS,Small states,SST,47.8557581578018,47.4168728420786,46.8283438639295,46.4786499300067,46.5803735456079,46.3476198283598,45.7902444657066,45.0809481660393,44.4436197963444,43.8897699459315,43.2791398290669,42.8240728872998,41.8868630083342,42.6506160766983,42.3974214295759,41.9137746918938,41.7173166318728,41.4046789618905,40.9607638032185,40.2130399257563,39.2606847113001,38.9313924725714,38.7334344308353,38.4819513865838,38.5424988766795,38.6952867150434,38.6132828699769,38.5423661960254,38.8401395596338,38.202209406567,36.1422963233448,36.4206850171619,37.8387832273352,38.6488749708686,38.5112903479773
"Labor force participation rate for ages 15-24, total (%) (modeled ILO estimate)",SL.TLF.ACTI.1524.ZS,South Asia,SAS,46.1656081366026,46.1287910873449,46.0934224541975,46.0725516647539,46.1059691852935,46.4296890435025,46.8758433974491,47.3030703975204,47.8045131971914,48.1823166349173,48.517015072038,47.8557698338,47.1727525830873,46.4724970151753,45.7577935409021,45.0308771056371,43.4701973157509,41.9480033230172,40.4371460299137,38.9415308118499,37.4606194592864,36.3018099783228,35.1665938841027,34.7003700248543,33.9264262538297,33.1092990992232,32.2384137411504,31.8820350132874,31.4309202427981,30.969257711875,30.5808734245418,31.2383608486797,32.0630647525603,32.657741096292,32.9711300364544
"Labor force participation rate for ages 15-24, total (%) (modeled ILO estimate)",SL.TLF.ACTI.1524.ZS,South Asia (IDA & IBRD),TSA,46.1656081366026,46.128791087345,46.0934224541975,46.0725516647539,46.1059691852935,46.4296890435025,46.8758433974491,47.3030703975204,47.8045131971914,48.1823166349172,48.517015072038,47.8557698338,47.1727525830873,46.4724970151753,45.7577935409021,45.0308771056371,43.4701973157509,41.9480033230172,40.4371460299137,38.9415308118499,37.4606194592864,36.3018099783228,35.1665938841028,34.7003700248543,33.9264262538297,33.1092990992232,32.2384137411504,31.8820350132874,31.4309202427981,30.969257711875,30.5808734245418,31.2383608486797,32.0630647525603,32.6577410962921,32.9711300364544
"Labor force participation rate for ages 15-24, total (%) (modeled ILO estimate)",SL.TLF.ACTI.1524.ZS,Sub-Saharan Africa,SSF,61.0025133100617,61.4472516737021,61.9791021241913,62.1838821874994,62.2820145207542,62.2550988212967,62.0807476787806,61.7925853473353,61.3880576513813,60.9056701636863,60.3080006469538,59.8291973812296,59.3626716060463,58.883756775201,58.4678006344596,58.0433440679655,57.44317802062,56.8456688581072,56.3006552672657,55.9194407383669,55.2322390051725,55.3815014477706,54.3571642528445,54.9699843427787,53.8218747501738,53.3754035744643,52.8589280702365,51.9272482239543,51.1949296062466,50.5651886164445,49.7520723424891,49.8292016143813,50.3663005334059,51.6381846644504,51.4010454008011
"Labor force participation rate for ages 15-24, total (%) (modeled ILO estimate)",SL.TLF.ACTI.1524.ZS,Sub-Saharan Africa (excluding high income),SSA,59.6958119199426,60.1729238446887,60.7456256357855,60.9517807191923,61.0428327397782,60.9976864558785,60.7863792135011,60.4485376125604,59.9845188647649,59.4372645999888,58.7662947823468,58.2298171965307,57.7081950250416,57.1739433960417,56.7095155731973,56.2352082775546,55.5500736664077,54.8577943803675,54.215239947872,53.7504286974454,52.9446984348394,53.0750165564862,51.8981658536082,52.5603540988878,51.597162172433,51.426585064141,51.1783946353384,50.4632557774489,49.9668289965895,49.5758940943983,48.9808007346189,49.2884917433893,49.90483063643,51.3332022227241,51.076415950438
"Labor force participation rate for ages 15-24, total (%) (modeled ILO estimate)",SL.TLF.ACTI.1524.ZS,Sub-Saharan Africa (IDA & IBRD countries),TSS,61.0025133100617,61.4472516737021,61.9791021241913,62.1838821874994,62.2820145207541,62.2550988212967,62.0807476787806,61.7925853473353,61.3880576513813,60.9056701636863,60.3080006469539,59.8291973812296,59.3626716060463,58.883756775201,58.4678006344596,58.0433440679655,57.44317802062,56.8456688581071,56.3006552672657,55.9194407383668,55.2322390051725,55.3815014477706,54.3571642528445,54.9699843427787,53.8218747501738,53.3754035744643,52.8589280702365,51.9272482239543,51.1949296062466,50.5651886164445,49.7520723424891,49.8292016143813,50.3663005334059,51.6381846644504,51.4010454008011
"Labor force participation rate for ages 15-24, total (%) (modeled ILO estimate)",SL.TLF.ACTI.1524.ZS,Upper middle income,UMC,66.8608269642575,66.0520410009597,65.1550101903164,64.0153733168076,63.4061630384352,62.3252902254438,61.0897003588343,60.0935452623819,59.0480381773653,58.1584999107787,57.1198026665401,56.3341623105114,55.7743449139091,55.1486487418341,54.8639300317665,54.2597825230616,53.7091651021432,53.2249150257359,52.3894697137631,51.7174280629166,50.8010444099808,50.0440798750098,49.7720021350772,48.8922432969476,48.1476555877697,47.7686579211711,47.4416963973249,47.236744031246,47.0345771590789,46.8994908212289,43.7354428423375,44.8297512717903,45.8781526838501,45.7634543721664,45.5443092192917
"Labor force participation rate for ages 15-24, total (%) (modeled ILO estimate)",SL.TLF.ACTI.1524.ZS,World,WLD,58.2450382489021,57.772934472074,57.2999311865334,56.5574202010899,56.1255212218205,55.5517948249106,54.9117460638392,54.367807055138,53.8418390230964,53.5800498171889,53.0400431257089,52.4591649897823,51.9964189351491,51.4061711618596,51.0540400434563,50.5575806356671,49.8679284323246,49.1079166830992,48.3781027024113,47.6298718435844,46.7338913186803,46.0958430877293,45.4860929090762,45.1956114558115,44.4921120175536,43.9874625920268,43.492681544933,43.0226620282866,42.6326921653791,42.3385351745765,40.8075617871398,41.5559582972334,42.2258232416657,42.5735692272316,42.535404746594
,,,,,,,,,,,,,,,,,,,,,,,,,,,,,,,,,,,,,,
,,,,,,,,,,,,,,,,,,,,,,,,,,,,,,,,,,,,,,
,,,,,,,,,,,,,,,,,,,,,,,,,,,,,,,,,,,,,,
Data from database: World Development Indicators,,,,,,,,,,,,,,,,,,,,,,,,,,,,,,,,,,,,,,
Last Updated: 04/08/2026,,,,,,,,,,,,,,,,,,,,,,,,,,,,,,,,,,,,,,
Code,License Type,Indicator Name,Long definition,Source,Topic,Dataset,Unit of measure,Periodicity,Reference period,Aggregation method,Statistical concept and methodology,Development relevance,Limitations and exceptions,Other notes,License URL
SL.TLF.ACTI.1524.ZS,CC BY-4.0,"Labor force participation rate for ages 15-24, total (%) (modeled ILO estimate)",Labor force participation rate for ages 15-24 is the proportion of the population ages 15-24 that is economically active: all people who supply labor for the production of goods and services during a specified period.,"ILO Modelled Estimates database (ILOEST), International Labour Organization (ILO), uri: https://ilostat.ilo.org/data/bulk/, publisher: ILOSTAT, type: external database, date accessed: January 17, 2026",Social Protection & Labor: Labor force structure,WB_WDI,% of total population ages 15-24,Annual,1990-2025,Weighted average,"Methodology: The labor force participation rate is calculated by expressing the number of persons in the labor force as a percentage of the population of a given age group. The labor force is the sum of the number of persons employed and the number of unemployed. 

Labor force surveys are typically the preferred source of information for determining the labor force participation rate. Such surveys can be designed to cover virtually the entire noninstitutional population of a given country, all branches of economic activity, all sectors of the economy and all categories of workers, including the self-employed, contributing (unpaid) family workers, casual workers and multiple jobholders. In addition, such surveys generally provide an opportunity for the simultaneous measurement of the employed, the unemployed and persons outside the labor force in a coherent framework. 

Population censuses are another major source of data on the labor force and its components. The labor force participation rates obtained from population censuses, however, tend to be lower, as the vastness of the census operation inhibits the recruitment of trained interviewers and does not typically allow for detailed probing on the labor market activities of the respondents.

The series is part of the "ILO modeled estimates database," including nationally reported observations and imputed data for countries with missing data, primarily to capture regional and global trends with consistent country coverage. Country-reported microdata is based mainly on nationally representative labor force surveys, with other sources (e.g., household surveys and population censuses) considering differences in the data source, the scope of coverage, methodology, and other country-specific factors. Country analysis requires caution where limited nationally reported data are available. A series of models are also applied to impute missing observations and make projections. However, imputed observations are not based on national data, are subject to high uncertainty, and should not be used for country comparisons or rankings. For more information: https://ilostat.ilo.org/resources/concepts-and-definitions/ilo-modelled-estimates/
Statistical concept(s): The labor force is the supply of labor available for producing goods and services in an economy. It includes people who are currently employed and people who are unemployed but seeking work as well as first-time job-seekers. Not everyone who works is included, however. Unpaid workers, family workers, and students are often omitted, and some countries do not count members of the armed forces. Labor force size tends to vary during the year as seasonal workers enter and leave.","The labor force participation rate indicator plays a central role in the study of the factors that determine the size and composition of a country’s human resources and in making projections of the future supply of labor. The information is also used to formulate employment policies, to determine training needs and to calculate the expected working lives of the male and female populations and the rates of accession to, and retirement from, economic activity – crucial information for the financial planning of social security systems.","Data on the labor force are compiled by the ILO from labor force surveys, censuses, and establishment censuses and surveys. For some countries a combination of these sources is used. Labor force surveys are the most comprehensive source for internationally comparable labor force data. They can cover all non-institutionalized civilians, all branches and sectors of the economy, and all categories of workers, including people holding multiple jobs. By contrast, labor force data from population censuses are often based on a limited number of questions on the economic characteristics of individuals, with little scope to probe. The resulting data often differ from labor force survey data and vary considerably by country, depending on the census scope and coverage. Establishment censuses and surveys provide data only on the employed population, not unemployed workers, workers in small establishments, or workers in the informal sector.

The reference period of a census or survey is another important source of differences: in some countries data refer to people's status on the day of the census or survey or during a specific period before the inquiry date, while in others data are recorded without reference to any period. In countries, where the household is the basic unit of production and all members contribute to output, but some at low intensity or irregularly, the estimated labor force may be much smaller than the numbers actually working.

Differing definitions of employment age also affect comparability. For most countries the working age is 15 and older, but in some countries children younger than 15 work full- or part-time and are included in the estimates. Similarly, some countries have an upper age limit. As a result, calculations may systematically over- or underestimate actual rates.",National estimates are also available in the WDI database. Caution should be used when comparing ILO estimates with national estimates.,https://datacatalog.worldbank.org/public-licenses#cc-by
